{
  "02a_tls_auth": 1.843144,
  "02b_backend_query": 0.385282,
  "03_transpile": 1.480439,
  "04_upload_to_cloud": 0.371596,
  "05_to_09_queue": 0.959916,
  "server_run": 2.711329,
  "downlink_return": -0.066676
}