{
  "01_bootstrap": 1.019602,
  "02a_tls_auth": 2.198998,
  "02b_backend_query": 0.261526,
  "03_transpile": 1.433308,
  "04_upload_to_cloud": 0.473645,
  "05_to_09_queue": 0.911467,
  "server_run": 125.86008,
  "downlink_return": -0.869711
}