{
  "02a_tls_auth": 2.545697,
  "02b_backend_query": 0.432684,
  "03_transpile": 0.766717,
  "04_upload_to_cloud": 0.584749,
  "05_to_09_queue": 1.177191,
  "server_run": 2.87996,
  "downlink_return": 0.164604
}