{
  "01_setup": 0.000389,
  "03_transpile": 0.170176,
  "total": 0.170565
}