{
  "01_setup": 0.000424,
  "02_cache_search": 0.005542,
  "03_transpile": 0.085598,
  "07_cache_write": 0.008637,
  "total": 0.100201
}