{
  "01_setup": 0.000538,
  "03_transpile": 367.051081,
  "total": 367.051619
}