{
  "01_setup": 0.000771,
  "03_transpile": 1.819391,
  "total": 1.820162
}