{
  "01_setup": 0.000448,
  "03_transpile": 0.487284,
  "total": 0.487732
}