{
  "01_setup": 0.000363,
  "02_cache_search": 0.01333,
  "03_transpile": 0.251077,
  "07_cache_write": 0.054142,
  "total": 0.318912
}