{
  "01_setup": 0.000456,
  "03_transpile": 0.359868,
  "total": 0.360324
}