{
  "01_setup": 0.000563,
  "02_cache_search": 0.732601,
  "03_transpile": 117.034609,
  "07_cache_write": 0.160657,
  "total": 117.92843
}