{
  "01_setup": 0.000674,
  "03_transpile": 0.144281,
  "total": 0.144955
}