{
  "01_setup": 0.000438,
  "03_transpile": 1.104924,
  "total": 1.105362
}