{
  "01_setup": 0.000493,
  "03_transpile": 0.761882,
  "total": 0.762375
}