{
  "01_setup": 0.000515,
  "03_transpile": 0.200586,
  "total": 0.201101
}