{
  "01_setup": 0.000374,
  "02_cache_search": 0.01558,
  "03_transpile": 0.171392,
  "07_cache_write": 0.408883,
  "total": 0.596229
}