{
  "01_setup": 0.00045,
  "03_transpile": 1.632877,
  "total": 1.633327
}