{
  "01_setup": 0.000433,
  "02_cache_search": 0.000789,
  "03_transpile": 0.027732,
  "07_cache_write": 0.363139,
  "total": 0.392093
}