{
  "01_setup": 0.000443,
  "03_transpile": 0.382719,
  "total": 0.383162
}