{
  "01_setup": 0.000453,
  "03_transpile": 0.169851,
  "total": 0.170304
}