{
  "01_setup": 0.000385,
  "02_cache_search": 0.00191,
  "03_transpile": 0.043197,
  "07_cache_write": 0.001422,
  "total": 0.046914
}