{
  "01_setup": 0.000515,
  "03_transpile": 0.422785,
  "total": 0.4233
}