{
  "01_setup": 0.000333,
  "02_cache_search": 0.000934,
  "03_transpile": 0.035184,
  "07_cache_write": 0.001426,
  "total": 0.037877
}