{
  "01_setup": 0.000452,
  "03_transpile": 4.389285,
  "total": 4.389737
}