{
  "01_setup": 0.000417,
  "03_transpile": 0.156521,
  "total": 0.156938
}