{
  "laps": {
    "01_setup": 0.000117,
    "02_cache_search": 0.009799,
    "03_transpile": 0.508615,
    "07_cache_write": 0.403822,
    "total": 0.922353
  },
  "meta": {
    "backend": "AerSV",
    "n_qubits": 112,
    "depth_in": 2665,
    "depth_transpiled": 2665,
    "size_transpiled": 2776
  }
}