{
  "01_setup": 0.000402,
  "02_cache_search": 0.011025,
  "03_transpile": 0.130677,
  "07_cache_write": 0.004024,
  "total": 0.146128
}