{
  "01_setup": 0.00108,
  "03_transpile": 0.932167,
  "total": 0.933247
}