{
  "01_setup": 0.000409,
  "02_cache_search": 0.004017,
  "03_transpile": 0.075401,
  "07_cache_write": 0.005027,
  "total": 0.084854
}