{
  "01_setup": 0.000464,
  "03_transpile": 0.453181,
  "total": 0.453645
}