{
  "01_setup": 0.000403,
  "03_transpile": 0.221367,
  "total": 0.22177
}