{
  "01_setup": 0.000361,
  "02_cache_search": 0.004925,
  "03_transpile": 0.069855,
  "07_cache_write": 1.041272,
  "total": 1.116413
}