{
  "01_setup": 0.000365,
  "02_cache_search": 0.000593,
  "03_transpile": 0.028212,
  "07_cache_write": 0.004067,
  "total": 0.033237
}