{
  "01_setup": 0.000461,
  "03_transpile": 1.497684,
  "total": 1.498145
}