{
  "01_setup": 0.000471,
  "03_transpile": 0.252556,
  "total": 0.253027
}