{
  "01_setup": 0.000357,
  "02_cache_search": 0.007222,
  "03_transpile": 0.187674,
  "07_cache_write": 0.001366,
  "total": 0.196619
}