{
  "01_setup": 0.000459,
  "03_transpile": 0.158288,
  "total": 0.158747
}