{
  "01_setup": 0.000475,
  "03_transpile": 0.458565,
  "total": 0.45904
}