{
  "01_setup": 0.000384,
  "03_transpile": 0.136879,
  "total": 0.137263
}