{
  "01_setup": 0.000337,
  "02_cache_search": 0.001453,
  "03_transpile": 0.033875,
  "07_cache_write": 0.004688,
  "total": 0.040353
}