{
  "01_setup": 0.000425,
  "02_cache_search": 0.008741,
  "03_transpile": 0.085379,
  "07_cache_write": 0.009348,
  "total": 0.103893
}