{
  "01_setup": 0.000511,
  "03_transpile": 1.971185,
  "total": 1.971696
}