{
  "01_setup": 0.00058,
  "03_transpile": 0.234069,
  "total": 0.234649
}