{
  "01_setup": 0.000414,
  "03_transpile": 0.535576,
  "total": 0.53599
}