{
  "01_setup": 0.000608,
  "03_transpile": 0.258543,
  "total": 0.259151
}