{
  "laps": {
    "01_setup": 0.000158,
    "02_cache_search": 262.241186,
    "03_transpile": 318.654507,
    "07_cache_write": 93.12741,
    "total": 674.023261
  },
  "meta": {
    "backend": "AerSV",
    "n_qubits": 16,
    "depth_in": 34,
    "depth_transpiled": 10,
    "size_transpiled": 54
  }
}