{
  "01_setup": 0.000402,
  "03_transpile": 1.053415,
  "total": 1.053817
}