{
  "01_setup": 0.000361,
  "02_cache_search": 0.001892,
  "03_transpile": 0.051085,
  "07_cache_write": 0.000901,
  "total": 0.054239
}