{
  "01_setup": 0.000372,
  "02_cache_search": 0.006087,
  "03_transpile": 0.094074,
  "07_cache_write": 0.01207,
  "total": 0.112603
}