{
  "01_setup": 0.000447,
  "03_transpile": 0.235461,
  "total": 0.235908
}