{
  "01_setup": 0.000399,
  "02_cache_search": 0.005513,
  "03_transpile": 0.084977,
  "07_cache_write": 1.030258,
  "total": 1.121147
}