{
  "01_setup": 0.000486,
  "03_transpile": 0.255108,
  "total": 0.255594
}