{
  "01_setup": 0.000363,
  "02_cache_search": 0.002704,
  "03_transpile": 0.232778,
  "07_cache_write": 0.024565,
  "total": 0.26041
}