{
  "01_setup": 0.00043,
  "03_transpile": 0.142942,
  "total": 0.143372
}