{
  "01_setup": 0.000417,
  "02_cache_search": 0.013457,
  "03_transpile": 0.755641,
  "07_cache_write": 0.105279,
  "total": 0.874794
}