{
  "01_setup": 0.000381,
  "03_transpile": 0.164196,
  "total": 0.164577
}