{
  "01_setup": 0.000348,
  "02_cache_search": 0.00191,
  "03_transpile": 0.041305,
  "07_cache_write": 0.001745,
  "total": 0.045308
}