{
  "01_setup": 0.000637,
  "03_transpile": 1.030188,
  "total": 1.030825
}