{
  "01_setup": 0.000488,
  "02_cache_search": 0.00733,
  "03_transpile": 0.249977,
  "07_cache_write": 0.018869,
  "total": 0.276664
}