{
  "01_setup": 0.000451,
  "03_transpile": 0.367424,
  "total": 0.367875
}