{
  "01_setup": 0.000456,
  "03_transpile": 0.521417,
  "total": 0.521873
}