{
  "01_setup": 0.000384,
  "02_cache_search": 0.015861,
  "03_transpile": 0.208983,
  "07_cache_write": 0.007208,
  "total": 0.232436
}