{
  "01_setup": 0.000443,
  "02_cache_search": 0.121211,
  "03_transpile": 9.473075,
  "07_cache_write": 0.051265,
  "total": 9.645994
}