{
  "01_setup": 0.002006,
  "02_cache_search": 0.001853,
  "03_transpile": 0.072292,
  "07_cache_write": 189.934814,
  "total": 190.010965
}