{
  "01_setup": 0.000793,
  "03_transpile": 1.505628,
  "total": 1.506421
}