{
  "01_setup": 0.000327,
  "02_cache_search": 0.000519,
  "03_transpile": 0.026138,
  "07_cache_write": 0.000605,
  "total": 0.027589
}