{
  "01_setup": 0.000457,
  "03_transpile": 0.312847,
  "total": 0.313304
}