{
  "01_setup": 0.000471,
  "03_transpile": 4.387038,
  "total": 4.387509
}