{
  "01_setup": 0.00042,
  "02_cache_search": 0.046041,
  "03_transpile": 0.508615,
  "07_cache_write": 0.403822,
  "total": 0.958898
}