{
  "01_setup": 0.000455,
  "03_transpile": 0.927023,
  "total": 0.927478
}