{
  "01_setup": 0.000462,
  "02_cache_search": 0.003408,
  "03_transpile": 0.054824,
  "07_cache_write": 0.041767,
  "total": 0.100461
}