{
  "01_setup": 0.000426,
  "03_transpile": 0.192816,
  "total": 0.193242
}