{
  "01_setup": 0.00045,
  "03_transpile": 47.861478,
  "total": 47.861928
}