{
  "01_setup": 0.000571,
  "02_cache_search": 0.012622,
  "03_transpile": 0.11389,
  "07_cache_write": 3.275641,
  "total": 3.402724
}