{
  "01_setup": 0.000381,
  "02_cache_search": 0.007412,
  "03_transpile": 0.232277,
  "07_cache_write": 0.330727,
  "total": 0.570797
}