{
  "01_setup": 0.000411,
  "03_transpile": 0.251368,
  "total": 0.251779
}