{
  "01_setup": 0.000424,
  "02_cache_search": 0.003528,
  "03_transpile": 0.107125,
  "07_cache_write": 0.227627,
  "total": 0.338704
}