{
  "01_setup": 0.000435,
  "02_cache_search": 0.014753,
  "03_transpile": 0.887597,
  "07_cache_write": 0.007519,
  "total": 0.910304
}