{
  "01_setup": 0.000421,
  "02_cache_search": 0.006021,
  "03_transpile": 0.079927,
  "07_cache_write": 0.04042,
  "total": 0.126789
}