{
  "01_setup": 0.000352,
  "02_cache_search": 0.001046,
  "03_transpile": 0.03097,
  "07_cache_write": 0.000842,
  "total": 0.03321
}