{
  "01_setup": 0.000665,
  "02_cache_search": 0.074161,
  "03_transpile": 1.255356,
  "07_cache_write": 190.757268,
  "total": 192.08745
}