{
  "01_setup": 0.000455,
  "02_cache_search": 0.01231,
  "03_transpile": 0.293162,
  "07_cache_write": 0.016636,
  "total": 0.322563
}