{
  "01_setup": 0.000401,
  "02_cache_search": 0.025863,
  "03_transpile": 0.529142,
  "07_cache_write": 0.003356,
  "total": 0.558762
}