{
  "01_setup": 0.000496,
  "03_transpile": 2.209631,
  "total": 2.210127
}