{
  "01_setup": 0.000389,
  "02_cache_search": 0.01228,
  "03_transpile": 0.121398,
  "07_cache_write": 1.037873,
  "total": 1.17194
}