{
  "01_setup": 0.000544,
  "02_cache_search": 0.039596,
  "03_transpile": 0.806194,
  "07_cache_write": 0.100488,
  "total": 0.946822
}