{
  "01_setup": 0.000684,
  "03_transpile": 0.541959,
  "total": 0.542643
}