{
  "01_setup": 0.000394,
  "02_cache_search": 0.011216,
  "03_transpile": 0.247045,
  "07_cache_write": 0.02151,
  "total": 0.280165
}