{
  "01_setup": 0.000521,
  "03_transpile": 245.071445,
  "total": 245.071966
}