{
  "01_setup": 0.000424,
  "02_cache_search": 2.136271,
  "03_transpile": 2.755396,
  "07_cache_write": 0.978522,
  "total": 5.870613
}