{
  "01_setup": 0.000437,
  "02_cache_search": 0.043325,
  "03_transpile": 0.492034,
  "07_cache_write": 0.420215,
  "total": 0.956011
}