{
  "01_setup": 0.000348,
  "02_cache_search": 0.005609,
  "03_transpile": 0.083193,
  "07_cache_write": 0.005164,
  "total": 0.094314
}