{
  "01_setup": 0.000477,
  "03_transpile": 0.345087,
  "total": 0.345564
}