{
  "01_setup": 0.000377,
  "02_cache_search": 0.238647,
  "03_transpile": 0.061133,
  "07_cache_write": 0.154975,
  "total": 0.455132
}