{
  "01_setup": 0.000425,
  "03_transpile": 3.566586,
  "total": 3.567011
}