{
  "laps": {
    "01_setup": 0.000159,
    "02_cache_search": 0.007737,
    "03_transpile": 0.389465,
    "07_cache_write": 188.876999,
    "total": 189.27436
  },
  "meta": {
    "backend": "AerSV",
    "n_qubits": 16,
    "depth_in": 133,
    "depth_transpiled": 133,
    "size_transpiled": 736
  }
}