{
  "01_setup": 0.000367,
  "02_cache_search": 0.002965,
  "03_transpile": 0.048849,
  "07_cache_write": 0.317173,
  "total": 0.369354
}