{
  "01_setup": 0.00045,
  "02_cache_search": 0.006927,
  "03_transpile": 0.083755,
  "07_cache_write": 0.00514,
  "total": 0.096272
}