{
  "01_setup": 0.00036,
  "02_cache_search": 0.003288,
  "03_transpile": 0.061217,
  "07_cache_write": 0.002805,
  "total": 0.06767
}