{
  "01_setup": 0.000471,
  "03_transpile": 0.145393,
  "total": 0.145864
}