{
  "01_setup": 0.000559,
  "02_cache_search": 0.001495,
  "03_transpile": 0.032818,
  "07_cache_write": 0.000836,
  "total": 0.035708
}