{
  "01_setup": 0.000393,
  "02_cache_search": 0.019281,
  "03_transpile": 0.239734,
  "07_cache_write": 0.010138,
  "total": 0.269546
}