{
  "01_setup": 0.000581,
  "02_cache_search": 0.009568,
  "03_transpile": 0.18946,
  "07_cache_write": 249.241484,
  "total": 249.441093
}