{
  "laps": {
    "01_setup": 0.000148,
    "02_cache_search": 0.333226,
    "03_transpile": 117.034609,
    "07_cache_write": 0.160657,
    "total": 117.52864
  },
  "meta": {
    "backend": "AerSV",
    "n_qubits": 96,
    "depth_in": 480,
    "depth_transpiled": 480,
    "size_transpiled": 18720
  }
}