{
  "01_setup": 0.00035,
  "02_cache_search": 0.002903,
  "03_transpile": 0.080764,
  "07_cache_write": 0.001178,
  "total": 0.085195
}