{
  "01_setup": 0.000453,
  "03_transpile": 0.764488,
  "total": 0.764941
}