size,method,e2e_latency,final_cache_size
150,FullComp,12.568738298956305,0
150,Braket,9.989854900632054,42
150,CCache,7.722501097712666,72
150,TransCache,8.082033898448572,64
