{
  "sizes": [
    50,
    100,
    150,
    200,
    300,
    350,
    400,
    450,
    500
  ],
  "methods": [
    "TransCache(Adaptive)",
    "TransCache(Proposed)",
    "FirstSeen",
    "ParamReuse",
    "FullCompilation"
  ],
  "e2e_latency": {
    "TransCache(Adaptive)": [
      6.917381298262626,
      10.03328930051066,
      24.39283340028487,
      23.48612039652653,
      33.96517880028114,
      34.444031096296385,
      48.67976440326311,
      46.29350630217232,
      57.64751790044829
    ],
    "TransCache(Proposed)": [
      5.553414101013914,
      8.749424797249958,
      18.697316301288083,
      20.960031401831657,
      31.2457074013073,
      32.23792720097117,
      45.08183640008792,
      43.711842300836,
      56.32324260286987
    ],
    "FirstSeen": [
      7.870476000243798,
      9.534099897136912,
      18.14311909954995,
      18.125876999925822,
      25.97676930227317,
      24.09043540037237,
      33.74470609705895,
      31.666110101621598,
      41.03725500009023
    ],
    "ParamReuse": [
      8.970452598528937,
      10.916447001043707,
      22.38763149618171,
      23.27084139501676,
      34.86815139721148,
      36.689048001077026,
      48.63115109875798,
      47.08944260235876,
      76.4783294016961
    ],
    "FullCompilation": [
      8.375042401719838,
      12.2990601004567,
      26.051088197389618,
      27.032084597973153,
      43.91540000378154,
      45.58289850130677,
      61.11886760080233,
      58.66945010004565,
      89.24257219186984
    ]
  },
  "final_cache_size": {
    "TransCache(Adaptive)": [
      9,
      15,
      13,
      20,
      26,
      26,
      26,
      26,
      26
    ],
    "TransCache(Proposed)": [
      25,
      25,
      25,
      25,
      25,
      25,
      25,
      25,
      25
    ],
    "FirstSeen": [
      43,
      74,
      86,
      109,
      141,
      134,
      162,
      170,
      171
    ],
    "ParamReuse": [
      21,
      43,
      52,
      63,
      86,
      75,
      88,
      99,
      98
    ],
    "FullCompilation": [
      0,
      0,
      0,
      0,
      0,
      0,
      0,
      0,
      0
    ]
  },
  "config": {
    "q_list": [
      5,
      7,
      11,
      13,
      15,
      17,
      19,
      21
    ],
    "d_list": [
      2,
      4,
      6,
      8,
      12
    ],
    "shots": 256,
    "hot_fraction": 0.25,
    "hot_boost": 8.0,
    "rps": 1.0,
    "rng_seed_base": 123,
    "lookahead": 8.0,
    "prob_th": 0.45,
    "max_compile": 3,
    "sliding_window_sec": 60.0,
    "min_samples": 2,
    "prewarm_every": 5
  },
  "plots": {
    "latency_png": "figs\\v15\\plots\\scaling_e2e_latency.png",
    "cache_png": "figs\\v15\\plots\\scaling_final_cache_size.png"
  }
}