{
  "01_setup": 0.000508,
  "02_cache_search": 0.005117,
  "03_transpile": 0.080406,
  "07_cache_write": 0.265101,
  "04_submit": 0.010555,
  "05_run": 0.095557,
  "06_collect": 0.00293,
  "total": 0.460174
}