{
  "01_setup": 0.000526,
  "02_cache_search": 0.003798,
  "03_transpile": 0.057751,
  "07_cache_write": 0.073813,
  "04_submit": 0.009693,
  "05_run": 0.173663,
  "06_collect": 0.002766,
  "total": 0.32201
}