{
  "01_setup": 0.00053,
  "02_cache_search": 9.935974,
  "03_transpile": 14.080923,
  "07_cache_write": 24.493147,
  "04_submit": 0.006897,
  "05_run": 0.018783,
  "06_collect": 0.002288,
  "total": 48.538542
}