{
  "laps": {
    "01_setup": 6.7e-05,
    "02_cache_search": 0.000125,
    "04_submit": 0.000606,
    "05_run": 0.002242,
    "06_collect": 9e-05,
    "total": 0.00313
  },
  "meta": {
    "backend": "AerSV",
    "n_qubits": 11,
    "depth_in": 15,
    "depth_transpiled": 15,
    "size_transpiled": 25,
    "quasi_dist": {
      "0": 0.49609375,
      "2047": 0.50390625
    }
  }
}