{
  "01_setup": 0.000424,
  "02_cache_search": 0.010049,
  "03_transpile": 0.105978,
  "07_cache_write": 0.09732,
  "04_submit": 0.019677,
  "05_run": 0.094183,
  "06_collect": 0.005873,
  "total": 0.333504
}