{
  "01_setup": 0.00059,
  "03_transpile": 0.759337,
  "04_submit": 0.02907,
  "05_run": 0.112022,
  "06_collect": 0.007143,
  "total": 0.908162
}