{
  "laps": {
    "01_setup": 0.00011,
    "03_transpile": 0.459965,
    "04_submit": 0.016896,
    "05_run": 0.035334,
    "06_collect": 0.006776,
    "total": 0.519081
  },
  "meta": {
    "backend": "AerSV",
    "n_qubits": 17,
    "depth_in": 2401,
    "depth_transpiled": 2401,
    "size_transpiled": 2417,
    "quasi_dist": {
      "0": 1.0
    }
  }
}