{
  "laps": {
    "01_setup": 8e-05,
    "02_cache_search": 0.006971,
    "03_transpile": 0.051245,
    "07_cache_write": 0.001195,
    "04_submit": 0.000846,
    "05_run": 0.001839,
    "06_collect": 0.000305,
    "total": 0.062481
  },
  "meta": {
    "backend": "AerSV",
    "n_qubits": 3,
    "depth_in": 66,
    "depth_transpiled": 18,
    "size_transpiled": 23,
    "quasi_dist": {
      "4": 0.1259765625,
      "3": 0.1298828125,
      "1": 0.1484375,
      "5": 0.1279296875,
      "6": 0.1171875,
      "0": 0.1142578125,
      "7": 0.11328125,
      "2": 0.123046875
    }
  }
}