{
  "laps": {
    "01_setup": 7.5e-05,
    "02_cache_search": 0.005447,
    "03_transpile": 0.035552,
    "07_cache_write": 0.001507,
    "04_submit": 0.000828,
    "05_run": 0.001632,
    "06_collect": 0.000264,
    "total": 0.045305
  },
  "meta": {
    "backend": "AerSV",
    "n_qubits": 3,
    "depth_in": 130,
    "depth_transpiled": 34,
    "size_transpiled": 39,
    "quasi_dist": {
      "7": 0.1357421875,
      "3": 0.115234375,
      "5": 0.1337890625,
      "6": 0.115234375,
      "4": 0.1123046875,
      "0": 0.1298828125,
      "2": 0.1279296875,
      "1": 0.1298828125
    }
  }
}