{
  "laps": {
    "01_setup": 7.3e-05,
    "03_transpile": 0.019582,
    "04_submit": 0.000643,
    "05_run": 0.001476,
    "06_collect": 4.9e-05,
    "total": 0.021823
  },
  "meta": {
    "backend": "AerSV",
    "n_qubits": 3,
    "depth_in": 7,
    "depth_transpiled": 7,
    "size_transpiled": 9,
    "quasi_dist": {
      "7": 0.478515625,
      "0": 0.521484375
    }
  }
}