{
  "laps": {
    "01_setup": 5.7e-05,
    "03_transpile": 0.029729,
    "04_submit": 0.000732,
    "05_run": 0.00154,
    "06_collect": 6.5e-05,
    "total": 0.032123
  },
  "meta": {
    "backend": "AerSV",
    "n_qubits": 3,
    "depth_in": 17,
    "depth_transpiled": 14,
    "size_transpiled": 26,
    "quasi_dist": {
      "0": 0.4443359375,
      "7": 0.021484375,
      "5": 0.05859375,
      "3": 0.1689453125,
      "4": 0.078125,
      "2": 0.0517578125,
      "6": 0.103515625,
      "1": 0.0732421875
    }
  }
}