{
  "01_setup": 0.000334,
  "02_cache_search": 0.000483,
  "03_transpile": 0.019021,
  "07_cache_write": 0.001155,
  "04_submit": 0.002349,
  "05_run": 0.007731,
  "06_collect": 0.000254,
  "total": 0.031327
}