{
  "laps": {
    "01_setup": 5.7e-05,
    "02_cache_search": 7.4e-05,
    "04_submit": 0.000378,
    "05_run": 0.00126,
    "06_collect": 3e-05,
    "total": 0.001799
  },
  "meta": {
    "backend": "AerSV",
    "n_qubits": 3,
    "depth_in": 6,
    "depth_transpiled": 6,
    "size_transpiled": 9,
    "quasi_dist": {
      "3": 0.1181640625,
      "1": 0.1328125,
      "5": 0.111328125,
      "2": 0.1171875,
      "0": 0.1181640625,
      "4": 0.1298828125,
      "6": 0.140625,
      "7": 0.1318359375
    }
  }
}