{
  "01_setup": 0.000463,
  "02_cache_search": 0.055345,
  "03_transpile": 1.175304,
  "07_cache_write": 0.177414,
  "04_submit": 0.08366,
  "05_run": 2.103706,
  "06_collect": 0.032404,
  "total": 3.628296
}