{
  "laps": {
    "01_setup": 0.000105,
    "03_transpile": 0.05229,
    "04_submit": 0.002103,
    "05_run": 0.432655,
    "06_collect": 0.000524,
    "total": 0.487677
  },
  "meta": {
    "backend": "AerSV",
    "n_qubits": 25,
    "depth_in": 33,
    "depth_transpiled": 33,
    "size_transpiled": 57,
    "quasi_dist": {
      "33554431": 0.4970703125,
      "0": 0.5029296875
    }
  }
}