{
  "laps": {
    "01_setup": 0.000194,
    "03_transpile": 0.044002,
    "04_submit": 0.002282,
    "05_run": 0.006169,
    "06_collect": 0.000524,
    "total": 0.053171
  },
  "meta": {
    "backend": "AerSV",
    "n_qubits": 9,
    "depth_in": 34,
    "depth_transpiled": 34,
    "size_transpiled": 42,
    "quasi_dist": {
      "511": 0.5283203125,
      "0": 0.4716796875
    }
  }
}