{
  "01_setup": 0.000379,
  "03_transpile": 0.227729,
  "04_submit": 0.006784,
  "05_run": 0.010548,
  "06_collect": 0.001018,
  "total": 0.246458
}