{
  "laps": {
    "01_setup": 7.5e-05,
    "03_transpile": 0.051394,
    "04_submit": 0.001735,
    "05_run": 0.003941,
    "06_collect": 0.00042,
    "total": 0.057565
  },
  "meta": {
    "backend": "AerSV",
    "n_qubits": 5,
    "depth_in": 106,
    "depth_transpiled": 106,
    "size_transpiled": 218,
    "quasi_dist": {
      "15": 0.01171875,
      "0": 0.169921875,
      "31": 0.1748046875,
      "4": 0.0107421875,
      "30": 0.0673828125,
      "24": 0.015625,
      "3": 0.01953125,
      "20": 0.0458984375,
      "23": 0.0185546875,
      "29": 0.021484375,
      "9": 0.0244140625,
      "8": 0.0302734375,
      "21": 0.0400390625,
      "7": 0.0166015625,
      "2": 0.0185546875,
      "10": 0.02734375,
      "1": 0.06640625,
      "18": 0.009765625,
      "19": 0.017578125,
      "12": 0.0107421875,
      "6": 0.0146484375,
      "14": 0.0078125,
      "13": 0.013671875,
      "26": 0.0126953125,
      "11": 0.0419921875,
      "22": 0.0205078125,
      "25": 0.0126953125,
      "28": 0.0185546875,
      "16": 0.0166015625,
      "27": 0.0107421875,
      "5": 0.00390625,
      "17": 0.0087890625
    }
  }
}