{
  "laps": {
    "01_setup": 9.1e-05,
    "02_cache_search": 0.000231,
    "04_submit": 0.000901,
    "05_run": 0.005676,
    "06_collect": 0.000209,
    "total": 0.007108
  },
  "meta": {
    "backend": "AerSV",
    "n_qubits": 17,
    "depth_in": 21,
    "depth_transpiled": 21,
    "size_transpiled": 37,
    "quasi_dist": {
      "0": 0.5146484375,
      "131071": 0.4853515625
    }
  }
}