{
  "laps": {
    "01_setup": 8.1e-05,
    "02_cache_search": 0.000349,
    "04_submit": 0.001013,
    "05_run": 0.002327,
    "06_collect": 0.000176,
    "total": 0.003946
  },
  "meta": {
    "backend": "AerSV",
    "n_qubits": 5,
    "depth_in": 49,
    "depth_transpiled": 49,
    "size_transpiled": 85,
    "quasi_dist": {
      "7": 0.0224609375,
      "20": 0.1123046875,
      "5": 0.0751953125,
      "21": 0.029296875,
      "13": 0.0458984375,
      "18": 0.037109375,
      "27": 0.0341796875,
      "11": 0.1142578125,
      "26": 0.1015625,
      "16": 0.0126953125,
      "9": 0.099609375,
      "12": 0.076171875,
      "30": 0.015625,
      "14": 0.005859375,
      "8": 0.01171875,
      "24": 0.060546875,
      "19": 0.029296875,
      "23": 0.0380859375,
      "10": 0.013671875,
      "4": 0.0068359375,
      "3": 0.0224609375,
      "22": 0.0146484375,
      "1": 0.00390625,
      "31": 0.0048828125,
      "15": 0.0009765625,
      "17": 0.005859375,
      "28": 0.00390625,
      "29": 0.0009765625
    }
  }
}