{
  "01_setup": 0.000527,
  "02_cache_search": 42.957026,
  "03_transpile": 50.406613,
  "07_cache_write": 136.736111,
  "04_submit": 0.006943,
  "05_run": 0.029021,
  "06_collect": 0.003581,
  "total": 230.139822
}