{
  "laps": {
    "01_setup": 7.5e-05,
    "02_cache_search": 0.000159,
    "04_submit": 0.000536,
    "05_run": 0.001413,
    "06_collect": 6.2e-05,
    "total": 0.002245
  },
  "meta": {
    "backend": "AerSV",
    "n_qubits": 3,
    "depth_in": 17,
    "depth_transpiled": 14,
    "size_transpiled": 26,
    "quasi_dist": {
      "5": 0.0400390625,
      "1": 0.0986328125,
      "0": 0.4521484375,
      "6": 0.107421875,
      "4": 0.0849609375,
      "2": 0.0361328125,
      "3": 0.162109375,
      "7": 0.0185546875
    }
  }
}