{
  "laps": {
    "01_setup": 0.000109,
    "03_transpile": 0.252502,
    "04_submit": 0.006497,
    "05_run": 0.049644,
    "06_collect": 0.002916,
    "total": 0.311668
  },
  "meta": {
    "backend": "AerSV",
    "n_qubits": 21,
    "depth_in": 961,
    "depth_transpiled": 961,
    "size_transpiled": 981,
    "quasi_dist": {
      "0": 1.0
    }
  }
}