{
  "01_setup": 0.000723,
  "03_transpile": 0.604949,
  "04_submit": 0.017126,
  "05_run": 0.546335,
  "06_collect": 0.005532,
  "total": 1.174665
}