{
  "laps": {
    "01_setup": 6.9e-05,
    "03_transpile": 0.022354,
    "04_submit": 0.000741,
    "05_run": 0.001609,
    "06_collect": 7.4e-05,
    "total": 0.024847
  },
  "meta": {
    "backend": "AerSV",
    "n_qubits": 5,
    "depth_in": 13,
    "depth_transpiled": 13,
    "size_transpiled": 17,
    "quasi_dist": {
      "0": 0.478515625,
      "31": 0.521484375
    }
  }
}