{
  "laps": {
    "01_setup": 0.000156,
    "03_transpile": 0.043165,
    "04_submit": 0.00119,
    "05_run": 0.002528,
    "06_collect": 0.000214,
    "total": 0.047253
  },
  "meta": {
    "backend": "AerSV",
    "n_qubits": 5,
    "depth_in": 35,
    "depth_transpiled": 28,
    "size_transpiled": 82,
    "quasi_dist": {
      "8": 0.0576171875,
      "0": 0.1171875,
      "2": 0.04296875,
      "15": 0.0361328125,
      "29": 0.0234375,
      "5": 0.0244140625,
      "14": 0.0859375,
      "24": 0.0615234375,
      "12": 0.078125,
      "28": 0.076171875,
      "31": 0.0048828125,
      "6": 0.080078125,
      "11": 0.0126953125,
      "3": 0.0205078125,
      "10": 0.0068359375,
      "18": 0.0126953125,
      "7": 0.0380859375,
      "27": 0.015625,
      "30": 0.0380859375,
      "16": 0.0390625,
      "13": 0.0126953125,
      "4": 0.0419921875,
      "1": 0.025390625,
      "9": 0.0146484375,
      "20": 0.0029296875,
      "23": 0.00390625,
      "21": 0.0048828125,
      "17": 0.01171875,
      "25": 0.0048828125,
      "22": 0.0029296875,
      "26": 0.001953125
    }
  }
}