{
  "laps": {
    "01_setup": 7.8e-05,
    "03_transpile": 0.045479,
    "04_submit": 0.002156,
    "05_run": 0.002554,
    "06_collect": 0.000292,
    "total": 0.050559
  },
  "meta": {
    "backend": "AerSV",
    "n_qubits": 3,
    "depth_in": 78,
    "depth_transpiled": 78,
    "size_transpiled": 153,
    "quasi_dist": {
      "2": 0.1220703125,
      "1": 0.1259765625,
      "5": 0.134765625,
      "0": 0.1103515625,
      "7": 0.1201171875,
      "6": 0.123046875,
      "3": 0.1220703125,
      "4": 0.1416015625
    }
  }
}