{
  "laps": {
    "01_setup": 9.7e-05,
    "03_transpile": 2.947885,
    "04_submit": 0.04348,
    "05_run": 41.831661,
    "06_collect": 0.01814,
    "total": 44.841263
  },
  "meta": {
    "backend": "AerSV",
    "n_qubits": 25,
    "depth_in": 425,
    "depth_transpiled": 425,
    "size_transpiled": 5225,
    "quasi_dist": {
      "0": 1.0
    }
  }
}