{
  "laps": {
    "01_setup": 7.3e-05,
    "02_cache_search": 0.000213,
    "04_submit": 0.000608,
    "05_run": 0.001762,
    "06_collect": 9.8e-05,
    "total": 0.002754
  },
  "meta": {
    "backend": "AerSV",
    "n_qubits": 5,
    "depth_in": 25,
    "depth_transpiled": 25,
    "size_transpiled": 45,
    "quasi_dist": {
      "8": 0.0205078125,
      "0": 0.322265625,
      "24": 0.029296875,
      "20": 0.0966796875,
      "12": 0.0673828125,
      "6": 0.033203125,
      "22": 0.01171875,
      "4": 0.0751953125,
      "2": 0.0146484375,
      "18": 0.0244140625,
      "27": 0.0078125,
      "31": 0.009765625,
      "11": 0.0341796875,
      "9": 0.0166015625,
      "16": 0.052734375,
      "10": 0.037109375,
      "19": 0.0595703125,
      "30": 0.0146484375,
      "5": 0.0205078125,
      "3": 0.0283203125,
      "21": 0.01171875,
      "17": 0.0048828125,
      "14": 0.001953125,
      "23": 0.0009765625,
      "13": 0.0009765625,
      "15": 0.0009765625,
      "28": 0.001953125
    }
  }
}