{
  "01_setup": 0.000443,
  "02_cache_search": 0.002891,
  "03_transpile": 0.048151,
  "07_cache_write": 0.010664,
  "04_submit": 0.00903,
  "05_run": 0.027295,
  "06_collect": 0.001954,
  "total": 0.100428
}