{
  "01_setup": 0.000665,
  "02_cache_search": 0.007171,
  "03_transpile": 0.10024,
  "07_cache_write": 0.023357,
  "04_submit": 0.01857,
  "05_run": 0.181968,
  "06_collect": 0.005418,
  "total": 0.337389
}