{
  "laps": {
    "01_setup": 7.1e-05,
    "03_transpile": 0.033234,
    "04_submit": 0.000997,
    "05_run": 0.002986,
    "06_collect": 0.000171,
    "total": 0.037459
  },
  "meta": {
    "backend": "AerSV",
    "n_qubits": 5,
    "depth_in": 49,
    "depth_transpiled": 49,
    "size_transpiled": 85,
    "quasi_dist": {
      "20": 0.103515625,
      "7": 0.0283203125,
      "22": 0.0185546875,
      "13": 0.0537109375,
      "26": 0.126953125,
      "12": 0.052734375,
      "9": 0.119140625,
      "11": 0.091796875,
      "27": 0.0390625,
      "18": 0.0322265625,
      "24": 0.041015625,
      "5": 0.0986328125,
      "21": 0.0263671875,
      "23": 0.037109375,
      "30": 0.0185546875,
      "1": 0.0048828125,
      "14": 0.0087890625,
      "16": 0.01953125,
      "3": 0.013671875,
      "4": 0.0078125,
      "19": 0.015625,
      "10": 0.017578125,
      "17": 0.009765625,
      "31": 0.0029296875,
      "8": 0.009765625,
      "15": 0.0009765625,
      "28": 0.0009765625
    }
  }
}