{
  "laps": {
    "01_setup": 7.7e-05,
    "03_transpile": 0.023968,
    "04_submit": 0.000736,
    "05_run": 0.001594,
    "06_collect": 7e-05,
    "total": 0.026445
  },
  "meta": {
    "backend": "AerSV",
    "n_qubits": 3,
    "depth_in": 17,
    "depth_transpiled": 17,
    "size_transpiled": 27,
    "quasi_dist": {
      "0": 0.271484375,
      "1": 0.0390625,
      "4": 0.2119140625,
      "3": 0.18359375,
      "6": 0.04296875,
      "7": 0.1083984375,
      "5": 0.1015625,
      "2": 0.041015625
    }
  }
}