{
  "01_setup": 0.00034,
  "02_cache_search": 0.000805,
  "03_transpile": 0.021741,
  "07_cache_write": 0.001599,
  "04_submit": 0.003133,
  "05_run": 0.008389,
  "06_collect": 0.000577,
  "total": 0.036584
}