{
  "01_setup": 0.000331,
  "02_cache_search": 0.000663,
  "03_transpile": 0.023203,
  "07_cache_write": 0.001007,
  "04_submit": 0.002852,
  "05_run": 0.008614,
  "06_collect": 0.000392,
  "total": 0.037062
}