{
  "01_setup": 0.000565,
  "03_transpile": 2.009847,
  "04_submit": 0.165251,
  "05_run": 0.5257,
  "06_collect": 0.023756,
  "total": 2.725119
}