{
  "laps": {
    "01_setup": 6.8e-05,
    "02_cache_search": 0.000118,
    "04_submit": 0.000472,
    "05_run": 0.002044,
    "06_collect": 8e-05,
    "total": 0.002782
  },
  "meta": {
    "backend": "AerSV",
    "n_qubits": 9,
    "depth_in": 13,
    "depth_transpiled": 13,
    "size_transpiled": 21,
    "quasi_dist": {
      "0": 0.4970703125,
      "511": 0.5029296875
    }
  }
}