{
  "01_setup": 0.000506,
  "03_transpile": 2.850437,
  "04_submit": 0.045158,
  "05_run": 0.138698,
  "06_collect": 0.015484,
  "total": 3.050283
}