{
  "laps": {
    "01_setup": 0.000115,
    "02_cache_search": 0.000509,
    "04_submit": 0.002975,
    "05_run": 0.022281,
    "06_collect": 0.000697,
    "total": 0.026577
  },
  "meta": {
    "backend": "AerSV",
    "n_qubits": 21,
    "depth_in": 46,
    "depth_transpiled": 46,
    "size_transpiled": 66,
    "quasi_dist": {
      "2097151": 0.5244140625,
      "0": 0.4755859375
    }
  }
}