{
  "01_setup": 0.000398,
  "03_transpile": 0.265267,
  "04_submit": 0.008498,
  "05_run": 0.019194,
  "06_collect": 0.001761,
  "total": 0.295118
}