{
  "laps": {
    "01_setup": 9.6e-05,
    "02_cache_search": 0.002757,
    "03_transpile": 0.18248,
    "07_cache_write": 0.007288,
    "04_submit": 0.004267,
    "05_run": 0.006079,
    "06_collect": 0.001031,
    "total": 0.203998
  },
  "meta": {
    "backend": "AerSV",
    "n_qubits": 7,
    "depth_in": 119,
    "depth_transpiled": 119,
    "size_transpiled": 455,
    "quasi_dist": {
      "0": 1.0
    }
  }
}