{
  "01_setup": 0.000583,
  "02_cache_search": 0.00894,
  "03_transpile": 0.110371,
  "07_cache_write": 0.131624,
  "04_submit": 0.016812,
  "05_run": 0.171665,
  "06_collect": 0.004995,
  "total": 0.44499
}