{
  "01_setup": 0.000366,
  "03_transpile": 0.214453,
  "04_submit": 0.007388,
  "05_run": 0.019278,
  "06_collect": 0.001539,
  "total": 0.243024
}