{
  "laps": {
    "01_setup": 0.000103,
    "02_cache_search": 0.006495,
    "04_submit": 0.01351,
    "05_run": 0.058464,
    "06_collect": 0.003749,
    "total": 0.082321
  },
  "meta": {
    "backend": "AerSV",
    "n_qubits": 13,
    "depth_in": 1801,
    "depth_transpiled": 1801,
    "size_transpiled": 1813,
    "quasi_dist": {
      "0": 1.0
    }
  }
}