{
  "01_setup": 0.000696,
  "03_transpile": 0.382571,
  "04_submit": 0.037196,
  "05_run": 0.118637,
  "06_collect": 0.003436,
  "total": 0.542536
}