{
  "laps": {
    "01_setup": 6.6e-05,
    "02_cache_search": 0.0001,
    "04_submit": 0.000431,
    "05_run": 0.001503,
    "06_collect": 4.3e-05,
    "total": 0.002143
  },
  "meta": {
    "backend": "AerSV",
    "n_qubits": 5,
    "depth_in": 7,
    "depth_transpiled": 7,
    "size_transpiled": 15,
    "quasi_dist": {
      "25": 0.04296875,
      "17": 0.03515625,
      "0": 0.7529296875,
      "31": 0.04296875,
      "14": 0.001953125,
      "29": 0.056640625,
      "30": 0.0478515625,
      "4": 0.0009765625,
      "12": 0.0048828125,
      "21": 0.0009765625,
      "15": 0.0029296875,
      "3": 0.0029296875,
      "8": 0.001953125,
      "7": 0.0009765625,
      "19": 0.0009765625,
      "1": 0.001953125,
      "2": 0.0009765625
    }
  }
}