{
  "01_setup": 0.00054,
  "03_transpile": 0.152464,
  "04_submit": 0.004601,
  "05_run": 0.031551,
  "06_collect": 0.000658,
  "total": 0.189814
}