{
  "laps": {
    "01_setup": 7.1e-05,
    "03_transpile": 0.045774,
    "04_submit": 0.001634,
    "05_run": 0.002718,
    "06_collect": 0.000354,
    "total": 0.050551
  },
  "meta": {
    "backend": "AerSV",
    "n_qubits": 3,
    "depth_in": 162,
    "depth_transpiled": 162,
    "size_transpiled": 198,
    "quasi_dist": {
      "7": 0.447265625,
      "0": 0.4658203125,
      "4": 0.0205078125,
      "5": 0.009765625,
      "1": 0.0107421875,
      "2": 0.0146484375,
      "3": 0.013671875,
      "6": 0.017578125
    }
  }
}