{
  "laps": {
    "01_setup": 0.000121,
    "02_cache_search": 0.000421,
    "04_submit": 0.002221,
    "05_run": 0.08673,
    "06_collect": 0.0006,
    "total": 0.090093
  },
  "meta": {
    "backend": "AerSV",
    "n_qubits": 23,
    "depth_in": 39,
    "depth_transpiled": 39,
    "size_transpiled": 61,
    "quasi_dist": {
      "0": 0.5009765625,
      "8388607": 0.4990234375
    }
  }
}