{
  "01_setup": 0.000404,
  "02_cache_search": 0.002735,
  "03_transpile": 0.048792,
  "07_cache_write": 0.127843,
  "04_submit": 0.006736,
  "05_run": 0.032141,
  "06_collect": 0.00247,
  "total": 0.221121
}