{
  "01_setup": 0.000495,
  "03_transpile": 0.248057,
  "04_submit": 0.099353,
  "05_run": 0.027319,
  "06_collect": 0.00223,
  "total": 0.377454
}