{
  "laps": {
    "01_setup": 0.000103,
    "03_transpile": 0.02339,
    "04_submit": 0.00102,
    "05_run": 0.002647,
    "06_collect": 0.000108,
    "total": 0.027268
  },
  "meta": {
    "backend": "AerSV",
    "n_qubits": 9,
    "depth_in": 17,
    "depth_transpiled": 17,
    "size_transpiled": 25,
    "quasi_dist": {
      "511": 0.53125,
      "0": 0.46875
    }
  }
}