{
  "01_setup": 0.000658,
  "03_transpile": 0.877687,
  "04_submit": 0.032643,
  "05_run": 5.02972,
  "06_collect": 0.012167,
  "total": 5.952875
}