{
  "01_setup": 0.000339,
  "03_transpile": 0.119691,
  "04_submit": 0.003062,
  "05_run": 0.007443,
  "06_collect": 0.00034,
  "total": 0.130875
}