{
  "laps": {
    "01_setup": 8.2e-05,
    "03_transpile": 0.22449,
    "04_submit": 0.011554,
    "05_run": 0.022876,
    "06_collect": 0.003115,
    "total": 0.262117
  },
  "meta": {
    "backend": "AerSV",
    "n_qubits": 11,
    "depth_in": 1501,
    "depth_transpiled": 1501,
    "size_transpiled": 1511,
    "quasi_dist": {
      "0": 1.0
    }
  }
}