{
  "laps": {
    "01_setup": 9.3e-05,
    "03_transpile": 0.046615,
    "04_submit": 0.001955,
    "05_run": 0.008237,
    "06_collect": 0.000449,
    "total": 0.057349
  },
  "meta": {
    "backend": "AerSV",
    "n_qubits": 19,
    "depth_in": 35,
    "depth_transpiled": 35,
    "size_transpiled": 53,
    "quasi_dist": {
      "524287": 0.51953125,
      "0": 0.48046875
    }
  }
}