{
  "01_setup": 0.000524,
  "02_cache_search": 0.008697,
  "03_transpile": 0.127753,
  "07_cache_write": 0.022423,
  "04_submit": 0.018733,
  "05_run": 0.029291,
  "06_collect": 0.003669,
  "total": 0.21109
}