{
  "01_setup": 0.000562,
  "02_cache_search": 0.002145,
  "03_transpile": 0.056232,
  "07_cache_write": 0.16778,
  "04_submit": 0.010604,
  "05_run": 0.424179,
  "06_collect": 0.002927,
  "total": 0.664429
}