{
  "laps": {
    "01_setup": 7.6e-05,
    "02_cache_search": 0.362653,
    "03_transpile": 0.330895,
    "07_cache_write": 0.33546,
    "04_submit": 0.001239,
    "05_run": 0.003631,
    "06_collect": 0.000629,
    "total": 1.034583
  },
  "meta": {
    "backend": "AerSV",
    "n_qubits": 5,
    "depth_in": 202,
    "depth_transpiled": 52,
    "size_transpiled": 63,
    "quasi_dist": {
      "4": 0.0302734375,
      "30": 0.0263671875,
      "21": 0.037109375,
      "26": 0.0302734375,
      "15": 0.03125,
      "10": 0.029296875,
      "20": 0.037109375,
      "5": 0.029296875,
      "7": 0.029296875,
      "13": 0.0341796875,
      "0": 0.03125,
      "8": 0.03515625,
      "2": 0.033203125,
      "17": 0.0224609375,
      "27": 0.0283203125,
      "22": 0.029296875,
      "18": 0.0322265625,
      "11": 0.0322265625,
      "28": 0.0234375,
      "14": 0.0361328125,
      "23": 0.0400390625,
      "3": 0.025390625,
      "12": 0.02734375,
      "25": 0.037109375,
      "6": 0.03125,
      "29": 0.033203125,
      "9": 0.021484375,
      "16": 0.0302734375,
      "24": 0.0341796875,
      "1": 0.03515625,
      "19": 0.03125,
      "31": 0.03515625
    }
  }
}