{
  "laps": {
    "01_setup": 0.000101,
    "03_transpile": 0.021389,
    "04_submit": 0.00064,
    "05_run": 0.001568,
    "06_collect": 4e-05,
    "total": 0.023738
  },
  "meta": {
    "backend": "AerSV",
    "n_qubits": 5,
    "depth_in": 6,
    "depth_transpiled": 6,
    "size_transpiled": 10,
    "quasi_dist": {
      "31": 0.490234375,
      "0": 0.509765625
    }
  }
}