{
  "laps": {
    "01_setup": 0.000134,
    "02_cache_search": 0.005381,
    "04_submit": 0.011093,
    "05_run": 0.056004,
    "06_collect": 0.003663,
    "total": 0.076275
  },
  "meta": {
    "backend": "AerSV",
    "n_qubits": 21,
    "depth_in": 961,
    "depth_transpiled": 961,
    "size_transpiled": 981,
    "quasi_dist": {
      "0": 1.0
    }
  }
}