{
  "01_setup": 0.00034,
  "02_cache_search": 0.003205,
  "03_transpile": 0.04502,
  "07_cache_write": 0.00208,
  "04_submit": 0.006639,
  "05_run": 0.012503,
  "06_collect": 0.001668,
  "total": 0.071455
}