{
  "laps": {
    "01_setup": 0.000119,
    "02_cache_search": 0.003047,
    "04_submit": 0.008214,
    "05_run": 1.053592,
    "06_collect": 0.002407,
    "total": 1.067379
  },
  "meta": {
    "backend": "AerSV",
    "n_qubits": 23,
    "depth_in": 513,
    "depth_transpiled": 513,
    "size_transpiled": 535,
    "quasi_dist": {
      "0": 1.0
    }
  }
}