{
  "01_setup": 0.00044,
  "02_cache_search": 0.000632,
  "03_transpile": 0.020917,
  "07_cache_write": 0.002643,
  "04_submit": 0.002791,
  "05_run": 0.008634,
  "06_collect": 0.000451,
  "total": 0.036508
}