{
  "laps": {
    "01_setup": 8.6e-05,
    "02_cache_search": 0.002315,
    "04_submit": 0.004659,
    "05_run": 0.008459,
    "06_collect": 0.001206,
    "total": 0.016725
  },
  "meta": {
    "backend": "AerSV",
    "n_qubits": 5,
    "depth_in": 327,
    "depth_transpiled": 327,
    "size_transpiled": 660,
    "quasi_dist": {
      "18": 0.0263671875,
      "12": 0.025390625,
      "22": 0.0419921875,
      "31": 0.095703125,
      "0": 0.0625,
      "25": 0.0322265625,
      "5": 0.0361328125,
      "1": 0.017578125,
      "10": 0.0400390625,
      "7": 0.0361328125,
      "20": 0.05078125,
      "14": 0.0361328125,
      "23": 0.0107421875,
      "9": 0.02734375,
      "8": 0.017578125,
      "24": 0.033203125,
      "2": 0.015625,
      "19": 0.0283203125,
      "29": 0.0107421875,
      "28": 0.0322265625,
      "13": 0.0390625,
      "30": 0.015625,
      "11": 0.0654296875,
      "3": 0.0322265625,
      "6": 0.0283203125,
      "26": 0.029296875,
      "17": 0.037109375,
      "4": 0.017578125,
      "27": 0.0126953125,
      "21": 0.03125,
      "15": 0.01171875,
      "16": 0.0029296875
    }
  }
}