{
  "01_setup": 0.00052,
  "03_transpile": 0.762692,
  "04_submit": 0.027324,
  "05_run": 0.048938,
  "06_collect": 0.007836,
  "total": 0.84731
}