{
  "laps": {
    "01_setup": 9.2e-05,
    "02_cache_search": 0.000299,
    "04_submit": 0.00129,
    "05_run": 0.010173,
    "06_collect": 0.00032,
    "total": 0.012174
  },
  "meta": {
    "backend": "AerSV",
    "n_qubits": 19,
    "depth_in": 27,
    "depth_transpiled": 27,
    "size_transpiled": 45,
    "quasi_dist": {
      "524287": 0.5087890625,
      "0": 0.4912109375
    }
  }
}