{
  "laps": {
    "01_setup": 0.000133,
    "03_transpile": 0.121473,
    "04_submit": 0.003893,
    "05_run": 0.01142,
    "06_collect": 0.001765,
    "total": 0.138684
  },
  "meta": {
    "backend": "AerSV",
    "n_qubits": 15,
    "depth_in": 321,
    "depth_transpiled": 321,
    "size_transpiled": 335,
    "quasi_dist": {
      "0": 1.0
    }
  }
}