{
  "laps": {
    "01_setup": 7.6e-05,
    "03_transpile": 0.019813,
    "04_submit": 0.000578,
    "05_run": 0.00164,
    "06_collect": 3.8e-05,
    "total": 0.022145
  },
  "meta": {
    "backend": "AerSV",
    "n_qubits": 5,
    "depth_in": 6,
    "depth_transpiled": 6,
    "size_transpiled": 10,
    "quasi_dist": {
      "0": 0.5166015625,
      "31": 0.4833984375
    }
  }
}