{
  "laps": {
    "01_setup": 9.9e-05,
    "03_transpile": 0.03416,
    "04_submit": 0.00108,
    "05_run": 0.004493,
    "06_collect": 0.000171,
    "total": 0.040003
  },
  "meta": {
    "backend": "AerSV",
    "n_qubits": 15,
    "depth_in": 19,
    "depth_transpiled": 19,
    "size_transpiled": 33,
    "quasi_dist": {
      "32767": 0.4853515625,
      "0": 0.5146484375
    }
  }
}