{
  "laps": {
    "01_setup": 0.000171,
    "03_transpile": 0.59156,
    "04_submit": 0.018413,
    "05_run": 0.059328,
    "06_collect": 0.008562,
    "total": 0.678034
  },
  "meta": {
    "backend": "AerSV",
    "n_qubits": 19,
    "depth_in": 2701,
    "depth_transpiled": 2701,
    "size_transpiled": 2719,
    "quasi_dist": {
      "0": 1.0
    }
  }
}