{
  "laps": {
    "01_setup": 0.000124,
    "02_cache_search": 0.000325,
    "04_submit": 0.001616,
    "05_run": 0.005316,
    "06_collect": 0.000298,
    "total": 0.007679
  },
  "meta": {
    "backend": "AerSV",
    "n_qubits": 15,
    "depth_in": 23,
    "depth_transpiled": 23,
    "size_transpiled": 37,
    "quasi_dist": {
      "0": 0.48046875,
      "32767": 0.51953125
    }
  }
}