{
  "laps": {
    "01_setup": 0.000291,
    "02_cache_search": 0.000729,
    "04_submit": 0.001538,
    "05_run": 0.002848,
    "06_collect": 0.000343,
    "total": 0.005749
  },
  "meta": {
    "backend": "AerSV",
    "n_qubits": 5,
    "depth_in": 67,
    "depth_transpiled": 52,
    "size_transpiled": 154,
    "quasi_dist": {
      "2": 0.0078125,
      "14": 0.0634765625,
      "25": 0.0107421875,
      "0": 0.443359375,
      "31": 0.0185546875,
      "7": 0.0244140625,
      "16": 0.0068359375,
      "24": 0.0380859375,
      "3": 0.0185546875,
      "12": 0.0576171875,
      "6": 0.0322265625,
      "28": 0.0927734375,
      "19": 0.01171875,
      "15": 0.0224609375,
      "1": 0.060546875,
      "29": 0.0068359375,
      "22": 0.005859375,
      "30": 0.0078125,
      "20": 0.0078125,
      "17": 0.00390625,
      "27": 0.00390625,
      "5": 0.0068359375,
      "13": 0.0166015625,
      "23": 0.005859375,
      "26": 0.0068359375,
      "10": 0.005859375,
      "8": 0.001953125,
      "21": 0.001953125,
      "18": 0.0068359375,
      "4": 0.0009765625,
      "11": 0.0009765625
    }
  }
}