{
  "laps": {
    "01_setup": 9.4e-05,
    "03_transpile": 0.035937,
    "04_submit": 0.001297,
    "05_run": 0.00601,
    "06_collect": 0.000288,
    "total": 0.043626
  },
  "meta": {
    "backend": "AerSV",
    "n_qubits": 17,
    "depth_in": 25,
    "depth_transpiled": 25,
    "size_transpiled": 41,
    "quasi_dist": {
      "0": 0.498046875,
      "131071": 0.501953125
    }
  }
}