{
  "laps": {
    "01_setup": 7.1e-05,
    "03_transpile": 0.045629,
    "04_submit": 0.001441,
    "05_run": 0.002734,
    "06_collect": 0.000364,
    "total": 0.050239
  },
  "meta": {
    "backend": "AerSV",
    "n_qubits": 3,
    "depth_in": 101,
    "depth_transpiled": 77,
    "size_transpiled": 131,
    "quasi_dist": {
      "0": 0.5380859375,
      "6": 0.15234375,
      "5": 0.04296875,
      "4": 0.0615234375,
      "1": 0.0751953125,
      "3": 0.0869140625,
      "2": 0.04296875
    }
  }
}