{
  "01_setup": 0.00047,
  "02_cache_search": 0.001086,
  "03_transpile": 0.033237,
  "07_cache_write": 0.125288,
  "04_submit": 0.004864,
  "05_run": 0.021156,
  "06_collect": 0.000844,
  "total": 0.186945
}