{
  "laps": {
    "01_setup": 0.000128,
    "02_cache_search": 0.000759,
    "04_submit": 0.001625,
    "05_run": 0.002947,
    "06_collect": 0.000366,
    "total": 0.005825
  },
  "meta": {
    "backend": "AerSV",
    "n_qubits": 3,
    "depth_in": 162,
    "depth_transpiled": 162,
    "size_transpiled": 198,
    "quasi_dist": {
      "7": 0.4677734375,
      "0": 0.4609375,
      "1": 0.0126953125,
      "4": 0.0126953125,
      "3": 0.0107421875,
      "6": 0.015625,
      "5": 0.0068359375,
      "2": 0.0126953125
    }
  }
}