{
  "laps": {
    "01_setup": 9.3e-05,
    "03_transpile": 0.038507,
    "04_submit": 0.001156,
    "05_run": 0.001827,
    "06_collect": 0.000265,
    "total": 0.041848
  },
  "meta": {
    "backend": "AerSV",
    "n_qubits": 3,
    "depth_in": 130,
    "depth_transpiled": 34,
    "size_transpiled": 39,
    "quasi_dist": {
      "0": 0.1435546875,
      "3": 0.1337890625,
      "7": 0.1181640625,
      "5": 0.1279296875,
      "2": 0.1298828125,
      "1": 0.119140625,
      "4": 0.107421875,
      "6": 0.1201171875
    }
  }
}