{
  "laps": {
    "01_setup": 0.000139,
    "02_cache_search": 0.004217,
    "04_submit": 0.011575,
    "05_run": 0.266741,
    "06_collect": 0.003307,
    "total": 0.285979
  },
  "meta": {
    "backend": "AerSV",
    "n_qubits": 21,
    "depth_in": 726,
    "depth_transpiled": 726,
    "size_transpiled": 746,
    "quasi_dist": {
      "0": 1.0
    }
  }
}