{
  "laps": {
    "01_setup": 0.000115,
    "03_transpile": 0.345447,
    "04_submit": 0.017632,
    "05_run": 0.610013,
    "06_collect": 0.006692,
    "total": 0.979899
  },
  "meta": {
    "backend": "AerSV",
    "n_qubits": 23,
    "depth_in": 2113,
    "depth_transpiled": 2113,
    "size_transpiled": 2135,
    "quasi_dist": {
      "0": 1.0
    }
  }
}