{
  "laps": {
    "01_setup": 0.00015,
    "02_cache_search": 0.008164,
    "03_transpile": 0.410467,
    "07_cache_write": 0.023201,
    "04_submit": 0.007019,
    "05_run": 0.018954,
    "06_collect": 0.003116,
    "total": 0.471071
  },
  "meta": {
    "backend": "AerSV",
    "n_qubits": 9,
    "depth_in": 153,
    "depth_transpiled": 153,
    "size_transpiled": 729,
    "quasi_dist": {
      "0": 1.0
    }
  }
}