{
  "01_setup": 0.000324,
  "02_cache_search": 0.003633,
  "03_transpile": 0.046891,
  "07_cache_write": 0.004946,
  "04_submit": 0.008265,
  "05_run": 0.015117,
  "06_collect": 0.002037,
  "total": 0.081213
}