{
  "01_setup": 0.000404,
  "03_transpile": 0.11022,
  "04_submit": 0.003132,
  "05_run": 0.00917,
  "06_collect": 0.000234,
  "total": 0.12316
}