{
  "01_setup": 0.000502,
  "02_cache_search": 0.007673,
  "03_transpile": 0.106452,
  "07_cache_write": 0.235082,
  "04_submit": 0.015043,
  "05_run": 0.094317,
  "06_collect": 0.00423,
  "total": 0.463299
}