{
  "01_setup": 0.000393,
  "02_cache_search": 0.001992,
  "03_transpile": 0.036264,
  "07_cache_write": 0.001082,
  "04_submit": 0.005015,
  "05_run": 0.012275,
  "06_collect": 0.00095,
  "total": 0.057971
}