{
  "laps": {
    "01_setup": 0.000105,
    "03_transpile": 0.405081,
    "04_submit": 0.005885,
    "05_run": 0.046771,
    "06_collect": 0.002294,
    "total": 0.460136
  },
  "meta": {
    "backend": "AerSV",
    "n_qubits": 19,
    "depth_in": 95,
    "depth_transpiled": 95,
    "size_transpiled": 779,
    "quasi_dist": {
      "0": 1.0
    }
  }
}