{
  "laps": {
    "01_setup": 7.1e-05,
    "03_transpile": 0.033826,
    "04_submit": 0.001093,
    "05_run": 0.001958,
    "06_collect": 0.00019,
    "total": 0.037138
  },
  "meta": {
    "backend": "AerSV",
    "n_qubits": 3,
    "depth_in": 65,
    "depth_transpiled": 50,
    "size_transpiled": 86,
    "quasi_dist": {
      "0": 0.771484375,
      "1": 0.064453125,
      "6": 0.076171875,
      "2": 0.03125,
      "3": 0.04296875,
      "7": 0.009765625,
      "4": 0.0029296875,
      "5": 0.0009765625
    }
  }
}