{
  "laps": {
    "01_setup": 5.4e-05,
    "02_cache_search": 4.6e-05,
    "04_submit": 0.000287,
    "05_run": 0.001219,
    "06_collect": 2.5e-05,
    "total": 0.001631
  },
  "meta": {
    "backend": "AerSV",
    "n_qubits": 3,
    "depth_in": 4,
    "depth_transpiled": 4,
    "size_transpiled": 6,
    "quasi_dist": {
      "7": 0.5146484375,
      "0": 0.4853515625
    }
  }
}