{
  "laps": {
    "01_setup": 0.000116,
    "02_cache_search": 0.012065,
    "04_submit": 0.023973,
    "05_run": 0.040434,
    "06_collect": 0.007148,
    "total": 0.083736
  },
  "meta": {
    "backend": "AerSV",
    "n_qubits": 17,
    "depth_in": 2401,
    "depth_transpiled": 2401,
    "size_transpiled": 2417,
    "quasi_dist": {
      "0": 1.0
    }
  }
}