{
  "laps": {
    "01_setup": 0.000109,
    "02_cache_search": 0.00401,
    "04_submit": 0.008207,
    "05_run": 0.018675,
    "06_collect": 0.002922,
    "total": 0.033923
  },
  "meta": {
    "backend": "AerSV",
    "n_qubits": 17,
    "depth_in": 769,
    "depth_transpiled": 769,
    "size_transpiled": 785,
    "quasi_dist": {
      "0": 1.0
    }
  }
}