{
  "laps": {
    "01_setup": 8.1e-05,
    "02_cache_search": 0.186295,
    "03_transpile": 0.078607,
    "07_cache_write": 0.040578,
    "04_submit": 0.000885,
    "05_run": 0.001857,
    "06_collect": 0.000265,
    "total": 0.308568
  },
  "meta": {
    "backend": "AerSV",
    "n_qubits": 5,
    "depth_in": 66,
    "depth_transpiled": 18,
    "size_transpiled": 29,
    "quasi_dist": {
      "30": 0.025390625,
      "21": 0.033203125,
      "28": 0.0302734375,
      "25": 0.0380859375,
      "8": 0.0322265625,
      "14": 0.02734375,
      "29": 0.03125,
      "23": 0.0478515625,
      "10": 0.03515625,
      "27": 0.033203125,
      "6": 0.029296875,
      "4": 0.029296875,
      "22": 0.0283203125,
      "31": 0.0244140625,
      "26": 0.0283203125,
      "5": 0.029296875,
      "20": 0.029296875,
      "13": 0.0322265625,
      "18": 0.02734375,
      "17": 0.03125,
      "2": 0.0361328125,
      "9": 0.041015625,
      "0": 0.03515625,
      "24": 0.02734375,
      "3": 0.025390625,
      "15": 0.0361328125,
      "7": 0.0361328125,
      "11": 0.0341796875,
      "12": 0.03125,
      "19": 0.0244140625,
      "1": 0.0224609375,
      "16": 0.02734375
    }
  }
}