{
  "01_setup": 0.000458,
  "03_transpile": 0.465924,
  "04_submit": 0.013301,
  "05_run": 0.062105,
  "06_collect": 0.003846,
  "total": 0.545634
}