{
  "laps": {
    "01_setup": 0.000166,
    "03_transpile": 0.360361,
    "04_submit": 0.006001,
    "05_run": 0.016173,
    "06_collect": 0.001375,
    "total": 0.384076
  },
  "meta": {
    "backend": "AerSV",
    "n_qubits": 5,
    "depth_in": 327,
    "depth_transpiled": 327,
    "size_transpiled": 660,
    "quasi_dist": {
      "31": 0.0615234375,
      "1": 0.015625,
      "19": 0.03515625,
      "2": 0.021484375,
      "25": 0.029296875,
      "29": 0.0185546875,
      "20": 0.0517578125,
      "27": 0.009765625,
      "5": 0.0322265625,
      "6": 0.0224609375,
      "23": 0.017578125,
      "9": 0.0361328125,
      "11": 0.0634765625,
      "13": 0.0302734375,
      "18": 0.0400390625,
      "12": 0.037109375,
      "26": 0.02734375,
      "3": 0.033203125,
      "10": 0.0390625,
      "28": 0.033203125,
      "0": 0.076171875,
      "21": 0.0361328125,
      "7": 0.0361328125,
      "14": 0.029296875,
      "15": 0.0087890625,
      "24": 0.0341796875,
      "22": 0.029296875,
      "8": 0.015625,
      "17": 0.0439453125,
      "30": 0.01953125,
      "4": 0.0068359375,
      "16": 0.0087890625
    }
  }
}