{
  "laps": {
    "01_setup": 6.1e-05,
    "02_cache_search": 0.000944,
    "04_submit": 0.001665,
    "05_run": 0.003238,
    "06_collect": 0.000484,
    "total": 0.006392
  },
  "meta": {
    "backend": "AerSV",
    "n_qubits": 5,
    "depth_in": 103,
    "depth_transpiled": 79,
    "size_transpiled": 235,
    "quasi_dist": {
      "4": 0.0283203125,
      "30": 0.0673828125,
      "0": 0.404296875,
      "2": 0.0361328125,
      "28": 0.0400390625,
      "31": 0.0498046875,
      "16": 0.0224609375,
      "10": 0.0068359375,
      "12": 0.037109375,
      "14": 0.05078125,
      "6": 0.0537109375,
      "23": 0.001953125,
      "24": 0.0283203125,
      "7": 0.056640625,
      "19": 0.0009765625,
      "13": 0.001953125,
      "3": 0.03125,
      "15": 0.0107421875,
      "5": 0.0126953125,
      "29": 0.005859375,
      "1": 0.009765625,
      "9": 0.0078125,
      "21": 0.0009765625,
      "20": 0.0009765625,
      "8": 0.01171875,
      "26": 0.001953125,
      "17": 0.0087890625,
      "18": 0.0068359375,
      "25": 0.0009765625,
      "22": 0.001953125,
      "27": 0.0009765625
    }
  }
}