{
  "laps": {
    "01_setup": 0.000141,
    "02_cache_search": 0.002966,
    "04_submit": 0.009206,
    "05_run": 0.264549,
    "06_collect": 0.002222,
    "total": 0.279084
  },
  "meta": {
    "backend": "AerSV",
    "n_qubits": 21,
    "depth_in": 465,
    "depth_transpiled": 465,
    "size_transpiled": 485,
    "quasi_dist": {
      "0": 1.0
    }
  }
}