{
  "laps": {
    "01_setup": 7.5e-05,
    "02_cache_search": 0.000249,
    "03_transpile": 0.029653,
    "07_cache_write": 0.007695,
    "04_submit": 0.001333,
    "05_run": 0.003376,
    "06_collect": 0.000282,
    "total": 0.042663
  },
  "meta": {
    "backend": "AerSV",
    "n_qubits": 11,
    "depth_in": 36,
    "depth_transpiled": 36,
    "size_transpiled": 46,
    "quasi_dist": {
      "0": 0.4912109375,
      "2047": 0.5087890625
    }
  }
}