{
  "01_setup": 0.000914,
  "03_transpile": 0.996106,
  "04_submit": 0.022281,
  "05_run": 14.825952,
  "06_collect": 0.0095,
  "total": 15.854753
}