{
  "01_setup": 0.000394,
  "03_transpile": 0.54537,
  "04_submit": 0.016223,
  "05_run": 0.023619,
  "06_collect": 0.003583,
  "total": 0.589189
}