{
  "laps": {
    "01_setup": 0.000127,
    "02_cache_search": 0.001622,
    "04_submit": 0.005298,
    "05_run": 0.576865,
    "06_collect": 0.001237,
    "total": 0.585149
  },
  "meta": {
    "backend": "AerSV",
    "n_qubits": 23,
    "depth_in": 257,
    "depth_transpiled": 257,
    "size_transpiled": 279,
    "quasi_dist": {
      "0": 1.0
    }
  }
}