{
  "laps": {
    "01_setup": 8.8e-05,
    "03_transpile": 0.033034,
    "04_submit": 0.001144,
    "05_run": 0.005569,
    "06_collect": 0.000183,
    "total": 0.040018
  },
  "meta": {
    "backend": "AerSV",
    "n_qubits": 17,
    "depth_in": 21,
    "depth_transpiled": 21,
    "size_transpiled": 37,
    "quasi_dist": {
      "131071": 0.509765625,
      "0": 0.490234375
    }
  }
}