{
  "laps": {
    "01_setup": 0.00014,
    "03_transpile": 0.120312,
    "04_submit": 0.003316,
    "05_run": 0.009168,
    "06_collect": 0.00154,
    "total": 0.134476
  },
  "meta": {
    "backend": "AerSV",
    "n_qubits": 17,
    "depth_in": 385,
    "depth_transpiled": 385,
    "size_transpiled": 401,
    "quasi_dist": {
      "0": 1.0
    }
  }
}