{
  "01_setup": 0.000385,
  "03_transpile": 0.110484,
  "04_submit": 0.004091,
  "05_run": 0.00869,
  "06_collect": 0.000596,
  "total": 0.124246
}