{
  "laps": {
    "01_setup": 0.000111,
    "02_cache_search": 0.000332,
    "04_submit": 0.00146,
    "05_run": 0.018199,
    "06_collect": 0.000372,
    "total": 0.020474
  },
  "meta": {
    "backend": "AerSV",
    "n_qubits": 21,
    "depth_in": 29,
    "depth_transpiled": 29,
    "size_transpiled": 49,
    "quasi_dist": {
      "0": 0.4853515625,
      "2097151": 0.5146484375
    }
  }
}