{
  "laps": {
    "01_setup": 7.2e-05,
    "03_transpile": 0.023889,
    "04_submit": 0.000793,
    "05_run": 0.00238,
    "06_collect": 0.000106,
    "total": 0.02724
  },
  "meta": {
    "backend": "AerSV",
    "n_qubits": 9,
    "depth_in": 17,
    "depth_transpiled": 17,
    "size_transpiled": 25,
    "quasi_dist": {
      "511": 0.521484375,
      "0": 0.478515625
    }
  }
}