{
  "01_setup": 0.000433,
  "02_cache_search": 0.004278,
  "03_transpile": 0.04461,
  "07_cache_write": 0.003975,
  "04_submit": 0.010013,
  "05_run": 0.016149,
  "06_collect": 0.002661,
  "total": 0.082119
}