{
  "laps": {
    "01_setup": 0.000137,
    "03_transpile": 0.6387,
    "04_submit": 0.0217,
    "05_run": 0.132755,
    "06_collect": 0.009644,
    "total": 0.802936
  },
  "meta": {
    "backend": "AerSV",
    "n_qubits": 21,
    "depth_in": 3001,
    "depth_transpiled": 3001,
    "size_transpiled": 3021,
    "quasi_dist": {
      "0": 1.0
    }
  }
}