{
  "01_setup": 0.000346,
  "02_cache_search": 0.000753,
  "03_transpile": 0.022544,
  "07_cache_write": 0.004895,
  "04_submit": 0.002947,
  "05_run": 0.007926,
  "06_collect": 0.000392,
  "total": 0.039803
}