{
  "laps": {
    "01_setup": 0.000137,
    "03_transpile": 0.125099,
    "04_submit": 0.004422,
    "05_run": 0.010724,
    "06_collect": 0.001673,
    "total": 0.142055
  },
  "meta": {
    "backend": "AerSV",
    "n_qubits": 15,
    "depth_in": 321,
    "depth_transpiled": 321,
    "size_transpiled": 335,
    "quasi_dist": {
      "0": 1.0
    }
  }
}