{
  "laps": {
    "01_setup": 0.00011,
    "02_cache_search": 0.000515,
    "03_transpile": 0.067153,
    "07_cache_write": 0.161347,
    "04_submit": 0.002083,
    "05_run": 0.082084,
    "06_collect": 0.00087,
    "total": 0.314162
  },
  "meta": {
    "backend": "AerSV",
    "n_qubits": 23,
    "depth_in": 48,
    "depth_transpiled": 48,
    "size_transpiled": 70,
    "quasi_dist": {
      "0": 0.4814453125,
      "8388607": 0.5185546875
    }
  }
}