{
  "01_setup": 0.000371,
  "02_cache_search": 0.002244,
  "03_transpile": 0.038837,
  "07_cache_write": 0.00122,
  "04_submit": 0.005324,
  "05_run": 0.009884,
  "06_collect": 0.000982,
  "total": 0.058862
}