{
  "laps": {
    "01_setup": 7.8e-05,
    "02_cache_search": 0.001371,
    "03_transpile": 0.075701,
    "07_cache_write": 0.011581,
    "04_submit": 0.003156,
    "05_run": 0.006347,
    "06_collect": 0.000805,
    "total": 0.099039
  },
  "meta": {
    "backend": "AerSV",
    "n_qubits": 9,
    "depth_in": 385,
    "depth_transpiled": 385,
    "size_transpiled": 393,
    "quasi_dist": {
      "0": 1.0
    }
  }
}