{
  "01_setup": 0.000567,
  "03_transpile": 4.862366,
  "04_submit": 0.058047,
  "05_run": 56.808266,
  "06_collect": 0.025669,
  "total": 61.754915
}