{
  "01_setup": 0.000583,
  "02_cache_search": 0.061017,
  "03_transpile": 0.367752,
  "07_cache_write": 0.164592,
  "04_submit": 0.116095,
  "05_run": 0.210885,
  "06_collect": 0.038418,
  "total": 0.959342
}