{
  "laps": {
    "01_setup": 0.000107,
    "03_transpile": 0.055551,
    "04_submit": 0.002174,
    "05_run": 0.059877,
    "06_collect": 0.00057,
    "total": 0.118279
  },
  "meta": {
    "backend": "AerSV",
    "n_qubits": 23,
    "depth_in": 133,
    "depth_transpiled": 133,
    "size_transpiled": 155,
    "quasi_dist": {
      "0": 1.0
    }
  }
}