{
  "laps": {
    "01_setup": 0.000117,
    "03_transpile": 0.395146,
    "04_submit": 0.014075,
    "05_run": 0.040412,
    "06_collect": 0.005348,
    "total": 0.455098
  },
  "meta": {
    "backend": "AerSV",
    "n_qubits": 19,
    "depth_in": 1729,
    "depth_transpiled": 1729,
    "size_transpiled": 1747,
    "quasi_dist": {
      "0": 1.0
    }
  }
}