{
  "laps": {
    "01_setup": 0.000112,
    "02_cache_search": 0.001451,
    "04_submit": 0.004088,
    "05_run": 0.075275,
    "06_collect": 0.001079,
    "total": 0.082005
  },
  "meta": {
    "backend": "AerSV",
    "n_qubits": 21,
    "depth_in": 233,
    "depth_transpiled": 233,
    "size_transpiled": 253,
    "quasi_dist": {
      "0": 1.0
    }
  }
}