{
  "laps": {
    "01_setup": 6.1e-05,
    "02_cache_search": 0.000116,
    "04_submit": 0.000493,
    "05_run": 0.001667,
    "06_collect": 9.1e-05,
    "total": 0.002428
  },
  "meta": {
    "backend": "AerSV",
    "n_qubits": 7,
    "depth_in": 15,
    "depth_transpiled": 15,
    "size_transpiled": 21,
    "quasi_dist": {
      "0": 0.4892578125,
      "127": 0.5107421875
    }
  }
}