{
  "laps": {
    "01_setup": 9.4e-05,
    "02_cache_search": 0.000117,
    "04_submit": 0.000528,
    "05_run": 0.002,
    "06_collect": 4.7e-05,
    "total": 0.002786
  },
  "meta": {
    "backend": "AerSV",
    "n_qubits": 7,
    "depth_in": 8,
    "depth_transpiled": 8,
    "size_transpiled": 14,
    "quasi_dist": {
      "0": 0.498046875,
      "127": 0.501953125
    }
  }
}