{
  "01_setup": 0.000313,
  "02_cache_search": 0.000337,
  "03_transpile": 0.018256,
  "07_cache_write": 0.001114,
  "04_submit": 0.00219,
  "05_run": 0.007456,
  "06_collect": 0.000179,
  "total": 0.029845
}