{
  "01_setup": 0.000613,
  "02_cache_search": 0.022822,
  "03_transpile": 0.211363,
  "07_cache_write": 0.008463,
  "04_submit": 0.036624,
  "05_run": 0.051448,
  "06_collect": 0.009318,
  "total": 0.340651
}