{
  "01_setup": 0.00064,
  "02_cache_search": 0.062181,
  "03_transpile": 0.331836,
  "07_cache_write": 0.188897,
  "04_submit": 0.230091,
  "05_run": 2.856724,
  "06_collect": 0.034098,
  "total": 3.704467
}