{
  "laps": {
    "01_setup": 6.7e-05,
    "02_cache_search": 0.000584,
    "03_transpile": 0.019152,
    "07_cache_write": 0.002566,
    "04_submit": 0.000656,
    "05_run": 0.001678,
    "06_collect": 6e-05,
    "total": 0.024763
  },
  "meta": {
    "backend": "AerSV",
    "n_qubits": 5,
    "depth_in": 10,
    "depth_transpiled": 4,
    "size_transpiled": 15,
    "quasi_dist": {
      "17": 0.02734375,
      "0": 0.041015625,
      "7": 0.041015625,
      "9": 0.0224609375,
      "16": 0.03125,
      "20": 0.0302734375,
      "14": 0.0419921875,
      "11": 0.0263671875,
      "1": 0.0322265625,
      "30": 0.0322265625,
      "21": 0.0302734375,
      "2": 0.0283203125,
      "25": 0.037109375,
      "29": 0.0283203125,
      "4": 0.0283203125,
      "12": 0.03515625,
      "6": 0.0302734375,
      "24": 0.037109375,
      "31": 0.02734375,
      "15": 0.0341796875,
      "22": 0.02734375,
      "28": 0.0322265625,
      "3": 0.029296875,
      "26": 0.0302734375,
      "19": 0.0341796875,
      "13": 0.0234375,
      "23": 0.0302734375,
      "27": 0.0244140625,
      "8": 0.0341796875,
      "10": 0.0302734375,
      "18": 0.03515625,
      "5": 0.0263671875
    }
  }
}