{
  "laps": {
    "01_setup": 8.2e-05,
    "03_transpile": 0.043639,
    "04_submit": 0.001391,
    "05_run": 0.002679,
    "06_collect": 0.00029,
    "total": 0.048081
  },
  "meta": {
    "backend": "AerSV",
    "n_qubits": 5,
    "depth_in": 97,
    "depth_transpiled": 97,
    "size_transpiled": 165,
    "quasi_dist": {
      "23": 0.12109375,
      "19": 0.021484375,
      "18": 0.07421875,
      "24": 0.0107421875,
      "30": 0.048828125,
      "21": 0.0146484375,
      "25": 0.033203125,
      "26": 0.1064453125,
      "14": 0.0419921875,
      "13": 0.0830078125,
      "9": 0.0419921875,
      "16": 0.0703125,
      "0": 0.0595703125,
      "5": 0.0546875,
      "31": 0.033203125,
      "27": 0.041015625,
      "3": 0.005859375,
      "22": 0.0205078125,
      "17": 0.02734375,
      "11": 0.0185546875,
      "29": 0.029296875,
      "2": 0.001953125,
      "20": 0.001953125,
      "15": 0.0048828125,
      "10": 0.00390625,
      "4": 0.005859375,
      "28": 0.0146484375,
      "12": 0.005859375,
      "7": 0.0009765625,
      "6": 0.0009765625,
      "8": 0.0009765625
    }
  }
}