{
  "01_setup": 0.00037,
  "03_transpile": 0.12236,
  "04_submit": 0.003868,
  "05_run": 0.009625,
  "06_collect": 0.000563,
  "total": 0.136786
}