{
  "01_setup": 0.000451,
  "03_transpile": 0.133865,
  "04_submit": 0.003692,
  "05_run": 0.009383,
  "06_collect": 0.001131,
  "total": 0.148522
}