{
  "laps": {
    "01_setup": 0.000121,
    "03_transpile": 0.101729,
    "04_submit": 0.004449,
    "05_run": 0.019136,
    "06_collect": 0.00124,
    "total": 0.126675
  },
  "meta": {
    "backend": "AerSV",
    "n_qubits": 13,
    "depth_in": 577,
    "depth_transpiled": 577,
    "size_transpiled": 589,
    "quasi_dist": {
      "0": 1.0
    }
  }
}