{
  "laps": {
    "01_setup": 0.000206,
    "03_transpile": 0.473276,
    "04_submit": 0.039833,
    "05_run": 0.064228,
    "06_collect": 0.005907,
    "total": 0.58345
  },
  "meta": {
    "backend": "AerSV",
    "n_qubits": 17,
    "depth_in": 1537,
    "depth_transpiled": 1537,
    "size_transpiled": 1553,
    "quasi_dist": {
      "0": 1.0
    }
  }
}