{
  "laps": {
    "01_setup": 0.000128,
    "02_cache_search": 0.005343,
    "04_submit": 0.013678,
    "05_run": 1.442202,
    "06_collect": 0.003646,
    "total": 1.464997
  },
  "meta": {
    "backend": "AerSV",
    "n_qubits": 23,
    "depth_in": 801,
    "depth_transpiled": 801,
    "size_transpiled": 823,
    "quasi_dist": {
      "0": 1.0
    }
  }
}