{
  "01_setup": 0.000636,
  "03_transpile": 0.95209,
  "04_submit": 0.028592,
  "05_run": 0.877014,
  "06_collect": 0.01025,
  "total": 1.868582
}