{
  "laps": {
    "01_setup": 0.000104,
    "03_transpile": 0.261739,
    "04_submit": 0.004132,
    "05_run": 0.014469,
    "06_collect": 0.001015,
    "total": 0.281459
  },
  "meta": {
    "backend": "AerSV",
    "n_qubits": 15,
    "depth_in": 75,
    "depth_transpiled": 75,
    "size_transpiled": 495,
    "quasi_dist": {
      "0": 1.0
    }
  }
}