{
  "laps": {
    "01_setup": 7e-05,
    "03_transpile": 0.022147,
    "04_submit": 0.000871,
    "05_run": 0.001702,
    "06_collect": 0.000113,
    "total": 0.024903
  },
  "meta": {
    "backend": "AerSV",
    "n_qubits": 5,
    "depth_in": 21,
    "depth_transpiled": 21,
    "size_transpiled": 25,
    "quasi_dist": {
      "31": 0.4794921875,
      "0": 0.5205078125
    }
  }
}