{
  "01_setup": 0.000357,
  "03_transpile": 0.293038,
  "04_submit": 0.008968,
  "05_run": 0.024759,
  "06_collect": 0.00188,
  "total": 0.329002
}