{
  "laps": {
    "01_setup": 0.000112,
    "02_cache_search": 0.000394,
    "03_transpile": 0.038593,
    "07_cache_write": 0.000932,
    "04_submit": 0.001208,
    "05_run": 0.002206,
    "06_collect": 0.000262,
    "total": 0.043707
  },
  "meta": {
    "backend": "AerSV",
    "n_qubits": 5,
    "depth_in": 25,
    "depth_transpiled": 25,
    "size_transpiled": 65,
    "quasi_dist": {
      "0": 1.0
    }
  }
}