{
  "01_setup": 0.000559,
  "03_transpile": 0.204345,
  "04_submit": 0.022651,
  "05_run": 0.024557,
  "06_collect": 0.00155,
  "total": 0.253662
}