{
  "laps": {
    "01_setup": 0.000106,
    "03_transpile": 0.022003,
    "04_submit": 0.000713,
    "05_run": 0.002155,
    "06_collect": 7.7e-05,
    "total": 0.025054
  },
  "meta": {
    "backend": "AerSV",
    "n_qubits": 9,
    "depth_in": 13,
    "depth_transpiled": 13,
    "size_transpiled": 21,
    "quasi_dist": {
      "511": 0.5009765625,
      "0": 0.4990234375
    }
  }
}