{
  "laps": {
    "01_setup": 9.8e-05,
    "03_transpile": 0.0478,
    "04_submit": 0.002322,
    "05_run": 0.006431,
    "06_collect": 0.000591,
    "total": 0.057242
  },
  "meta": {
    "backend": "AerSV",
    "n_qubits": 17,
    "depth_in": 42,
    "depth_transpiled": 42,
    "size_transpiled": 58,
    "quasi_dist": {
      "0": 0.505859375,
      "131071": 0.494140625
    }
  }
}