{
  "laps": {
    "01_setup": 0.000109,
    "03_transpile": 0.041452,
    "04_submit": 0.001535,
    "05_run": 0.016618,
    "06_collect": 0.000335,
    "total": 0.060049
  },
  "meta": {
    "backend": "AerSV",
    "n_qubits": 21,
    "depth_in": 29,
    "depth_transpiled": 29,
    "size_transpiled": 49,
    "quasi_dist": {
      "2097151": 0.4892578125,
      "0": 0.5107421875
    }
  }
}