{
  "01_setup": 0.000751,
  "03_transpile": 2.550715,
  "04_submit": 0.08958,
  "05_run": 12.366839,
  "06_collect": 0.031231,
  "total": 15.039116
}