{
  "01_setup": 0.000415,
  "02_cache_search": 0.617204,
  "03_transpile": 0.436991,
  "07_cache_write": 0.211999,
  "04_submit": 0.005034,
  "05_run": 0.00976,
  "06_collect": 0.001122,
  "total": 1.282525
}