{
  "01_setup": 0.000735,
  "02_cache_search": 0.00287,
  "03_transpile": 0.055981,
  "07_cache_write": 0.358076,
  "04_submit": 0.00923,
  "05_run": 2.484484,
  "06_collect": 0.002016,
  "total": 2.913392
}