{
  "laps": {
    "01_setup": 8.2e-05,
    "02_cache_search": 0.007892,
    "03_transpile": 0.716623,
    "07_cache_write": 0.136555,
    "04_submit": 0.01263,
    "05_run": 0.08358,
    "06_collect": 0.004804,
    "total": 0.962166
  },
  "meta": {
    "backend": "AerSV",
    "n_qubits": 19,
    "depth_in": 171,
    "depth_transpiled": 171,
    "size_transpiled": 1539,
    "quasi_dist": {
      "0": 1.0
    }
  }
}