{
  "laps": {
    "01_setup": 7.9e-05,
    "02_cache_search": 0.000125,
    "04_submit": 0.000589,
    "05_run": 0.003111,
    "06_collect": 8.5e-05,
    "total": 0.003989
  },
  "meta": {
    "backend": "AerSV",
    "n_qubits": 13,
    "depth_in": 14,
    "depth_transpiled": 14,
    "size_transpiled": 26,
    "quasi_dist": {
      "8191": 0.490234375,
      "0": 0.509765625
    }
  }
}