{
  "laps": {
    "01_setup": 8.1e-05,
    "03_transpile": 0.022564,
    "04_submit": 0.00067,
    "05_run": 0.002185,
    "06_collect": 5.4e-05,
    "total": 0.025554
  },
  "meta": {
    "backend": "AerSV",
    "n_qubits": 7,
    "depth_in": 8,
    "depth_transpiled": 8,
    "size_transpiled": 14,
    "quasi_dist": {
      "0": 0.505859375,
      "127": 0.494140625
    }
  }
}