{
  "01_setup": 0.000401,
  "03_transpile": 0.119785,
  "04_submit": 0.00383,
  "05_run": 0.013055,
  "06_collect": 0.000484,
  "total": 0.137555
}