{
  "laps": {
    "01_setup": 6.5e-05,
    "03_transpile": 0.02073,
    "04_submit": 0.000833,
    "05_run": 0.001566,
    "06_collect": 4.2e-05,
    "total": 0.023236
  },
  "meta": {
    "backend": "AerSV",
    "n_qubits": 5,
    "depth_in": 7,
    "depth_transpiled": 7,
    "size_transpiled": 15,
    "quasi_dist": {
      "25": 0.048828125,
      "8": 0.0029296875,
      "17": 0.0341796875,
      "0": 0.77734375,
      "31": 0.0322265625,
      "30": 0.0478515625,
      "14": 0.001953125,
      "29": 0.0361328125,
      "6": 0.0009765625,
      "2": 0.00390625,
      "4": 0.0029296875,
      "3": 0.0068359375,
      "7": 0.001953125,
      "19": 0.0009765625,
      "1": 0.0009765625
    }
  }
}