{
  "01_setup": 0.000821,
  "02_cache_search": 0.015918,
  "03_transpile": 0.267022,
  "07_cache_write": 0.654696,
  "04_submit": 0.027312,
  "05_run": 12.185663,
  "06_collect": 0.006984,
  "total": 13.158416
}