{
  "01_setup": 0.000464,
  "03_transpile": 1.044574,
  "04_submit": 0.039698,
  "05_run": 0.168288,
  "06_collect": 0.010351,
  "total": 1.263375
}