{
  "laps": {
    "01_setup": 0.000114,
    "02_cache_search": 0.00054,
    "04_submit": 0.003009,
    "05_run": 0.091282,
    "06_collect": 0.000869,
    "total": 0.095814
  },
  "meta": {
    "backend": "AerSV",
    "n_qubits": 23,
    "depth_in": 48,
    "depth_transpiled": 48,
    "size_transpiled": 70,
    "quasi_dist": {
      "0": 0.5126953125,
      "8388607": 0.4873046875
    }
  }
}