{
  "laps": {
    "01_setup": 7.8e-05,
    "02_cache_search": 9.8e-05,
    "03_transpile": 0.020237,
    "07_cache_write": 0.000706,
    "04_submit": 0.000564,
    "05_run": 0.001413,
    "06_collect": 3.7e-05,
    "total": 0.023133
  },
  "meta": {
    "backend": "AerSV",
    "n_qubits": 3,
    "depth_in": 5,
    "depth_transpiled": 5,
    "size_transpiled": 11,
    "quasi_dist": {
      "6": 0.123046875,
      "2": 0.12890625,
      "1": 0.12109375,
      "0": 0.1142578125,
      "3": 0.1318359375,
      "7": 0.119140625,
      "5": 0.13671875,
      "4": 0.125
    }
  }
}