{
  "01_setup": 0.000357,
  "02_cache_search": 0.001218,
  "03_transpile": 0.026739,
  "07_cache_write": 0.000475,
  "04_submit": 0.003222,
  "05_run": 0.008359,
  "06_collect": 0.000575,
  "total": 0.040945
}