{
  "laps": {
    "01_setup": 7.4e-05,
    "03_transpile": 0.024165,
    "04_submit": 0.000906,
    "05_run": 0.001845,
    "06_collect": 0.000164,
    "total": 0.027154
  },
  "meta": {
    "backend": "AerSV",
    "n_qubits": 5,
    "depth_in": 30,
    "depth_transpiled": 30,
    "size_transpiled": 34,
    "quasi_dist": {
      "0": 0.525390625,
      "31": 0.474609375
    }
  }
}