{
  "laps": {
    "01_setup": 0.000103,
    "03_transpile": 0.08377,
    "04_submit": 0.003846,
    "05_run": 0.004823,
    "06_collect": 0.000887,
    "total": 0.093429
  },
  "meta": {
    "backend": "AerSV",
    "n_qubits": 9,
    "depth_in": 276,
    "depth_transpiled": 276,
    "size_transpiled": 284,
    "quasi_dist": {
      "0": 1.0
    }
  }
}