{
  "laps": {
    "01_setup": 7.4e-05,
    "02_cache_search": 0.000457,
    "04_submit": 0.001529,
    "05_run": 0.001948,
    "06_collect": 0.000199,
    "total": 0.004207
  },
  "meta": {
    "backend": "AerSV",
    "n_qubits": 3,
    "depth_in": 65,
    "depth_transpiled": 50,
    "size_transpiled": 86,
    "quasi_dist": {
      "0": 0.796875,
      "1": 0.0537109375,
      "3": 0.0322265625,
      "6": 0.076171875,
      "7": 0.0087890625,
      "2": 0.029296875,
      "4": 0.001953125,
      "5": 0.0009765625
    }
  }
}