{
  "laps": {
    "01_setup": 0.000113,
    "02_cache_search": 0.012324,
    "04_submit": 0.02516,
    "05_run": 0.04365,
    "06_collect": 0.007286,
    "total": 0.088533
  },
  "meta": {
    "backend": "AerSV",
    "n_qubits": 17,
    "depth_in": 2401,
    "depth_transpiled": 2401,
    "size_transpiled": 2417,
    "quasi_dist": {
      "0": 1.0
    }
  }
}