{
  "laps": {
    "01_setup": 7.1e-05,
    "03_transpile": 0.030437,
    "04_submit": 0.001469,
    "05_run": 0.003828,
    "06_collect": 0.00028,
    "total": 0.036085
  },
  "meta": {
    "backend": "AerSV",
    "n_qubits": 13,
    "depth_in": 38,
    "depth_transpiled": 38,
    "size_transpiled": 50,
    "quasi_dist": {
      "0": 0.48828125,
      "8191": 0.51171875
    }
  }
}