{
  "01_setup": 0.000383,
  "03_transpile": 0.120349,
  "04_submit": 0.003939,
  "05_run": 0.012959,
  "06_collect": 0.00063,
  "total": 0.13826
}