{
  "laps": {
    "01_setup": 0.000101,
    "03_transpile": 0.046482,
    "04_submit": 0.09087,
    "05_run": 0.005266,
    "06_collect": 0.000396,
    "total": 0.143115
  },
  "meta": {
    "backend": "AerSV",
    "n_qubits": 13,
    "depth_in": 137,
    "depth_transpiled": 137,
    "size_transpiled": 149,
    "quasi_dist": {
      "0": 1.0
    }
  }
}