{
  "laps": {
    "01_setup": 6.9e-05,
    "03_transpile": 0.021772,
    "04_submit": 0.000637,
    "05_run": 0.001496,
    "06_collect": 6.5e-05,
    "total": 0.024039
  },
  "meta": {
    "backend": "AerSV",
    "n_qubits": 3,
    "depth_in": 17,
    "depth_transpiled": 17,
    "size_transpiled": 27,
    "quasi_dist": {
      "0": 0.2802734375,
      "6": 0.0400390625,
      "3": 0.2119140625,
      "2": 0.046875,
      "5": 0.1005859375,
      "1": 0.04296875,
      "7": 0.0859375,
      "4": 0.19140625
    }
  }
}