{
  "laps": {
    "01_setup": 6.5e-05,
    "02_cache_search": 0.00018,
    "04_submit": 0.000627,
    "05_run": 0.001546,
    "06_collect": 0.000125,
    "total": 0.002543
  },
  "meta": {
    "backend": "AerSV",
    "n_qubits": 3,
    "depth_in": 28,
    "depth_transpiled": 28,
    "size_transpiled": 30,
    "quasi_dist": {
      "7": 0.4921875,
      "0": 0.5078125
    }
  }
}