{
  "01_setup": 0.000453,
  "03_transpile": 0.499711,
  "04_submit": 0.023261,
  "05_run": 0.098096,
  "06_collect": 0.006073,
  "total": 0.627594
}