{
  "laps": {
    "01_setup": 0.000111,
    "02_cache_search": 0.001201,
    "04_submit": 0.003322,
    "05_run": 0.015155,
    "06_collect": 0.000857,
    "total": 0.020646
  },
  "meta": {
    "backend": "AerSV",
    "n_qubits": 17,
    "depth_in": 185,
    "depth_transpiled": 185,
    "size_transpiled": 201,
    "quasi_dist": {
      "0": 1.0
    }
  }
}