{
  "laps": {
    "01_setup": 8.8e-05,
    "02_cache_search": 0.000464,
    "03_transpile": 0.036247,
    "07_cache_write": 0.001737,
    "04_submit": 0.00115,
    "05_run": 0.002506,
    "06_collect": 0.000234,
    "total": 0.042426
  },
  "meta": {
    "backend": "AerSV",
    "n_qubits": 5,
    "depth_in": 54,
    "depth_transpiled": 54,
    "size_transpiled": 114,
    "quasi_dist": {
      "9": 0.0517578125,
      "1": 0.099609375,
      "30": 0.1044921875,
      "26": 0.0419921875,
      "5": 0.02734375,
      "14": 0.0517578125,
      "19": 0.017578125,
      "15": 0.001953125,
      "31": 0.0546875,
      "0": 0.056640625,
      "28": 0.048828125,
      "22": 0.0390625,
      "13": 0.0263671875,
      "17": 0.0390625,
      "21": 0.0185546875,
      "20": 0.0478515625,
      "11": 0.04296875,
      "10": 0.0185546875,
      "12": 0.02734375,
      "25": 0.0263671875,
      "18": 0.0263671875,
      "3": 0.0498046875,
      "8": 0.0029296875,
      "29": 0.0048828125,
      "6": 0.015625,
      "7": 0.0224609375,
      "16": 0.0009765625,
      "2": 0.0048828125,
      "24": 0.0234375,
      "27": 0.001953125,
      "23": 0.00390625
    }
  }
}