{
  "01_setup": 0.000626,
  "02_cache_search": 0.011278,
  "03_transpile": 0.112843,
  "07_cache_write": 0.231059,
  "04_submit": 0.023626,
  "05_run": 3.807994,
  "06_collect": 0.006393,
  "total": 4.193819
}