{
  "laps": {
    "01_setup": 0.000105,
    "03_transpile": 0.025698,
    "04_submit": 0.000685,
    "05_run": 0.002575,
    "06_collect": 7.3e-05,
    "total": 0.029136
  },
  "meta": {
    "backend": "AerSV",
    "n_qubits": 13,
    "depth_in": 14,
    "depth_transpiled": 14,
    "size_transpiled": 26,
    "quasi_dist": {
      "0": 0.4970703125,
      "8191": 0.5029296875
    }
  }
}