{
  "laps": {
    "01_setup": 0.000116,
    "03_transpile": 0.026471,
    "04_submit": 0.001142,
    "05_run": 0.002628,
    "06_collect": 0.000195,
    "total": 0.030552
  },
  "meta": {
    "backend": "AerSV",
    "n_qubits": 11,
    "depth_in": 27,
    "depth_transpiled": 27,
    "size_transpiled": 37,
    "quasi_dist": {
      "2047": 0.49609375,
      "0": 0.50390625
    }
  }
}