{
  "laps": {
    "01_setup": 6.8e-05,
    "03_transpile": 0.021654,
    "04_submit": 0.000846,
    "05_run": 0.002399,
    "06_collect": 0.000106,
    "total": 0.025073
  },
  "meta": {
    "backend": "AerSV",
    "n_qubits": 9,
    "depth_in": 17,
    "depth_transpiled": 17,
    "size_transpiled": 25,
    "quasi_dist": {
      "511": 0.4951171875,
      "0": 0.5048828125
    }
  }
}