{
  "01_setup": 0.000512,
  "02_cache_search": 0.033074,
  "03_transpile": 0.285504,
  "07_cache_write": 0.031125,
  "04_submit": 0.139503,
  "05_run": 0.286482,
  "06_collect": 0.021517,
  "total": 0.797717
}