{
  "laps": {
    "01_setup": 7.1e-05,
    "02_cache_search": 0.000163,
    "04_submit": 0.00061,
    "05_run": 0.001449,
    "06_collect": 6.7e-05,
    "total": 0.00236
  },
  "meta": {
    "backend": "AerSV",
    "n_qubits": 3,
    "depth_in": 17,
    "depth_transpiled": 17,
    "size_transpiled": 27,
    "quasi_dist": {
      "3": 0.21875,
      "4": 0.1806640625,
      "6": 0.04296875,
      "0": 0.2294921875,
      "2": 0.044921875,
      "5": 0.1181640625,
      "1": 0.0537109375,
      "7": 0.111328125
    }
  }
}