{
  "laps": {
    "01_setup": 5.5e-05,
    "02_cache_search": 0.000219,
    "04_submit": 0.000536,
    "05_run": 0.001483,
    "06_collect": 0.000104,
    "total": 0.002397
  },
  "meta": {
    "backend": "AerSV",
    "n_qubits": 3,
    "depth_in": 33,
    "depth_transpiled": 26,
    "size_transpiled": 46,
    "quasi_dist": {
      "1": 0.1630859375,
      "6": 0.12890625,
      "2": 0.14453125,
      "3": 0.177734375,
      "0": 0.14453125,
      "4": 0.0791015625,
      "7": 0.0830078125,
      "5": 0.0791015625
    }
  }
}