{
  "laps": {
    "01_setup": 8.8e-05,
    "02_cache_search": 0.000206,
    "04_submit": 0.000776,
    "05_run": 0.007734,
    "06_collect": 0.000181,
    "total": 0.008985
  },
  "meta": {
    "backend": "AerSV",
    "n_qubits": 19,
    "depth_in": 20,
    "depth_transpiled": 20,
    "size_transpiled": 38,
    "quasi_dist": {
      "524287": 0.501953125,
      "0": 0.498046875
    }
  }
}