{
  "laps": {
    "01_setup": 8.8e-05,
    "02_cache_search": 0.000416,
    "04_submit": 0.001052,
    "05_run": 0.002632,
    "06_collect": 0.000191,
    "total": 0.004379
  },
  "meta": {
    "backend": "AerSV",
    "n_qubits": 5,
    "depth_in": 35,
    "depth_transpiled": 28,
    "size_transpiled": 82,
    "quasi_dist": {
      "7": 0.046875,
      "16": 0.0263671875,
      "24": 0.080078125,
      "30": 0.0341796875,
      "6": 0.0869140625,
      "28": 0.0791015625,
      "14": 0.0849609375,
      "12": 0.1005859375,
      "0": 0.125,
      "15": 0.0361328125,
      "3": 0.0185546875,
      "4": 0.0419921875,
      "8": 0.0498046875,
      "2": 0.041015625,
      "20": 0.0029296875,
      "29": 0.015625,
      "9": 0.009765625,
      "5": 0.0244140625,
      "13": 0.0146484375,
      "22": 0.0048828125,
      "18": 0.009765625,
      "27": 0.0078125,
      "1": 0.0185546875,
      "25": 0.0009765625,
      "21": 0.005859375,
      "11": 0.0087890625,
      "26": 0.001953125,
      "17": 0.005859375,
      "31": 0.0078125,
      "10": 0.0068359375,
      "23": 0.001953125
    }
  }
}