{
  "01_setup": 0.000607,
  "02_cache_search": 0.043753,
  "03_transpile": 0.469036,
  "07_cache_write": 0.062493,
  "04_submit": 0.084546,
  "05_run": 0.556262,
  "06_collect": 0.024345,
  "total": 1.241042
}