{
  "01_setup": 0.000646,
  "02_cache_search": 0.007213,
  "03_transpile": 0.181466,
  "07_cache_write": 0.332136,
  "04_submit": 0.014916,
  "05_run": 0.08397,
  "06_collect": 0.003121,
  "total": 0.623468
}