{
  "01_setup": 0.000448,
  "02_cache_search": 0.002632,
  "03_transpile": 0.048252,
  "07_cache_write": 0.004652,
  "04_submit": 0.006884,
  "05_run": 0.016225,
  "06_collect": 0.001385,
  "total": 0.080478
}