{
  "laps": {
    "01_setup": 8.4e-05,
    "03_transpile": 0.018042,
    "04_submit": 0.000538,
    "05_run": 0.001395,
    "06_collect": 3e-05,
    "total": 0.020089
  },
  "meta": {
    "backend": "AerSV",
    "n_qubits": 3,
    "depth_in": 5,
    "depth_transpiled": 5,
    "size_transpiled": 9,
    "quasi_dist": {
      "0": 0.865234375,
      "5": 0.0390625,
      "7": 0.037109375,
      "6": 0.044921875,
      "2": 0.0078125,
      "3": 0.00390625,
      "1": 0.001953125
    }
  }
}