{
  "laps": {
    "01_setup": 0.00011,
    "03_transpile": 0.036103,
    "04_submit": 0.001128,
    "05_run": 0.018012,
    "06_collect": 0.000246,
    "total": 0.055599
  },
  "meta": {
    "backend": "AerSV",
    "n_qubits": 21,
    "depth_in": 25,
    "depth_transpiled": 25,
    "size_transpiled": 45,
    "quasi_dist": {
      "2097151": 0.494140625,
      "0": 0.505859375
    }
  }
}