{
  "laps": {
    "01_setup": 6e-05,
    "02_cache_search": 0.000185,
    "04_submit": 0.000733,
    "05_run": 0.001919,
    "06_collect": 0.000159,
    "total": 0.003056
  },
  "meta": {
    "backend": "AerSV",
    "n_qubits": 5,
    "depth_in": 30,
    "depth_transpiled": 30,
    "size_transpiled": 34,
    "quasi_dist": {
      "0": 0.4951171875,
      "31": 0.5048828125
    }
  }
}