{
  "01_setup": 0.00037,
  "02_cache_search": 0.008561,
  "03_transpile": 0.090996,
  "07_cache_write": 0.013573,
  "04_submit": 0.016871,
  "05_run": 0.045664,
  "06_collect": 0.004235,
  "total": 0.18027
}