{
  "laps": {
    "01_setup": 7.6e-05,
    "02_cache_search": 0.002024,
    "03_transpile": 0.098659,
    "07_cache_write": 0.008774,
    "04_submit": 0.004365,
    "05_run": 0.006546,
    "06_collect": 0.001233,
    "total": 0.121677
  },
  "meta": {
    "backend": "AerSV",
    "n_qubits": 7,
    "depth_in": 577,
    "depth_transpiled": 577,
    "size_transpiled": 583,
    "quasi_dist": {
      "0": 1.0
    }
  }
}