{
  "laps": {
    "01_setup": 7.9e-05,
    "02_cache_search": 0.001017,
    "03_transpile": 0.055113,
    "07_cache_write": 0.015724,
    "04_submit": 0.002229,
    "05_run": 0.005265,
    "06_collect": 0.000544,
    "total": 0.079971
  },
  "meta": {
    "backend": "AerSV",
    "n_qubits": 11,
    "depth_in": 241,
    "depth_transpiled": 241,
    "size_transpiled": 251,
    "quasi_dist": {
      "0": 1.0
    }
  }
}