{
  "laps": {
    "01_setup": 6.4e-05,
    "02_cache_search": 0.000237,
    "04_submit": 0.000651,
    "05_run": 0.001638,
    "06_collect": 0.000118,
    "total": 0.002708
  },
  "meta": {
    "backend": "AerSV",
    "n_qubits": 3,
    "depth_in": 33,
    "depth_transpiled": 33,
    "size_transpiled": 51,
    "quasi_dist": {
      "4": 0.09375,
      "1": 0.40625,
      "3": 0.1337890625,
      "6": 0.10546875,
      "0": 0.099609375,
      "5": 0.0830078125,
      "2": 0.0712890625,
      "7": 0.0068359375
    }
  }
}