{
  "01_setup": 0.001128,
  "03_transpile": 0.78213,
  "04_submit": 0.027171,
  "05_run": 0.128139,
  "06_collect": 0.011264,
  "total": 0.949832
}