{
  "01_setup": 0.00035,
  "02_cache_search": 0.011476,
  "03_transpile": 0.120785,
  "07_cache_write": 0.024603,
  "04_submit": 0.020378,
  "05_run": 0.043976,
  "06_collect": 0.004946,
  "total": 0.226514
}