{
  "laps": {
    "01_setup": 0.000116,
    "02_cache_search": 0.000341,
    "04_submit": 0.001697,
    "05_run": 0.090171,
    "06_collect": 0.00041,
    "total": 0.092735
  },
  "meta": {
    "backend": "AerSV",
    "n_qubits": 23,
    "depth_in": 31,
    "depth_transpiled": 31,
    "size_transpiled": 53,
    "quasi_dist": {
      "8388607": 0.50390625,
      "0": 0.49609375
    }
  }
}