{
  "laps": {
    "01_setup": 6.3e-05,
    "02_cache_search": 9.7e-05,
    "04_submit": 0.000533,
    "05_run": 0.001982,
    "06_collect": 5.4e-05,
    "total": 0.002729
  },
  "meta": {
    "backend": "AerSV",
    "n_qubits": 5,
    "depth_in": 7,
    "depth_transpiled": 7,
    "size_transpiled": 19,
    "quasi_dist": {
      "30": 0.0361328125,
      "4": 0.029296875,
      "21": 0.0419921875,
      "26": 0.0224609375,
      "17": 0.0244140625,
      "11": 0.0283203125,
      "9": 0.04296875,
      "16": 0.0322265625,
      "23": 0.0361328125,
      "24": 0.025390625,
      "12": 0.0341796875,
      "18": 0.02734375,
      "28": 0.0322265625,
      "25": 0.033203125,
      "3": 0.0185546875,
      "20": 0.0361328125,
      "5": 0.033203125,
      "14": 0.0244140625,
      "22": 0.0302734375,
      "8": 0.03125,
      "31": 0.02734375,
      "29": 0.03515625,
      "19": 0.029296875,
      "7": 0.025390625,
      "10": 0.0341796875,
      "1": 0.029296875,
      "2": 0.029296875,
      "0": 0.0302734375,
      "6": 0.041015625,
      "13": 0.0302734375,
      "27": 0.0341796875,
      "15": 0.0341796875
    }
  }
}