{
  "laps": {
    "01_setup": 6.9e-05,
    "02_cache_search": 0.000155,
    "03_transpile": 0.021702,
    "07_cache_write": 0.000591,
    "04_submit": 0.000667,
    "05_run": 0.001518,
    "06_collect": 6.8e-05,
    "total": 0.02477
  },
  "meta": {
    "backend": "AerSV",
    "n_qubits": 3,
    "depth_in": 17,
    "depth_transpiled": 14,
    "size_transpiled": 26,
    "quasi_dist": {
      "3": 0.1513671875,
      "0": 0.462890625,
      "4": 0.08203125,
      "2": 0.0419921875,
      "6": 0.1201171875,
      "5": 0.04296875,
      "1": 0.0869140625,
      "7": 0.01171875
    }
  }
}