{
  "laps": {
    "01_setup": 9.9e-05,
    "03_transpile": 0.265158,
    "04_submit": 0.086383,
    "05_run": 0.057568,
    "06_collect": 0.004047,
    "total": 0.413255
  },
  "meta": {
    "backend": "AerSV",
    "n_qubits": 13,
    "depth_in": 1801,
    "depth_transpiled": 1801,
    "size_transpiled": 1813,
    "quasi_dist": {
      "0": 1.0
    }
  }
}