{
  "01_setup": 0.000456,
  "03_transpile": 1.562016,
  "04_submit": 0.055896,
  "05_run": 0.245955,
  "06_collect": 0.015638,
  "total": 1.879961
}