{
  "laps": {
    "01_setup": 0.000101,
    "03_transpile": 0.023615,
    "04_submit": 0.00089,
    "05_run": 0.001811,
    "06_collect": 0.000124,
    "total": 0.026541
  },
  "meta": {
    "backend": "AerSV",
    "n_qubits": 5,
    "depth_in": 21,
    "depth_transpiled": 21,
    "size_transpiled": 25,
    "quasi_dist": {
      "0": 0.48046875,
      "31": 0.51953125
    }
  }
}