{
  "laps": {
    "01_setup": 5.7e-05,
    "02_cache_search": 0.000101,
    "04_submit": 0.000502,
    "05_run": 0.002127,
    "06_collect": 8e-05,
    "total": 0.002867
  },
  "meta": {
    "backend": "AerSV",
    "n_qubits": 9,
    "depth_in": 13,
    "depth_transpiled": 13,
    "size_transpiled": 21,
    "quasi_dist": {
      "511": 0.53515625,
      "0": 0.46484375
    }
  }
}