{
  "laps": {
    "01_setup": 7.4e-05,
    "03_transpile": 0.021476,
    "04_submit": 0.000459,
    "05_run": 0.001777,
    "06_collect": 5.3e-05,
    "total": 0.023839
  },
  "meta": {
    "backend": "AerSV",
    "n_qubits": 5,
    "depth_in": 7,
    "depth_transpiled": 7,
    "size_transpiled": 19,
    "quasi_dist": {
      "16": 0.0390625,
      "24": 0.0390625,
      "4": 0.0322265625,
      "30": 0.0302734375,
      "2": 0.02734375,
      "19": 0.0390625,
      "12": 0.025390625,
      "22": 0.0380859375,
      "18": 0.0244140625,
      "5": 0.0283203125,
      "3": 0.0283203125,
      "25": 0.0322265625,
      "9": 0.0341796875,
      "11": 0.021484375,
      "15": 0.0302734375,
      "10": 0.029296875,
      "8": 0.029296875,
      "27": 0.0263671875,
      "7": 0.0458984375,
      "14": 0.0283203125,
      "13": 0.0283203125,
      "6": 0.0400390625,
      "31": 0.021484375,
      "21": 0.0390625,
      "0": 0.025390625,
      "26": 0.0234375,
      "23": 0.0263671875,
      "20": 0.0302734375,
      "17": 0.037109375,
      "1": 0.04296875,
      "28": 0.033203125,
      "29": 0.0234375
    }
  }
}