{
  "laps": {
    "01_setup": 8e-05,
    "02_cache_search": 0.012628,
    "03_transpile": 1.187825,
    "07_cache_write": 0.092815,
    "04_submit": 0.019053,
    "05_run": 0.068342,
    "06_collect": 0.008554,
    "total": 1.389297
  },
  "meta": {
    "backend": "AerSV",
    "n_qubits": 17,
    "depth_in": 289,
    "depth_transpiled": 289,
    "size_transpiled": 2465,
    "quasi_dist": {
      "0": 1.0
    }
  }
}