{
  "01_setup": 0.000397,
  "02_cache_search": 3.768535,
  "03_transpile": 6.684211,
  "07_cache_write": 17.535552,
  "04_submit": 0.007519,
  "05_run": 0.022239,
  "06_collect": 0.00149,
  "total": 28.019943
}