{
  "laps": {
    "01_setup": 0.000103,
    "03_transpile": 0.23366,
    "04_submit": 0.004645,
    "05_run": 0.059266,
    "06_collect": 0.00191,
    "total": 0.299584
  },
  "meta": {
    "backend": "AerSV",
    "n_qubits": 19,
    "depth_in": 417,
    "depth_transpiled": 417,
    "size_transpiled": 435,
    "quasi_dist": {
      "0": 1.0
    }
  }
}