{
  "laps": {
    "01_setup": 6.9e-05,
    "03_transpile": 0.024216,
    "04_submit": 0.000754,
    "05_run": 0.001927,
    "06_collect": 9.3e-05,
    "total": 0.027059
  },
  "meta": {
    "backend": "AerSV",
    "n_qubits": 5,
    "depth_in": 25,
    "depth_transpiled": 25,
    "size_transpiled": 45,
    "quasi_dist": {
      "4": 0.0751953125,
      "20": 0.11328125,
      "24": 0.0263671875,
      "9": 0.009765625,
      "16": 0.0712890625,
      "0": 0.294921875,
      "2": 0.021484375,
      "19": 0.0517578125,
      "22": 0.0263671875,
      "8": 0.0166015625,
      "3": 0.03125,
      "12": 0.078125,
      "10": 0.037109375,
      "11": 0.041015625,
      "30": 0.015625,
      "5": 0.015625,
      "6": 0.0283203125,
      "31": 0.005859375,
      "18": 0.017578125,
      "21": 0.005859375,
      "27": 0.00390625,
      "29": 0.0009765625,
      "23": 0.0068359375,
      "28": 0.0009765625,
      "17": 0.00390625
    }
  }
}