{
  "01_setup": 0.000315,
  "02_cache_search": 0.001953,
  "03_transpile": 0.037308,
  "07_cache_write": 0.128696,
  "04_submit": 0.005193,
  "05_run": 0.010118,
  "06_collect": 0.001018,
  "total": 0.184601
}