{
  "01_setup": 0.000351,
  "02_cache_search": 0.00126,
  "03_transpile": 0.029653,
  "07_cache_write": 0.007695,
  "04_submit": 0.00606,
  "05_run": 0.014512,
  "06_collect": 0.001346,
  "total": 0.060877
}