{
  "laps": {
    "01_setup": 9.9e-05,
    "02_cache_search": 0.003018,
    "03_transpile": 0.147258,
    "07_cache_write": 0.012484,
    "04_submit": 0.003249,
    "05_run": 0.004752,
    "06_collect": 0.000758,
    "total": 0.171618
  },
  "meta": {
    "backend": "AerSV",
    "n_qubits": 9,
    "depth_in": 81,
    "depth_transpiled": 81,
    "size_transpiled": 369,
    "quasi_dist": {
      "0": 1.0
    }
  }
}