{
  "laps": {
    "01_setup": 0.000109,
    "03_transpile": 0.083685,
    "04_submit": 0.005441,
    "05_run": 0.005764,
    "06_collect": 0.000878,
    "total": 0.095877
  },
  "meta": {
    "backend": "AerSV",
    "n_qubits": 9,
    "depth_in": 276,
    "depth_transpiled": 276,
    "size_transpiled": 284,
    "quasi_dist": {
      "0": 1.0
    }
  }
}