{
  "laps": {
    "01_setup": 0.00014,
    "02_cache_search": 0.00738,
    "04_submit": 0.015282,
    "05_run": 0.028342,
    "06_collect": 0.005596,
    "total": 0.05674
  },
  "meta": {
    "backend": "AerSV",
    "n_qubits": 15,
    "depth_in": 1345,
    "depth_transpiled": 1345,
    "size_transpiled": 1359,
    "quasi_dist": {
      "0": 1.0
    }
  }
}