{
  "laps": {
    "01_setup": 9.5e-05,
    "03_transpile": 0.05656,
    "04_submit": 0.00258,
    "05_run": 0.016839,
    "06_collect": 0.000668,
    "total": 0.076742
  },
  "meta": {
    "backend": "AerSV",
    "n_qubits": 21,
    "depth_in": 46,
    "depth_transpiled": 46,
    "size_transpiled": 66,
    "quasi_dist": {
      "0": 0.513671875,
      "2097151": 0.486328125
    }
  }
}