{
  "laps": {
    "01_setup": 9.5e-05,
    "03_transpile": 0.046629,
    "04_submit": 0.0011,
    "05_run": 0.002035,
    "06_collect": 0.000467,
    "total": 0.050326
  },
  "meta": {
    "backend": "AerSV",
    "n_qubits": 3,
    "depth_in": 202,
    "depth_transpiled": 52,
    "size_transpiled": 57,
    "quasi_dist": {
      "6": 0.13671875,
      "7": 0.130859375,
      "4": 0.109375,
      "2": 0.1318359375,
      "3": 0.123046875,
      "0": 0.12890625,
      "5": 0.1064453125,
      "1": 0.1328125
    }
  }
}