{
  "laps": {
    "01_setup": 8.4e-05,
    "02_cache_search": 0.0486,
    "03_transpile": 0.049173,
    "07_cache_write": 0.013586,
    "04_submit": 0.000728,
    "05_run": 0.002109,
    "06_collect": 0.000131,
    "total": 0.114411
  },
  "meta": {
    "backend": "AerSV",
    "n_qubits": 5,
    "depth_in": 34,
    "depth_transpiled": 10,
    "size_transpiled": 21,
    "quasi_dist": {
      "3": 0.0361328125,
      "19": 0.0205078125,
      "11": 0.0302734375,
      "2": 0.037109375,
      "1": 0.0302734375,
      "0": 0.037109375,
      "31": 0.03125,
      "5": 0.03125,
      "30": 0.0224609375,
      "20": 0.0283203125,
      "10": 0.029296875,
      "24": 0.029296875,
      "29": 0.033203125,
      "8": 0.0380859375,
      "15": 0.0302734375,
      "6": 0.0283203125,
      "13": 0.0302734375,
      "14": 0.0390625,
      "21": 0.0361328125,
      "12": 0.0224609375,
      "16": 0.02734375,
      "7": 0.0322265625,
      "4": 0.0322265625,
      "22": 0.025390625,
      "26": 0.0322265625,
      "25": 0.0302734375,
      "9": 0.0322265625,
      "28": 0.0341796875,
      "27": 0.0302734375,
      "23": 0.03515625,
      "17": 0.037109375,
      "18": 0.0302734375
    }
  }
}