{
  "01_setup": 0.000429,
  "03_transpile": 12.188058,
  "04_submit": 0.184051,
  "05_run": 1.231806,
  "06_collect": 0.077338,
  "total": 13.681682
}