{
  "01_setup": 0.000353,
  "02_cache_search": 0.000906,
  "03_transpile": 0.022716,
  "07_cache_write": 0.004031,
  "04_submit": 0.003614,
  "05_run": 0.012007,
  "06_collect": 0.000582,
  "total": 0.044209
}