{
  "01_setup": 0.000322,
  "02_cache_search": 0.000427,
  "03_transpile": 0.020018,
  "07_cache_write": 0.002843,
  "04_submit": 0.00261,
  "05_run": 0.007818,
  "06_collect": 0.000284,
  "total": 0.034322
}