{
  "laps": {
    "01_setup": 0.000124,
    "03_transpile": 0.046106,
    "04_submit": 0.00185,
    "05_run": 0.005017,
    "06_collect": 0.00038,
    "total": 0.053477
  },
  "meta": {
    "backend": "AerSV",
    "n_qubits": 15,
    "depth_in": 31,
    "depth_transpiled": 31,
    "size_transpiled": 45,
    "quasi_dist": {
      "0": 0.515625,
      "32767": 0.484375
    }
  }
}