{
  "laps": {
    "01_setup": 6.8e-05,
    "02_cache_search": 0.000575,
    "04_submit": 0.001362,
    "05_run": 0.002648,
    "06_collect": 0.000308,
    "total": 0.004961
  },
  "meta": {
    "backend": "AerSV",
    "n_qubits": 3,
    "depth_in": 78,
    "depth_transpiled": 78,
    "size_transpiled": 153,
    "quasi_dist": {
      "5": 0.123046875,
      "0": 0.12890625,
      "1": 0.12890625,
      "2": 0.123046875,
      "4": 0.111328125,
      "6": 0.1171875,
      "7": 0.13671875,
      "3": 0.130859375
    }
  }
}