{
  "laps": {
    "01_setup": 7.9e-05,
    "02_cache_search": 0.000419,
    "03_transpile": 0.041491,
    "07_cache_write": 0.001847,
    "04_submit": 0.001344,
    "05_run": 0.002405,
    "06_collect": 0.000236,
    "total": 0.047821
  },
  "meta": {
    "backend": "AerSV",
    "n_qubits": 3,
    "depth_in": 51,
    "depth_transpiled": 51,
    "size_transpiled": 99,
    "quasi_dist": {
      "0": 1.0
    }
  }
}