{
  "laps": {
    "01_setup": 0.000117,
    "03_transpile": 0.042579,
    "04_submit": 0.001342,
    "05_run": 0.004598,
    "06_collect": 0.000263,
    "total": 0.048899
  },
  "meta": {
    "backend": "AerSV",
    "n_qubits": 15,
    "depth_in": 23,
    "depth_transpiled": 23,
    "size_transpiled": 37,
    "quasi_dist": {
      "0": 0.48046875,
      "32767": 0.51953125
    }
  }
}