{
  "01_setup": 0.000396,
  "03_transpile": 0.123887,
  "04_submit": 0.003702,
  "05_run": 0.018195,
  "06_collect": 0.000472,
  "total": 0.146652
}