{
  "01_setup": 0.000553,
  "03_transpile": 0.149934,
  "04_submit": 0.004539,
  "05_run": 0.031872,
  "06_collect": 0.000917,
  "total": 0.187815
}