{
  "01_setup": 0.000408,
  "03_transpile": 2.947992,
  "04_submit": 0.137019,
  "05_run": 0.097034,
  "06_collect": 0.017185,
  "total": 3.199638
}