{
  "laps": {
    "01_setup": 0.000171,
    "03_transpile": 0.257502,
    "04_submit": 0.009729,
    "05_run": 1.657264,
    "06_collect": 0.004034,
    "total": 1.9287
  },
  "meta": {
    "backend": "AerSV",
    "n_qubits": 23,
    "depth_in": 801,
    "depth_transpiled": 801,
    "size_transpiled": 823,
    "quasi_dist": {
      "0": 1.0
    }
  }
}