{
  "01_setup": 0.000491,
  "03_transpile": 0.271649,
  "04_submit": 0.01231,
  "05_run": 0.028116,
  "06_collect": 0.002766,
  "total": 0.315332
}