{
  "laps": {
    "01_setup": 9.1e-05,
    "03_transpile": 0.654479,
    "04_submit": 0.009281,
    "05_run": 1.958752,
    "06_collect": 0.004248,
    "total": 2.626851
  },
  "meta": {
    "backend": "AerSV",
    "n_qubits": 23,
    "depth_in": 115,
    "depth_transpiled": 115,
    "size_transpiled": 1127,
    "quasi_dist": {
      "0": 1.0
    }
  }
}