{
  "01_setup": 0.000757,
  "02_cache_search": 0.017461,
  "03_transpile": 0.151839,
  "07_cache_write": 0.0283,
  "04_submit": 0.032989,
  "05_run": 0.104326,
  "06_collect": 0.010526,
  "total": 0.346198
}