{
  "01_setup": 0.000563,
  "03_transpile": 0.227736,
  "04_submit": 0.006487,
  "05_run": 0.451881,
  "06_collect": 0.001743,
  "total": 0.68841
}