{
  "01_setup": 0.000513,
  "02_cache_search": 0.002262,
  "03_transpile": 0.041491,
  "07_cache_write": 0.001847,
  "04_submit": 0.006924,
  "05_run": 0.012031,
  "06_collect": 0.001049,
  "total": 0.066117
}