{
  "01_setup": 0.000718,
  "03_transpile": 1.829792,
  "04_submit": 0.091091,
  "05_run": 0.174645,
  "06_collect": 0.024393,
  "total": 2.120639
}