{
  "01_setup": 0.000416,
  "03_transpile": 6.313725,
  "04_submit": 0.112399,
  "05_run": 0.287801,
  "06_collect": 0.04153,
  "total": 6.755871
}