{
  "laps": {
    "01_setup": 0.000122,
    "02_cache_search": 0.012439,
    "04_submit": 0.024689,
    "05_run": 0.568932,
    "06_collect": 0.007186,
    "total": 0.613368
  },
  "meta": {
    "backend": "AerSV",
    "n_qubits": 23,
    "depth_in": 2113,
    "depth_transpiled": 2113,
    "size_transpiled": 2135,
    "quasi_dist": {
      "0": 1.0
    }
  }
}