{
  "01_setup": 0.000644,
  "03_transpile": 0.233678,
  "04_submit": 0.007834,
  "05_run": 2.022288,
  "06_collect": 0.00158,
  "total": 2.266024
}