{
  "01_setup": 0.000509,
  "02_cache_search": 0.001149,
  "03_transpile": 0.034509,
  "07_cache_write": 0.016982,
  "04_submit": 0.004544,
  "05_run": 0.020413,
  "06_collect": 0.000869,
  "total": 0.078975
}