{
  "laps": {
    "01_setup": 7e-05,
    "02_cache_search": 8.5e-05,
    "04_submit": 0.000423,
    "05_run": 0.001254,
    "06_collect": 3e-05,
    "total": 0.001862
  },
  "meta": {
    "backend": "AerSV",
    "n_qubits": 3,
    "depth_in": 5,
    "depth_transpiled": 5,
    "size_transpiled": 9,
    "quasi_dist": {
      "0": 0.85546875,
      "5": 0.0537109375,
      "3": 0.0048828125,
      "6": 0.0380859375,
      "7": 0.0419921875,
      "2": 0.00390625,
      "1": 0.001953125
    }
  }
}