{
  "laps": {
    "01_setup": 7.5e-05,
    "02_cache_search": 0.000125,
    "04_submit": 0.000532,
    "05_run": 0.001505,
    "06_collect": 6.3e-05,
    "total": 0.0023
  },
  "meta": {
    "backend": "AerSV",
    "n_qubits": 3,
    "depth_in": 11,
    "depth_transpiled": 11,
    "size_transpiled": 13,
    "quasi_dist": {
      "0": 0.517578125,
      "7": 0.482421875
    }
  }
}