{
  "laps": {
    "01_setup": 6.8e-05,
    "02_cache_search": 0.000121,
    "04_submit": 0.000691,
    "05_run": 0.001887,
    "06_collect": 7.9e-05,
    "total": 0.002846
  },
  "meta": {
    "backend": "AerSV",
    "n_qubits": 5,
    "depth_in": 13,
    "depth_transpiled": 13,
    "size_transpiled": 17,
    "quasi_dist": {
      "31": 0.5068359375,
      "0": 0.4931640625
    }
  }
}