{
  "01_setup": 0.000505,
  "03_transpile": 0.163727,
  "04_submit": 0.005573,
  "05_run": 0.021035,
  "06_collect": 0.00079,
  "total": 0.19163
}