{
  "laps": {
    "01_setup": 0.00012,
    "02_cache_search": 0.016087,
    "04_submit": 0.273046,
    "05_run": 22.341436,
    "06_collect": 0.009395,
    "total": 22.640084
  },
  "meta": {
    "backend": "AerSV",
    "n_qubits": 25,
    "depth_in": 225,
    "depth_transpiled": 225,
    "size_transpiled": 2625,
    "quasi_dist": {
      "0": 1.0
    }
  }
}