{
  "laps": {
    "01_setup": 0.000104,
    "03_transpile": 0.038719,
    "04_submit": 0.001123,
    "05_run": 0.021897,
    "06_collect": 0.000205,
    "total": 0.062048
  },
  "meta": {
    "backend": "AerSV",
    "n_qubits": 21,
    "depth_in": 22,
    "depth_transpiled": 22,
    "size_transpiled": 42,
    "quasi_dist": {
      "2097151": 0.5087890625,
      "0": 0.4912109375
    }
  }
}