{
  "01_setup": 0.000391,
  "02_cache_search": 0.001798,
  "03_transpile": 0.032433,
  "07_cache_write": 0.017957,
  "04_submit": 0.005186,
  "05_run": 0.028918,
  "06_collect": 0.001022,
  "total": 0.087705
}