{
  "laps": {
    "01_setup": 0.000118,
    "03_transpile": 0.480543,
    "04_submit": 0.015354,
    "05_run": 0.569743,
    "06_collect": 0.007009,
    "total": 1.072767
  },
  "meta": {
    "backend": "AerSV",
    "n_qubits": 23,
    "depth_in": 2113,
    "depth_transpiled": 2113,
    "size_transpiled": 2135,
    "quasi_dist": {
      "0": 1.0
    }
  }
}