{
  "01_setup": 0.000775,
  "02_cache_search": 0.078745,
  "03_transpile": 0.737344,
  "07_cache_write": 0.078147,
  "04_submit": 0.323818,
  "05_run": 4.687535,
  "06_collect": 0.045401,
  "total": 5.951765
}