{
  "01_setup": 0.000386,
  "03_transpile": 0.108191,
  "04_submit": 0.003539,
  "05_run": 0.010743,
  "06_collect": 0.000391,
  "total": 0.12325
}