{
  "laps": {
    "01_setup": 0.000133,
    "03_transpile": 0.096002,
    "04_submit": 0.002386,
    "05_run": 0.0084,
    "06_collect": 0.000877,
    "total": 0.107798
  },
  "meta": {
    "backend": "AerSV",
    "n_qubits": 15,
    "depth_in": 161,
    "depth_transpiled": 161,
    "size_transpiled": 175,
    "quasi_dist": {
      "0": 1.0
    }
  }
}