{
  "laps": {
    "01_setup": 0.000116,
    "02_cache_search": 0.027121,
    "04_submit": 0.031044,
    "05_run": 0.81136,
    "06_collect": 0.012783,
    "total": 0.882424
  },
  "meta": {
    "backend": "AerSV",
    "n_qubits": 21,
    "depth_in": 357,
    "depth_transpiled": 357,
    "size_transpiled": 3717,
    "quasi_dist": {
      "0": 1.0
    }
  }
}