{
  "laps": {
    "01_setup": 6.9e-05,
    "02_cache_search": 0.046788,
    "03_transpile": 0.048653,
    "07_cache_write": 0.010414,
    "04_submit": 0.000775,
    "05_run": 0.002158,
    "06_collect": 0.000133,
    "total": 0.10899
  },
  "meta": {
    "backend": "AerSV",
    "n_qubits": 5,
    "depth_in": 34,
    "depth_transpiled": 10,
    "size_transpiled": 21,
    "quasi_dist": {
      "30": 0.0263671875,
      "4": 0.0400390625,
      "28": 0.0263671875,
      "2": 0.0341796875,
      "12": 0.03125,
      "16": 0.0380859375,
      "25": 0.033203125,
      "20": 0.0322265625,
      "6": 0.0263671875,
      "15": 0.0322265625,
      "10": 0.0244140625,
      "22": 0.0341796875,
      "21": 0.02734375,
      "23": 0.015625,
      "29": 0.037109375,
      "31": 0.03125,
      "0": 0.03125,
      "14": 0.029296875,
      "9": 0.0263671875,
      "13": 0.0302734375,
      "3": 0.0341796875,
      "11": 0.029296875,
      "27": 0.02734375,
      "18": 0.0283203125,
      "17": 0.0341796875,
      "7": 0.029296875,
      "5": 0.029296875,
      "8": 0.037109375,
      "26": 0.0322265625,
      "19": 0.03125,
      "24": 0.04296875,
      "1": 0.037109375
    }
  }
}