{
  "laps": {
    "01_setup": 0.000139,
    "02_cache_search": 0.004218,
    "03_transpile": 0.191748,
    "07_cache_write": 0.022791,
    "04_submit": 0.007594,
    "05_run": 0.213896,
    "06_collect": 0.003541,
    "total": 0.443927
  },
  "meta": {
    "backend": "AerSV",
    "n_qubits": 21,
    "depth_in": 726,
    "depth_transpiled": 726,
    "size_transpiled": 746,
    "quasi_dist": {
      "0": 1.0
    }
  }
}