{
  "laps": {
    "01_setup": 0.000115,
    "03_transpile": 0.045806,
    "04_submit": 0.001202,
    "05_run": 0.428907,
    "06_collect": 0.000252,
    "total": 0.476282
  },
  "meta": {
    "backend": "AerSV",
    "n_qubits": 25,
    "depth_in": 26,
    "depth_transpiled": 26,
    "size_transpiled": 50,
    "quasi_dist": {
      "33554431": 0.5048828125,
      "0": 0.4951171875
    }
  }
}