{
  "laps": {
    "01_setup": 0.000207,
    "02_cache_search": 0.001277,
    "03_transpile": 0.047521,
    "07_cache_write": 0.134606,
    "04_submit": 0.001582,
    "05_run": 0.002547,
    "06_collect": 0.000291,
    "total": 0.188031
  },
  "meta": {
    "backend": "AerSV",
    "n_qubits": 3,
    "depth_in": 101,
    "depth_transpiled": 101,
    "size_transpiled": 153,
    "quasi_dist": {
      "0": 0.826171875,
      "4": 0.0458984375,
      "5": 0.015625,
      "2": 0.0771484375,
      "1": 0.0341796875,
      "6": 0.0009765625
    }
  }
}