{
  "laps": {
    "01_setup": 0.000122,
    "03_transpile": 0.038572,
    "04_submit": 0.002494,
    "05_run": 0.008815,
    "06_collect": 0.000247,
    "total": 0.05025
  },
  "meta": {
    "backend": "AerSV",
    "n_qubits": 19,
    "depth_in": 23,
    "depth_transpiled": 23,
    "size_transpiled": 41,
    "quasi_dist": {
      "0": 0.53125,
      "524287": 0.46875
    }
  }
}