{
  "laps": {
    "01_setup": 9e-05,
    "02_cache_search": 0.000281,
    "04_submit": 0.001367,
    "05_run": 0.002989,
    "06_collect": 0.000298,
    "total": 0.005025
  },
  "meta": {
    "backend": "AerSV",
    "n_qubits": 9,
    "depth_in": 34,
    "depth_transpiled": 34,
    "size_transpiled": 42,
    "quasi_dist": {
      "0": 0.5166015625,
      "511": 0.4833984375
    }
  }
}