{
  "01_setup": 0.000327,
  "02_cache_search": 0.000626,
  "03_transpile": 0.022617,
  "07_cache_write": 0.000647,
  "04_submit": 0.002697,
  "05_run": 0.008578,
  "06_collect": 0.000253,
  "total": 0.035745
}