{
  "laps": {
    "01_setup": 0.000112,
    "02_cache_search": 0.00326,
    "04_submit": 0.008673,
    "05_run": 0.030692,
    "06_collect": 0.002407,
    "total": 0.045144
  },
  "meta": {
    "backend": "AerSV",
    "n_qubits": 17,
    "depth_in": 576,
    "depth_transpiled": 576,
    "size_transpiled": 592,
    "quasi_dist": {
      "0": 1.0
    }
  }
}