{
  "laps": {
    "01_setup": 9e-05,
    "03_transpile": 0.027462,
    "04_submit": 0.000814,
    "05_run": 0.001578,
    "06_collect": 9.1e-05,
    "total": 0.030035
  },
  "meta": {
    "backend": "AerSV",
    "n_qubits": 3,
    "depth_in": 34,
    "depth_transpiled": 10,
    "size_transpiled": 15,
    "quasi_dist": {
      "6": 0.1298828125,
      "4": 0.1240234375,
      "3": 0.13671875,
      "5": 0.119140625,
      "7": 0.134765625,
      "2": 0.103515625,
      "1": 0.123046875,
      "0": 0.12890625
    }
  }
}