{
  "laps": {
    "01_setup": 7.6e-05,
    "03_transpile": 0.021252,
    "04_submit": 0.000575,
    "05_run": 0.001389,
    "06_collect": 3.2e-05,
    "total": 0.023324
  },
  "meta": {
    "backend": "AerSV",
    "n_qubits": 3,
    "depth_in": 6,
    "depth_transpiled": 6,
    "size_transpiled": 9,
    "quasi_dist": {
      "6": 0.1259765625,
      "7": 0.11328125,
      "3": 0.1328125,
      "5": 0.1181640625,
      "2": 0.126953125,
      "0": 0.125,
      "4": 0.1298828125,
      "1": 0.1279296875
    }
  }
}