{
  "laps": {
    "01_setup": 0.000106,
    "03_transpile": 0.522383,
    "04_submit": 0.00714,
    "05_run": 0.199084,
    "06_collect": 0.003014,
    "total": 0.731727
  },
  "meta": {
    "backend": "AerSV",
    "n_qubits": 21,
    "depth_in": 105,
    "depth_transpiled": 105,
    "size_transpiled": 945,
    "quasi_dist": {
      "0": 1.0
    }
  }
}