{
  "laps": {
    "01_setup": 6.4e-05,
    "02_cache_search": 0.00021,
    "03_transpile": 0.022617,
    "07_cache_write": 0.000647,
    "04_submit": 0.000604,
    "05_run": 0.001658,
    "06_collect": 5.1e-05,
    "total": 0.025851
  },
  "meta": {
    "backend": "AerSV",
    "n_qubits": 5,
    "depth_in": 7,
    "depth_transpiled": 7,
    "size_transpiled": 19,
    "quasi_dist": {
      "3": 0.0244140625,
      "18": 0.0380859375,
      "9": 0.025390625,
      "10": 0.0361328125,
      "13": 0.037109375,
      "30": 0.0341796875,
      "8": 0.02734375,
      "29": 0.0302734375,
      "24": 0.0361328125,
      "4": 0.029296875,
      "11": 0.0234375,
      "15": 0.0341796875,
      "7": 0.041015625,
      "6": 0.03515625,
      "0": 0.0380859375,
      "19": 0.02734375,
      "28": 0.0302734375,
      "12": 0.03515625,
      "27": 0.029296875,
      "20": 0.0224609375,
      "31": 0.0361328125,
      "17": 0.03125,
      "21": 0.02734375,
      "26": 0.02734375,
      "16": 0.0390625,
      "1": 0.0302734375,
      "2": 0.0244140625,
      "23": 0.021484375,
      "14": 0.046875,
      "22": 0.03125,
      "5": 0.025390625,
      "25": 0.0244140625
    }
  }
}