{
  "laps": {
    "01_setup": 7.4e-05,
    "03_transpile": 0.021274,
    "04_submit": 0.000659,
    "05_run": 0.001591,
    "06_collect": 4.7e-05,
    "total": 0.023645
  },
  "meta": {
    "backend": "AerSV",
    "n_qubits": 5,
    "depth_in": 7,
    "depth_transpiled": 7,
    "size_transpiled": 15,
    "quasi_dist": {
      "17": 0.0322265625,
      "25": 0.048828125,
      "0": 0.7880859375,
      "31": 0.03125,
      "30": 0.0439453125,
      "29": 0.03515625,
      "14": 0.005859375,
      "3": 0.001953125,
      "1": 0.00390625,
      "2": 0.0009765625,
      "8": 0.0009765625,
      "6": 0.001953125,
      "15": 0.001953125,
      "12": 0.001953125,
      "4": 0.0009765625
    }
  }
}