{
  "laps": {
    "01_setup": 6.7e-05,
    "03_transpile": 0.025056,
    "04_submit": 0.00094,
    "05_run": 0.002416,
    "06_collect": 0.000204,
    "total": 0.028683
  },
  "meta": {
    "backend": "AerSV",
    "n_qubits": 11,
    "depth_in": 27,
    "depth_transpiled": 27,
    "size_transpiled": 37,
    "quasi_dist": {
      "2047": 0.474609375,
      "0": 0.525390625
    }
  }
}