{
  "laps": {
    "01_setup": 0.000112,
    "03_transpile": 0.033346,
    "04_submit": 0.001374,
    "05_run": 0.002336,
    "06_collect": 0.000146,
    "total": 0.037314
  },
  "meta": {
    "backend": "AerSV",
    "n_qubits": 5,
    "depth_in": 19,
    "depth_transpiled": 16,
    "size_transpiled": 46,
    "quasi_dist": {
      "0": 0.2861328125,
      "22": 0.0126953125,
      "13": 0.017578125,
      "2": 0.033203125,
      "19": 0.0283203125,
      "28": 0.0341796875,
      "6": 0.025390625,
      "20": 0.009765625,
      "18": 0.017578125,
      "24": 0.0087890625,
      "4": 0.0400390625,
      "17": 0.0224609375,
      "3": 0.048828125,
      "1": 0.05078125,
      "8": 0.0556640625,
      "27": 0.001953125,
      "31": 0.0361328125,
      "7": 0.052734375,
      "12": 0.0380859375,
      "16": 0.0283203125,
      "26": 0.0146484375,
      "14": 0.0390625,
      "15": 0.021484375,
      "9": 0.0166015625,
      "10": 0.0048828125,
      "30": 0.0166015625,
      "11": 0.0126953125,
      "25": 0.015625,
      "21": 0.0029296875,
      "29": 0.001953125,
      "5": 0.0048828125
    }
  }
}