{
  "laps": {
    "01_setup": 9.3e-05,
    "03_transpile": 0.048294,
    "04_submit": 0.002422,
    "05_run": 0.006376,
    "06_collect": 0.000564,
    "total": 0.057749
  },
  "meta": {
    "backend": "AerSV",
    "n_qubits": 17,
    "depth_in": 42,
    "depth_transpiled": 42,
    "size_transpiled": 58,
    "quasi_dist": {
      "131071": 0.49609375,
      "0": 0.50390625
    }
  }
}