{
  "laps": {
    "01_setup": 0.000118,
    "03_transpile": 0.036849,
    "04_submit": 0.000988,
    "05_run": 0.01709,
    "06_collect": 0.000219,
    "total": 0.055264
  },
  "meta": {
    "backend": "AerSV",
    "n_qubits": 21,
    "depth_in": 22,
    "depth_transpiled": 22,
    "size_transpiled": 42,
    "quasi_dist": {
      "0": 0.5126953125,
      "2097151": 0.4873046875
    }
  }
}