{
  "01_setup": 0.000408,
  "03_transpile": 0.482151,
  "04_submit": 0.075988,
  "05_run": 0.032863,
  "06_collect": 0.005877,
  "total": 0.597287
}