{
  "01_setup": 0.000395,
  "02_cache_search": 0.005818,
  "03_transpile": 0.079997,
  "07_cache_write": 0.004395,
  "04_submit": 0.010906,
  "05_run": 0.018486,
  "06_collect": 0.00235,
  "total": 0.122347
}