{
  "laps": {
    "01_setup": 0.000113,
    "03_transpile": 0.175024,
    "04_submit": 0.006302,
    "05_run": 0.057867,
    "06_collect": 0.002598,
    "total": 0.241904
  },
  "meta": {
    "backend": "AerSV",
    "n_qubits": 19,
    "depth_in": 651,
    "depth_transpiled": 651,
    "size_transpiled": 669,
    "quasi_dist": {
      "0": 1.0
    }
  }
}