{
  "laps": {
    "01_setup": 6.5e-05,
    "03_transpile": 0.022255,
    "04_submit": 0.000764,
    "05_run": 0.002029,
    "06_collect": 0.000137,
    "total": 0.02525
  },
  "meta": {
    "backend": "AerSV",
    "n_qubits": 7,
    "depth_in": 23,
    "depth_transpiled": 23,
    "size_transpiled": 29,
    "quasi_dist": {
      "0": 0.5185546875,
      "127": 0.4814453125
    }
  }
}