{
  "01_setup": 0.000313,
  "02_cache_search": 0.001293,
  "03_transpile": 0.026808,
  "07_cache_write": 0.001118,
  "04_submit": 0.003111,
  "05_run": 0.008116,
  "06_collect": 0.000528,
  "total": 0.041287
}