{
  "laps": {
    "01_setup": 0.000109,
    "03_transpile": 0.148607,
    "04_submit": 0.007849,
    "05_run": 0.010319,
    "06_collect": 0.002114,
    "total": 0.168998
  },
  "meta": {
    "backend": "AerSV",
    "n_qubits": 7,
    "depth_in": 901,
    "depth_transpiled": 901,
    "size_transpiled": 907,
    "quasi_dist": {
      "0": 1.0
    }
  }
}