{
  "laps": {
    "01_setup": 6.9e-05,
    "03_transpile": 0.041281,
    "04_submit": 0.001834,
    "05_run": 0.002539,
    "06_collect": 0.000278,
    "total": 0.046001
  },
  "meta": {
    "backend": "AerSV",
    "n_qubits": 3,
    "depth_in": 101,
    "depth_transpiled": 101,
    "size_transpiled": 153,
    "quasi_dist": {
      "0": 0.80859375,
      "2": 0.0927734375,
      "1": 0.0361328125,
      "5": 0.025390625,
      "4": 0.0361328125,
      "6": 0.0009765625
    }
  }
}