{
  "laps": {
    "01_setup": 0.000113,
    "03_transpile": 0.363838,
    "04_submit": 0.117067,
    "05_run": 0.038701,
    "06_collect": 0.006866,
    "total": 0.526585
  },
  "meta": {
    "backend": "AerSV",
    "n_qubits": 17,
    "depth_in": 2401,
    "depth_transpiled": 2401,
    "size_transpiled": 2417,
    "quasi_dist": {
      "0": 1.0
    }
  }
}