{
  "laps": {
    "01_setup": 6.4e-05,
    "03_transpile": 0.033684,
    "04_submit": 0.000971,
    "05_run": 0.001976,
    "06_collect": 0.000182,
    "total": 0.036877
  },
  "meta": {
    "backend": "AerSV",
    "n_qubits": 3,
    "depth_in": 65,
    "depth_transpiled": 65,
    "size_transpiled": 99,
    "quasi_dist": {
      "0": 0.572265625,
      "7": 0.0712890625,
      "4": 0.10546875,
      "5": 0.0986328125,
      "1": 0.0556640625,
      "2": 0.064453125,
      "3": 0.0166015625,
      "6": 0.015625
    }
  }
}