{
  "01_setup": 0.000958,
  "03_transpile": 0.45897,
  "04_submit": 0.013069,
  "05_run": 0.047504,
  "06_collect": 0.007707,
  "total": 0.528208
}