{
  "01_setup": 0.000597,
  "02_cache_search": 0.060553,
  "03_transpile": 0.474105,
  "07_cache_write": 0.040545,
  "04_submit": 0.198691,
  "05_run": 0.318115,
  "06_collect": 0.034921,
  "total": 1.127527
}