{
  "01_setup": 0.000439,
  "02_cache_search": 0.002147,
  "03_transpile": 0.043413,
  "07_cache_write": 0.020045,
  "04_submit": 0.005949,
  "05_run": 0.02124,
  "06_collect": 0.001163,
  "total": 0.094396
}