{
  "01_setup": 0.000579,
  "03_transpile": 0.309941,
  "04_submit": 0.011503,
  "05_run": 0.796079,
  "06_collect": 0.003155,
  "total": 1.121257
}