{
  "01_setup": 0.000625,
  "02_cache_search": 0.026019,
  "03_transpile": 0.245269,
  "07_cache_write": 0.257687,
  "04_submit": 0.054456,
  "05_run": 0.505668,
  "06_collect": 0.01549,
  "total": 1.105214
}