{
  "laps": {
    "01_setup": 0.000118,
    "03_transpile": 0.100334,
    "04_submit": 0.004456,
    "05_run": 0.006448,
    "06_collect": 0.001213,
    "total": 0.112569
  },
  "meta": {
    "backend": "AerSV",
    "n_qubits": 5,
    "depth_in": 601,
    "depth_transpiled": 601,
    "size_transpiled": 605,
    "quasi_dist": {
      "0": 1.0
    }
  }
}