{
  "01_setup": 0.000543,
  "02_cache_search": 0.009749,
  "03_transpile": 0.107146,
  "07_cache_write": 0.255826,
  "04_submit": 0.017721,
  "05_run": 0.15397,
  "06_collect": 0.005252,
  "total": 0.550207
}