{
  "laps": {
    "01_setup": 0.000131,
    "02_cache_search": 0.000372,
    "04_submit": 0.002217,
    "05_run": 0.005172,
    "06_collect": 0.000469,
    "total": 0.008361
  },
  "meta": {
    "backend": "AerSV",
    "n_qubits": 15,
    "depth_in": 31,
    "depth_transpiled": 31,
    "size_transpiled": 45,
    "quasi_dist": {
      "32767": 0.4873046875,
      "0": 0.5126953125
    }
  }
}