{
  "01_setup": 0.000497,
  "02_cache_search": 0.118668,
  "03_transpile": 1.841216,
  "07_cache_write": 0.350766,
  "04_submit": 0.157897,
  "05_run": 4.981095,
  "06_collect": 0.066612,
  "total": 7.516751
}