{
  "01_setup": 0.000402,
  "03_transpile": 0.190941,
  "04_submit": 0.006631,
  "05_run": 0.028936,
  "06_collect": 0.00121,
  "total": 0.22812
}