{
  "laps": {
    "01_setup": 0.000121,
    "03_transpile": 0.147861,
    "04_submit": 0.005566,
    "05_run": 0.008412,
    "06_collect": 0.00218,
    "total": 0.16414
  },
  "meta": {
    "backend": "AerSV",
    "n_qubits": 5,
    "depth_in": 327,
    "depth_transpiled": 327,
    "size_transpiled": 660,
    "quasi_dist": {
      "9": 0.025390625,
      "26": 0.0400390625,
      "8": 0.0205078125,
      "29": 0.0146484375,
      "28": 0.0400390625,
      "12": 0.0302734375,
      "3": 0.029296875,
      "31": 0.0673828125,
      "17": 0.0419921875,
      "24": 0.0341796875,
      "14": 0.0341796875,
      "10": 0.0341796875,
      "0": 0.0703125,
      "11": 0.048828125,
      "13": 0.033203125,
      "6": 0.0361328125,
      "2": 0.0166015625,
      "20": 0.064453125,
      "5": 0.0302734375,
      "18": 0.033203125,
      "19": 0.0361328125,
      "4": 0.0087890625,
      "21": 0.0419921875,
      "1": 0.01171875,
      "7": 0.048828125,
      "25": 0.0341796875,
      "22": 0.025390625,
      "23": 0.0126953125,
      "27": 0.0087890625,
      "16": 0.01171875,
      "15": 0.0087890625,
      "30": 0.005859375
    }
  }
}