{
  "laps": {
    "01_setup": 0.000177,
    "02_cache_search": 0.001184,
    "03_transpile": 0.088516,
    "07_cache_write": 0.182796,
    "04_submit": 0.002221,
    "05_run": 0.297943,
    "06_collect": 0.000839,
    "total": 0.573676
  },
  "meta": {
    "backend": "AerSV",
    "n_qubits": 23,
    "depth_in": 129,
    "depth_transpiled": 129,
    "size_transpiled": 151,
    "quasi_dist": {
      "0": 1.0
    }
  }
}