{
  "laps": {
    "01_setup": 0.000102,
    "03_transpile": 0.410002,
    "04_submit": 0.006243,
    "05_run": 0.046539,
    "06_collect": 0.002482,
    "total": 0.465368
  },
  "meta": {
    "backend": "AerSV",
    "n_qubits": 19,
    "depth_in": 95,
    "depth_transpiled": 95,
    "size_transpiled": 779,
    "quasi_dist": {
      "0": 1.0
    }
  }
}