{
  "01_setup": 0.000555,
  "02_cache_search": 0.012594,
  "03_transpile": 0.126443,
  "07_cache_write": 0.018646,
  "04_submit": 0.031737,
  "05_run": 0.213391,
  "06_collect": 0.009094,
  "total": 0.41246
}