{
  "01_setup": 0.000328,
  "02_cache_search": 0.001071,
  "03_transpile": 0.024524,
  "07_cache_write": 0.00962,
  "04_submit": 0.00308,
  "05_run": 0.013387,
  "06_collect": 0.000482,
  "total": 0.052492
}