{
  "laps": {
    "01_setup": 5.9e-05,
    "02_cache_search": 7.6e-05,
    "04_submit": 0.000353,
    "05_run": 0.001175,
    "06_collect": 3e-05,
    "total": 0.001693
  },
  "meta": {
    "backend": "AerSV",
    "n_qubits": 3,
    "depth_in": 5,
    "depth_transpiled": 5,
    "size_transpiled": 9,
    "quasi_dist": {
      "0": 0.841796875,
      "5": 0.046875,
      "7": 0.048828125,
      "6": 0.0615234375,
      "1": 0.0009765625
    }
  }
}