{
  "laps": {
    "01_setup": 8.9e-05,
    "02_cache_search": 0.000116,
    "04_submit": 0.000467,
    "05_run": 0.001349,
    "06_collect": 3.6e-05,
    "total": 0.002057
  },
  "meta": {
    "backend": "AerSV",
    "n_qubits": 3,
    "depth_in": 5,
    "depth_transpiled": 5,
    "size_transpiled": 9,
    "quasi_dist": {
      "0": 0.8525390625,
      "5": 0.0439453125,
      "6": 0.041015625,
      "7": 0.056640625,
      "3": 0.001953125,
      "2": 0.001953125,
      "1": 0.001953125
    }
  }
}