{
  "laps": {
    "01_setup": 0.000179,
    "02_cache_search": 0.00198,
    "04_submit": 0.004236,
    "05_run": 0.019012,
    "06_collect": 0.001144,
    "total": 0.026551
  },
  "meta": {
    "backend": "AerSV",
    "n_qubits": 13,
    "depth_in": 577,
    "depth_transpiled": 577,
    "size_transpiled": 589,
    "quasi_dist": {
      "0": 1.0
    }
  }
}