{
  "laps": {
    "01_setup": 0.000147,
    "03_transpile": 0.309671,
    "04_submit": 0.004389,
    "05_run": 0.009378,
    "06_collect": 0.001083,
    "total": 0.324668
  },
  "meta": {
    "backend": "AerSV",
    "n_qubits": 11,
    "depth_in": 481,
    "depth_transpiled": 481,
    "size_transpiled": 491,
    "quasi_dist": {
      "0": 1.0
    }
  }
}