{
  "01_setup": 0.000497,
  "03_transpile": 0.495337,
  "04_submit": 0.015789,
  "05_run": 0.085136,
  "06_collect": 0.00602,
  "total": 0.602779
}