{
  "01_setup": 0.000762,
  "02_cache_search": 0.008606,
  "03_transpile": 0.091325,
  "07_cache_write": 0.339355,
  "04_submit": 0.017709,
  "05_run": 7.035431,
  "06_collect": 0.00482,
  "total": 7.498008
}