{
  "laps": {
    "01_setup": 7.4e-05,
    "03_transpile": 0.044566,
    "04_submit": 0.001577,
    "05_run": 0.002335,
    "06_collect": 0.00028,
    "total": 0.048832
  },
  "meta": {
    "backend": "AerSV",
    "n_qubits": 3,
    "depth_in": 101,
    "depth_transpiled": 77,
    "size_transpiled": 131,
    "quasi_dist": {
      "0": 0.5546875,
      "6": 0.1298828125,
      "4": 0.06640625,
      "1": 0.0751953125,
      "3": 0.0810546875,
      "2": 0.0400390625,
      "5": 0.0498046875,
      "7": 0.0029296875
    }
  }
}