{
  "01_setup": 0.000534,
  "03_transpile": 0.145367,
  "04_submit": 0.004502,
  "05_run": 0.024115,
  "06_collect": 0.000638,
  "total": 0.175156
}