{
  "laps": {
    "01_setup": 0.000123,
    "03_transpile": 1.82441,
    "04_submit": 0.023591,
    "05_run": 22.769605,
    "06_collect": 0.011445,
    "total": 24.629174
  },
  "meta": {
    "backend": "AerSV",
    "n_qubits": 25,
    "depth_in": 225,
    "depth_transpiled": 225,
    "size_transpiled": 2625,
    "quasi_dist": {
      "0": 1.0
    }
  }
}