{
  "01_setup": 0.000383,
  "02_cache_search": 0.002209,
  "03_transpile": 0.032445,
  "07_cache_write": 0.004817,
  "04_submit": 0.005954,
  "05_run": 0.011571,
  "06_collect": 0.001339,
  "total": 0.058718
}