{
  "laps": {
    "01_setup": 9.5e-05,
    "02_cache_search": 0.000466,
    "04_submit": 0.002543,
    "05_run": 0.010694,
    "06_collect": 0.000623,
    "total": 0.014421
  },
  "meta": {
    "backend": "AerSV",
    "n_qubits": 19,
    "depth_in": 44,
    "depth_transpiled": 44,
    "size_transpiled": 62,
    "quasi_dist": {
      "524287": 0.474609375,
      "0": 0.525390625
    }
  }
}