{
  "laps": {
    "01_setup": 6.9e-05,
    "03_transpile": 0.022954,
    "04_submit": 0.000892,
    "05_run": 0.002349,
    "06_collect": 8.2e-05,
    "total": 0.026346
  },
  "meta": {
    "backend": "AerSV",
    "n_qubits": 5,
    "depth_in": 15,
    "depth_transpiled": 15,
    "size_transpiled": 36,
    "quasi_dist": {
      "2": 0.009765625,
      "28": 0.0537109375,
      "9": 0.046875,
      "22": 0.04296875,
      "7": 0.013671875,
      "31": 0.2490234375,
      "0": 0.2392578125,
      "26": 0.01171875,
      "1": 0.03125,
      "17": 0.017578125,
      "25": 0.0107421875,
      "5": 0.0185546875,
      "10": 0.0234375,
      "24": 0.013671875,
      "14": 0.021484375,
      "13": 0.0185546875,
      "18": 0.0087890625,
      "6": 0.01171875,
      "21": 0.0107421875,
      "3": 0.0478515625,
      "8": 0.0107421875,
      "12": 0.01171875,
      "23": 0.005859375,
      "30": 0.025390625,
      "19": 0.009765625,
      "20": 0.0146484375,
      "11": 0.0146484375,
      "29": 0.0048828125,
      "27": 0.0009765625
    }
  }
}