{
  "01_setup": 0.000472,
  "03_transpile": 0.130991,
  "04_submit": 0.003882,
  "05_run": 0.008036,
  "06_collect": 0.000505,
  "total": 0.143886
}