{
  "laps": {
    "01_setup": 0.000101,
    "02_cache_search": 0.002236,
    "03_transpile": 0.117044,
    "07_cache_write": 0.110103,
    "04_submit": 0.003845,
    "05_run": 0.021516,
    "06_collect": 0.001648,
    "total": 0.256493
  },
  "meta": {
    "backend": "AerSV",
    "n_qubits": 17,
    "depth_in": 369,
    "depth_transpiled": 369,
    "size_transpiled": 385,
    "quasi_dist": {
      "0": 1.0
    }
  }
}