{
  "01_setup": 0.000492,
  "02_cache_search": 0.010325,
  "03_transpile": 0.106372,
  "07_cache_write": 0.042251,
  "04_submit": 0.021085,
  "05_run": 0.058067,
  "06_collect": 0.00667,
  "total": 0.245262
}