{
  "01_setup": 0.00046,
  "03_transpile": 1.892526,
  "04_submit": 0.118578,
  "05_run": 0.06762,
  "06_collect": 0.012194,
  "total": 2.091378
}