{
  "laps": {
    "01_setup": 7.2e-05,
    "03_transpile": 0.020359,
    "04_submit": 0.001178,
    "05_run": 0.001743,
    "06_collect": 3.6e-05,
    "total": 0.023388
  },
  "meta": {
    "backend": "AerSV",
    "n_qubits": 3,
    "depth_in": 6,
    "depth_transpiled": 6,
    "size_transpiled": 9,
    "quasi_dist": {
      "3": 0.1181640625,
      "2": 0.123046875,
      "7": 0.138671875,
      "4": 0.1259765625,
      "6": 0.1328125,
      "0": 0.1240234375,
      "1": 0.1279296875,
      "5": 0.109375
    }
  }
}