{
  "01_setup": 0.000496,
  "02_cache_search": 0.001208,
  "03_transpile": 0.035994,
  "07_cache_write": 0.021243,
  "04_submit": 0.005145,
  "05_run": 0.029259,
  "06_collect": 0.001036,
  "total": 0.094381
}