{
  "01_setup": 0.000462,
  "03_transpile": 0.212809,
  "04_submit": 0.005458,
  "05_run": 0.011117,
  "06_collect": 0.000776,
  "total": 0.230622
}