{
  "laps": {
    "01_setup": 0.000102,
    "03_transpile": 0.315097,
    "04_submit": 0.009208,
    "05_run": 0.020413,
    "06_collect": 0.003922,
    "total": 0.348742
  },
  "meta": {
    "backend": "AerSV",
    "n_qubits": 15,
    "depth_in": 1345,
    "depth_transpiled": 1345,
    "size_transpiled": 1359,
    "quasi_dist": {
      "0": 1.0
    }
  }
}