{
  "laps": {
    "01_setup": 0.000131,
    "03_transpile": 0.050215,
    "04_submit": 0.001099,
    "05_run": 0.002278,
    "06_collect": 0.000443,
    "total": 0.054166
  },
  "meta": {
    "backend": "AerSV",
    "n_qubits": 3,
    "depth_in": 130,
    "depth_transpiled": 34,
    "size_transpiled": 39,
    "quasi_dist": {
      "5": 0.15625,
      "1": 0.1015625,
      "3": 0.125,
      "6": 0.115234375,
      "7": 0.119140625,
      "0": 0.1162109375,
      "4": 0.125,
      "2": 0.1416015625
    }
  }
}