{
  "laps": {
    "01_setup": 6.5e-05,
    "02_cache_search": 0.000185,
    "04_submit": 0.000833,
    "05_run": 0.002682,
    "06_collect": 0.000193,
    "total": 0.003958
  },
  "meta": {
    "backend": "AerSV",
    "n_qubits": 11,
    "depth_in": 27,
    "depth_transpiled": 27,
    "size_transpiled": 37,
    "quasi_dist": {
      "0": 0.5244140625,
      "2047": 0.4755859375
    }
  }
}