{
  "laps": {
    "01_setup": 6.5e-05,
    "02_cache_search": 0.000218,
    "03_transpile": 0.021773,
    "07_cache_write": 0.00049,
    "04_submit": 0.000603,
    "05_run": 0.001442,
    "06_collect": 4.9e-05,
    "total": 0.02464
  },
  "meta": {
    "backend": "AerSV",
    "n_qubits": 3,
    "depth_in": 12,
    "depth_transpiled": 12,
    "size_transpiled": 18,
    "quasi_dist": {
      "7": 0.4248046875,
      "1": 0.0244140625,
      "5": 0.0302734375,
      "0": 0.4248046875,
      "6": 0.0244140625,
      "3": 0.021484375,
      "2": 0.0185546875,
      "4": 0.03125
    }
  }
}