{
  "laps": {
    "01_setup": 6.9e-05,
    "03_transpile": 0.022047,
    "04_submit": 0.000742,
    "05_run": 0.002441,
    "06_collect": 9.7e-05,
    "total": 0.025396
  },
  "meta": {
    "backend": "AerSV",
    "n_qubits": 11,
    "depth_in": 15,
    "depth_transpiled": 15,
    "size_transpiled": 25,
    "quasi_dist": {
      "2047": 0.501953125,
      "0": 0.498046875
    }
  }
}