{
  "laps": {
    "01_setup": 0.000154,
    "02_cache_search": 0.005793,
    "03_transpile": 0.412278,
    "07_cache_write": 0.037125,
    "04_submit": 0.00896,
    "05_run": 1.573948,
    "06_collect": 0.005305,
    "total": 2.043563
  },
  "meta": {
    "backend": "AerSV",
    "n_qubits": 23,
    "depth_in": 801,
    "depth_transpiled": 801,
    "size_transpiled": 823,
    "quasi_dist": {
      "0": 1.0
    }
  }
}