{
  "laps": {
    "01_setup": 0.000133,
    "03_transpile": 0.299985,
    "04_submit": 0.005844,
    "05_run": 0.162716,
    "06_collect": 0.00207,
    "total": 0.470748
  },
  "meta": {
    "backend": "AerSV",
    "n_qubits": 21,
    "depth_in": 465,
    "depth_transpiled": 465,
    "size_transpiled": 485,
    "quasi_dist": {
      "0": 1.0
    }
  }
}