{
  "laps": {
    "01_setup": 7.5e-05,
    "03_transpile": 0.026447,
    "04_submit": 0.000884,
    "05_run": 0.002055,
    "06_collect": 0.000104,
    "total": 0.029565
  },
  "meta": {
    "backend": "AerSV",
    "n_qubits": 3,
    "depth_in": 33,
    "depth_transpiled": 26,
    "size_transpiled": 46,
    "quasi_dist": {
      "4": 0.083984375,
      "1": 0.146484375,
      "5": 0.107421875,
      "3": 0.177734375,
      "2": 0.1533203125,
      "0": 0.154296875,
      "6": 0.1142578125,
      "7": 0.0625
    }
  }
}