{
  "laps": {
    "01_setup": 6.5e-05,
    "02_cache_search": 8.4e-05,
    "04_submit": 0.000391,
    "05_run": 0.001267,
    "06_collect": 3.1e-05,
    "total": 0.001838
  },
  "meta": {
    "backend": "AerSV",
    "n_qubits": 3,
    "depth_in": 6,
    "depth_transpiled": 6,
    "size_transpiled": 9,
    "quasi_dist": {
      "4": 0.1220703125,
      "3": 0.1171875,
      "2": 0.1435546875,
      "6": 0.11328125,
      "5": 0.134765625,
      "0": 0.1220703125,
      "1": 0.1279296875,
      "7": 0.119140625
    }
  }
}