{
  "01_setup": 0.000447,
  "02_cache_search": 0.081334,
  "03_transpile": 1.541526,
  "07_cache_write": 0.140287,
  "04_submit": 0.273453,
  "05_run": 0.857644,
  "06_collect": 0.04679,
  "total": 2.941481
}