{
  "laps": {
    "01_setup": 0.00011,
    "03_transpile": 0.032329,
    "04_submit": 0.000938,
    "05_run": 0.018346,
    "06_collect": 0.000189,
    "total": 0.051912
  },
  "meta": {
    "backend": "AerSV",
    "n_qubits": 21,
    "depth_in": 22,
    "depth_transpiled": 22,
    "size_transpiled": 42,
    "quasi_dist": {
      "0": 0.50390625,
      "2097151": 0.49609375
    }
  }
}