{
  "01_setup": 0.000373,
  "02_cache_search": 0.002959,
  "03_transpile": 0.045669,
  "07_cache_write": 0.159226,
  "04_submit": 0.007229,
  "05_run": 0.018313,
  "06_collect": 0.001407,
  "total": 0.235176
}