{
  "laps": {
    "01_setup": 0.000208,
    "03_transpile": 0.036295,
    "04_submit": 0.001248,
    "05_run": 0.389527,
    "06_collect": 0.000449,
    "total": 0.427727
  },
  "meta": {
    "backend": "AerSV",
    "n_qubits": 25,
    "depth_in": 33,
    "depth_transpiled": 33,
    "size_transpiled": 57,
    "quasi_dist": {
      "33554431": 0.50390625,
      "0": 0.49609375
    }
  }
}