{
  "laps": {
    "01_setup": 0.000149,
    "02_cache_search": 0.00037,
    "04_submit": 0.001852,
    "05_run": 0.461617,
    "06_collect": 0.000324,
    "total": 0.464312
  },
  "meta": {
    "backend": "AerSV",
    "n_qubits": 25,
    "depth_in": 29,
    "depth_transpiled": 29,
    "size_transpiled": 53,
    "quasi_dist": {
      "33554431": 0.4912109375,
      "0": 0.5087890625
    }
  }
}