{
  "laps": {
    "01_setup": 9.2e-05,
    "02_cache_search": 0.000261,
    "04_submit": 0.000902,
    "05_run": 0.001689,
    "06_collect": 0.000109,
    "total": 0.003053
  },
  "meta": {
    "backend": "AerSV",
    "n_qubits": 3,
    "depth_in": 33,
    "depth_transpiled": 33,
    "size_transpiled": 51,
    "quasi_dist": {
      "2": 0.0712890625,
      "1": 0.40625,
      "3": 0.1455078125,
      "6": 0.1220703125,
      "5": 0.076171875,
      "0": 0.0927734375,
      "4": 0.0830078125,
      "7": 0.0029296875
    }
  }
}