{
  "01_setup": 0.000382,
  "02_cache_search": 0.02699,
  "03_transpile": 0.176109,
  "07_cache_write": 0.007518,
  "04_submit": 0.004187,
  "05_run": 0.008271,
  "06_collect": 0.001321,
  "total": 0.224778
}