{
  "laps": {
    "01_setup": 0.000123,
    "03_transpile": 0.346563,
    "04_submit": 0.016754,
    "05_run": 0.037238,
    "06_collect": 0.006936,
    "total": 0.407614
  },
  "meta": {
    "backend": "AerSV",
    "n_qubits": 17,
    "depth_in": 2401,
    "depth_transpiled": 2401,
    "size_transpiled": 2417,
    "quasi_dist": {
      "0": 1.0
    }
  }
}