{
  "laps": {
    "01_setup": 0.00011,
    "03_transpile": 0.06105,
    "04_submit": 0.003478,
    "05_run": 0.082095,
    "06_collect": 0.000814,
    "total": 0.147547
  },
  "meta": {
    "backend": "AerSV",
    "n_qubits": 23,
    "depth_in": 48,
    "depth_transpiled": 48,
    "size_transpiled": 70,
    "quasi_dist": {
      "8388607": 0.4873046875,
      "0": 0.5126953125
    }
  }
}