{
  "laps": {
    "01_setup": 0.000112,
    "03_transpile": 0.198252,
    "04_submit": 0.006997,
    "05_run": 0.04946,
    "06_collect": 0.003317,
    "total": 0.258138
  },
  "meta": {
    "backend": "AerSV",
    "n_qubits": 21,
    "depth_in": 961,
    "depth_transpiled": 961,
    "size_transpiled": 981,
    "quasi_dist": {
      "0": 1.0
    }
  }
}