{
  "laps": {
    "01_setup": 0.000109,
    "02_cache_search": 0.000794,
    "04_submit": 0.002348,
    "05_run": 0.041116,
    "06_collect": 0.000607,
    "total": 0.044974
  },
  "meta": {
    "backend": "AerSV",
    "n_qubits": 21,
    "depth_in": 117,
    "depth_transpiled": 117,
    "size_transpiled": 137,
    "quasi_dist": {
      "0": 1.0
    }
  }
}