{
  "01_setup": 0.000574,
  "02_cache_search": 0.001352,
  "03_transpile": 0.038124,
  "07_cache_write": 0.038184,
  "04_submit": 0.005427,
  "05_run": 0.422546,
  "06_collect": 0.001162,
  "total": 0.507369
}