{
  "01_setup": 0.00067,
  "03_transpile": 0.222761,
  "04_submit": 0.008818,
  "05_run": 0.02598,
  "06_collect": 0.002011,
  "total": 0.26024
}