{
  "laps": {
    "01_setup": 8.8e-05,
    "03_transpile": 0.576413,
    "04_submit": 0.011359,
    "05_run": 0.023278,
    "06_collect": 0.002986,
    "total": 0.614124
  },
  "meta": {
    "backend": "AerSV",
    "n_qubits": 13,
    "depth_in": 221,
    "depth_transpiled": 221,
    "size_transpiled": 1469,
    "quasi_dist": {
      "0": 1.0
    }
  }
}