{
  "laps": {
    "01_setup": 0.00015,
    "03_transpile": 0.085719,
    "04_submit": 0.003393,
    "05_run": 0.006598,
    "06_collect": 0.000774,
    "total": 0.096634
  },
  "meta": {
    "backend": "AerSV",
    "n_qubits": 5,
    "depth_in": 210,
    "depth_transpiled": 210,
    "size_transpiled": 426,
    "quasi_dist": {
      "24": 0.033203125,
      "8": 0.0107421875,
      "25": 0.01953125,
      "0": 0.28125,
      "31": 0.2568359375,
      "3": 0.021484375,
      "13": 0.021484375,
      "11": 0.0146484375,
      "14": 0.0146484375,
      "18": 0.02734375,
      "29": 0.005859375,
      "7": 0.03515625,
      "10": 0.0166015625,
      "9": 0.0244140625,
      "22": 0.0234375,
      "20": 0.0146484375,
      "5": 0.015625,
      "26": 0.01953125,
      "19": 0.025390625,
      "12": 0.01953125,
      "16": 0.0068359375,
      "21": 0.0068359375,
      "2": 0.0107421875,
      "28": 0.01953125,
      "6": 0.0234375,
      "4": 0.0029296875,
      "23": 0.0078125,
      "17": 0.01171875,
      "27": 0.00390625,
      "15": 0.0048828125
    }
  }
}