{
  "01_setup": 0.000417,
  "03_transpile": 0.538907,
  "04_submit": 0.015993,
  "05_run": 0.062691,
  "06_collect": 0.003903,
  "total": 0.621911
}