{
  "laps": {
    "01_setup": 8.2e-05,
    "02_cache_search": 0.000155,
    "04_submit": 0.000685,
    "05_run": 0.002382,
    "06_collect": 0.000128,
    "total": 0.003432
  },
  "meta": {
    "backend": "AerSV",
    "n_qubits": 9,
    "depth_in": 17,
    "depth_transpiled": 17,
    "size_transpiled": 25,
    "quasi_dist": {
      "0": 0.4658203125,
      "511": 0.5341796875
    }
  }
}