{
  "01_setup": 0.000557,
  "02_cache_search": 0.024212,
  "03_transpile": 0.216358,
  "07_cache_write": 0.007256,
  "04_submit": 0.004613,
  "05_run": 0.010416,
  "06_collect": 0.001011,
  "total": 0.264423
}