{
  "laps": {
    "01_setup": 7.5e-05,
    "03_transpile": 0.045068,
    "04_submit": 0.001283,
    "05_run": 0.002457,
    "06_collect": 0.000281,
    "total": 0.049164
  },
  "meta": {
    "backend": "AerSV",
    "n_qubits": 3,
    "depth_in": 101,
    "depth_transpiled": 77,
    "size_transpiled": 131,
    "quasi_dist": {
      "6": 0.173828125,
      "0": 0.5224609375,
      "4": 0.0771484375,
      "1": 0.078125,
      "5": 0.0458984375,
      "7": 0.0048828125,
      "3": 0.05859375,
      "2": 0.0390625
    }
  }
}