{
  "laps": {
    "01_setup": 7.3e-05,
    "02_cache_search": 0.001102,
    "03_transpile": 0.061458,
    "07_cache_write": 0.001383,
    "04_submit": 0.002299,
    "05_run": 0.0035,
    "06_collect": 0.000532,
    "total": 0.070347
  },
  "meta": {
    "backend": "AerSV",
    "n_qubits": 3,
    "depth_in": 252,
    "depth_transpiled": 252,
    "size_transpiled": 306,
    "quasi_dist": {
      "3": 0.1572265625,
      "1": 0.1484375,
      "5": 0.1376953125,
      "4": 0.1142578125,
      "2": 0.1171875,
      "6": 0.13671875,
      "0": 0.103515625,
      "7": 0.0849609375
    }
  }
}