{
  "laps": {
    "01_setup": 7.1e-05,
    "03_transpile": 0.01986,
    "04_submit": 0.001091,
    "05_run": 0.001717,
    "06_collect": 5.8e-05,
    "total": 0.022797
  },
  "meta": {
    "backend": "AerSV",
    "n_qubits": 5,
    "depth_in": 9,
    "depth_transpiled": 9,
    "size_transpiled": 13,
    "quasi_dist": {
      "0": 0.4951171875,
      "31": 0.5048828125
    }
  }
}