{
  "01_setup": 0.000341,
  "02_cache_search": 0.180749,
  "03_transpile": 0.019658,
  "07_cache_write": 0.139204,
  "04_submit": 0.003048,
  "05_run": 0.006873,
  "06_collect": 0.000173,
  "total": 0.350046
}