{
  "laps": {
    "01_setup": 0.0001,
    "03_transpile": 0.037513,
    "04_submit": 0.00119,
    "05_run": 0.016302,
    "06_collect": 0.00025,
    "total": 0.055355
  },
  "meta": {
    "backend": "AerSV",
    "n_qubits": 21,
    "depth_in": 25,
    "depth_transpiled": 25,
    "size_transpiled": 45,
    "quasi_dist": {
      "2097151": 0.5107421875,
      "0": 0.4892578125
    }
  }
}