{
  "laps": {
    "01_setup": 0.000151,
    "03_transpile": 3.079433,
    "04_submit": 0.0403,
    "05_run": 42.272226,
    "06_collect": 0.018601,
    "total": 45.410711
  },
  "meta": {
    "backend": "AerSV",
    "n_qubits": 25,
    "depth_in": 425,
    "depth_transpiled": 425,
    "size_transpiled": 5225,
    "quasi_dist": {
      "0": 1.0
    }
  }
}