{
  "laps": {
    "01_setup": 0.000129,
    "03_transpile": 0.036584,
    "04_submit": 0.001542,
    "05_run": 0.002771,
    "06_collect": 0.000233,
    "total": 0.041259
  },
  "meta": {
    "backend": "AerSV",
    "n_qubits": 5,
    "depth_in": 54,
    "depth_transpiled": 54,
    "size_transpiled": 114,
    "quasi_dist": {
      "17": 0.0400390625,
      "22": 0.0615234375,
      "31": 0.0458984375,
      "11": 0.041015625,
      "19": 0.0234375,
      "3": 0.04296875,
      "1": 0.1005859375,
      "30": 0.111328125,
      "12": 0.021484375,
      "28": 0.0498046875,
      "13": 0.01953125,
      "18": 0.0234375,
      "10": 0.01953125,
      "9": 0.05078125,
      "14": 0.0419921875,
      "26": 0.048828125,
      "27": 0.001953125,
      "0": 0.0458984375,
      "20": 0.0419921875,
      "6": 0.0224609375,
      "24": 0.0185546875,
      "5": 0.0419921875,
      "23": 0.0029296875,
      "21": 0.0224609375,
      "7": 0.0205078125,
      "25": 0.01953125,
      "2": 0.00390625,
      "29": 0.005859375,
      "4": 0.00390625,
      "8": 0.005859375
    }
  }
}