{
  "01_setup": 0.000555,
  "02_cache_search": 0.00142,
  "03_transpile": 0.041465,
  "07_cache_write": 0.031343,
  "04_submit": 0.006083,
  "05_run": 0.097552,
  "06_collect": 0.001366,
  "total": 0.179784
}