{
  "01_setup": 0.00049,
  "03_transpile": 0.914344,
  "04_submit": 0.033446,
  "05_run": 0.079635,
  "06_collect": 0.009153,
  "total": 1.037068
}