{
  "laps": {
    "01_setup": 0.00012,
    "03_transpile": 0.2638,
    "04_submit": 0.013033,
    "05_run": 0.026173,
    "06_collect": 0.003706,
    "total": 0.306832
  },
  "meta": {
    "backend": "AerSV",
    "n_qubits": 17,
    "depth_in": 1537,
    "depth_transpiled": 1537,
    "size_transpiled": 1553,
    "quasi_dist": {
      "0": 1.0
    }
  }
}