{
  "laps": {
    "01_setup": 7.4e-05,
    "02_cache_search": 0.000803,
    "04_submit": 0.001638,
    "05_run": 0.00309,
    "06_collect": 0.000395,
    "total": 0.006
  },
  "meta": {
    "backend": "AerSV",
    "n_qubits": 5,
    "depth_in": 106,
    "depth_transpiled": 106,
    "size_transpiled": 218,
    "quasi_dist": {
      "25": 0.0087890625,
      "0": 0.1630859375,
      "20": 0.0546875,
      "11": 0.0380859375,
      "22": 0.015625,
      "31": 0.169921875,
      "13": 0.015625,
      "10": 0.0361328125,
      "23": 0.0234375,
      "9": 0.01953125,
      "1": 0.0693359375,
      "30": 0.0595703125,
      "21": 0.0390625,
      "17": 0.0146484375,
      "26": 0.0087890625,
      "2": 0.029296875,
      "12": 0.0205078125,
      "5": 0.0126953125,
      "28": 0.025390625,
      "8": 0.021484375,
      "15": 0.0107421875,
      "3": 0.0166015625,
      "27": 0.01171875,
      "18": 0.017578125,
      "6": 0.0126953125,
      "4": 0.0146484375,
      "19": 0.0126953125,
      "14": 0.0087890625,
      "29": 0.0166015625,
      "16": 0.01171875,
      "7": 0.01171875,
      "24": 0.0087890625
    }
  }
}