{
  "01_setup": 0.000326,
  "02_cache_search": 0.00404,
  "03_transpile": 0.055304,
  "07_cache_write": 0.142128,
  "04_submit": 0.009599,
  "05_run": 0.017486,
  "06_collect": 0.002456,
  "total": 0.231339
}