{
  "laps": {
    "01_setup": 6.9e-05,
    "02_cache_search": 0.000121,
    "04_submit": 0.0005,
    "05_run": 0.001555,
    "06_collect": 7e-05,
    "total": 0.002315
  },
  "meta": {
    "backend": "AerSV",
    "n_qubits": 5,
    "depth_in": 13,
    "depth_transpiled": 13,
    "size_transpiled": 17,
    "quasi_dist": {
      "31": 0.486328125,
      "0": 0.513671875
    }
  }
}