{
  "01_setup": 0.000423,
  "03_transpile": 0.616744,
  "04_submit": 0.026624,
  "05_run": 0.038608,
  "06_collect": 0.0061,
  "total": 0.688499
}