{
  "laps": {
    "01_setup": 0.000125,
    "03_transpile": 0.083021,
    "04_submit": 0.003159,
    "05_run": 0.005133,
    "06_collect": 0.000751,
    "total": 0.092189
  },
  "meta": {
    "backend": "AerSV",
    "n_qubits": 5,
    "depth_in": 210,
    "depth_transpiled": 210,
    "size_transpiled": 426,
    "quasi_dist": {
      "31": 0.26953125,
      "25": 0.0166015625,
      "0": 0.3173828125,
      "24": 0.0166015625,
      "6": 0.021484375,
      "2": 0.009765625,
      "18": 0.0224609375,
      "20": 0.0126953125,
      "22": 0.015625,
      "7": 0.0283203125,
      "9": 0.0244140625,
      "19": 0.021484375,
      "5": 0.0126953125,
      "11": 0.0185546875,
      "21": 0.0087890625,
      "17": 0.015625,
      "10": 0.01171875,
      "3": 0.015625,
      "28": 0.0263671875,
      "14": 0.015625,
      "8": 0.005859375,
      "26": 0.009765625,
      "12": 0.0283203125,
      "15": 0.005859375,
      "13": 0.0205078125,
      "16": 0.0048828125,
      "23": 0.01171875,
      "29": 0.0087890625,
      "27": 0.0009765625,
      "4": 0.001953125
    }
  }
}