{
  "laps": {
    "01_setup": 0.000106,
    "03_transpile": 0.124668,
    "04_submit": 0.000979,
    "05_run": 0.005726,
    "06_collect": 0.000277,
    "total": 0.131756
  },
  "meta": {
    "backend": "AerSV",
    "n_qubits": 17,
    "depth_in": 25,
    "depth_transpiled": 25,
    "size_transpiled": 41,
    "quasi_dist": {
      "131071": 0.5009765625,
      "0": 0.4990234375
    }
  }
}