{
  "01_setup": 0.000318,
  "02_cache_search": 0.001759,
  "03_transpile": 0.032638,
  "07_cache_write": 0.001872,
  "04_submit": 0.006058,
  "05_run": 0.01096,
  "06_collect": 0.001315,
  "total": 0.05492
}