{
  "laps": {
    "01_setup": 8e-05,
    "02_cache_search": 0.000206,
    "03_transpile": 0.023631,
    "07_cache_write": 0.003002,
    "04_submit": 0.001153,
    "05_run": 0.002084,
    "06_collect": 0.000166,
    "total": 0.030322
  },
  "meta": {
    "backend": "AerSV",
    "n_qubits": 5,
    "depth_in": 30,
    "depth_transpiled": 30,
    "size_transpiled": 34,
    "quasi_dist": {
      "0": 0.48828125,
      "31": 0.51171875
    }
  }
}