{
  "01_setup": 0.001492,
  "02_cache_search": 0.002378,
  "03_transpile": 0.064013,
  "07_cache_write": 0.022223,
  "04_submit": 0.007287,
  "05_run": 0.023429,
  "06_collect": 0.001395,
  "total": 0.122217
}