{
  "01_setup": 0.000512,
  "03_transpile": 0.15563,
  "04_submit": 0.005443,
  "05_run": 0.010471,
  "06_collect": 0.000609,
  "total": 0.172665
}