{
  "laps": {
    "01_setup": 0.000109,
    "03_transpile": 0.32547,
    "04_submit": 0.012573,
    "05_run": 0.027909,
    "06_collect": 0.003437,
    "total": 0.369498
  },
  "meta": {
    "backend": "AerSV",
    "n_qubits": 19,
    "depth_in": 865,
    "depth_transpiled": 865,
    "size_transpiled": 883,
    "quasi_dist": {
      "0": 1.0
    }
  }
}