{
  "01_setup": 0.000338,
  "02_cache_search": 0.002914,
  "03_transpile": 0.102362,
  "07_cache_write": 0.014009,
  "04_submit": 0.003397,
  "05_run": 0.008727,
  "06_collect": 0.0003,
  "total": 0.132047
}