{
  "laps": {
    "01_setup": 0.000107,
    "02_cache_search": 0.001574,
    "04_submit": 0.003204,
    "05_run": 0.005804,
    "06_collect": 0.000898,
    "total": 0.011587
  },
  "meta": {
    "backend": "AerSV",
    "n_qubits": 5,
    "depth_in": 210,
    "depth_transpiled": 210,
    "size_transpiled": 426,
    "quasi_dist": {
      "31": 0.28515625,
      "22": 0.0224609375,
      "12": 0.0244140625,
      "9": 0.01953125,
      "0": 0.3134765625,
      "11": 0.0185546875,
      "13": 0.02734375,
      "14": 0.0126953125,
      "24": 0.0234375,
      "7": 0.0166015625,
      "21": 0.0205078125,
      "6": 0.0185546875,
      "17": 0.01171875,
      "8": 0.0087890625,
      "15": 0.0009765625,
      "25": 0.0166015625,
      "3": 0.021484375,
      "10": 0.01171875,
      "18": 0.0205078125,
      "28": 0.0146484375,
      "26": 0.0078125,
      "5": 0.0126953125,
      "29": 0.0107421875,
      "16": 0.00390625,
      "20": 0.0126953125,
      "23": 0.0087890625,
      "2": 0.0126953125,
      "19": 0.015625,
      "27": 0.0029296875,
      "4": 0.0029296875
    }
  }
}