{
  "01_setup": 0.000431,
  "02_cache_search": 0.006059,
  "03_transpile": 0.085799,
  "07_cache_write": 0.00945,
  "04_submit": 0.018492,
  "05_run": 0.023949,
  "06_collect": 0.00436,
  "total": 0.14854
}