{
  "laps": {
    "01_setup": 0.000108,
    "02_cache_search": 0.000729,
    "04_submit": 0.002275,
    "05_run": 0.018947,
    "06_collect": 0.000579,
    "total": 0.022638
  },
  "meta": {
    "backend": "AerSV",
    "n_qubits": 19,
    "depth_in": 105,
    "depth_transpiled": 105,
    "size_transpiled": 123,
    "quasi_dist": {
      "0": 1.0
    }
  }
}