{
  "laps": {
    "01_setup": 6.7e-05,
    "02_cache_search": 0.00018,
    "03_transpile": 0.025119,
    "07_cache_write": 0.004406,
    "04_submit": 0.000952,
    "05_run": 0.002293,
    "06_collect": 0.000168,
    "total": 0.033185
  },
  "meta": {
    "backend": "AerSV",
    "n_qubits": 9,
    "depth_in": 25,
    "depth_transpiled": 25,
    "size_transpiled": 33,
    "quasi_dist": {
      "511": 0.4951171875,
      "0": 0.5048828125
    }
  }
}