{
  "laps": {
    "01_setup": 0.000113,
    "02_cache_search": 0.003894,
    "04_submit": 0.010189,
    "05_run": 0.067127,
    "06_collect": 0.002829,
    "total": 0.084152
  },
  "meta": {
    "backend": "AerSV",
    "n_qubits": 19,
    "depth_in": 651,
    "depth_transpiled": 651,
    "size_transpiled": 669,
    "quasi_dist": {
      "0": 1.0
    }
  }
}