{
  "01_setup": 0.000667,
  "02_cache_search": 0.675355,
  "03_transpile": 25.133131,
  "07_cache_write": 414.622247,
  "04_submit": 0.010617,
  "05_run": 0.048785,
  "06_collect": 0.001446,
  "total": 440.492248
}