{
  "laps": {
    "01_setup": 7.7e-05,
    "02_cache_search": 0.000576,
    "04_submit": 0.001283,
    "05_run": 0.00238,
    "06_collect": 0.000272,
    "total": 0.004588
  },
  "meta": {
    "backend": "AerSV",
    "n_qubits": 3,
    "depth_in": 101,
    "depth_transpiled": 101,
    "size_transpiled": 153,
    "quasi_dist": {
      "0": 0.8037109375,
      "2": 0.0947265625,
      "4": 0.0498046875,
      "1": 0.0322265625,
      "5": 0.0185546875,
      "6": 0.0009765625
    }
  }
}