{
  "01_setup": 0.000733,
  "03_transpile": 2.21695,
  "04_submit": 0.092189,
  "05_run": 3.007022,
  "06_collect": 0.035663,
  "total": 5.352557
}