{
  "01_setup": 0.000649,
  "02_cache_search": 0.011897,
  "03_transpile": 0.115517,
  "07_cache_write": 0.151953,
  "04_submit": 0.024347,
  "05_run": 0.203656,
  "06_collect": 0.007221,
  "total": 0.51524
}