{
  "01_setup": 0.000489,
  "02_cache_search": 0.068216,
  "03_transpile": 1.524631,
  "07_cache_write": 0.378137,
  "04_submit": 0.318445,
  "05_run": 22.589425,
  "06_collect": 0.040584,
  "total": 24.919927
}