{
  "laps": {
    "01_setup": 8.2e-05,
    "03_transpile": 0.028891,
    "04_submit": 0.000801,
    "05_run": 0.00193,
    "06_collect": 0.000111,
    "total": 0.031815
  },
  "meta": {
    "backend": "AerSV",
    "n_qubits": 5,
    "depth_in": 19,
    "depth_transpiled": 16,
    "size_transpiled": 46,
    "quasi_dist": {
      "0": 0.2705078125,
      "7": 0.048828125,
      "3": 0.0400390625,
      "18": 0.01953125,
      "16": 0.025390625,
      "10": 0.005859375,
      "11": 0.0166015625,
      "28": 0.0380859375,
      "1": 0.05078125,
      "20": 0.0087890625,
      "8": 0.0595703125,
      "6": 0.025390625,
      "30": 0.017578125,
      "2": 0.0380859375,
      "15": 0.02734375,
      "4": 0.0478515625,
      "14": 0.0380859375,
      "13": 0.021484375,
      "17": 0.01953125,
      "19": 0.0283203125,
      "12": 0.033203125,
      "25": 0.0146484375,
      "26": 0.0107421875,
      "9": 0.0087890625,
      "24": 0.0078125,
      "22": 0.021484375,
      "29": 0.0029296875,
      "5": 0.0107421875,
      "21": 0.001953125,
      "31": 0.0361328125,
      "23": 0.0009765625,
      "27": 0.0029296875
    }
  }
}