{
  "laps": {
    "01_setup": 7.4e-05,
    "03_transpile": 0.017864,
    "04_submit": 0.000451,
    "05_run": 0.00126,
    "06_collect": 3.2e-05,
    "total": 0.019681
  },
  "meta": {
    "backend": "AerSV",
    "n_qubits": 3,
    "depth_in": 5,
    "depth_transpiled": 5,
    "size_transpiled": 9,
    "quasi_dist": {
      "0": 0.87109375,
      "7": 0.0400390625,
      "5": 0.0361328125,
      "6": 0.0458984375,
      "2": 0.0029296875,
      "3": 0.001953125,
      "1": 0.001953125
    }
  }
}