{
  "laps": {
    "01_setup": 0.000129,
    "02_cache_search": 0.000336,
    "04_submit": 0.002224,
    "05_run": 0.005626,
    "06_collect": 0.000364,
    "total": 0.008679
  },
  "meta": {
    "backend": "AerSV",
    "n_qubits": 15,
    "depth_in": 23,
    "depth_transpiled": 23,
    "size_transpiled": 37,
    "quasi_dist": {
      "32767": 0.4931640625,
      "0": 0.5068359375
    }
  }
}