{
  "laps": {
    "01_setup": 0.000116,
    "03_transpile": 0.136776,
    "04_submit": 0.002318,
    "05_run": 0.004147,
    "06_collect": 0.000477,
    "total": 0.143834
  },
  "meta": {
    "backend": "AerSV",
    "n_qubits": 9,
    "depth_in": 193,
    "depth_transpiled": 193,
    "size_transpiled": 201,
    "quasi_dist": {
      "0": 1.0
    }
  }
}