{
  "01_setup": 0.000344,
  "02_cache_search": 0.000894,
  "03_transpile": 0.025666,
  "07_cache_write": 0.035518,
  "04_submit": 0.003402,
  "05_run": 0.023844,
  "06_collect": 0.000544,
  "total": 0.090212
}