{
  "01_setup": 0.000364,
  "03_transpile": 0.436122,
  "04_submit": 0.108335,
  "05_run": 0.032385,
  "06_collect": 0.005144,
  "total": 0.58235
}