{
  "laps": {
    "01_setup": 6.9e-05,
    "02_cache_search": 0.001041,
    "04_submit": 0.001092,
    "05_run": 0.003338,
    "06_collect": 0.000155,
    "total": 0.005695
  },
  "meta": {
    "backend": "AerSV",
    "n_qubits": 13,
    "depth_in": 21,
    "depth_transpiled": 21,
    "size_transpiled": 33,
    "quasi_dist": {
      "8191": 0.5234375,
      "0": 0.4765625
    }
  }
}