{
  "laps": {
    "01_setup": 0.000113,
    "03_transpile": 0.049676,
    "04_submit": 0.002087,
    "05_run": 0.080672,
    "06_collect": 0.000638,
    "total": 0.133186
  },
  "meta": {
    "backend": "AerSV",
    "n_qubits": 23,
    "depth_in": 39,
    "depth_transpiled": 39,
    "size_transpiled": 61,
    "quasi_dist": {
      "8388607": 0.4921875,
      "0": 0.5078125
    }
  }
}