{
  "laps": {
    "01_setup": 0.000113,
    "02_cache_search": 0.007632,
    "04_submit": 0.012203,
    "05_run": 2.234188,
    "06_collect": 0.004049,
    "total": 2.258185
  },
  "meta": {
    "backend": "AerSV",
    "n_qubits": 23,
    "depth_in": 115,
    "depth_transpiled": 115,
    "size_transpiled": 1127,
    "quasi_dist": {
      "0": 1.0
    }
  }
}