{
  "01_setup": 0.000504,
  "02_cache_search": 0.001806,
  "03_transpile": 0.040074,
  "07_cache_write": 0.121789,
  "04_submit": 0.005206,
  "05_run": 0.061999,
  "06_collect": 0.001243,
  "total": 0.232621
}