{
  "01_setup": 0.00067,
  "03_transpile": 1.06735,
  "04_submit": 0.040286,
  "05_run": 0.122504,
  "06_collect": 0.01587,
  "total": 1.24668
}