{
  "laps": {
    "01_setup": 6.8e-05,
    "02_cache_search": 0.000721,
    "03_transpile": 0.046891,
    "07_cache_write": 0.004946,
    "04_submit": 0.00187,
    "05_run": 0.003202,
    "06_collect": 0.000416,
    "total": 0.058114
  },
  "meta": {
    "backend": "AerSV",
    "n_qubits": 5,
    "depth_in": 193,
    "depth_transpiled": 193,
    "size_transpiled": 197,
    "quasi_dist": {
      "0": 1.0
    }
  }
}