{
  "01_setup": 0.000397,
  "03_transpile": 0.221397,
  "04_submit": 0.067267,
  "05_run": 0.013924,
  "06_collect": 0.001499,
  "total": 0.304484
}