{
  "01_setup": 0.000482,
  "02_cache_search": 0.011025,
  "03_transpile": 0.117044,
  "07_cache_write": 0.110103,
  "04_submit": 0.027335,
  "05_run": 0.09745,
  "06_collect": 0.007851,
  "total": 0.37129
}