{
  "01_setup": 0.000383,
  "03_transpile": 0.227762,
  "04_submit": 0.005709,
  "05_run": 0.019367,
  "06_collect": 0.000811,
  "total": 0.254032
}