{
  "01_setup": 0.000506,
  "03_transpile": 0.188888,
  "04_submit": 0.007071,
  "05_run": 0.04619,
  "06_collect": 0.00157,
  "total": 0.244225
}