{
  "01_setup": 0.000587,
  "03_transpile": 1.182294,
  "04_submit": 0.037046,
  "05_run": 0.932076,
  "06_collect": 0.01406,
  "total": 2.166063
}