{
  "laps": {
    "01_setup": 7.2e-05,
    "02_cache_search": 0.000219,
    "04_submit": 0.000954,
    "05_run": 0.003268,
    "06_collect": 0.000292,
    "total": 0.004805
  },
  "meta": {
    "backend": "AerSV",
    "n_qubits": 13,
    "depth_in": 29,
    "depth_transpiled": 29,
    "size_transpiled": 41,
    "quasi_dist": {
      "8191": 0.4755859375,
      "0": 0.5244140625
    }
  }
}