{
  "laps": {
    "01_setup": 9.7e-05,
    "02_cache_search": 0.000215,
    "03_transpile": 0.031675,
    "07_cache_write": 0.024866,
    "04_submit": 0.001122,
    "05_run": 0.008061,
    "06_collect": 0.00015,
    "total": 0.066186
  },
  "meta": {
    "backend": "AerSV",
    "n_qubits": 19,
    "depth_in": 20,
    "depth_transpiled": 20,
    "size_transpiled": 38,
    "quasi_dist": {
      "0": 0.5068359375,
      "524287": 0.4931640625
    }
  }
}