{
  "laps": {
    "01_setup": 0.000133,
    "03_transpile": 1.125018,
    "04_submit": 0.013013,
    "05_run": 11.070846,
    "06_collect": 0.005847,
    "total": 12.214857
  },
  "meta": {
    "backend": "AerSV",
    "n_qubits": 25,
    "depth_in": 125,
    "depth_transpiled": 125,
    "size_transpiled": 1325,
    "quasi_dist": {
      "0": 1.0
    }
  }
}