{
  "laps": {
    "01_setup": 7.5e-05,
    "03_transpile": 0.04893,
    "04_submit": 0.001622,
    "05_run": 0.003133,
    "06_collect": 0.000294,
    "total": 0.054054
  },
  "meta": {
    "backend": "AerSV",
    "n_qubits": 3,
    "depth_in": 78,
    "depth_transpiled": 78,
    "size_transpiled": 153,
    "quasi_dist": {
      "7": 0.1181640625,
      "3": 0.134765625,
      "4": 0.1396484375,
      "0": 0.130859375,
      "5": 0.1240234375,
      "2": 0.1103515625,
      "1": 0.119140625,
      "6": 0.123046875
    }
  }
}