{
  "laps": {
    "01_setup": 7.1e-05,
    "03_transpile": 0.02108,
    "04_submit": 0.000607,
    "05_run": 0.001457,
    "06_collect": 6.3e-05,
    "total": 0.023278
  },
  "meta": {
    "backend": "AerSV",
    "n_qubits": 3,
    "depth_in": 17,
    "depth_transpiled": 17,
    "size_transpiled": 27,
    "quasi_dist": {
      "2": 0.041015625,
      "5": 0.126953125,
      "3": 0.2041015625,
      "0": 0.2470703125,
      "1": 0.046875,
      "4": 0.1923828125,
      "7": 0.09765625,
      "6": 0.0439453125
    }
  }
}