{
  "laps": {
    "01_setup": 7.5e-05,
    "02_cache_search": 0.00158,
    "04_submit": 0.002812,
    "05_run": 0.004565,
    "06_collect": 0.000667,
    "total": 0.009699
  },
  "meta": {
    "backend": "AerSV",
    "n_qubits": 5,
    "depth_in": 130,
    "depth_transpiled": 130,
    "size_transpiled": 380,
    "quasi_dist": {
      "4": 0.0283203125,
      "30": 0.0322265625,
      "2": 0.0302734375,
      "11": 0.025390625,
      "9": 0.0380859375,
      "6": 0.02734375,
      "29": 0.029296875,
      "25": 0.0283203125,
      "28": 0.0380859375,
      "18": 0.03515625,
      "15": 0.021484375,
      "14": 0.033203125,
      "7": 0.025390625,
      "3": 0.0322265625,
      "0": 0.02734375,
      "10": 0.0302734375,
      "19": 0.0283203125,
      "24": 0.0380859375,
      "21": 0.0263671875,
      "12": 0.0400390625,
      "20": 0.025390625,
      "26": 0.03515625,
      "23": 0.04296875,
      "17": 0.041015625,
      "8": 0.0263671875,
      "5": 0.0322265625,
      "13": 0.0283203125,
      "27": 0.0302734375,
      "16": 0.0361328125,
      "31": 0.02734375,
      "1": 0.0234375,
      "22": 0.0361328125
    }
  }
}