{
  "laps": {
    "01_setup": 0.000121,
    "02_cache_search": 0.004983,
    "04_submit": 0.010229,
    "05_run": 0.061439,
    "06_collect": 0.004179,
    "total": 0.080951
  },
  "meta": {
    "backend": "AerSV",
    "n_qubits": 21,
    "depth_in": 961,
    "depth_transpiled": 961,
    "size_transpiled": 981,
    "quasi_dist": {
      "0": 1.0
    }
  }
}