{
  "laps": {
    "01_setup": 0.000103,
    "02_cache_search": 0.002465,
    "04_submit": 0.00492,
    "05_run": 0.009596,
    "06_collect": 0.001277,
    "total": 0.018361
  },
  "meta": {
    "backend": "AerSV",
    "n_qubits": 5,
    "depth_in": 327,
    "depth_transpiled": 327,
    "size_transpiled": 660,
    "quasi_dist": {
      "23": 0.0126953125,
      "28": 0.0302734375,
      "0": 0.0693359375,
      "17": 0.033203125,
      "5": 0.041015625,
      "20": 0.0556640625,
      "10": 0.0361328125,
      "31": 0.0673828125,
      "1": 0.009765625,
      "13": 0.025390625,
      "22": 0.037109375,
      "25": 0.0341796875,
      "7": 0.03125,
      "12": 0.0361328125,
      "9": 0.0400390625,
      "3": 0.0361328125,
      "4": 0.017578125,
      "27": 0.0087890625,
      "16": 0.0146484375,
      "11": 0.0595703125,
      "21": 0.033203125,
      "18": 0.03515625,
      "6": 0.0419921875,
      "26": 0.0361328125,
      "19": 0.03125,
      "14": 0.0244140625,
      "2": 0.0146484375,
      "29": 0.0146484375,
      "8": 0.0205078125,
      "24": 0.03125,
      "15": 0.0078125,
      "30": 0.0126953125
    }
  }
}