{
  "laps": {
    "01_setup": 5.9e-05,
    "02_cache_search": 0.000191,
    "04_submit": 0.000907,
    "05_run": 0.003483,
    "06_collect": 0.000222,
    "total": 0.004862
  },
  "meta": {
    "backend": "AerSV",
    "n_qubits": 13,
    "depth_in": 29,
    "depth_transpiled": 29,
    "size_transpiled": 41,
    "quasi_dist": {
      "0": 0.4931640625,
      "8191": 0.5068359375
    }
  }
}