{
  "laps": {
    "01_setup": 6.7e-05,
    "03_transpile": 0.048023,
    "04_submit": 0.00188,
    "05_run": 0.00298,
    "06_collect": 0.000369,
    "total": 0.053319
  },
  "meta": {
    "backend": "AerSV",
    "n_qubits": 3,
    "depth_in": 162,
    "depth_transpiled": 162,
    "size_transpiled": 198,
    "quasi_dist": {
      "7": 0.46875,
      "0": 0.4482421875,
      "3": 0.013671875,
      "5": 0.0126953125,
      "4": 0.015625,
      "2": 0.01171875,
      "1": 0.015625,
      "6": 0.013671875
    }
  }
}