{
  "laps": {
    "01_setup": 0.00011,
    "03_transpile": 0.09728,
    "04_submit": 0.003225,
    "05_run": 0.089129,
    "06_collect": 0.001129,
    "total": 0.190873
  },
  "meta": {
    "backend": "AerSV",
    "n_qubits": 21,
    "depth_in": 233,
    "depth_transpiled": 233,
    "size_transpiled": 253,
    "quasi_dist": {
      "0": 1.0
    }
  }
}