{
  "laps": {
    "01_setup": 0.000121,
    "03_transpile": 0.043324,
    "04_submit": 0.001428,
    "05_run": 0.004261,
    "06_collect": 0.000268,
    "total": 0.049402
  },
  "meta": {
    "backend": "AerSV",
    "n_qubits": 5,
    "depth_in": 35,
    "depth_transpiled": 28,
    "size_transpiled": 82,
    "quasi_dist": {
      "14": 0.0703125,
      "15": 0.0283203125,
      "6": 0.0908203125,
      "24": 0.076171875,
      "28": 0.083984375,
      "22": 0.0068359375,
      "30": 0.0361328125,
      "12": 0.0927734375,
      "13": 0.0146484375,
      "4": 0.0400390625,
      "8": 0.05078125,
      "27": 0.0087890625,
      "0": 0.1142578125,
      "7": 0.03515625,
      "29": 0.0185546875,
      "20": 0.0048828125,
      "18": 0.009765625,
      "2": 0.033203125,
      "26": 0.0068359375,
      "5": 0.0302734375,
      "21": 0.0029296875,
      "3": 0.02734375,
      "9": 0.0087890625,
      "16": 0.03125,
      "1": 0.02734375,
      "17": 0.0078125,
      "10": 0.0078125,
      "25": 0.001953125,
      "23": 0.0068359375,
      "11": 0.01171875,
      "31": 0.0126953125,
      "19": 0.0009765625
    }
  }
}