{
  "01_setup": 0.000395,
  "03_transpile": 0.109117,
  "04_submit": 0.003863,
  "05_run": 0.009652,
  "06_collect": 0.000376,
  "total": 0.123403
}