{
  "01_setup": 0.000325,
  "02_cache_search": 0.002314,
  "03_transpile": 0.043082,
  "07_cache_write": 0.005985,
  "04_submit": 0.007271,
  "05_run": 0.015003,
  "06_collect": 0.001935,
  "total": 0.075915
}