{
  "01_setup": 0.000711,
  "03_transpile": 0.474533,
  "04_submit": 0.014628,
  "05_run": 0.694817,
  "06_collect": 0.003593,
  "total": 1.188282
}