{
  "01_setup": 0.000619,
  "03_transpile": 0.233671,
  "04_submit": 0.006471,
  "05_run": 0.06239,
  "06_collect": 0.001314,
  "total": 0.304465
}