{
  "laps": {
    "01_setup": 7.2e-05,
    "03_transpile": 0.018231,
    "04_submit": 0.000529,
    "05_run": 0.001294,
    "06_collect": 2.6e-05,
    "total": 0.020152
  },
  "meta": {
    "backend": "AerSV",
    "n_qubits": 3,
    "depth_in": 4,
    "depth_transpiled": 4,
    "size_transpiled": 6,
    "quasi_dist": {
      "7": 0.5048828125,
      "0": 0.4951171875
    }
  }
}