{
  "01_setup": 0.000714,
  "03_transpile": 0.345166,
  "04_submit": 0.015659,
  "05_run": 0.022905,
  "06_collect": 0.003972,
  "total": 0.388416
}