{
  "laps": {
    "01_setup": 8e-05,
    "03_transpile": 0.051883,
    "04_submit": 0.001214,
    "05_run": 0.00333,
    "06_collect": 0.000611,
    "total": 0.057118
  },
  "meta": {
    "backend": "AerSV",
    "n_qubits": 5,
    "depth_in": 202,
    "depth_transpiled": 52,
    "size_transpiled": 63,
    "quasi_dist": {
      "27": 0.03515625,
      "26": 0.021484375,
      "1": 0.0361328125,
      "16": 0.0283203125,
      "22": 0.0322265625,
      "7": 0.0341796875,
      "15": 0.0390625,
      "13": 0.0322265625,
      "21": 0.0234375,
      "5": 0.03125,
      "9": 0.037109375,
      "30": 0.0341796875,
      "14": 0.0400390625,
      "29": 0.0283203125,
      "0": 0.033203125,
      "11": 0.041015625,
      "8": 0.0380859375,
      "6": 0.0361328125,
      "24": 0.0341796875,
      "31": 0.0283203125,
      "17": 0.03515625,
      "28": 0.0322265625,
      "23": 0.033203125,
      "2": 0.0234375,
      "4": 0.029296875,
      "19": 0.0234375,
      "12": 0.029296875,
      "20": 0.02734375,
      "3": 0.0263671875,
      "10": 0.0224609375,
      "18": 0.0244140625,
      "25": 0.029296875
    }
  }
}