{
  "laps": {
    "01_setup": 0.000126,
    "02_cache_search": 0.00033,
    "04_submit": 0.00146,
    "05_run": 0.094528,
    "06_collect": 0.000311,
    "total": 0.096755
  },
  "meta": {
    "backend": "AerSV",
    "n_qubits": 23,
    "depth_in": 27,
    "depth_transpiled": 27,
    "size_transpiled": 49,
    "quasi_dist": {
      "8388607": 0.5126953125,
      "0": 0.4873046875
    }
  }
}