{
  "01_setup": 0.000551,
  "02_cache_search": 0.00112,
  "03_transpile": 0.037502,
  "07_cache_write": 0.150888,
  "04_submit": 0.005329,
  "05_run": 0.092179,
  "06_collect": 0.000959,
  "total": 0.288528
}