{
  "01_setup": 0.000463,
  "02_cache_search": 0.041665,
  "03_transpile": 0.563818,
  "07_cache_write": 0.088342,
  "04_submit": 0.177523,
  "05_run": 0.185095,
  "06_collect": 0.018455,
  "total": 1.075361
}