{
  "laps": {
    "01_setup": 0.000123,
    "02_cache_search": 0.000455,
    "03_transpile": 0.056232,
    "07_cache_write": 0.16778,
    "04_submit": 0.001563,
    "05_run": 0.080022,
    "06_collect": 0.000573,
    "total": 0.306748
  },
  "meta": {
    "backend": "AerSV",
    "n_qubits": 23,
    "depth_in": 39,
    "depth_transpiled": 39,
    "size_transpiled": 61,
    "quasi_dist": {
      "8388607": 0.494140625,
      "0": 0.505859375
    }
  }
}