{
  "laps": {
    "01_setup": 6.4e-05,
    "03_transpile": 0.045145,
    "04_submit": 0.001321,
    "05_run": 0.002782,
    "06_collect": 0.00029,
    "total": 0.049602
  },
  "meta": {
    "backend": "AerSV",
    "n_qubits": 3,
    "depth_in": 101,
    "depth_transpiled": 77,
    "size_transpiled": 131,
    "quasi_dist": {
      "6": 0.126953125,
      "0": 0.5546875,
      "1": 0.0673828125,
      "4": 0.0732421875,
      "5": 0.0537109375,
      "2": 0.0390625,
      "3": 0.0830078125,
      "7": 0.001953125
    }
  }
}