{
  "laps": {
    "01_setup": 6.9e-05,
    "03_transpile": 0.060984,
    "04_submit": 0.002169,
    "05_run": 0.003375,
    "06_collect": 0.000484,
    "total": 0.067081
  },
  "meta": {
    "backend": "AerSV",
    "n_qubits": 5,
    "depth_in": 103,
    "depth_transpiled": 79,
    "size_transpiled": 235,
    "quasi_dist": {
      "7": 0.0625,
      "31": 0.0458984375,
      "0": 0.419921875,
      "6": 0.0537109375,
      "24": 0.0224609375,
      "16": 0.0234375,
      "3": 0.0283203125,
      "2": 0.037109375,
      "17": 0.01953125,
      "30": 0.0546875,
      "10": 0.0078125,
      "12": 0.021484375,
      "14": 0.064453125,
      "5": 0.0087890625,
      "28": 0.052734375,
      "29": 0.0107421875,
      "9": 0.00390625,
      "4": 0.0244140625,
      "1": 0.01171875,
      "15": 0.0068359375,
      "23": 0.00390625,
      "8": 0.0087890625,
      "26": 0.0009765625,
      "18": 0.001953125,
      "20": 0.0009765625,
      "13": 0.001953125,
      "21": 0.0009765625
    }
  }
}