{
  "laps": {
    "01_setup": 0.000109,
    "03_transpile": 0.057413,
    "04_submit": 0.003219,
    "05_run": 0.017014,
    "06_collect": 0.000893,
    "total": 0.078648
  },
  "meta": {
    "backend": "AerSV",
    "n_qubits": 21,
    "depth_in": 46,
    "depth_transpiled": 46,
    "size_transpiled": 66,
    "quasi_dist": {
      "0": 0.48828125,
      "2097151": 0.51171875
    }
  }
}