{
  "laps": {
    "01_setup": 7e-05,
    "03_transpile": 0.044293,
    "04_submit": 0.001699,
    "05_run": 0.002513,
    "06_collect": 0.000291,
    "total": 0.048866
  },
  "meta": {
    "backend": "AerSV",
    "n_qubits": 3,
    "depth_in": 101,
    "depth_transpiled": 101,
    "size_transpiled": 153,
    "quasi_dist": {
      "0": 0.81640625,
      "2": 0.103515625,
      "4": 0.041015625,
      "5": 0.0087890625,
      "1": 0.02734375,
      "6": 0.001953125,
      "3": 0.0009765625
    }
  }
}