{
  "laps": {
    "01_setup": 0.000111,
    "02_cache_search": 0.003031,
    "04_submit": 0.007594,
    "05_run": 0.017939,
    "06_collect": 0.002231,
    "total": 0.030906
  },
  "meta": {
    "backend": "AerSV",
    "n_qubits": 15,
    "depth_in": 501,
    "depth_transpiled": 501,
    "size_transpiled": 515,
    "quasi_dist": {
      "0": 1.0
    }
  }
}