{
  "laps": {
    "01_setup": 7.1e-05,
    "03_transpile": 0.043891,
    "04_submit": 0.001816,
    "05_run": 0.002997,
    "06_collect": 0.000311,
    "total": 0.049086
  },
  "meta": {
    "backend": "AerSV",
    "n_qubits": 3,
    "depth_in": 101,
    "depth_transpiled": 101,
    "size_transpiled": 153,
    "quasi_dist": {
      "0": 0.810546875,
      "2": 0.099609375,
      "5": 0.0234375,
      "1": 0.0263671875,
      "4": 0.0361328125,
      "3": 0.0009765625,
      "6": 0.0029296875
    }
  }
}