{
  "laps": {
    "01_setup": 7.8e-05,
    "02_cache_search": 0.109068,
    "03_transpile": 0.077252,
    "07_cache_write": 0.035382,
    "04_submit": 0.001035,
    "05_run": 0.001834,
    "06_collect": 0.000213,
    "total": 0.224862
  },
  "meta": {
    "backend": "AerSV",
    "n_qubits": 5,
    "depth_in": 66,
    "depth_transpiled": 18,
    "size_transpiled": 29,
    "quasi_dist": {
      "12": 0.03515625,
      "29": 0.02734375,
      "14": 0.0380859375,
      "10": 0.037109375,
      "16": 0.025390625,
      "30": 0.037109375,
      "21": 0.0234375,
      "28": 0.037109375,
      "3": 0.0302734375,
      "4": 0.041015625,
      "24": 0.033203125,
      "22": 0.0283203125,
      "26": 0.0361328125,
      "18": 0.0302734375,
      "5": 0.0205078125,
      "0": 0.02734375,
      "7": 0.033203125,
      "15": 0.0390625,
      "17": 0.021484375,
      "11": 0.0361328125,
      "19": 0.02734375,
      "9": 0.037109375,
      "20": 0.0361328125,
      "2": 0.02734375,
      "6": 0.0361328125,
      "31": 0.0322265625,
      "1": 0.0263671875,
      "8": 0.0244140625,
      "13": 0.0234375,
      "25": 0.0283203125,
      "27": 0.0361328125,
      "23": 0.02734375
    }
  }
}