{
  "01_setup": 0.000603,
  "02_cache_search": 0.012826,
  "03_transpile": 0.139802,
  "07_cache_write": 0.069463,
  "04_submit": 0.024223,
  "05_run": 0.495708,
  "06_collect": 0.007773,
  "total": 0.750398
}