{
  "01_setup": 0.00034,
  "02_cache_search": 0.000564,
  "03_transpile": 0.021366,
  "07_cache_write": 0.008907,
  "04_submit": 0.002852,
  "05_run": 0.01362,
  "06_collect": 0.000376,
  "total": 0.048025
}