{
  "laps": {
    "01_setup": 0.00011,
    "03_transpile": 0.033158,
    "04_submit": 0.001002,
    "05_run": 0.002701,
    "06_collect": 0.000109,
    "total": 0.03708
  },
  "meta": {
    "backend": "AerSV",
    "n_qubits": 3,
    "depth_in": 11,
    "depth_transpiled": 11,
    "size_transpiled": 13,
    "quasi_dist": {
      "7": 0.4912109375,
      "0": 0.5087890625
    }
  }
}