{
  "01_setup": 0.000404,
  "02_cache_search": 0.003442,
  "03_transpile": 0.064221,
  "07_cache_write": 0.178021,
  "04_submit": 0.008262,
  "05_run": 0.02677,
  "06_collect": 0.001776,
  "total": 0.282896
}