{
  "laps": {
    "01_setup": 7.5e-05,
    "02_cache_search": 0.000212,
    "04_submit": 0.001149,
    "05_run": 0.002757,
    "06_collect": 0.000193,
    "total": 0.004386
  },
  "meta": {
    "backend": "AerSV",
    "n_qubits": 11,
    "depth_in": 27,
    "depth_transpiled": 27,
    "size_transpiled": 37,
    "quasi_dist": {
      "2047": 0.51171875,
      "0": 0.48828125
    }
  }
}