{
  "laps": {
    "01_setup": 7.1e-05,
    "03_transpile": 0.026912,
    "04_submit": 0.001068,
    "05_run": 0.002082,
    "06_collect": 0.000193,
    "total": 0.030326
  },
  "meta": {
    "backend": "AerSV",
    "n_qubits": 7,
    "depth_in": 32,
    "depth_transpiled": 32,
    "size_transpiled": 38,
    "quasi_dist": {
      "0": 0.51953125,
      "127": 0.48046875
    }
  }
}