{
  "01_setup": 0.000437,
  "02_cache_search": 0.020596,
  "03_transpile": 0.174097,
  "07_cache_write": 0.119785,
  "04_submit": 0.041757,
  "05_run": 0.182838,
  "06_collect": 0.012272,
  "total": 0.551782
}