{
  "laps": {
    "01_setup": 0.000121,
    "03_transpile": 0.062181,
    "04_submit": 0.002701,
    "05_run": 0.423151,
    "06_collect": 0.000632,
    "total": 0.488786
  },
  "meta": {
    "backend": "AerSV",
    "n_qubits": 25,
    "depth_in": 41,
    "depth_transpiled": 41,
    "size_transpiled": 65,
    "quasi_dist": {
      "0": 0.47265625,
      "33554431": 0.52734375
    }
  }
}