{
  "laps": {
    "01_setup": 6.6e-05,
    "03_transpile": 0.025639,
    "04_submit": 0.000686,
    "05_run": 0.001616,
    "06_collect": 0.000105,
    "total": 0.028112
  },
  "meta": {
    "backend": "AerSV",
    "n_qubits": 3,
    "depth_in": 33,
    "depth_transpiled": 26,
    "size_transpiled": 46,
    "quasi_dist": {
      "2": 0.14453125,
      "4": 0.0771484375,
      "0": 0.146484375,
      "3": 0.1767578125,
      "5": 0.0927734375,
      "1": 0.14453125,
      "6": 0.1259765625,
      "7": 0.091796875
    }
  }
}