{
  "01_setup": 0.000522,
  "03_transpile": 0.266278,
  "04_submit": 0.014246,
  "05_run": 0.086211,
  "06_collect": 0.003607,
  "total": 0.370864
}