{
  "laps": {
    "01_setup": 0.000125,
    "02_cache_search": 0.000239,
    "04_submit": 0.000981,
    "05_run": 0.002251,
    "06_collect": 0.000176,
    "total": 0.003772
  },
  "meta": {
    "backend": "AerSV",
    "n_qubits": 7,
    "depth_in": 23,
    "depth_transpiled": 23,
    "size_transpiled": 29,
    "quasi_dist": {
      "127": 0.533203125,
      "0": 0.466796875
    }
  }
}