{
  "laps": {
    "01_setup": 6.3e-05,
    "03_transpile": 0.020365,
    "04_submit": 0.000529,
    "05_run": 0.001722,
    "06_collect": 5e-05,
    "total": 0.022729
  },
  "meta": {
    "backend": "AerSV",
    "n_qubits": 5,
    "depth_in": 7,
    "depth_transpiled": 7,
    "size_transpiled": 19,
    "quasi_dist": {
      "1": 0.0419921875,
      "9": 0.0322265625,
      "23": 0.0341796875,
      "27": 0.0283203125,
      "18": 0.03125,
      "28": 0.041015625,
      "4": 0.03125,
      "8": 0.029296875,
      "6": 0.0322265625,
      "5": 0.0322265625,
      "15": 0.03125,
      "29": 0.029296875,
      "10": 0.0380859375,
      "25": 0.0390625,
      "14": 0.02734375,
      "30": 0.0283203125,
      "20": 0.0341796875,
      "16": 0.025390625,
      "21": 0.0341796875,
      "17": 0.025390625,
      "26": 0.033203125,
      "22": 0.029296875,
      "24": 0.03125,
      "3": 0.0341796875,
      "13": 0.029296875,
      "19": 0.02734375,
      "31": 0.029296875,
      "11": 0.02734375,
      "0": 0.029296875,
      "7": 0.02734375,
      "12": 0.0234375,
      "2": 0.0322265625
    }
  }
}