{
  "01_setup": 0.000622,
  "02_cache_search": 0.004948,
  "03_transpile": 0.055725,
  "07_cache_write": 0.019578,
  "04_submit": 0.014357,
  "05_run": 0.020262,
  "06_collect": 0.002417,
  "total": 0.117909
}