{
  "01_setup": 0.000568,
  "03_transpile": 0.27206,
  "04_submit": 0.010584,
  "05_run": 0.165281,
  "06_collect": 0.002551,
  "total": 0.451044
}