{
  "laps": {
    "01_setup": 0.000102,
    "02_cache_search": 0.001851,
    "04_submit": 0.003849,
    "05_run": 0.008793,
    "06_collect": 0.001114,
    "total": 0.015709
  },
  "meta": {
    "backend": "AerSV",
    "n_qubits": 15,
    "depth_in": 337,
    "depth_transpiled": 337,
    "size_transpiled": 351,
    "quasi_dist": {
      "0": 1.0
    }
  }
}