{
  "01_setup": 0.000391,
  "03_transpile": 0.281177,
  "04_submit": 0.010124,
  "05_run": 0.041548,
  "06_collect": 0.002073,
  "total": 0.335313
}