{
  "laps": {
    "01_setup": 7.3e-05,
    "02_cache_search": 0.000158,
    "04_submit": 0.00077,
    "05_run": 0.002684,
    "06_collect": 0.000131,
    "total": 0.003816
  },
  "meta": {
    "backend": "AerSV",
    "n_qubits": 11,
    "depth_in": 19,
    "depth_transpiled": 19,
    "size_transpiled": 29,
    "quasi_dist": {
      "2047": 0.498046875,
      "0": 0.501953125
    }
  }
}