{
  "laps": {
    "01_setup": 0.00012,
    "02_cache_search": 0.000289,
    "04_submit": 0.001295,
    "05_run": 0.019246,
    "06_collect": 0.000266,
    "total": 0.021216
  },
  "meta": {
    "backend": "AerSV",
    "n_qubits": 21,
    "depth_in": 25,
    "depth_transpiled": 25,
    "size_transpiled": 45,
    "quasi_dist": {
      "2097151": 0.4912109375,
      "0": 0.5087890625
    }
  }
}