{
  "laps": {
    "01_setup": 7.7e-05,
    "03_transpile": 0.04349,
    "04_submit": 0.060673,
    "05_run": 0.002757,
    "06_collect": 0.000307,
    "total": 0.107304
  },
  "meta": {
    "backend": "AerSV",
    "n_qubits": 5,
    "depth_in": 97,
    "depth_transpiled": 97,
    "size_transpiled": 165,
    "quasi_dist": {
      "0": 0.0888671875,
      "26": 0.095703125,
      "16": 0.095703125,
      "18": 0.0732421875,
      "19": 0.0234375,
      "13": 0.0595703125,
      "29": 0.03515625,
      "31": 0.037109375,
      "30": 0.03515625,
      "23": 0.12109375,
      "21": 0.015625,
      "27": 0.0302734375,
      "11": 0.01171875,
      "9": 0.0498046875,
      "10": 0.0029296875,
      "24": 0.0068359375,
      "4": 0.00390625,
      "17": 0.021484375,
      "22": 0.03125,
      "5": 0.0439453125,
      "28": 0.0166015625,
      "25": 0.03125,
      "3": 0.0126953125,
      "7": 0.0009765625,
      "14": 0.0439453125,
      "20": 0.0029296875,
      "15": 0.005859375,
      "2": 0.001953125,
      "1": 0.0009765625
    }
  }
}