{
  "laps": {
    "01_setup": 0.000171,
    "03_transpile": 0.240242,
    "04_submit": 0.010382,
    "05_run": 1.058745,
    "06_collect": 0.002244,
    "total": 1.311784
  },
  "meta": {
    "backend": "AerSV",
    "n_qubits": 23,
    "depth_in": 513,
    "depth_transpiled": 513,
    "size_transpiled": 535,
    "quasi_dist": {
      "0": 1.0
    }
  }
}