{
  "01_setup": 0.000534,
  "03_transpile": 0.260935,
  "04_submit": 0.008654,
  "05_run": 0.074849,
  "06_collect": 0.002259,
  "total": 0.347231
}