{
  "laps": {
    "01_setup": 0.000109,
    "02_cache_search": 0.00028,
    "04_submit": 0.001166,
    "05_run": 0.020523,
    "06_collect": 0.000264,
    "total": 0.022342
  },
  "meta": {
    "backend": "AerSV",
    "n_qubits": 21,
    "depth_in": 25,
    "depth_transpiled": 25,
    "size_transpiled": 45,
    "quasi_dist": {
      "2097151": 0.494140625,
      "0": 0.505859375
    }
  }
}