{
  "laps": {
    "01_setup": 9.1e-05,
    "02_cache_search": 0.000343,
    "04_submit": 0.001664,
    "05_run": 0.005835,
    "06_collect": 0.000427,
    "total": 0.00836
  },
  "meta": {
    "backend": "AerSV",
    "n_qubits": 17,
    "depth_in": 33,
    "depth_transpiled": 33,
    "size_transpiled": 49,
    "quasi_dist": {
      "131071": 0.5146484375,
      "0": 0.4853515625
    }
  }
}