{
  "01_setup": 0.000738,
  "03_transpile": 3.306325,
  "04_submit": 0.122879,
  "05_run": 0.778951,
  "06_collect": 0.051713,
  "total": 4.260606
}