{
  "laps": {
    "01_setup": 7.6e-05,
    "02_cache_search": 0.002775,
    "03_transpile": 0.030083,
    "07_cache_write": 0.001266,
    "04_submit": 0.0009,
    "05_run": 0.001711,
    "06_collect": 0.000166,
    "total": 0.036977
  },
  "meta": {
    "backend": "AerSV",
    "n_qubits": 3,
    "depth_in": 66,
    "depth_transpiled": 18,
    "size_transpiled": 23,
    "quasi_dist": {
      "3": 0.1328125,
      "6": 0.140625,
      "5": 0.1396484375,
      "0": 0.107421875,
      "4": 0.1279296875,
      "7": 0.1083984375,
      "1": 0.11328125,
      "2": 0.1298828125
    }
  }
}