{
  "laps": {
    "01_setup": 0.000105,
    "03_transpile": 0.420808,
    "04_submit": 0.007338,
    "05_run": 0.01937,
    "06_collect": 0.002552,
    "total": 0.450173
  },
  "meta": {
    "backend": "AerSV",
    "n_qubits": 15,
    "depth_in": 135,
    "depth_transpiled": 135,
    "size_transpiled": 975,
    "quasi_dist": {
      "0": 1.0
    }
  }
}