{
  "01_setup": 0.000574,
  "03_transpile": 0.366778,
  "04_submit": 0.012409,
  "05_run": 0.115438,
  "06_collect": 0.003086,
  "total": 0.498285
}