{
  "01_setup": 0.000367,
  "03_transpile": 0.119938,
  "04_submit": 0.00382,
  "05_run": 0.016174,
  "06_collect": 0.000542,
  "total": 0.140841
}