{
  "01_setup": 0.000549,
  "03_transpile": 0.417253,
  "04_submit": 0.016002,
  "05_run": 0.066189,
  "06_collect": 0.004354,
  "total": 0.504347
}