{
  "laps": {
    "01_setup": 0.000123,
    "03_transpile": 0.055457,
    "04_submit": 0.002739,
    "05_run": 0.004225,
    "06_collect": 0.000531,
    "total": 0.063075
  },
  "meta": {
    "backend": "AerSV",
    "n_qubits": 9,
    "depth_in": 193,
    "depth_transpiled": 193,
    "size_transpiled": 201,
    "quasi_dist": {
      "0": 1.0
    }
  }
}