{
  "laps": {
    "01_setup": 0.000121,
    "03_transpile": 0.219454,
    "04_submit": 0.004523,
    "05_run": 0.007009,
    "06_collect": 0.001219,
    "total": 0.232326
  },
  "meta": {
    "backend": "AerSV",
    "n_qubits": 11,
    "depth_in": 99,
    "depth_transpiled": 99,
    "size_transpiled": 539,
    "quasi_dist": {
      "0": 1.0
    }
  }
}