{
  "laps": {
    "01_setup": 7e-05,
    "03_transpile": 0.018883,
    "04_submit": 0.000712,
    "05_run": 0.001771,
    "06_collect": 6.4e-05,
    "total": 0.0215
  },
  "meta": {
    "backend": "AerSV",
    "n_qubits": 5,
    "depth_in": 10,
    "depth_transpiled": 4,
    "size_transpiled": 15,
    "quasi_dist": {
      "13": 0.041015625,
      "21": 0.0302734375,
      "26": 0.0234375,
      "28": 0.02734375,
      "31": 0.03125,
      "1": 0.0439453125,
      "9": 0.0263671875,
      "20": 0.033203125,
      "10": 0.03515625,
      "27": 0.0341796875,
      "23": 0.0322265625,
      "6": 0.0380859375,
      "2": 0.03515625,
      "0": 0.03515625,
      "14": 0.0439453125,
      "17": 0.0234375,
      "5": 0.021484375,
      "11": 0.03125,
      "8": 0.0380859375,
      "15": 0.037109375,
      "4": 0.03515625,
      "18": 0.033203125,
      "22": 0.0224609375,
      "19": 0.033203125,
      "25": 0.029296875,
      "16": 0.029296875,
      "7": 0.0263671875,
      "3": 0.0185546875,
      "29": 0.0341796875,
      "30": 0.0283203125,
      "12": 0.0263671875,
      "24": 0.021484375
    }
  }
}