{
  "01_setup": 0.000469,
  "03_transpile": 0.509651,
  "04_submit": 0.008016,
  "05_run": 0.07923,
  "06_collect": 0.00241,
  "total": 0.599776
}