{
  "laps": {
    "01_setup": 7.2e-05,
    "02_cache_search": 0.000198,
    "03_transpile": 0.026257,
    "07_cache_write": 0.009766,
    "04_submit": 0.000836,
    "05_run": 0.002037,
    "06_collect": 0.000115,
    "total": 0.039281
  },
  "meta": {
    "backend": "AerSV",
    "n_qubits": 7,
    "depth_in": 37,
    "depth_transpiled": 37,
    "size_transpiled": 43,
    "quasi_dist": {
      "0": 1.0
    }
  }
}