{
  "laps": {
    "01_setup": 0.000121,
    "03_transpile": 0.185038,
    "04_submit": 0.00681,
    "05_run": 0.059905,
    "06_collect": 0.002686,
    "total": 0.25456
  },
  "meta": {
    "backend": "AerSV",
    "n_qubits": 19,
    "depth_in": 651,
    "depth_transpiled": 651,
    "size_transpiled": 669,
    "quasi_dist": {
      "0": 1.0
    }
  }
}