{
  "laps": {
    "01_setup": 0.000124,
    "03_transpile": 0.154724,
    "04_submit": 0.005041,
    "05_run": 0.152582,
    "06_collect": 0.00202,
    "total": 0.314491
  },
  "meta": {
    "backend": "AerSV",
    "n_qubits": 21,
    "depth_in": 465,
    "depth_transpiled": 465,
    "size_transpiled": 485,
    "quasi_dist": {
      "0": 1.0
    }
  }
}