{
  "laps": {
    "01_setup": 0.000118,
    "03_transpile": 0.060113,
    "04_submit": 0.002638,
    "05_run": 0.403466,
    "06_collect": 0.000684,
    "total": 0.467019
  },
  "meta": {
    "backend": "AerSV",
    "n_qubits": 25,
    "depth_in": 41,
    "depth_transpiled": 41,
    "size_transpiled": 65,
    "quasi_dist": {
      "33554431": 0.525390625,
      "0": 0.474609375
    }
  }
}