{
  "01_setup": 0.00038,
  "03_transpile": 0.140073,
  "04_submit": 0.004122,
  "05_run": 0.008563,
  "06_collect": 0.00053,
  "total": 0.153668
}