{
  "laps": {
    "01_setup": 8.3e-05,
    "03_transpile": 0.020205,
    "04_submit": 0.000604,
    "05_run": 0.001814,
    "06_collect": 9.5e-05,
    "total": 0.022801
  },
  "meta": {
    "backend": "AerSV",
    "n_qubits": 7,
    "depth_in": 15,
    "depth_transpiled": 15,
    "size_transpiled": 21,
    "quasi_dist": {
      "0": 0.4970703125,
      "127": 0.5029296875
    }
  }
}