{
  "01_setup": 0.000539,
  "03_transpile": 2.256009,
  "04_submit": 0.038474,
  "05_run": 0.075736,
  "06_collect": 0.009148,
  "total": 2.379906
}