{
  "laps": {
    "01_setup": 0.000111,
    "03_transpile": 0.120349,
    "04_submit": 0.003913,
    "05_run": 0.01113,
    "06_collect": 0.001248,
    "total": 0.136751
  },
  "meta": {
    "backend": "AerSV",
    "n_qubits": 15,
    "depth_in": 321,
    "depth_transpiled": 321,
    "size_transpiled": 335,
    "quasi_dist": {
      "0": 1.0
    }
  }
}