{
  "01_setup": 0.000645,
  "03_transpile": 0.210078,
  "04_submit": 0.006852,
  "05_run": 0.019773,
  "06_collect": 0.001217,
  "total": 0.238565
}