{
  "laps": {
    "01_setup": 0.000136,
    "02_cache_search": 0.002905,
    "04_submit": 0.009005,
    "05_run": 0.259149,
    "06_collect": 0.002293,
    "total": 0.273488
  },
  "meta": {
    "backend": "AerSV",
    "n_qubits": 21,
    "depth_in": 465,
    "depth_transpiled": 465,
    "size_transpiled": 485,
    "quasi_dist": {
      "0": 1.0
    }
  }
}