{
  "01_setup": 0.000667,
  "03_transpile": 0.474135,
  "04_submit": 0.018367,
  "05_run": 0.04588,
  "06_collect": 0.004425,
  "total": 0.543474
}