{
  "laps": {
    "01_setup": 0.000105,
    "03_transpile": 0.179406,
    "04_submit": 0.007181,
    "05_run": 0.047786,
    "06_collect": 0.003052,
    "total": 0.23753
  },
  "meta": {
    "backend": "AerSV",
    "n_qubits": 21,
    "depth_in": 961,
    "depth_transpiled": 961,
    "size_transpiled": 981,
    "quasi_dist": {
      "0": 1.0
    }
  }
}