{
  "01_setup": 0.000414,
  "03_transpile": 0.397398,
  "04_submit": 0.014069,
  "05_run": 0.023241,
  "06_collect": 0.003137,
  "total": 0.438259
}