{
  "01_setup": 0.000415,
  "03_transpile": 0.146731,
  "04_submit": 0.004875,
  "05_run": 0.013798,
  "06_collect": 0.000882,
  "total": 0.166701
}