{
  "laps": {
    "01_setup": 8.9e-05,
    "03_transpile": 0.02943,
    "04_submit": 0.000809,
    "05_run": 0.005451,
    "06_collect": 0.000132,
    "total": 0.035911
  },
  "meta": {
    "backend": "AerSV",
    "n_qubits": 17,
    "depth_in": 18,
    "depth_transpiled": 18,
    "size_transpiled": 34,
    "quasi_dist": {
      "0": 0.513671875,
      "131071": 0.486328125
    }
  }
}