{
  "laps": {
    "01_setup": 7.4e-05,
    "02_cache_search": 0.495213,
    "03_transpile": 0.208504,
    "07_cache_write": 0.337952,
    "04_submit": 0.001349,
    "05_run": 0.003306,
    "06_collect": 0.000607,
    "total": 1.047005
  },
  "meta": {
    "backend": "AerSV",
    "n_qubits": 5,
    "depth_in": 202,
    "depth_transpiled": 52,
    "size_transpiled": 63,
    "quasi_dist": {
      "26": 0.0283203125,
      "22": 0.0361328125,
      "15": 0.03515625,
      "23": 0.03515625,
      "20": 0.03515625,
      "14": 0.033203125,
      "1": 0.0341796875,
      "27": 0.029296875,
      "30": 0.044921875,
      "24": 0.0322265625,
      "4": 0.029296875,
      "0": 0.03125,
      "31": 0.033203125,
      "5": 0.0322265625,
      "13": 0.04296875,
      "25": 0.025390625,
      "9": 0.0283203125,
      "8": 0.0361328125,
      "11": 0.0361328125,
      "29": 0.025390625,
      "17": 0.0234375,
      "28": 0.0283203125,
      "18": 0.025390625,
      "10": 0.0390625,
      "12": 0.033203125,
      "19": 0.021484375,
      "2": 0.03125,
      "3": 0.03125,
      "6": 0.0185546875,
      "7": 0.0263671875,
      "16": 0.0244140625,
      "21": 0.033203125
    }
  }
}