{
  "01_setup": 0.00039,
  "02_cache_search": 0.006934,
  "03_transpile": 0.071749,
  "07_cache_write": 0.005738,
  "04_submit": 0.058682,
  "05_run": 0.023415,
  "06_collect": 0.004187,
  "total": 0.171095
}