{
  "laps": {
    "01_setup": 0.000145,
    "03_transpile": 0.027832,
    "04_submit": 0.001173,
    "05_run": 0.003267,
    "06_collect": 0.00021,
    "total": 0.032627
  },
  "meta": {
    "backend": "AerSV",
    "n_qubits": 13,
    "depth_in": 29,
    "depth_transpiled": 29,
    "size_transpiled": 41,
    "quasi_dist": {
      "0": 0.525390625,
      "8191": 0.474609375
    }
  }
}