{
  "laps": {
    "01_setup": 0.000121,
    "02_cache_search": 0.004846,
    "04_submit": 0.009557,
    "05_run": 0.018995,
    "06_collect": 0.004568,
    "total": 0.038087
  },
  "meta": {
    "backend": "AerSV",
    "n_qubits": 15,
    "depth_in": 1345,
    "depth_transpiled": 1345,
    "size_transpiled": 1359,
    "quasi_dist": {
      "0": 1.0
    }
  }
}