{
  "laps": {
    "01_setup": 0.000116,
    "02_cache_search": 0.010572,
    "04_submit": 0.020868,
    "05_run": 0.10028,
    "06_collect": 0.007206,
    "total": 0.139042
  },
  "meta": {
    "backend": "AerSV",
    "n_qubits": 21,
    "depth_in": 1921,
    "depth_transpiled": 1921,
    "size_transpiled": 1941,
    "quasi_dist": {
      "0": 1.0
    }
  }
}