{
  "laps": {
    "01_setup": 0.000112,
    "02_cache_search": 0.013492,
    "04_submit": 0.122393,
    "05_run": 0.056726,
    "06_collect": 0.008466,
    "total": 0.201189
  },
  "meta": {
    "backend": "AerSV",
    "n_qubits": 19,
    "depth_in": 2701,
    "depth_transpiled": 2701,
    "size_transpiled": 2719,
    "quasi_dist": {
      "0": 1.0
    }
  }
}