{
  "laps": {
    "01_setup": 6.9e-05,
    "03_transpile": 0.02376,
    "04_submit": 0.000835,
    "05_run": 0.003117,
    "06_collect": 0.000132,
    "total": 0.027913
  },
  "meta": {
    "backend": "AerSV",
    "n_qubits": 13,
    "depth_in": 21,
    "depth_transpiled": 21,
    "size_transpiled": 33,
    "quasi_dist": {
      "8191": 0.5009765625,
      "0": 0.4990234375
    }
  }
}