{
  "01_setup": 0.000481,
  "02_cache_search": 0.000567,
  "03_transpile": 0.01943,
  "07_cache_write": 0.002662,
  "04_submit": 0.003319,
  "05_run": 0.010592,
  "06_collect": 0.000268,
  "total": 0.037319
}