{
  "laps": {
    "01_setup": 0.000108,
    "03_transpile": 0.074121,
    "04_submit": 0.002259,
    "05_run": 0.006067,
    "06_collect": 0.00053,
    "total": 0.083085
  },
  "meta": {
    "backend": "AerSV",
    "n_qubits": 9,
    "depth_in": 193,
    "depth_transpiled": 193,
    "size_transpiled": 201,
    "quasi_dist": {
      "0": 1.0
    }
  }
}