{
  "01_setup": 0.000354,
  "03_transpile": 0.118956,
  "04_submit": 0.003494,
  "05_run": 0.011092,
  "06_collect": 0.000331,
  "total": 0.134227
}