{
  "01_setup": 0.000375,
  "02_cache_search": 0.000477,
  "03_transpile": 0.020237,
  "07_cache_write": 0.000706,
  "04_submit": 0.002471,
  "05_run": 0.0079,
  "06_collect": 0.000185,
  "total": 0.032351
}