{
  "laps": {
    "01_setup": 0.000112,
    "02_cache_search": 0.013496,
    "04_submit": 0.026424,
    "05_run": 0.060389,
    "06_collect": 0.008272,
    "total": 0.108693
  },
  "meta": {
    "backend": "AerSV",
    "n_qubits": 19,
    "depth_in": 2701,
    "depth_transpiled": 2701,
    "size_transpiled": 2719,
    "quasi_dist": {
      "0": 1.0
    }
  }
}