{
  "laps": {
    "01_setup": 7.8e-05,
    "02_cache_search": 0.003299,
    "03_transpile": 0.192972,
    "07_cache_write": 0.013714,
    "04_submit": 0.005585,
    "05_run": 0.009204,
    "06_collect": 0.001589,
    "total": 0.226441
  },
  "meta": {
    "backend": "AerSV",
    "n_qubits": 9,
    "depth_in": 769,
    "depth_transpiled": 769,
    "size_transpiled": 777,
    "quasi_dist": {
      "0": 1.0
    }
  }
}