{
  "laps": {
    "01_setup": 6.8e-05,
    "02_cache_search": 0.005284,
    "03_transpile": 0.033634,
    "07_cache_write": 0.001571,
    "04_submit": 0.000815,
    "05_run": 0.001704,
    "06_collect": 0.00026,
    "total": 0.043336
  },
  "meta": {
    "backend": "AerSV",
    "n_qubits": 3,
    "depth_in": 130,
    "depth_transpiled": 34,
    "size_transpiled": 39,
    "quasi_dist": {
      "6": 0.1259765625,
      "0": 0.1181640625,
      "4": 0.134765625,
      "5": 0.1171875,
      "3": 0.134765625,
      "2": 0.1240234375,
      "7": 0.1064453125,
      "1": 0.138671875
    }
  }
}