{
  "laps": {
    "01_setup": 6.8e-05,
    "02_cache_search": 7.7e-05,
    "03_transpile": 0.018256,
    "07_cache_write": 0.001114,
    "04_submit": 0.000611,
    "05_run": 0.001608,
    "06_collect": 3.9e-05,
    "total": 0.021773
  },
  "meta": {
    "backend": "AerSV",
    "n_qubits": 5,
    "depth_in": 6,
    "depth_transpiled": 6,
    "size_transpiled": 10,
    "quasi_dist": {
      "0": 0.5029296875,
      "31": 0.4970703125
    }
  }
}