{
  "01_setup": 0.000301,
  "02_cache_search": 0.000388,
  "03_transpile": 0.019351,
  "07_cache_write": 0.000536,
  "04_submit": 0.00209,
  "05_run": 0.006349,
  "06_collect": 0.000153,
  "total": 0.029168
}