{
  "01_setup": 0.000678,
  "02_cache_search": 0.002025,
  "03_transpile": 0.052491,
  "07_cache_write": 0.023769,
  "04_submit": 0.010817,
  "05_run": 0.028655,
  "06_collect": 0.002301,
  "total": 0.120736
}