{
  "laps": {
    "01_setup": 0.000144,
    "03_transpile": 0.376227,
    "04_submit": 0.004648,
    "05_run": 0.008588,
    "06_collect": 0.001145,
    "total": 0.390752
  },
  "meta": {
    "backend": "AerSV",
    "n_qubits": 7,
    "depth_in": 119,
    "depth_transpiled": 119,
    "size_transpiled": 455,
    "quasi_dist": {
      "0": 1.0
    }
  }
}