{
  "laps": {
    "01_setup": 6.7e-05,
    "02_cache_search": 0.000249,
    "03_transpile": 0.030242,
    "07_cache_write": 0.01193,
    "04_submit": 0.001552,
    "05_run": 0.004423,
    "06_collect": 0.000292,
    "total": 0.048755
  },
  "meta": {
    "backend": "AerSV",
    "n_qubits": 13,
    "depth_in": 38,
    "depth_transpiled": 38,
    "size_transpiled": 50,
    "quasi_dist": {
      "0": 0.521484375,
      "8191": 0.478515625
    }
  }
}