{
  "01_setup": 0.000329,
  "02_cache_search": 0.00043,
  "03_transpile": 0.020502,
  "07_cache_write": 0.000739,
  "04_submit": 0.002369,
  "05_run": 0.006679,
  "06_collect": 0.000213,
  "total": 0.031261
}