{
  "01_setup": 0.000553,
  "03_transpile": 1.307309,
  "04_submit": 0.03356,
  "05_run": 0.362274,
  "06_collect": 0.014377,
  "total": 1.718073
}