{
  "01_setup": 0.000414,
  "03_transpile": 0.116439,
  "04_submit": 0.003502,
  "05_run": 0.012026,
  "06_collect": 0.000325,
  "total": 0.132706
}