{
  "01_setup": 0.000448,
  "03_transpile": 9.60958,
  "04_submit": 0.171957,
  "05_run": 4.148858,
  "06_collect": 0.062254,
  "total": 13.993097
}