{
  "laps": {
    "01_setup": 7.8e-05,
    "02_cache_search": 0.001311,
    "03_transpile": 0.08667,
    "07_cache_write": 0.008652,
    "04_submit": 0.003659,
    "05_run": 0.00627,
    "06_collect": 0.000976,
    "total": 0.107616
  },
  "meta": {
    "backend": "AerSV",
    "n_qubits": 11,
    "depth_in": 351,
    "depth_transpiled": 351,
    "size_transpiled": 361,
    "quasi_dist": {
      "0": 1.0
    }
  }
}