{
  "01_setup": 0.000549,
  "03_transpile": 1.816058,
  "04_submit": 0.175045,
  "05_run": 0.149404,
  "06_collect": 0.029,
  "total": 2.170056
}