{
  "laps": {
    "01_setup": 0.000114,
    "03_transpile": 0.050059,
    "04_submit": 0.001871,
    "05_run": 0.002925,
    "06_collect": 0.000404,
    "total": 0.055373
  },
  "meta": {
    "backend": "AerSV",
    "n_qubits": 5,
    "depth_in": 193,
    "depth_transpiled": 193,
    "size_transpiled": 197,
    "quasi_dist": {
      "0": 1.0
    }
  }
}