{
  "01_setup": 0.000632,
  "03_transpile": 2.414087,
  "04_submit": 0.060365,
  "05_run": 0.097403,
  "06_collect": 0.016919,
  "total": 2.589406
}