{
  "laps": {
    "01_setup": 6.7e-05,
    "02_cache_search": 0.107169,
    "03_transpile": 0.075945,
    "07_cache_write": 0.09116,
    "04_submit": 0.00092,
    "05_run": 0.002216,
    "06_collect": 0.000211,
    "total": 0.277688
  },
  "meta": {
    "backend": "AerSV",
    "n_qubits": 5,
    "depth_in": 66,
    "depth_transpiled": 18,
    "size_transpiled": 29,
    "quasi_dist": {
      "18": 0.03125,
      "23": 0.0380859375,
      "6": 0.0361328125,
      "19": 0.03125,
      "2": 0.0283203125,
      "31": 0.04296875,
      "13": 0.0322265625,
      "29": 0.02734375,
      "1": 0.0302734375,
      "22": 0.0244140625,
      "5": 0.0283203125,
      "28": 0.037109375,
      "24": 0.0322265625,
      "30": 0.0224609375,
      "27": 0.0341796875,
      "3": 0.025390625,
      "25": 0.025390625,
      "7": 0.046875,
      "26": 0.0361328125,
      "10": 0.0302734375,
      "21": 0.0263671875,
      "0": 0.0341796875,
      "16": 0.029296875,
      "17": 0.0341796875,
      "20": 0.0390625,
      "8": 0.037109375,
      "15": 0.037109375,
      "12": 0.0244140625,
      "11": 0.03125,
      "14": 0.0234375,
      "4": 0.0234375,
      "9": 0.01953125
    }
  }
}