{
  "01_setup": 0.000349,
  "02_cache_search": 0.000376,
  "03_transpile": 0.018334,
  "07_cache_write": 0.001348,
  "04_submit": 0.002194,
  "05_run": 0.00681,
  "06_collect": 0.000183,
  "total": 0.029594
}