{
  "01_setup": 0.000432,
  "02_cache_search": 0.004733,
  "03_transpile": 0.065927,
  "07_cache_write": 0.07559,
  "04_submit": 0.011404,
  "05_run": 0.0199,
  "06_collect": 0.00253,
  "total": 0.180516
}