{
  "laps": {
    "01_setup": 9.6e-05,
    "03_transpile": 0.031667,
    "04_submit": 0.000893,
    "05_run": 0.008423,
    "06_collect": 0.000154,
    "total": 0.041233
  },
  "meta": {
    "backend": "AerSV",
    "n_qubits": 19,
    "depth_in": 20,
    "depth_transpiled": 20,
    "size_transpiled": 38,
    "quasi_dist": {
      "524287": 0.529296875,
      "0": 0.470703125
    }
  }
}