{
  "01_setup": 0.000667,
  "03_transpile": 3.548583,
  "04_submit": 0.262178,
  "05_run": 19.953923,
  "06_collect": 0.047619,
  "total": 23.81297
}