{
  "laps": {
    "01_setup": 0.000127,
    "03_transpile": 0.261495,
    "04_submit": 0.007385,
    "05_run": 0.158166,
    "06_collect": 0.001701,
    "total": 0.428874
  },
  "meta": {
    "backend": "AerSV",
    "n_qubits": 23,
    "depth_in": 529,
    "depth_transpiled": 529,
    "size_transpiled": 551,
    "quasi_dist": {
      "0": 1.0
    }
  }
}