{
  "01_setup": 0.000389,
  "03_transpile": 0.154438,
  "04_submit": 0.005436,
  "05_run": 0.013733,
  "06_collect": 0.001262,
  "total": 0.175258
}