{
  "laps": {
    "01_setup": 0.000101,
    "02_cache_search": 0.001077,
    "04_submit": 0.002869,
    "05_run": 0.008856,
    "06_collect": 0.000915,
    "total": 0.013818
  },
  "meta": {
    "backend": "AerSV",
    "n_qubits": 15,
    "depth_in": 161,
    "depth_transpiled": 161,
    "size_transpiled": 175,
    "quasi_dist": {
      "0": 1.0
    }
  }
}