{
  "laps": {
    "01_setup": 0.000115,
    "03_transpile": 0.081058,
    "04_submit": 0.006402,
    "05_run": 0.004594,
    "06_collect": 0.000885,
    "total": 0.093054
  },
  "meta": {
    "backend": "AerSV",
    "n_qubits": 9,
    "depth_in": 276,
    "depth_transpiled": 276,
    "size_transpiled": 284,
    "quasi_dist": {
      "0": 1.0
    }
  }
}