{
  "laps": {
    "01_setup": 0.000102,
    "03_transpile": 0.115128,
    "04_submit": 0.004925,
    "05_run": 0.013126,
    "06_collect": 0.001936,
    "total": 0.135217
  },
  "meta": {
    "backend": "AerSV",
    "n_qubits": 15,
    "depth_in": 673,
    "depth_transpiled": 673,
    "size_transpiled": 687,
    "quasi_dist": {
      "0": 1.0
    }
  }
}