{
  "laps": {
    "01_setup": 6.5e-05,
    "03_transpile": 0.021415,
    "04_submit": 0.000516,
    "05_run": 0.001395,
    "06_collect": 6.2e-05,
    "total": 0.023453
  },
  "meta": {
    "backend": "AerSV",
    "n_qubits": 3,
    "depth_in": 17,
    "depth_transpiled": 14,
    "size_transpiled": 26,
    "quasi_dist": {
      "0": 0.4326171875,
      "2": 0.052734375,
      "3": 0.1708984375,
      "5": 0.0244140625,
      "1": 0.0908203125,
      "4": 0.0947265625,
      "6": 0.1162109375,
      "7": 0.017578125
    }
  }
}