{
  "01_setup": 0.00061,
  "02_cache_search": 0.006712,
  "03_transpile": 0.083452,
  "07_cache_write": 0.416983,
  "04_submit": 0.014496,
  "05_run": 1.465952,
  "06_collect": 0.004073,
  "total": 1.992278
}