{
  "laps": {
    "01_setup": 0.00015,
    "03_transpile": 0.049995,
    "04_submit": 0.00199,
    "05_run": 0.003247,
    "06_collect": 0.000491,
    "total": 0.055873
  },
  "meta": {
    "backend": "AerSV",
    "n_qubits": 9,
    "depth_in": 34,
    "depth_transpiled": 34,
    "size_transpiled": 42,
    "quasi_dist": {
      "0": 0.490234375,
      "511": 0.509765625
    }
  }
}