{
  "laps": {
    "01_setup": 0.000145,
    "02_cache_search": 0.006225,
    "04_submit": 0.013171,
    "05_run": 0.357834,
    "06_collect": 0.003386,
    "total": 0.380761
  },
  "meta": {
    "backend": "AerSV",
    "n_qubits": 23,
    "depth_in": 1057,
    "depth_transpiled": 1057,
    "size_transpiled": 1079,
    "quasi_dist": {
      "0": 1.0
    }
  }
}