{
  "laps": {
    "01_setup": 0.000143,
    "03_transpile": 0.635156,
    "04_submit": 0.026441,
    "05_run": 0.137208,
    "06_collect": 0.009173,
    "total": 0.808121
  },
  "meta": {
    "backend": "AerSV",
    "n_qubits": 21,
    "depth_in": 3001,
    "depth_transpiled": 3001,
    "size_transpiled": 3021,
    "quasi_dist": {
      "0": 1.0
    }
  }
}