{
  "laps": {
    "01_setup": 8.1e-05,
    "03_transpile": 0.020507,
    "04_submit": 0.000623,
    "05_run": 0.001463,
    "06_collect": 3.6e-05,
    "total": 0.02271
  },
  "meta": {
    "backend": "AerSV",
    "n_qubits": 3,
    "depth_in": 5,
    "depth_transpiled": 5,
    "size_transpiled": 11,
    "quasi_dist": {
      "5": 0.130859375,
      "3": 0.138671875,
      "7": 0.1220703125,
      "1": 0.1337890625,
      "0": 0.1396484375,
      "4": 0.125,
      "2": 0.103515625,
      "6": 0.1064453125
    }
  }
}