{
  "laps": {
    "01_setup": 7.3e-05,
    "02_cache_search": 0.001325,
    "03_transpile": 0.025081,
    "07_cache_write": 0.000909,
    "04_submit": 0.000703,
    "05_run": 0.00143,
    "06_collect": 8.9e-05,
    "total": 0.02961
  },
  "meta": {
    "backend": "AerSV",
    "n_qubits": 3,
    "depth_in": 34,
    "depth_transpiled": 10,
    "size_transpiled": 15,
    "quasi_dist": {
      "2": 0.1298828125,
      "4": 0.1318359375,
      "7": 0.1240234375,
      "6": 0.115234375,
      "5": 0.119140625,
      "0": 0.126953125,
      "1": 0.111328125,
      "3": 0.1416015625
    }
  }
}