{
  "laps": {
    "01_setup": 0.000133,
    "02_cache_search": 0.000242,
    "03_transpile": 0.033566,
    "07_cache_write": 0.016946,
    "04_submit": 0.001107,
    "05_run": 0.004371,
    "06_collect": 0.000124,
    "total": 0.056489
  },
  "meta": {
    "backend": "AerSV",
    "n_qubits": 15,
    "depth_in": 16,
    "depth_transpiled": 16,
    "size_transpiled": 30,
    "quasi_dist": {
      "0": 0.484375,
      "32767": 0.515625
    }
  }
}