{
  "laps": {
    "01_setup": 6.7e-05,
    "02_cache_search": 0.000513,
    "03_transpile": 0.019745,
    "07_cache_write": 0.000581,
    "04_submit": 0.000607,
    "05_run": 0.001396,
    "06_collect": 4.2e-05,
    "total": 0.022951
  },
  "meta": {
    "backend": "AerSV",
    "n_qubits": 3,
    "depth_in": 10,
    "depth_transpiled": 4,
    "size_transpiled": 9,
    "quasi_dist": {
      "5": 0.1171875,
      "3": 0.138671875,
      "1": 0.1123046875,
      "0": 0.1240234375,
      "4": 0.12109375,
      "7": 0.1455078125,
      "2": 0.1201171875,
      "6": 0.12109375
    }
  }
}