{
  "01_setup": 0.000359,
  "03_transpile": 0.226353,
  "04_submit": 0.007079,
  "05_run": 0.012811,
  "06_collect": 0.001559,
  "total": 0.248161
}