{
  "laps": {
    "01_setup": 9.9e-05,
    "02_cache_search": 0.000228,
    "04_submit": 0.0009,
    "05_run": 0.005927,
    "06_collect": 0.000198,
    "total": 0.007352
  },
  "meta": {
    "backend": "AerSV",
    "n_qubits": 17,
    "depth_in": 21,
    "depth_transpiled": 21,
    "size_transpiled": 37,
    "quasi_dist": {
      "0": 0.498046875,
      "131071": 0.501953125
    }
  }
}