{
  "01_setup": 0.000402,
  "02_cache_search": 0.000712,
  "03_transpile": 0.024841,
  "07_cache_write": 0.0008,
  "04_submit": 0.003306,
  "05_run": 0.007985,
  "06_collect": 0.000437,
  "total": 0.038483
}