{
  "01_setup": 0.000748,
  "03_transpile": 0.325875,
  "04_submit": 0.017197,
  "05_run": 0.019174,
  "06_collect": 0.001554,
  "total": 0.364548
}