{
  "01_setup": 0.000365,
  "02_cache_search": 0.002926,
  "03_transpile": 0.043839,
  "07_cache_write": 0.004043,
  "04_submit": 0.00665,
  "05_run": 0.015911,
  "06_collect": 0.001616,
  "total": 0.07535
}