{
  "laps": {
    "01_setup": 0.000135,
    "02_cache_search": 0.000406,
    "04_submit": 0.001672,
    "05_run": 0.020764,
    "06_collect": 0.000398,
    "total": 0.023375
  },
  "meta": {
    "backend": "AerSV",
    "n_qubits": 21,
    "depth_in": 29,
    "depth_transpiled": 29,
    "size_transpiled": 49,
    "quasi_dist": {
      "2097151": 0.494140625,
      "0": 0.505859375
    }
  }
}