{
  "01_setup": 0.000672,
  "02_cache_search": 0.079644,
  "03_transpile": 0.469837,
  "07_cache_write": 0.224956,
  "04_submit": 0.26615,
  "05_run": 0.724689,
  "06_collect": 0.049861,
  "total": 1.815809
}