{
  "01_setup": 0.00032,
  "02_cache_search": 0.000444,
  "03_transpile": 0.020238,
  "07_cache_write": 0.003866,
  "04_submit": 0.002266,
  "05_run": 0.010427,
  "06_collect": 0.000266,
  "total": 0.037827
}