{
  "laps": {
    "01_setup": 0.000107,
    "02_cache_search": 0.01079,
    "04_submit": 0.021702,
    "05_run": 0.039996,
    "06_collect": 0.006752,
    "total": 0.079347
  },
  "meta": {
    "backend": "AerSV",
    "n_qubits": 15,
    "depth_in": 2101,
    "depth_transpiled": 2101,
    "size_transpiled": 2115,
    "quasi_dist": {
      "0": 1.0
    }
  }
}