{
  "laps": {
    "01_setup": 0.00011,
    "02_cache_search": 0.008086,
    "04_submit": 0.015501,
    "05_run": 0.271972,
    "06_collect": 0.003285,
    "total": 0.298954
  },
  "meta": {
    "backend": "AerSV",
    "n_qubits": 21,
    "depth_in": 105,
    "depth_transpiled": 105,
    "size_transpiled": 945,
    "quasi_dist": {
      "0": 1.0
    }
  }
}