{
  "01_setup": 0.000354,
  "02_cache_search": 0.002128,
  "03_transpile": 0.037111,
  "07_cache_write": 0.179062,
  "04_submit": 0.005908,
  "05_run": 0.026927,
  "06_collect": 0.001184,
  "total": 0.252674
}