{
  "laps": {
    "01_setup": 0.000108,
    "03_transpile": 0.183555,
    "04_submit": 0.008609,
    "05_run": 0.01324,
    "06_collect": 0.002502,
    "total": 0.208014
  },
  "meta": {
    "backend": "AerSV",
    "n_qubits": 9,
    "depth_in": 1201,
    "depth_transpiled": 1201,
    "size_transpiled": 1209,
    "quasi_dist": {
      "0": 1.0
    }
  }
}