{
  "laps": {
    "01_setup": 0.00012,
    "02_cache_search": 0.016972,
    "04_submit": 0.023651,
    "05_run": 26.931652,
    "06_collect": 0.01008,
    "total": 26.982475
  },
  "meta": {
    "backend": "AerSV",
    "n_qubits": 25,
    "depth_in": 225,
    "depth_transpiled": 225,
    "size_transpiled": 2625,
    "quasi_dist": {
      "0": 1.0
    }
  }
}