{
  "laps": {
    "01_setup": 7e-05,
    "02_cache_search": 0.000101,
    "04_submit": 0.000473,
    "05_run": 0.001562,
    "06_collect": 5.1e-05,
    "total": 0.002257
  },
  "meta": {
    "backend": "AerSV",
    "n_qubits": 5,
    "depth_in": 9,
    "depth_transpiled": 9,
    "size_transpiled": 13,
    "quasi_dist": {
      "0": 0.4755859375,
      "31": 0.5244140625
    }
  }
}