{
  "01_setup": 0.00046,
  "02_cache_search": 0.001289,
  "03_transpile": 0.033721,
  "07_cache_write": 0.202721,
  "04_submit": 0.004247,
  "05_run": 0.024641,
  "06_collect": 0.00089,
  "total": 0.267969
}