{
  "laps": {
    "01_setup": 6.2e-05,
    "02_cache_search": 0.000174,
    "04_submit": 0.000722,
    "05_run": 0.002166,
    "06_collect": 0.000162,
    "total": 0.003286
  },
  "meta": {
    "backend": "AerSV",
    "n_qubits": 9,
    "depth_in": 25,
    "depth_transpiled": 25,
    "size_transpiled": 33,
    "quasi_dist": {
      "511": 0.4853515625,
      "0": 0.5146484375
    }
  }
}