{
  "laps": {
    "01_setup": 0.000131,
    "03_transpile": 0.143745,
    "04_submit": 0.004005,
    "05_run": 0.005534,
    "06_collect": 0.000935,
    "total": 0.15435
  },
  "meta": {
    "backend": "AerSV",
    "n_qubits": 7,
    "depth_in": 119,
    "depth_transpiled": 119,
    "size_transpiled": 455,
    "quasi_dist": {
      "0": 1.0
    }
  }
}