{
  "laps": {
    "01_setup": 0.000118,
    "03_transpile": 0.02513,
    "04_submit": 0.000956,
    "05_run": 0.001978,
    "06_collect": 0.000149,
    "total": 0.028331
  },
  "meta": {
    "backend": "AerSV",
    "n_qubits": 7,
    "depth_in": 23,
    "depth_transpiled": 23,
    "size_transpiled": 29,
    "quasi_dist": {
      "127": 0.4814453125,
      "0": 0.5185546875
    }
  }
}