{
  "laps": {
    "01_setup": 7.3e-05,
    "03_transpile": 0.060785,
    "04_submit": 0.002515,
    "05_run": 0.003729,
    "06_collect": 0.000532,
    "total": 0.067634
  },
  "meta": {
    "backend": "AerSV",
    "n_qubits": 3,
    "depth_in": 252,
    "depth_transpiled": 252,
    "size_transpiled": 306,
    "quasi_dist": {
      "2": 0.1435546875,
      "6": 0.1376953125,
      "0": 0.078125,
      "1": 0.140625,
      "7": 0.1064453125,
      "3": 0.1435546875,
      "5": 0.146484375,
      "4": 0.103515625
    }
  }
}