{
  "laps": {
    "01_setup": 6.9e-05,
    "02_cache_search": 0.000109,
    "04_submit": 0.000398,
    "05_run": 0.001551,
    "06_collect": 4.8e-05,
    "total": 0.002175
  },
  "meta": {
    "backend": "AerSV",
    "n_qubits": 5,
    "depth_in": 7,
    "depth_transpiled": 7,
    "size_transpiled": 19,
    "quasi_dist": {
      "31": 0.0341796875,
      "23": 0.037109375,
      "12": 0.0322265625,
      "3": 0.0234375,
      "8": 0.04296875,
      "1": 0.03515625,
      "10": 0.0390625,
      "30": 0.0322265625,
      "7": 0.0263671875,
      "22": 0.041015625,
      "16": 0.0302734375,
      "6": 0.0322265625,
      "25": 0.029296875,
      "24": 0.0263671875,
      "5": 0.033203125,
      "13": 0.037109375,
      "11": 0.029296875,
      "4": 0.029296875,
      "9": 0.0244140625,
      "18": 0.0283203125,
      "21": 0.0263671875,
      "15": 0.029296875,
      "0": 0.0322265625,
      "14": 0.0283203125,
      "2": 0.0341796875,
      "26": 0.0302734375,
      "28": 0.0390625,
      "19": 0.0283203125,
      "20": 0.0244140625,
      "29": 0.0205078125,
      "27": 0.029296875,
      "17": 0.0341796875
    }
  }
}