{
  "01_setup": 0.000336,
  "02_cache_search": 0.001871,
  "03_transpile": 0.034442,
  "07_cache_write": 0.161849,
  "04_submit": 0.005005,
  "05_run": 0.019956,
  "06_collect": 0.001653,
  "total": 0.225112
}