{
  "laps": {
    "01_setup": 6.7e-05,
    "03_transpile": 0.032413,
    "04_submit": 0.00103,
    "05_run": 0.001965,
    "06_collect": 0.000201,
    "total": 0.035676
  },
  "meta": {
    "backend": "AerSV",
    "n_qubits": 3,
    "depth_in": 82,
    "depth_transpiled": 82,
    "size_transpiled": 102,
    "quasi_dist": {
      "2": 0.0556640625,
      "7": 0.3291015625,
      "0": 0.3310546875,
      "4": 0.0537109375,
      "6": 0.0693359375,
      "5": 0.06640625,
      "1": 0.04296875,
      "3": 0.0517578125
    }
  }
}