{
  "laps": {
    "01_setup": 0.000116,
    "02_cache_search": 0.013408,
    "04_submit": 0.026666,
    "05_run": 0.056514,
    "06_collect": 0.009372,
    "total": 0.106076
  },
  "meta": {
    "backend": "AerSV",
    "n_qubits": 19,
    "depth_in": 2701,
    "depth_transpiled": 2701,
    "size_transpiled": 2719,
    "quasi_dist": {
      "0": 1.0
    }
  }
}