{
  "01_setup": 0.000458,
  "03_transpile": 0.237388,
  "04_submit": 0.006784,
  "05_run": 0.033636,
  "06_collect": 0.003597,
  "total": 0.281863
}