{
  "laps": {
    "01_setup": 0.000119,
    "03_transpile": 0.290716,
    "04_submit": 0.006456,
    "05_run": 0.064101,
    "06_collect": 0.00262,
    "total": 0.364012
  },
  "meta": {
    "backend": "AerSV",
    "n_qubits": 19,
    "depth_in": 651,
    "depth_transpiled": 651,
    "size_transpiled": 669,
    "quasi_dist": {
      "0": 1.0
    }
  }
}