{
  "01_setup": 0.000377,
  "03_transpile": 0.12038,
  "04_submit": 0.004554,
  "05_run": 0.011582,
  "06_collect": 0.000833,
  "total": 0.137726
}