{
  "01_setup": 0.000651,
  "02_cache_search": 0.27935,
  "03_transpile": 6.023842,
  "07_cache_write": 0.868528,
  "04_submit": 0.69876,
  "05_run": 310.867046,
  "06_collect": 0.149267,
  "total": 318.887444
}