{
  "laps": {
    "01_setup": 9.8e-05,
    "02_cache_search": 0.000203,
    "04_submit": 0.000779,
    "05_run": 0.005499,
    "06_collect": 0.000153,
    "total": 0.006732
  },
  "meta": {
    "backend": "AerSV",
    "n_qubits": 17,
    "depth_in": 18,
    "depth_transpiled": 18,
    "size_transpiled": 34,
    "quasi_dist": {
      "131071": 0.517578125,
      "0": 0.482421875
    }
  }
}