{
  "laps": {
    "01_setup": 9.7e-05,
    "02_cache_search": 0.000185,
    "04_submit": 0.000781,
    "05_run": 0.004628,
    "06_collect": 0.000156,
    "total": 0.005847
  },
  "meta": {
    "backend": "AerSV",
    "n_qubits": 15,
    "depth_in": 16,
    "depth_transpiled": 16,
    "size_transpiled": 30,
    "quasi_dist": {
      "32767": 0.494140625,
      "0": 0.505859375
    }
  }
}