{
  "laps": {
    "01_setup": 7.8e-05,
    "03_transpile": 0.022992,
    "04_submit": 0.000766,
    "05_run": 0.001523,
    "06_collect": 6.5e-05,
    "total": 0.025424
  },
  "meta": {
    "backend": "AerSV",
    "n_qubits": 3,
    "depth_in": 17,
    "depth_transpiled": 17,
    "size_transpiled": 27,
    "quasi_dist": {
      "3": 0.193359375,
      "0": 0.259765625,
      "6": 0.0400390625,
      "7": 0.083984375,
      "5": 0.1181640625,
      "4": 0.19921875,
      "1": 0.048828125,
      "2": 0.056640625
    }
  }
}