{
  "laps": {
    "01_setup": 7.6e-05,
    "03_transpile": 0.021588,
    "04_submit": 0.000702,
    "05_run": 0.001783,
    "06_collect": 8.7e-05,
    "total": 0.024236
  },
  "meta": {
    "backend": "AerSV",
    "n_qubits": 7,
    "depth_in": 15,
    "depth_transpiled": 15,
    "size_transpiled": 21,
    "quasi_dist": {
      "0": 0.494140625,
      "127": 0.505859375
    }
  }
}