{
  "01_setup": 0.000509,
  "02_cache_search": 0.018906,
  "03_transpile": 0.16074,
  "07_cache_write": 0.131993,
  "04_submit": 0.031453,
  "05_run": 0.266635,
  "06_collect": 0.009422,
  "total": 0.619658
}