{
  "01_setup": 0.000334,
  "03_transpile": 0.108671,
  "04_submit": 0.003927,
  "05_run": 0.00806,
  "06_collect": 0.000422,
  "total": 0.121414
}