{
  "laps": {
    "01_setup": 0.000102,
    "03_transpile": 0.026146,
    "04_submit": 0.000876,
    "05_run": 0.006201,
    "06_collect": 0.0002,
    "total": 0.033525
  },
  "meta": {
    "backend": "AerSV",
    "n_qubits": 17,
    "depth_in": 21,
    "depth_transpiled": 21,
    "size_transpiled": 37,
    "quasi_dist": {
      "131071": 0.4716796875,
      "0": 0.5283203125
    }
  }
}