{
  "laps": {
    "01_setup": 0.000107,
    "03_transpile": 0.039091,
    "04_submit": 0.001512,
    "05_run": 0.005347,
    "06_collect": 0.000406,
    "total": 0.046463
  },
  "meta": {
    "backend": "AerSV",
    "n_qubits": 15,
    "depth_in": 31,
    "depth_transpiled": 31,
    "size_transpiled": 45,
    "quasi_dist": {
      "0": 0.498046875,
      "32767": 0.501953125
    }
  }
}