{
  "laps": {
    "01_setup": 7.9e-05,
    "03_transpile": 0.020283,
    "04_submit": 0.00067,
    "05_run": 0.00158,
    "06_collect": 3.7e-05,
    "total": 0.022649
  },
  "meta": {
    "backend": "AerSV",
    "n_qubits": 5,
    "depth_in": 6,
    "depth_transpiled": 6,
    "size_transpiled": 10,
    "quasi_dist": {
      "31": 0.5185546875,
      "0": 0.4814453125
    }
  }
}