{
  "laps": {
    "01_setup": 0.000128,
    "02_cache_search": 0.000842,
    "03_transpile": 0.066869,
    "07_cache_write": 0.028658,
    "04_submit": 0.001977,
    "05_run": 0.04317,
    "06_collect": 0.000577,
    "total": 0.142221
  },
  "meta": {
    "backend": "AerSV",
    "n_qubits": 21,
    "depth_in": 117,
    "depth_transpiled": 117,
    "size_transpiled": 137,
    "quasi_dist": {
      "0": 1.0
    }
  }
}