{
  "laps": {
    "01_setup": 7.3e-05,
    "02_cache_search": 0.000183,
    "03_transpile": 0.018368,
    "07_cache_write": 0.000626,
    "04_submit": 0.000577,
    "05_run": 0.001256,
    "06_collect": 2.6e-05,
    "total": 0.021109
  },
  "meta": {
    "backend": "AerSV",
    "n_qubits": 3,
    "depth_in": 4,
    "depth_transpiled": 4,
    "size_transpiled": 6,
    "quasi_dist": {
      "0": 0.494140625,
      "7": 0.505859375
    }
  }
}