{
  "01_setup": 0.000832,
  "03_transpile": 1.071373,
  "04_submit": 0.040263,
  "05_run": 0.08291,
  "06_collect": 0.011561,
  "total": 1.206939
}