{
  "laps": {
    "01_setup": 7.3e-05,
    "02_cache_search": 9.8e-05,
    "04_submit": 0.000443,
    "05_run": 0.001294,
    "06_collect": 4e-05,
    "total": 0.001948
  },
  "meta": {
    "backend": "AerSV",
    "n_qubits": 3,
    "depth_in": 7,
    "depth_transpiled": 7,
    "size_transpiled": 9,
    "quasi_dist": {
      "0": 0.4951171875,
      "7": 0.5048828125
    }
  }
}