{
  "01_setup": 0.000695,
  "02_cache_search": 0.029163,
  "03_transpile": 0.223781,
  "07_cache_write": 0.345675,
  "04_submit": 0.04821,
  "05_run": 30.157447,
  "06_collect": 0.016769,
  "total": 30.82174
}