{
  "laps": {
    "01_setup": 0.00014,
    "02_cache_search": 0.011875,
    "04_submit": 0.020751,
    "05_run": 0.036866,
    "06_collect": 0.005979,
    "total": 0.075611
  },
  "meta": {
    "backend": "AerSV",
    "n_qubits": 15,
    "depth_in": 2101,
    "depth_transpiled": 2101,
    "size_transpiled": 2115,
    "quasi_dist": {
      "0": 1.0
    }
  }
}