{
  "laps": {
    "01_setup": 7.1e-05,
    "03_transpile": 0.031798,
    "04_submit": 0.001002,
    "05_run": 0.002034,
    "06_collect": 0.000192,
    "total": 0.035097
  },
  "meta": {
    "backend": "AerSV",
    "n_qubits": 3,
    "depth_in": 82,
    "depth_transpiled": 82,
    "size_transpiled": 102,
    "quasi_dist": {
      "0": 0.3212890625,
      "7": 0.3330078125,
      "5": 0.0498046875,
      "3": 0.060546875,
      "1": 0.060546875,
      "6": 0.05859375,
      "2": 0.0576171875,
      "4": 0.05859375
    }
  }
}