{
  "01_setup": 0.00073,
  "03_transpile": 1.423518,
  "04_submit": 0.047222,
  "05_run": 6.54234,
  "06_collect": 0.016788,
  "total": 8.030598
}