{
  "01_setup": 0.000451,
  "03_transpile": 0.425982,
  "04_submit": 0.092319,
  "05_run": 0.040424,
  "06_collect": 0.005414,
  "total": 0.56459
}