{
  "laps": {
    "01_setup": 0.00012,
    "02_cache_search": 0.031055,
    "04_submit": 0.054395,
    "05_run": 41.608281,
    "06_collect": 0.018974,
    "total": 41.712825
  },
  "meta": {
    "backend": "AerSV",
    "n_qubits": 25,
    "depth_in": 425,
    "depth_transpiled": 425,
    "size_transpiled": 5225,
    "quasi_dist": {
      "0": 1.0
    }
  }
}