{
  "laps": {
    "01_setup": 0.000105,
    "03_transpile": 0.027459,
    "04_submit": 0.000839,
    "05_run": 0.00163,
    "06_collect": 0.000101,
    "total": 0.030134
  },
  "meta": {
    "backend": "AerSV",
    "n_qubits": 3,
    "depth_in": 34,
    "depth_transpiled": 10,
    "size_transpiled": 15,
    "quasi_dist": {
      "7": 0.1201171875,
      "6": 0.11328125,
      "4": 0.1240234375,
      "1": 0.138671875,
      "0": 0.12890625,
      "3": 0.1435546875,
      "5": 0.1259765625,
      "2": 0.10546875
    }
  }
}