{
  "laps": {
    "01_setup": 0.000111,
    "03_transpile": 0.036324,
    "04_submit": 0.001124,
    "05_run": 0.004336,
    "06_collect": 0.000259,
    "total": 0.042154
  },
  "meta": {
    "backend": "AerSV",
    "n_qubits": 15,
    "depth_in": 23,
    "depth_transpiled": 23,
    "size_transpiled": 37,
    "quasi_dist": {
      "0": 0.50390625,
      "32767": 0.49609375
    }
  }
}