{
  "laps": {
    "01_setup": 9.7e-05,
    "03_transpile": 0.022951,
    "04_submit": 0.000785,
    "05_run": 0.001807,
    "06_collect": 7.6e-05,
    "total": 0.025716
  },
  "meta": {
    "backend": "AerSV",
    "n_qubits": 5,
    "depth_in": 15,
    "depth_transpiled": 15,
    "size_transpiled": 36,
    "quasi_dist": {
      "22": 0.052734375,
      "31": 0.2607421875,
      "5": 0.0087890625,
      "29": 0.0068359375,
      "3": 0.048828125,
      "0": 0.26171875,
      "30": 0.03515625,
      "11": 0.0146484375,
      "28": 0.0517578125,
      "24": 0.01171875,
      "6": 0.0078125,
      "7": 0.0087890625,
      "20": 0.0146484375,
      "12": 0.01171875,
      "9": 0.048828125,
      "25": 0.01171875,
      "1": 0.0380859375,
      "17": 0.0087890625,
      "10": 0.009765625,
      "19": 0.0048828125,
      "13": 0.01171875,
      "23": 0.0078125,
      "14": 0.0078125,
      "26": 0.0146484375,
      "21": 0.009765625,
      "2": 0.0146484375,
      "18": 0.0087890625,
      "8": 0.005859375,
      "4": 0.0009765625
    }
  }
}