{
  "laps": {
    "01_setup": 0.00011,
    "03_transpile": 0.173897,
    "04_submit": 0.006627,
    "05_run": 0.064246,
    "06_collect": 0.002717,
    "total": 0.247597
  },
  "meta": {
    "backend": "AerSV",
    "n_qubits": 19,
    "depth_in": 651,
    "depth_transpiled": 651,
    "size_transpiled": 669,
    "quasi_dist": {
      "0": 1.0
    }
  }
}