{
  "laps": {
    "01_setup": 0.000103,
    "03_transpile": 0.099185,
    "04_submit": 0.004493,
    "05_run": 0.009047,
    "06_collect": 0.001032,
    "total": 0.11386
  },
  "meta": {
    "backend": "AerSV",
    "n_qubits": 11,
    "depth_in": 481,
    "depth_transpiled": 481,
    "size_transpiled": 491,
    "quasi_dist": {
      "0": 1.0
    }
  }
}