{
  "laps": {
    "01_setup": 0.000114,
    "03_transpile": 0.155763,
    "04_submit": 0.005382,
    "05_run": 0.899687,
    "06_collect": 0.002488,
    "total": 1.063434
  },
  "meta": {
    "backend": "AerSV",
    "n_qubits": 23,
    "depth_in": 513,
    "depth_transpiled": 513,
    "size_transpiled": 535,
    "quasi_dist": {
      "0": 1.0
    }
  }
}