{
  "01_setup": 0.000337,
  "02_cache_search": 0.000989,
  "03_transpile": 0.023631,
  "07_cache_write": 0.003002,
  "04_submit": 0.004227,
  "05_run": 0.009306,
  "06_collect": 0.000807,
  "total": 0.042299
}