{
  "01_setup": 0.000534,
  "02_cache_search": 0.01343,
  "03_transpile": 0.166574,
  "07_cache_write": 0.093883,
  "04_submit": 0.024944,
  "05_run": 0.106288,
  "06_collect": 0.006814,
  "total": 0.412467
}