{
  "laps": {
    "01_setup": 7.5e-05,
    "02_cache_search": 0.000263,
    "04_submit": 0.000634,
    "05_run": 0.001644,
    "06_collect": 0.000112,
    "total": 0.002728
  },
  "meta": {
    "backend": "AerSV",
    "n_qubits": 3,
    "depth_in": 42,
    "depth_transpiled": 42,
    "size_transpiled": 54,
    "quasi_dist": {
      "6": 0.080078125,
      "0": 0.2314453125,
      "7": 0.197265625,
      "5": 0.0966796875,
      "4": 0.1064453125,
      "3": 0.119140625,
      "1": 0.0810546875,
      "2": 0.087890625
    }
  }
}