{
  "laps": {
    "01_setup": 8.1e-05,
    "03_transpile": 0.019852,
    "04_submit": 0.000721,
    "05_run": 0.002043,
    "06_collect": 4.7e-05,
    "total": 0.022744
  },
  "meta": {
    "backend": "AerSV",
    "n_qubits": 7,
    "depth_in": 8,
    "depth_transpiled": 8,
    "size_transpiled": 14,
    "quasi_dist": {
      "0": 0.48828125,
      "127": 0.51171875
    }
  }
}