{
  "laps": {
    "01_setup": 6.1e-05,
    "02_cache_search": 9.1e-05,
    "04_submit": 0.000415,
    "05_run": 0.00142,
    "06_collect": 4.9e-05,
    "total": 0.002036
  },
  "meta": {
    "backend": "AerSV",
    "n_qubits": 5,
    "depth_in": 9,
    "depth_transpiled": 9,
    "size_transpiled": 13,
    "quasi_dist": {
      "0": 0.501953125,
      "31": 0.498046875
    }
  }
}