{
  "laps": {
    "01_setup": 6.8e-05,
    "02_cache_search": 0.000441,
    "04_submit": 0.0012,
    "05_run": 0.002403,
    "06_collect": 0.000223,
    "total": 0.004335
  },
  "meta": {
    "backend": "AerSV",
    "n_qubits": 5,
    "depth_in": 54,
    "depth_transpiled": 54,
    "size_transpiled": 114,
    "quasi_dist": {
      "17": 0.044921875,
      "26": 0.0419921875,
      "5": 0.0302734375,
      "24": 0.0234375,
      "1": 0.0986328125,
      "31": 0.052734375,
      "22": 0.05859375,
      "6": 0.025390625,
      "10": 0.025390625,
      "0": 0.041015625,
      "30": 0.1171875,
      "20": 0.0439453125,
      "11": 0.046875,
      "25": 0.021484375,
      "18": 0.0263671875,
      "9": 0.041015625,
      "28": 0.048828125,
      "3": 0.03125,
      "12": 0.0263671875,
      "7": 0.0263671875,
      "29": 0.005859375,
      "13": 0.021484375,
      "21": 0.0166015625,
      "19": 0.0205078125,
      "2": 0.005859375,
      "23": 0.0048828125,
      "14": 0.044921875,
      "8": 0.005859375,
      "15": 0.001953125
    }
  }
}