{
  "01_setup": 0.000714,
  "03_transpile": 1.698701,
  "04_submit": 0.174311,
  "05_run": 2.330284,
  "06_collect": 0.017783,
  "total": 4.221793
}