{
  "laps": {
    "01_setup": 0.000105,
    "02_cache_search": 0.001518,
    "04_submit": 0.003942,
    "05_run": 0.073935,
    "06_collect": 0.001082,
    "total": 0.080582
  },
  "meta": {
    "backend": "AerSV",
    "n_qubits": 21,
    "depth_in": 233,
    "depth_transpiled": 233,
    "size_transpiled": 253,
    "quasi_dist": {
      "0": 1.0
    }
  }
}