{
  "laps": {
    "01_setup": 0.000106,
    "03_transpile": 0.052678,
    "04_submit": 0.002909,
    "05_run": 0.018288,
    "06_collect": 0.000671,
    "total": 0.074652
  },
  "meta": {
    "backend": "AerSV",
    "n_qubits": 21,
    "depth_in": 46,
    "depth_transpiled": 46,
    "size_transpiled": 66,
    "quasi_dist": {
      "2097151": 0.5068359375,
      "0": 0.4931640625
    }
  }
}