{
  "laps": {
    "01_setup": 0.000139,
    "03_transpile": 0.120171,
    "04_submit": 0.116404,
    "05_run": 0.011731,
    "06_collect": 0.001442,
    "total": 0.249887
  },
  "meta": {
    "backend": "AerSV",
    "n_qubits": 15,
    "depth_in": 321,
    "depth_transpiled": 321,
    "size_transpiled": 335,
    "quasi_dist": {
      "0": 1.0
    }
  }
}