{
  "laps": {
    "01_setup": 0.000114,
    "02_cache_search": 0.000239,
    "03_transpile": 0.037502,
    "07_cache_write": 0.150888,
    "04_submit": 0.001625,
    "05_run": 0.016431,
    "06_collect": 0.000179,
    "total": 0.206978
  },
  "meta": {
    "backend": "AerSV",
    "n_qubits": 21,
    "depth_in": 22,
    "depth_transpiled": 22,
    "size_transpiled": 42,
    "quasi_dist": {
      "2097151": 0.494140625,
      "0": 0.505859375
    }
  }
}