{
  "01_setup": 0.000559,
  "02_cache_search": 0.01613,
  "03_transpile": 0.182833,
  "07_cache_write": 0.257823,
  "04_submit": 0.033156,
  "05_run": 0.294543,
  "06_collect": 0.009073,
  "total": 0.794117
}