{
  "01_setup": 0.00036,
  "02_cache_search": 0.000652,
  "03_transpile": 0.02302,
  "07_cache_write": 0.00566,
  "04_submit": 0.003085,
  "05_run": 0.011792,
  "06_collect": 0.000725,
  "total": 0.045294
}