{
  "laps": {
    "01_setup": 8.6e-05,
    "03_transpile": 0.022016,
    "04_submit": 0.000816,
    "05_run": 0.001596,
    "06_collect": 0.000127,
    "total": 0.024641
  },
  "meta": {
    "backend": "AerSV",
    "n_qubits": 3,
    "depth_in": 28,
    "depth_transpiled": 28,
    "size_transpiled": 30,
    "quasi_dist": {
      "0": 0.5009765625,
      "7": 0.4990234375
    }
  }
}