{
  "laps": {
    "01_setup": 6.8e-05,
    "03_transpile": 0.023352,
    "04_submit": 0.000714,
    "05_run": 0.001812,
    "06_collect": 9.9e-05,
    "total": 0.026045
  },
  "meta": {
    "backend": "AerSV",
    "n_qubits": 5,
    "depth_in": 25,
    "depth_transpiled": 25,
    "size_transpiled": 45,
    "quasi_dist": {
      "6": 0.03515625,
      "16": 0.0771484375,
      "24": 0.0458984375,
      "0": 0.3095703125,
      "20": 0.099609375,
      "14": 0.00390625,
      "12": 0.056640625,
      "4": 0.056640625,
      "21": 0.0087890625,
      "9": 0.0078125,
      "11": 0.0439453125,
      "3": 0.0244140625,
      "18": 0.0205078125,
      "8": 0.0263671875,
      "30": 0.0166015625,
      "22": 0.01171875,
      "2": 0.013671875,
      "19": 0.048828125,
      "23": 0.00390625,
      "27": 0.0087890625,
      "5": 0.01953125,
      "10": 0.0380859375,
      "31": 0.013671875,
      "13": 0.001953125,
      "25": 0.0009765625,
      "15": 0.001953125,
      "26": 0.0009765625,
      "28": 0.0009765625,
      "17": 0.0009765625,
      "1": 0.0009765625
    }
  }
}