{
  "01_setup": 0.000536,
  "03_transpile": 1.783441,
  "04_submit": 0.033822,
  "05_run": 0.043487,
  "06_collect": 0.008979,
  "total": 1.870265
}