{
  "laps": {
    "01_setup": 0.000109,
    "03_transpile": 0.038133,
    "04_submit": 0.001288,
    "05_run": 0.002617,
    "06_collect": 0.000221,
    "total": 0.042368
  },
  "meta": {
    "backend": "AerSV",
    "n_qubits": 5,
    "depth_in": 35,
    "depth_transpiled": 28,
    "size_transpiled": 82,
    "quasi_dist": {
      "20": 0.0048828125,
      "12": 0.0859375,
      "8": 0.04296875,
      "0": 0.125,
      "7": 0.0439453125,
      "4": 0.044921875,
      "6": 0.078125,
      "28": 0.08203125,
      "2": 0.044921875,
      "16": 0.046875,
      "14": 0.0673828125,
      "30": 0.048828125,
      "17": 0.0107421875,
      "1": 0.02734375,
      "24": 0.0771484375,
      "22": 0.0068359375,
      "27": 0.0078125,
      "11": 0.0146484375,
      "15": 0.0244140625,
      "3": 0.0166015625,
      "25": 0.0009765625,
      "9": 0.0048828125,
      "10": 0.0048828125,
      "18": 0.01171875,
      "13": 0.017578125,
      "21": 0.00390625,
      "29": 0.013671875,
      "31": 0.0087890625,
      "5": 0.0234375,
      "23": 0.0048828125,
      "26": 0.00390625
    }
  }
}