{
  "laps": {
    "01_setup": 0.000114,
    "02_cache_search": 0.004856,
    "04_submit": 0.009559,
    "05_run": 0.028866,
    "06_collect": 0.00294,
    "total": 0.046335
  },
  "meta": {
    "backend": "AerSV",
    "n_qubits": 19,
    "depth_in": 865,
    "depth_transpiled": 865,
    "size_transpiled": 883,
    "quasi_dist": {
      "0": 1.0
    }
  }
}