{
  "laps": {
    "01_setup": 6.9e-05,
    "02_cache_search": 0.000413,
    "04_submit": 0.0009,
    "05_run": 0.001942,
    "06_collect": 0.000195,
    "total": 0.003519
  },
  "meta": {
    "backend": "AerSV",
    "n_qubits": 3,
    "depth_in": 65,
    "depth_transpiled": 50,
    "size_transpiled": 86,
    "quasi_dist": {
      "0": 0.7783203125,
      "3": 0.0322265625,
      "1": 0.0576171875,
      "6": 0.0791015625,
      "7": 0.0107421875,
      "5": 0.00390625,
      "2": 0.03125,
      "4": 0.0068359375
    }
  }
}