{
  "laps": {
    "01_setup": 5.7e-05,
    "02_cache_search": 4.9e-05,
    "04_submit": 0.00031,
    "05_run": 0.001086,
    "06_collect": 2.4e-05,
    "total": 0.001526
  },
  "meta": {
    "backend": "AerSV",
    "n_qubits": 3,
    "depth_in": 4,
    "depth_transpiled": 4,
    "size_transpiled": 6,
    "quasi_dist": {
      "0": 0.517578125,
      "7": 0.482421875
    }
  }
}