{
  "laps": {
    "01_setup": 5.6e-05,
    "02_cache_search": 0.000376,
    "04_submit": 0.000885,
    "05_run": 0.001969,
    "06_collect": 0.000274,
    "total": 0.00356
  },
  "meta": {
    "backend": "AerSV",
    "n_qubits": 3,
    "depth_in": 65,
    "depth_transpiled": 65,
    "size_transpiled": 99,
    "quasi_dist": {
      "5": 0.11328125,
      "2": 0.0498046875,
      "0": 0.53515625,
      "1": 0.0595703125,
      "4": 0.1416015625,
      "7": 0.0654296875,
      "6": 0.01953125,
      "3": 0.015625
    }
  }
}