{
  "laps": {
    "01_setup": 0.000157,
    "03_transpile": 0.03152,
    "04_submit": 0.001052,
    "05_run": 0.004376,
    "06_collect": 0.000135,
    "total": 0.03724
  },
  "meta": {
    "backend": "AerSV",
    "n_qubits": 15,
    "depth_in": 16,
    "depth_transpiled": 16,
    "size_transpiled": 30,
    "quasi_dist": {
      "0": 0.4775390625,
      "32767": 0.5224609375
    }
  }
}