{
  "01_setup": 0.000362,
  "02_cache_search": 0.004137,
  "03_transpile": 0.052335,
  "07_cache_write": 0.002186,
  "04_submit": 0.009284,
  "05_run": 0.015862,
  "06_collect": 0.001994,
  "total": 0.08616
}