{
  "01_setup": 0.000372,
  "03_transpile": 0.223797,
  "04_submit": 0.004892,
  "05_run": 0.009581,
  "06_collect": 0.001946,
  "total": 0.240588
}