{
  "01_setup": 0.000673,
  "02_cache_search": 0.030701,
  "03_transpile": 0.238805,
  "07_cache_write": 0.224334,
  "04_submit": 0.054484,
  "05_run": 5.843364,
  "06_collect": 0.016304,
  "total": 6.408665
}