{
  "laps": {
    "01_setup": 0.000132,
    "02_cache_search": 0.016182,
    "04_submit": 0.031757,
    "05_run": 0.157729,
    "06_collect": 0.009717,
    "total": 0.215517
  },
  "meta": {
    "backend": "AerSV",
    "n_qubits": 21,
    "depth_in": 3001,
    "depth_transpiled": 3001,
    "size_transpiled": 3021,
    "quasi_dist": {
      "0": 1.0
    }
  }
}