{
  "laps": {
    "01_setup": 5.9e-05,
    "02_cache_search": 7.6e-05,
    "04_submit": 0.000427,
    "05_run": 0.00124,
    "06_collect": 3e-05,
    "total": 0.001832
  },
  "meta": {
    "backend": "AerSV",
    "n_qubits": 3,
    "depth_in": 6,
    "depth_transpiled": 6,
    "size_transpiled": 9,
    "quasi_dist": {
      "7": 0.1416015625,
      "6": 0.12890625,
      "5": 0.11328125,
      "4": 0.115234375,
      "3": 0.1240234375,
      "1": 0.130859375,
      "2": 0.1171875,
      "0": 0.12890625
    }
  }
}