{
  "01_setup": 0.000399,
  "03_transpile": 0.312313,
  "04_submit": 0.006386,
  "05_run": 0.027818,
  "06_collect": 0.001139,
  "total": 0.348055
}