{
  "01_setup": 0.000425,
  "02_cache_search": 0.00607,
  "03_transpile": 0.062146,
  "07_cache_write": 0.089396,
  "04_submit": 0.012538,
  "05_run": 0.052682,
  "06_collect": 0.003004,
  "total": 0.226261
}