{
  "laps": {
    "01_setup": 5.9e-05,
    "02_cache_search": 9.8e-05,
    "04_submit": 0.000401,
    "05_run": 0.00134,
    "06_collect": 4.6e-05,
    "total": 0.001944
  },
  "meta": {
    "backend": "AerSV",
    "n_qubits": 3,
    "depth_in": 12,
    "depth_transpiled": 12,
    "size_transpiled": 18,
    "quasi_dist": {
      "0": 0.447265625,
      "7": 0.40234375,
      "5": 0.01953125,
      "2": 0.0205078125,
      "4": 0.0244140625,
      "6": 0.02734375,
      "3": 0.0302734375,
      "1": 0.0283203125
    }
  }
}