{
  "01_setup": 0.000625,
  "03_transpile": 0.829018,
  "04_submit": 0.029535,
  "05_run": 0.139671,
  "06_collect": 0.012373,
  "total": 1.011222
}