{
  "01_setup": 0.000607,
  "03_transpile": 0.318275,
  "04_submit": 0.013271,
  "05_run": 0.224564,
  "06_collect": 0.003032,
  "total": 0.559749
}