{
  "01_setup": 0.000501,
  "02_cache_search": 0.00099,
  "03_transpile": 0.025676,
  "07_cache_write": 0.003527,
  "04_submit": 0.005077,
  "05_run": 0.011968,
  "06_collect": 0.000804,
  "total": 0.048543
}