{
  "laps": {
    "01_setup": 0.000104,
    "02_cache_search": 0.000226,
    "04_submit": 0.000975,
    "05_run": 0.017082,
    "06_collect": 0.000194,
    "total": 0.018581
  },
  "meta": {
    "backend": "AerSV",
    "n_qubits": 21,
    "depth_in": 22,
    "depth_transpiled": 22,
    "size_transpiled": 42,
    "quasi_dist": {
      "0": 0.4658203125,
      "2097151": 0.5341796875
    }
  }
}