{
  "laps": {
    "01_setup": 6.6e-05,
    "03_transpile": 0.021782,
    "04_submit": 0.000587,
    "05_run": 0.001545,
    "06_collect": 8.5e-05,
    "total": 0.024065
  },
  "meta": {
    "backend": "AerSV",
    "n_qubits": 3,
    "depth_in": 17,
    "depth_transpiled": 14,
    "size_transpiled": 26,
    "quasi_dist": {
      "1": 0.099609375,
      "0": 0.435546875,
      "4": 0.0673828125,
      "2": 0.0615234375,
      "3": 0.1591796875,
      "6": 0.1025390625,
      "7": 0.0263671875,
      "5": 0.0478515625
    }
  }
}