{
  "01_setup": 0.000393,
  "02_cache_search": 0.003158,
  "03_transpile": 0.047389,
  "07_cache_write": 0.001278,
  "04_submit": 0.006606,
  "05_run": 0.018675,
  "06_collect": 0.001284,
  "total": 0.078783
}