{
  "laps": {
    "01_setup": 0.000157,
    "02_cache_search": 0.000256,
    "03_transpile": 0.039893,
    "07_cache_write": 0.000866,
    "04_submit": 0.000993,
    "05_run": 0.001956,
    "06_collect": 6.6e-05,
    "total": 0.044187
  },
  "meta": {
    "backend": "AerSV",
    "n_qubits": 3,
    "depth_in": 11,
    "depth_transpiled": 11,
    "size_transpiled": 13,
    "quasi_dist": {
      "7": 0.474609375,
      "0": 0.525390625
    }
  }
}