{
  "01_setup": 0.000353,
  "03_transpile": 0.133994,
  "04_submit": 0.004556,
  "05_run": 0.008713,
  "06_collect": 0.00077,
  "total": 0.148386
}