{
  "01_setup": 0.000563,
  "03_transpile": 1.014869,
  "04_submit": 0.032947,
  "05_run": 0.304917,
  "06_collect": 0.013232,
  "total": 1.366528
}