{
  "01_setup": 0.000471,
  "03_transpile": 0.525934,
  "04_submit": 0.013114,
  "05_run": 0.138282,
  "06_collect": 0.004965,
  "total": 0.682766
}