{
  "laps": {
    "01_setup": 7.3e-05,
    "03_transpile": 0.03276,
    "04_submit": 0.001007,
    "05_run": 0.002323,
    "06_collect": 0.000171,
    "total": 0.036334
  },
  "meta": {
    "backend": "AerSV",
    "n_qubits": 5,
    "depth_in": 49,
    "depth_transpiled": 49,
    "size_transpiled": 85,
    "quasi_dist": {
      "11": 0.1201171875,
      "20": 0.103515625,
      "16": 0.015625,
      "10": 0.013671875,
      "9": 0.109375,
      "27": 0.0283203125,
      "26": 0.1044921875,
      "7": 0.021484375,
      "24": 0.0478515625,
      "21": 0.02734375,
      "12": 0.0517578125,
      "5": 0.1064453125,
      "13": 0.0517578125,
      "8": 0.013671875,
      "23": 0.041015625,
      "4": 0.0048828125,
      "28": 0.005859375,
      "18": 0.0458984375,
      "22": 0.009765625,
      "30": 0.0107421875,
      "17": 0.01171875,
      "3": 0.0126953125,
      "19": 0.0166015625,
      "14": 0.0087890625,
      "31": 0.0048828125,
      "1": 0.009765625,
      "2": 0.0009765625,
      "15": 0.0009765625
    }
  }
}