{
  "01_setup": 0.000353,
  "02_cache_search": 0.001709,
  "03_transpile": 0.033992,
  "07_cache_write": 0.080018,
  "04_submit": 0.00485,
  "05_run": 0.010972,
  "06_collect": 0.000839,
  "total": 0.132733
}