{
  "01_setup": 0.0004,
  "03_transpile": 0.120472,
  "04_submit": 0.00415,
  "05_run": 0.011413,
  "06_collect": 0.000679,
  "total": 0.137114
}