{
  "01_setup": 0.000511,
  "03_transpile": 0.417009,
  "04_submit": 0.015638,
  "05_run": 0.031641,
  "06_collect": 0.003742,
  "total": 0.468541
}