{
  "01_setup": 0.000358,
  "02_cache_search": 0.009906,
  "03_transpile": 0.112927,
  "07_cache_write": 0.166637,
  "04_submit": 0.019472,
  "05_run": 0.044582,
  "06_collect": 0.004757,
  "total": 0.358639
}