{
  "laps": {
    "01_setup": 0.000106,
    "03_transpile": 0.404774,
    "04_submit": 0.013123,
    "05_run": 0.089691,
    "06_collect": 0.005929,
    "total": 0.513623
  },
  "meta": {
    "backend": "AerSV",
    "n_qubits": 21,
    "depth_in": 1921,
    "depth_transpiled": 1921,
    "size_transpiled": 1941,
    "quasi_dist": {
      "0": 1.0
    }
  }
}