{
  "laps": {
    "01_setup": 6.7e-05,
    "03_transpile": 0.043555,
    "04_submit": 0.00168,
    "05_run": 0.00281,
    "06_collect": 0.000302,
    "total": 0.048414
  },
  "meta": {
    "backend": "AerSV",
    "n_qubits": 5,
    "depth_in": 97,
    "depth_transpiled": 97,
    "size_transpiled": 165,
    "quasi_dist": {
      "9": 0.03125,
      "5": 0.052734375,
      "29": 0.03125,
      "14": 0.052734375,
      "19": 0.0166015625,
      "25": 0.03125,
      "18": 0.068359375,
      "13": 0.068359375,
      "26": 0.091796875,
      "17": 0.0244140625,
      "0": 0.0703125,
      "30": 0.0478515625,
      "31": 0.0517578125,
      "23": 0.1064453125,
      "22": 0.02734375,
      "15": 0.0087890625,
      "16": 0.0908203125,
      "27": 0.04296875,
      "21": 0.0244140625,
      "11": 0.0185546875,
      "8": 0.0009765625,
      "12": 0.00390625,
      "10": 0.0078125,
      "20": 0.001953125,
      "3": 0.0068359375,
      "24": 0.0087890625,
      "28": 0.009765625,
      "7": 0.0009765625,
      "2": 0.0009765625
    }
  }
}