{
  "01_setup": 0.000361,
  "03_transpile": 0.186543,
  "04_submit": 0.006056,
  "05_run": 0.014247,
  "06_collect": 0.001194,
  "total": 0.208401
}