{
  "laps": {
    "01_setup": 5.7e-05,
    "02_cache_search": 8e-05,
    "04_submit": 0.000393,
    "05_run": 0.001392,
    "06_collect": 4.8e-05,
    "total": 0.00197
  },
  "meta": {
    "backend": "AerSV",
    "n_qubits": 5,
    "depth_in": 9,
    "depth_transpiled": 9,
    "size_transpiled": 13,
    "quasi_dist": {
      "31": 0.5029296875,
      "0": 0.4970703125
    }
  }
}