{
  "01_setup": 0.000637,
  "03_transpile": 0.672146,
  "04_submit": 0.017245,
  "05_run": 2.892832,
  "06_collect": 0.007002,
  "total": 3.589862
}