{
  "01_setup": 0.000536,
  "02_cache_search": 0.002432,
  "03_transpile": 0.058739,
  "07_cache_write": 0.032636,
  "04_submit": 0.013477,
  "05_run": 0.103036,
  "06_collect": 0.00367,
  "total": 0.214526
}