{
  "laps": {
    "01_setup": 8.6e-05,
    "03_transpile": 1.811025,
    "04_submit": 0.027171,
    "05_run": 0.775261,
    "06_collect": 0.011303,
    "total": 2.624846
  },
  "meta": {
    "backend": "AerSV",
    "n_qubits": 21,
    "depth_in": 357,
    "depth_transpiled": 357,
    "size_transpiled": 3717,
    "quasi_dist": {
      "0": 1.0
    }
  }
}