{
  "laps": {
    "01_setup": 0.000112,
    "03_transpile": 0.060607,
    "04_submit": 0.002338,
    "05_run": 0.043816,
    "06_collect": 0.00061,
    "total": 0.107483
  },
  "meta": {
    "backend": "AerSV",
    "n_qubits": 21,
    "depth_in": 117,
    "depth_transpiled": 117,
    "size_transpiled": 137,
    "quasi_dist": {
      "0": 1.0
    }
  }
}