{
  "01_setup": 0.00057,
  "02_cache_search": 0.002913,
  "03_transpile": 0.038091,
  "07_cache_write": 0.008047,
  "04_submit": 0.007722,
  "05_run": 0.013944,
  "06_collect": 0.002212,
  "total": 0.073499
}