{
  "laps": {
    "01_setup": 7e-05,
    "03_transpile": 0.022074,
    "04_submit": 0.000793,
    "05_run": 0.001817,
    "06_collect": 0.000131,
    "total": 0.024885
  },
  "meta": {
    "backend": "AerSV",
    "n_qubits": 3,
    "depth_in": 28,
    "depth_transpiled": 28,
    "size_transpiled": 30,
    "quasi_dist": {
      "7": 0.517578125,
      "0": 0.482421875
    }
  }
}