{
  "laps": {
    "01_setup": 0.000121,
    "02_cache_search": 0.000377,
    "03_transpile": 0.05738,
    "07_cache_write": 0.368932,
    "04_submit": 0.001537,
    "05_run": 0.407681,
    "06_collect": 0.000566,
    "total": 0.836594
  },
  "meta": {
    "backend": "AerSV",
    "n_qubits": 25,
    "depth_in": 33,
    "depth_transpiled": 33,
    "size_transpiled": 57,
    "quasi_dist": {
      "0": 0.51171875,
      "33554431": 0.48828125
    }
  }
}