{
  "01_setup": 0.000453,
  "02_cache_search": 0.014371,
  "03_transpile": 0.136867,
  "07_cache_write": 0.062346,
  "04_submit": 0.023661,
  "05_run": 0.093571,
  "06_collect": 0.007052,
  "total": 0.338321
}