{
  "laps": {
    "01_setup": 0.000112,
    "03_transpile": 0.841287,
    "04_submit": 0.014041,
    "05_run": 0.041383,
    "06_collect": 0.003862,
    "total": 0.900685
  },
  "meta": {
    "backend": "AerSV",
    "n_qubits": 15,
    "depth_in": 135,
    "depth_transpiled": 135,
    "size_transpiled": 975,
    "quasi_dist": {
      "0": 1.0
    }
  }
}