{
  "laps": {
    "01_setup": 7e-05,
    "02_cache_search": 9.8e-05,
    "03_transpile": 0.020238,
    "07_cache_write": 0.003866,
    "04_submit": 0.000675,
    "05_run": 0.002754,
    "06_collect": 6.1e-05,
    "total": 0.027762
  },
  "meta": {
    "backend": "AerSV",
    "n_qubits": 9,
    "depth_in": 10,
    "depth_transpiled": 10,
    "size_transpiled": 18,
    "quasi_dist": {
      "511": 0.4970703125,
      "0": 0.5029296875
    }
  }
}