{
  "laps": {
    "01_setup": 5.7e-05,
    "02_cache_search": 0.000229,
    "04_submit": 0.000537,
    "05_run": 0.001517,
    "06_collect": 0.000105,
    "total": 0.002445
  },
  "meta": {
    "backend": "AerSV",
    "n_qubits": 3,
    "depth_in": 33,
    "depth_transpiled": 26,
    "size_transpiled": 46,
    "quasi_dist": {
      "1": 0.15625,
      "0": 0.1533203125,
      "2": 0.138671875,
      "4": 0.0849609375,
      "6": 0.130859375,
      "3": 0.171875,
      "7": 0.0810546875,
      "5": 0.0830078125
    }
  }
}