{
  "01_setup": 0.000471,
  "02_cache_search": 0.005425,
  "03_transpile": 0.069205,
  "07_cache_write": 0.079155,
  "04_submit": 0.013791,
  "05_run": 0.025245,
  "06_collect": 0.003211,
  "total": 0.196503
}