{
  "laps": {
    "01_setup": 7.8e-05,
    "03_transpile": 1.426634,
    "04_submit": 0.023211,
    "05_run": 0.170352,
    "06_collect": 0.009744,
    "total": 1.630019
  },
  "meta": {
    "backend": "AerSV",
    "n_qubits": 19,
    "depth_in": 323,
    "depth_transpiled": 323,
    "size_transpiled": 3059,
    "quasi_dist": {
      "0": 1.0
    }
  }
}