{
  "laps": {
    "01_setup": 6.5e-05,
    "02_cache_search": 0.000187,
    "04_submit": 0.000642,
    "05_run": 0.001566,
    "06_collect": 0.000124,
    "total": 0.002584
  },
  "meta": {
    "backend": "AerSV",
    "n_qubits": 3,
    "depth_in": 28,
    "depth_transpiled": 28,
    "size_transpiled": 30,
    "quasi_dist": {
      "0": 0.48046875,
      "7": 0.51953125
    }
  }
}