{
  "01_setup": 0.000435,
  "02_cache_search": 0.028825,
  "03_transpile": 0.361572,
  "07_cache_write": 0.017497,
  "04_submit": 0.046902,
  "05_run": 0.065931,
  "06_collect": 0.011423,
  "total": 0.532585
}