{
  "laps": {
    "01_setup": 0.000115,
    "03_transpile": 0.413689,
    "04_submit": 0.015037,
    "05_run": 0.028505,
    "06_collect": 0.00589,
    "total": 0.463236
  },
  "meta": {
    "backend": "AerSV",
    "n_qubits": 15,
    "depth_in": 2101,
    "depth_transpiled": 2101,
    "size_transpiled": 2115,
    "quasi_dist": {
      "0": 1.0
    }
  }
}