{
  "01_setup": 0.000388,
  "03_transpile": 0.314766,
  "04_submit": 0.010349,
  "05_run": 0.018158,
  "06_collect": 0.00248,
  "total": 0.346141
}