{
  "laps": {
    "01_setup": 0.000121,
    "03_transpile": 0.096716,
    "04_submit": 0.00299,
    "05_run": 0.088423,
    "06_collect": 0.001063,
    "total": 0.189313
  },
  "meta": {
    "backend": "AerSV",
    "n_qubits": 21,
    "depth_in": 233,
    "depth_transpiled": 233,
    "size_transpiled": 253,
    "quasi_dist": {
      "0": 1.0
    }
  }
}