{
  "01_setup": 0.000667,
  "02_cache_search": 0.002117,
  "03_transpile": 0.060317,
  "07_cache_write": 0.307027,
  "04_submit": 0.007289,
  "05_run": 0.126528,
  "06_collect": 0.001717,
  "total": 0.505662
}