{
  "laps": {
    "01_setup": 6.7e-05,
    "03_transpile": 0.024011,
    "04_submit": 0.000737,
    "05_run": 0.001997,
    "06_collect": 0.000101,
    "total": 0.026913
  },
  "meta": {
    "backend": "AerSV",
    "n_qubits": 5,
    "depth_in": 25,
    "depth_transpiled": 25,
    "size_transpiled": 45,
    "quasi_dist": {
      "22": 0.017578125,
      "21": 0.0146484375,
      "0": 0.29296875,
      "20": 0.095703125,
      "27": 0.015625,
      "18": 0.025390625,
      "16": 0.078125,
      "10": 0.0390625,
      "4": 0.078125,
      "12": 0.064453125,
      "8": 0.025390625,
      "3": 0.0283203125,
      "11": 0.0302734375,
      "19": 0.060546875,
      "9": 0.009765625,
      "24": 0.0380859375,
      "5": 0.0205078125,
      "13": 0.001953125,
      "6": 0.015625,
      "17": 0.0048828125,
      "23": 0.00390625,
      "15": 0.001953125,
      "30": 0.0087890625,
      "31": 0.0107421875,
      "2": 0.013671875,
      "1": 0.0009765625,
      "14": 0.001953125,
      "28": 0.0009765625
    }
  }
}