{
  "01_setup": 0.00059,
  "03_transpile": 0.195101,
  "04_submit": 0.006505,
  "05_run": 0.382234,
  "06_collect": 0.001343,
  "total": 0.585773
}