{
  "laps": {
    "01_setup": 0.000112,
    "02_cache_search": 0.00327,
    "03_transpile": 0.124189,
    "07_cache_write": 0.068318,
    "04_submit": 0.004212,
    "05_run": 0.165408,
    "06_collect": 0.001694,
    "total": 0.367203
  },
  "meta": {
    "backend": "AerSV",
    "n_qubits": 23,
    "depth_in": 529,
    "depth_transpiled": 529,
    "size_transpiled": 551,
    "quasi_dist": {
      "0": 1.0
    }
  }
}