{
  "laps": {
    "01_setup": 7.5e-05,
    "03_transpile": 0.026524,
    "04_submit": 0.000818,
    "05_run": 0.002179,
    "06_collect": 5.2e-05,
    "total": 0.029648
  },
  "meta": {
    "backend": "AerSV",
    "n_qubits": 7,
    "depth_in": 8,
    "depth_transpiled": 8,
    "size_transpiled": 14,
    "quasi_dist": {
      "127": 0.490234375,
      "0": 0.509765625
    }
  }
}