{
  "01_setup": 0.000661,
  "03_transpile": 0.529168,
  "04_submit": 0.016605,
  "05_run": 2.532331,
  "06_collect": 0.006139,
  "total": 3.084904
}