{
  "laps": {
    "01_setup": 7.1e-05,
    "03_transpile": 0.02358,
    "04_submit": 0.000849,
    "05_run": 0.001685,
    "06_collect": 0.00013,
    "total": 0.026315
  },
  "meta": {
    "backend": "AerSV",
    "n_qubits": 3,
    "depth_in": 28,
    "depth_transpiled": 28,
    "size_transpiled": 30,
    "quasi_dist": {
      "0": 0.498046875,
      "7": 0.501953125
    }
  }
}