{
  "laps": {
    "01_setup": 0.000122,
    "03_transpile": 0.119439,
    "04_submit": 0.003944,
    "05_run": 0.020923,
    "06_collect": 0.001411,
    "total": 0.145839
  },
  "meta": {
    "backend": "AerSV",
    "n_qubits": 17,
    "depth_in": 369,
    "depth_transpiled": 369,
    "size_transpiled": 385,
    "quasi_dist": {
      "0": 1.0
    }
  }
}