{
  "01_setup": 0.00046,
  "02_cache_search": 0.001185,
  "03_transpile": 0.029374,
  "07_cache_write": 0.021183,
  "04_submit": 0.003648,
  "05_run": 0.021371,
  "06_collect": 0.00064,
  "total": 0.077861
}