{
  "laps": {
    "01_setup": 9.9e-05,
    "03_transpile": 0.045181,
    "04_submit": 0.00245,
    "05_run": 0.078784,
    "06_collect": 0.000726,
    "total": 0.12724
  },
  "meta": {
    "backend": "AerSV",
    "n_qubits": 23,
    "depth_in": 48,
    "depth_transpiled": 48,
    "size_transpiled": 70,
    "quasi_dist": {
      "0": 0.490234375,
      "8388607": 0.509765625
    }
  }
}