{
  "01_setup": 0.000584,
  "02_cache_search": 0.007253,
  "03_transpile": 0.082544,
  "07_cache_write": 0.00972,
  "04_submit": 0.014737,
  "05_run": 0.031277,
  "06_collect": 0.00367,
  "total": 0.149785
}