{
  "laps": {
    "01_setup": 7e-05,
    "03_transpile": 0.021306,
    "04_submit": 0.000683,
    "05_run": 0.001471,
    "06_collect": 4.7e-05,
    "total": 0.023577
  },
  "meta": {
    "backend": "AerSV",
    "n_qubits": 3,
    "depth_in": 7,
    "depth_transpiled": 7,
    "size_transpiled": 9,
    "quasi_dist": {
      "0": 0.5068359375,
      "7": 0.4931640625
    }
  }
}