{
  "laps": {
    "01_setup": 0.000101,
    "03_transpile": 0.040281,
    "04_submit": 0.001486,
    "05_run": 0.009211,
    "06_collect": 0.000298,
    "total": 0.051377
  },
  "meta": {
    "backend": "AerSV",
    "n_qubits": 19,
    "depth_in": 27,
    "depth_transpiled": 27,
    "size_transpiled": 45,
    "quasi_dist": {
      "0": 0.5009765625,
      "524287": 0.4990234375
    }
  }
}