{
  "laps": {
    "01_setup": 0.000102,
    "02_cache_search": 0.000311,
    "04_submit": 0.001595,
    "05_run": 0.008224,
    "06_collect": 0.000298,
    "total": 0.01053
  },
  "meta": {
    "backend": "AerSV",
    "n_qubits": 19,
    "depth_in": 27,
    "depth_transpiled": 27,
    "size_transpiled": 45,
    "quasi_dist": {
      "524287": 0.50390625,
      "0": 0.49609375
    }
  }
}