{
  "laps": {
    "01_setup": 9.9e-05,
    "02_cache_search": 0.000344,
    "04_submit": 0.001683,
    "05_run": 0.006779,
    "06_collect": 0.000444,
    "total": 0.009349
  },
  "meta": {
    "backend": "AerSV",
    "n_qubits": 17,
    "depth_in": 33,
    "depth_transpiled": 33,
    "size_transpiled": 49,
    "quasi_dist": {
      "0": 0.4970703125,
      "131071": 0.5029296875
    }
  }
}