{
  "laps": {
    "01_setup": 6.3e-05,
    "02_cache_search": 0.000106,
    "04_submit": 0.000457,
    "05_run": 0.00178,
    "06_collect": 6.9e-05,
    "total": 0.002475
  },
  "meta": {
    "backend": "AerSV",
    "n_qubits": 7,
    "depth_in": 11,
    "depth_transpiled": 11,
    "size_transpiled": 17,
    "quasi_dist": {
      "127": 0.48828125,
      "0": 0.51171875
    }
  }
}