{
  "01_setup": 0.000375,
  "02_cache_search": 0.002442,
  "03_transpile": 0.05338,
  "07_cache_write": 0.03631,
  "04_submit": 0.006238,
  "05_run": 0.029396,
  "06_collect": 0.001359,
  "total": 0.1295
}