{
  "laps": {
    "01_setup": 0.000106,
    "03_transpile": 0.1112,
    "04_submit": 0.004182,
    "05_run": 0.026915,
    "06_collect": 0.001813,
    "total": 0.144216
  },
  "meta": {
    "backend": "AerSV",
    "n_qubits": 21,
    "depth_in": 481,
    "depth_transpiled": 481,
    "size_transpiled": 501,
    "quasi_dist": {
      "0": 1.0
    }
  }
}