{
  "01_setup": 0.000547,
  "03_transpile": 0.211206,
  "04_submit": 0.007888,
  "05_run": 0.423487,
  "06_collect": 0.00195,
  "total": 0.645078
}