{
  "laps": {
    "01_setup": 8.6e-05,
    "02_cache_search": 0.000177,
    "03_transpile": 0.020794,
    "07_cache_write": 0.001471,
    "04_submit": 0.000722,
    "05_run": 0.001602,
    "06_collect": 7.2e-05,
    "total": 0.024924
  },
  "meta": {
    "backend": "AerSV",
    "n_qubits": 5,
    "depth_in": 13,
    "depth_transpiled": 13,
    "size_transpiled": 17,
    "quasi_dist": {
      "31": 0.505859375,
      "0": 0.494140625
    }
  }
}