{
  "01_setup": 0.000489,
  "02_cache_search": 0.034762,
  "03_transpile": 0.418157,
  "07_cache_write": 0.060522,
  "04_submit": 0.046927,
  "05_run": 0.113496,
  "06_collect": 0.013477,
  "total": 0.68783
}