{
  "laps": {
    "01_setup": 9.7e-05,
    "02_cache_search": 0.000288,
    "04_submit": 0.000867,
    "05_run": 0.001964,
    "06_collect": 0.000122,
    "total": 0.003338
  },
  "meta": {
    "backend": "AerSV",
    "n_qubits": 5,
    "depth_in": 19,
    "depth_transpiled": 16,
    "size_transpiled": 46,
    "quasi_dist": {
      "28": 0.0439453125,
      "2": 0.0390625,
      "1": 0.0498046875,
      "3": 0.03515625,
      "12": 0.029296875,
      "23": 0.0009765625,
      "7": 0.048828125,
      "0": 0.2705078125,
      "6": 0.0244140625,
      "17": 0.015625,
      "4": 0.037109375,
      "19": 0.0302734375,
      "22": 0.021484375,
      "18": 0.013671875,
      "14": 0.048828125,
      "9": 0.0166015625,
      "27": 0.0048828125,
      "16": 0.02734375,
      "11": 0.017578125,
      "8": 0.0556640625,
      "15": 0.0361328125,
      "25": 0.021484375,
      "13": 0.01953125,
      "5": 0.0068359375,
      "26": 0.009765625,
      "31": 0.03125,
      "10": 0.0078125,
      "24": 0.0087890625,
      "30": 0.017578125,
      "20": 0.005859375,
      "21": 0.0029296875,
      "29": 0.0009765625
    }
  }
}