{
  "laps": {
    "01_setup": 9.9e-05,
    "03_transpile": 0.04651,
    "04_submit": 0.002218,
    "05_run": 0.006084,
    "06_collect": 0.000601,
    "total": 0.055512
  },
  "meta": {
    "backend": "AerSV",
    "n_qubits": 17,
    "depth_in": 42,
    "depth_transpiled": 42,
    "size_transpiled": 58,
    "quasi_dist": {
      "131071": 0.5087890625,
      "0": 0.4912109375
    }
  }
}