{
  "01_setup": 0.000399,
  "03_transpile": 0.106053,
  "04_submit": 0.004122,
  "05_run": 0.007843,
  "06_collect": 0.000462,
  "total": 0.118879
}