{
  "laps": {
    "01_setup": 7.1e-05,
    "03_transpile": 0.101341,
    "04_submit": 0.003199,
    "05_run": 0.005086,
    "06_collect": 0.000708,
    "total": 0.110405
  },
  "meta": {
    "backend": "AerSV",
    "n_qubits": 5,
    "depth_in": 130,
    "depth_transpiled": 130,
    "size_transpiled": 380,
    "quasi_dist": {
      "24": 0.0302734375,
      "29": 0.0400390625,
      "2": 0.0283203125,
      "11": 0.03515625,
      "8": 0.0341796875,
      "30": 0.048828125,
      "21": 0.0322265625,
      "23": 0.0400390625,
      "20": 0.0283203125,
      "1": 0.0380859375,
      "7": 0.0361328125,
      "3": 0.033203125,
      "9": 0.0263671875,
      "15": 0.0322265625,
      "13": 0.0244140625,
      "10": 0.0302734375,
      "12": 0.0205078125,
      "19": 0.0361328125,
      "22": 0.033203125,
      "0": 0.037109375,
      "17": 0.0322265625,
      "31": 0.025390625,
      "6": 0.0263671875,
      "28": 0.0283203125,
      "27": 0.029296875,
      "26": 0.037109375,
      "16": 0.0302734375,
      "18": 0.029296875,
      "14": 0.025390625,
      "5": 0.025390625,
      "25": 0.0205078125,
      "4": 0.025390625
    }
  }
}