{
  "laps": {
    "01_setup": 0.000114,
    "02_cache_search": 0.004552,
    "04_submit": 0.137476,
    "05_run": 0.218764,
    "06_collect": 0.003097,
    "total": 0.364003
  },
  "meta": {
    "backend": "AerSV",
    "n_qubits": 21,
    "depth_in": 726,
    "depth_transpiled": 726,
    "size_transpiled": 746,
    "quasi_dist": {
      "0": 1.0
    }
  }
}