{
  "laps": {
    "01_setup": 0.000103,
    "02_cache_search": 0.000486,
    "04_submit": 0.00264,
    "05_run": 0.021956,
    "06_collect": 0.000734,
    "total": 0.025919
  },
  "meta": {
    "backend": "AerSV",
    "n_qubits": 21,
    "depth_in": 46,
    "depth_transpiled": 46,
    "size_transpiled": 66,
    "quasi_dist": {
      "2097151": 0.509765625,
      "0": 0.490234375
    }
  }
}