{
  "laps": {
    "01_setup": 0.000102,
    "03_transpile": 0.023742,
    "04_submit": 0.001043,
    "05_run": 0.002934,
    "06_collect": 0.000135,
    "total": 0.027956
  },
  "meta": {
    "backend": "AerSV",
    "n_qubits": 13,
    "depth_in": 21,
    "depth_transpiled": 21,
    "size_transpiled": 33,
    "quasi_dist": {
      "8191": 0.5107421875,
      "0": 0.4892578125
    }
  }
}