{
  "01_setup": 0.000364,
  "02_cache_search": 0.005377,
  "03_transpile": 0.057383,
  "07_cache_write": 0.008374,
  "04_submit": 0.011967,
  "05_run": 0.020887,
  "06_collect": 0.003029,
  "total": 0.107381
}