{
  "laps": {
    "01_setup": 0.000112,
    "03_transpile": 0.178393,
    "04_submit": 0.007102,
    "05_run": 0.051461,
    "06_collect": 0.003024,
    "total": 0.240092
  },
  "meta": {
    "backend": "AerSV",
    "n_qubits": 21,
    "depth_in": 961,
    "depth_transpiled": 961,
    "size_transpiled": 981,
    "quasi_dist": {
      "0": 1.0
    }
  }
}