{
  "01_setup": 0.000443,
  "03_transpile": 0.480872,
  "04_submit": 0.075752,
  "05_run": 0.025638,
  "06_collect": 0.003929,
  "total": 0.586634
}