{
  "01_setup": 0.000379,
  "02_cache_search": 0.000794,
  "03_transpile": 0.023226,
  "07_cache_write": 0.125758,
  "04_submit": 0.003182,
  "05_run": 0.007705,
  "06_collect": 0.000378,
  "total": 0.161422
}