{
  "laps": {
    "01_setup": 5.5e-05,
    "02_cache_search": 0.000131,
    "04_submit": 0.00042,
    "05_run": 0.001354,
    "06_collect": 6.4e-05,
    "total": 0.002024
  },
  "meta": {
    "backend": "AerSV",
    "n_qubits": 3,
    "depth_in": 17,
    "depth_transpiled": 14,
    "size_transpiled": 26,
    "quasi_dist": {
      "3": 0.18359375,
      "0": 0.4248046875,
      "6": 0.095703125,
      "7": 0.0166015625,
      "4": 0.06640625,
      "2": 0.060546875,
      "1": 0.1005859375,
      "5": 0.0517578125
    }
  }
}