{
  "01_setup": 0.000388,
  "03_transpile": 0.401694,
  "04_submit": 0.010342,
  "05_run": 0.059755,
  "06_collect": 0.007915,
  "total": 0.480094
}