{
  "01_setup": 0.000582,
  "03_transpile": 0.375704,
  "04_submit": 0.011587,
  "05_run": 1.904187,
  "06_collect": 0.003575,
  "total": 2.295635
}