{
  "01_setup": 0.000533,
  "03_transpile": 1.070993,
  "04_submit": 0.141107,
  "05_run": 0.157351,
  "06_collect": 0.010155,
  "total": 1.380139
}