{
  "01_setup": 0.000539,
  "02_cache_search": 88.373882,
  "03_transpile": 86.513503,
  "07_cache_write": 424.569679,
  "04_submit": 0.009657,
  "05_run": 0.030221,
  "06_collect": 0.002062,
  "total": 599.499543
}