{
  "laps": {
    "01_setup": 6.8e-05,
    "02_cache_search": 0.000818,
    "04_submit": 0.00161,
    "05_run": 0.003405,
    "06_collect": 0.000428,
    "total": 0.006329
  },
  "meta": {
    "backend": "AerSV",
    "n_qubits": 5,
    "depth_in": 106,
    "depth_transpiled": 106,
    "size_transpiled": 218,
    "quasi_dist": {
      "31": 0.1396484375,
      "0": 0.1953125,
      "11": 0.044921875,
      "28": 0.0185546875,
      "29": 0.0263671875,
      "21": 0.0283203125,
      "30": 0.0791015625,
      "10": 0.0322265625,
      "23": 0.01953125,
      "12": 0.009765625,
      "8": 0.021484375,
      "13": 0.0166015625,
      "9": 0.01953125,
      "7": 0.0146484375,
      "5": 0.0107421875,
      "3": 0.0166015625,
      "24": 0.01171875,
      "17": 0.0087890625,
      "2": 0.025390625,
      "22": 0.02734375,
      "4": 0.0078125,
      "20": 0.0419921875,
      "1": 0.0654296875,
      "27": 0.0205078125,
      "6": 0.013671875,
      "14": 0.01171875,
      "25": 0.0087890625,
      "19": 0.015625,
      "18": 0.0185546875,
      "16": 0.0048828125,
      "26": 0.01171875,
      "15": 0.0126953125
    }
  }
}