{
  "laps": {
    "01_setup": 8e-05,
    "02_cache_search": 0.046653,
    "03_transpile": 0.047753,
    "07_cache_write": 0.058098,
    "04_submit": 0.000731,
    "05_run": 0.002051,
    "06_collect": 0.000134,
    "total": 0.1555
  },
  "meta": {
    "backend": "AerSV",
    "n_qubits": 5,
    "depth_in": 34,
    "depth_transpiled": 10,
    "size_transpiled": 21,
    "quasi_dist": {
      "2": 0.02734375,
      "3": 0.025390625,
      "18": 0.02734375,
      "26": 0.025390625,
      "0": 0.04296875,
      "10": 0.03515625,
      "24": 0.0263671875,
      "5": 0.0283203125,
      "31": 0.0283203125,
      "29": 0.044921875,
      "4": 0.0341796875,
      "27": 0.029296875,
      "20": 0.0341796875,
      "1": 0.0263671875,
      "6": 0.03515625,
      "30": 0.0234375,
      "17": 0.0302734375,
      "11": 0.03125,
      "9": 0.033203125,
      "25": 0.01953125,
      "23": 0.03125,
      "16": 0.0283203125,
      "8": 0.0439453125,
      "21": 0.0361328125,
      "7": 0.02734375,
      "14": 0.03125,
      "12": 0.03125,
      "19": 0.033203125,
      "13": 0.0322265625,
      "28": 0.037109375,
      "15": 0.0302734375,
      "22": 0.029296875
    }
  }
}