{
  "01_setup": 0.00058,
  "02_cache_search": 0.023714,
  "03_transpile": 0.181685,
  "07_cache_write": 0.048447,
  "04_submit": 0.044993,
  "05_run": 0.122664,
  "06_collect": 0.01435,
  "total": 0.436433
}