{
  "laps": {
    "01_setup": 7e-05,
    "03_transpile": 0.023929,
    "04_submit": 0.000951,
    "05_run": 0.002184,
    "06_collect": 0.000195,
    "total": 0.027329
  },
  "meta": {
    "backend": "AerSV",
    "n_qubits": 7,
    "depth_in": 32,
    "depth_transpiled": 32,
    "size_transpiled": 38,
    "quasi_dist": {
      "0": 0.474609375,
      "127": 0.525390625
    }
  }
}