{
  "01_setup": 0.000694,
  "02_cache_search": 0.003387,
  "03_transpile": 0.068789,
  "07_cache_write": 0.603096,
  "04_submit": 0.020705,
  "05_run": 2.054162,
  "06_collect": 0.005203,
  "total": 2.756036
}