{
  "laps": {
    "01_setup": 0.000135,
    "02_cache_search": 0.000395,
    "03_transpile": 0.052491,
    "07_cache_write": 0.023769,
    "04_submit": 0.0021,
    "05_run": 0.006602,
    "06_collect": 0.000387,
    "total": 0.085879
  },
  "meta": {
    "backend": "AerSV",
    "n_qubits": 15,
    "depth_in": 31,
    "depth_transpiled": 31,
    "size_transpiled": 45,
    "quasi_dist": {
      "32767": 0.49609375,
      "0": 0.50390625
    }
  }
}