{
  "01_setup": 0.000401,
  "03_transpile": 0.114847,
  "04_submit": 0.003765,
  "05_run": 0.011874,
  "06_collect": 0.000423,
  "total": 0.13131
}