{
  "laps": {
    "01_setup": 7.1e-05,
    "02_cache_search": 0.0011,
    "04_submit": 0.002225,
    "05_run": 0.003795,
    "06_collect": 0.000517,
    "total": 0.007708
  },
  "meta": {
    "backend": "AerSV",
    "n_qubits": 3,
    "depth_in": 252,
    "depth_transpiled": 252,
    "size_transpiled": 306,
    "quasi_dist": {
      "1": 0.142578125,
      "2": 0.1357421875,
      "5": 0.14453125,
      "6": 0.1328125,
      "0": 0.0869140625,
      "3": 0.138671875,
      "7": 0.107421875,
      "4": 0.111328125
    }
  }
}