{
  "laps": {
    "01_setup": 6.9e-05,
    "03_transpile": 0.061282,
    "04_submit": 0.002217,
    "05_run": 0.003324,
    "06_collect": 0.000433,
    "total": 0.067325
  },
  "meta": {
    "backend": "AerSV",
    "n_qubits": 5,
    "depth_in": 151,
    "depth_transpiled": 151,
    "size_transpiled": 255,
    "quasi_dist": {
      "4": 0.17578125,
      "10": 0.0078125,
      "0": 0.34765625,
      "20": 0.0234375,
      "22": 0.0478515625,
      "19": 0.021484375,
      "27": 0.02734375,
      "6": 0.01953125,
      "12": 0.04296875,
      "29": 0.041015625,
      "16": 0.005859375,
      "2": 0.0185546875,
      "23": 0.01171875,
      "17": 0.0390625,
      "8": 0.0068359375,
      "14": 0.0185546875,
      "5": 0.03125,
      "3": 0.03515625,
      "25": 0.0048828125,
      "21": 0.01171875,
      "18": 0.0068359375,
      "15": 0.01171875,
      "11": 0.017578125,
      "7": 0.00390625,
      "30": 0.009765625,
      "1": 0.0029296875,
      "24": 0.0009765625,
      "26": 0.0009765625,
      "9": 0.0009765625,
      "28": 0.001953125,
      "13": 0.0029296875,
      "31": 0.0009765625
    }
  }
}