{
  "01_setup": 0.000566,
  "03_transpile": 0.208094,
  "04_submit": 0.00656,
  "05_run": 0.116812,
  "06_collect": 0.001525,
  "total": 0.333557
}