{
  "01_setup": 0.000415,
  "03_transpile": 0.117227,
  "04_submit": 0.003272,
  "05_run": 0.010535,
  "06_collect": 0.000254,
  "total": 0.131703
}