{
  "01_setup": 0.000659,
  "02_cache_search": 0.001208,
  "03_transpile": 0.035418,
  "07_cache_write": 0.022911,
  "04_submit": 0.004623,
  "05_run": 0.026521,
  "06_collect": 0.000915,
  "total": 0.092255
}