{
  "01_setup": 0.000412,
  "03_transpile": 0.307785,
  "04_submit": 0.007,
  "05_run": 0.017919,
  "06_collect": 0.005549,
  "total": 0.338665
}