{
  "laps": {
    "01_setup": 0.000119,
    "03_transpile": 0.137996,
    "04_submit": 0.005098,
    "05_run": 0.153783,
    "06_collect": 0.001717,
    "total": 0.298713
  },
  "meta": {
    "backend": "AerSV",
    "n_qubits": 23,
    "depth_in": 529,
    "depth_transpiled": 529,
    "size_transpiled": 551,
    "quasi_dist": {
      "0": 1.0
    }
  }
}