{
  "01_setup": 0.000361,
  "03_transpile": 0.09862,
  "04_submit": 0.002943,
  "05_run": 0.008338,
  "06_collect": 0.00035,
  "total": 0.110612
}