{
  "laps": {
    "01_setup": 8.7e-05,
    "03_transpile": 0.035213,
    "04_submit": 0.001112,
    "05_run": 0.002042,
    "06_collect": 0.000192,
    "total": 0.038646
  },
  "meta": {
    "backend": "AerSV",
    "n_qubits": 3,
    "depth_in": 65,
    "depth_transpiled": 50,
    "size_transpiled": 86,
    "quasi_dist": {
      "0": 0.7998046875,
      "1": 0.046875,
      "6": 0.0849609375,
      "2": 0.0263671875,
      "3": 0.0380859375,
      "5": 0.0009765625,
      "7": 0.0029296875
    }
  }
}