{
  "laps": {
    "01_setup": 0.000151,
    "03_transpile": 0.069849,
    "04_submit": 0.002873,
    "05_run": 0.004722,
    "06_collect": 0.000326,
    "total": 0.077921
  },
  "meta": {
    "backend": "AerSV",
    "n_qubits": 9,
    "depth_in": 34,
    "depth_transpiled": 34,
    "size_transpiled": 42,
    "quasi_dist": {
      "0": 0.4931640625,
      "511": 0.5068359375
    }
  }
}