{
  "01_setup": 0.000491,
  "02_cache_search": 0.010797,
  "03_transpile": 0.147258,
  "07_cache_write": 0.012484,
  "04_submit": 0.01688,
  "05_run": 0.025366,
  "06_collect": 0.003922,
  "total": 0.217198
}