{
  "laps": {
    "01_setup": 0.000119,
    "03_transpile": 0.044319,
    "04_submit": 0.001633,
    "05_run": 0.002678,
    "06_collect": 0.000278,
    "total": 0.049027
  },
  "meta": {
    "backend": "AerSV",
    "n_qubits": 3,
    "depth_in": 78,
    "depth_transpiled": 78,
    "size_transpiled": 153,
    "quasi_dist": {
      "3": 0.125,
      "4": 0.1123046875,
      "5": 0.1201171875,
      "0": 0.146484375,
      "7": 0.1181640625,
      "6": 0.1435546875,
      "1": 0.1171875,
      "2": 0.1171875
    }
  }
}