{
  "laps": {
    "01_setup": 6.4e-05,
    "02_cache_search": 0.000206,
    "03_transpile": 0.025796,
    "07_cache_write": 0.079743,
    "04_submit": 0.000933,
    "05_run": 0.001935,
    "06_collect": 0.000102,
    "total": 0.108779
  },
  "meta": {
    "backend": "AerSV",
    "n_qubits": 5,
    "depth_in": 25,
    "depth_transpiled": 25,
    "size_transpiled": 45,
    "quasi_dist": {
      "0": 0.3232421875,
      "3": 0.0380859375,
      "12": 0.0673828125,
      "16": 0.0654296875,
      "20": 0.0859375,
      "22": 0.0205078125,
      "4": 0.080078125,
      "19": 0.0537109375,
      "5": 0.03125,
      "6": 0.0224609375,
      "10": 0.03125,
      "18": 0.02734375,
      "11": 0.0283203125,
      "21": 0.0107421875,
      "2": 0.0126953125,
      "30": 0.013671875,
      "8": 0.0234375,
      "14": 0.0029296875,
      "23": 0.005859375,
      "24": 0.0341796875,
      "27": 0.0068359375,
      "31": 0.0087890625,
      "9": 0.005859375
    }
  }
}