{
  "laps": {
    "01_setup": 0.000103,
    "03_transpile": 0.104324,
    "04_submit": 0.002197,
    "05_run": 0.003477,
    "06_collect": 0.000532,
    "total": 0.110633
  },
  "meta": {
    "backend": "AerSV",
    "n_qubits": 3,
    "depth_in": 252,
    "depth_transpiled": 252,
    "size_transpiled": 306,
    "quasi_dist": {
      "4": 0.1513671875,
      "7": 0.0751953125,
      "6": 0.123046875,
      "3": 0.1435546875,
      "0": 0.09765625,
      "1": 0.14453125,
      "5": 0.1240234375,
      "2": 0.140625
    }
  }
}