{
  "01_setup": 0.000338,
  "02_cache_search": 0.005424,
  "03_transpile": 0.061458,
  "07_cache_write": 0.001383,
  "04_submit": 0.011055,
  "05_run": 0.017408,
  "06_collect": 0.002593,
  "total": 0.099659
}