{
  "laps": {
    "01_setup": 6.9e-05,
    "02_cache_search": 0.000534,
    "03_transpile": 0.04354,
    "07_cache_write": 0.003201,
    "04_submit": 0.002097,
    "05_run": 0.002952,
    "06_collect": 0.000435,
    "total": 0.052828
  },
  "meta": {
    "backend": "AerSV",
    "n_qubits": 7,
    "depth_in": 129,
    "depth_transpiled": 129,
    "size_transpiled": 135,
    "quasi_dist": {
      "0": 1.0
    }
  }
}