{
  "01_setup": 0.000477,
  "02_cache_search": 0.003717,
  "03_transpile": 0.064095,
  "07_cache_write": 0.100532,
  "04_submit": 0.008962,
  "05_run": 0.048794,
  "06_collect": 0.00225,
  "total": 0.228827
}