{
  "laps": {
    "01_setup": 6.6e-05,
    "03_transpile": 0.026308,
    "04_submit": 0.000715,
    "05_run": 0.002132,
    "06_collect": 0.00014,
    "total": 0.029361
  },
  "meta": {
    "backend": "AerSV",
    "n_qubits": 5,
    "depth_in": 34,
    "depth_transpiled": 10,
    "size_transpiled": 21,
    "quasi_dist": {
      "4": 0.029296875,
      "21": 0.0390625,
      "15": 0.0390625,
      "7": 0.0341796875,
      "26": 0.0283203125,
      "12": 0.037109375,
      "9": 0.025390625,
      "2": 0.0361328125,
      "31": 0.0263671875,
      "22": 0.03515625,
      "8": 0.0322265625,
      "20": 0.0244140625,
      "24": 0.033203125,
      "23": 0.025390625,
      "18": 0.0322265625,
      "25": 0.0380859375,
      "1": 0.0322265625,
      "10": 0.03125,
      "13": 0.0263671875,
      "5": 0.025390625,
      "28": 0.03125,
      "6": 0.02734375,
      "30": 0.025390625,
      "19": 0.0400390625,
      "17": 0.03125,
      "11": 0.0234375,
      "16": 0.0390625,
      "14": 0.02734375,
      "27": 0.0302734375,
      "0": 0.02734375,
      "29": 0.0419921875,
      "3": 0.0244140625
    }
  }
}