{
  "01_setup": 0.00058,
  "02_cache_search": 0.001876,
  "03_transpile": 0.043833,
  "07_cache_write": 0.291102,
  "04_submit": 0.006572,
  "05_run": 0.050767,
  "06_collect": 0.001306,
  "total": 0.396036
}