{
  "laps": {
    "01_setup": 6.9e-05,
    "03_transpile": 0.045126,
    "04_submit": 0.002409,
    "05_run": 0.002303,
    "06_collect": 0.000235,
    "total": 0.050142
  },
  "meta": {
    "backend": "AerSV",
    "n_qubits": 3,
    "depth_in": 65,
    "depth_transpiled": 50,
    "size_transpiled": 86,
    "quasi_dist": {
      "0": 0.79296875,
      "3": 0.0283203125,
      "1": 0.0615234375,
      "7": 0.0107421875,
      "6": 0.0810546875,
      "2": 0.0224609375,
      "4": 0.0029296875
    }
  }
}