{
  "laps": {
    "01_setup": 0.000117,
    "03_transpile": 0.064176,
    "04_submit": 0.002456,
    "05_run": 0.044254,
    "06_collect": 0.000599,
    "total": 0.111602
  },
  "meta": {
    "backend": "AerSV",
    "n_qubits": 21,
    "depth_in": 117,
    "depth_transpiled": 117,
    "size_transpiled": 137,
    "quasi_dist": {
      "0": 1.0
    }
  }
}