{
  "laps": {
    "01_setup": 0.000107,
    "02_cache_search": 0.000311,
    "04_submit": 0.001244,
    "05_run": 0.08623,
    "06_collect": 0.000697,
    "total": 0.088589
  },
  "meta": {
    "backend": "AerSV",
    "n_qubits": 23,
    "depth_in": 27,
    "depth_transpiled": 27,
    "size_transpiled": 49,
    "quasi_dist": {
      "0": 0.4912109375,
      "8388607": 0.5087890625
    }
  }
}