{
  "laps": {
    "01_setup": 0.000166,
    "03_transpile": 0.047446,
    "04_submit": 0.001474,
    "05_run": 0.407417,
    "06_collect": 0.000311,
    "total": 0.456814
  },
  "meta": {
    "backend": "AerSV",
    "n_qubits": 25,
    "depth_in": 29,
    "depth_transpiled": 29,
    "size_transpiled": 53,
    "quasi_dist": {
      "0": 0.482421875,
      "33554431": 0.517578125
    }
  }
}