{
  "laps": {
    "01_setup": 6e-05,
    "02_cache_search": 0.001067,
    "04_submit": 0.002395,
    "05_run": 0.003374,
    "06_collect": 0.000514,
    "total": 0.00741
  },
  "meta": {
    "backend": "AerSV",
    "n_qubits": 3,
    "depth_in": 252,
    "depth_transpiled": 252,
    "size_transpiled": 306,
    "quasi_dist": {
      "2": 0.138671875,
      "1": 0.140625,
      "7": 0.1015625,
      "5": 0.1259765625,
      "6": 0.13671875,
      "3": 0.1376953125,
      "4": 0.14453125,
      "0": 0.07421875
    }
  }
}