{
  "laps": {
    "01_setup": 8.7e-05,
    "02_cache_search": 0.000119,
    "03_transpile": 0.021335,
    "07_cache_write": 0.002993,
    "04_submit": 0.000769,
    "05_run": 0.002185,
    "06_collect": 0.000112,
    "total": 0.0276
  },
  "meta": {
    "backend": "AerSV",
    "n_qubits": 7,
    "depth_in": 11,
    "depth_transpiled": 11,
    "size_transpiled": 17,
    "quasi_dist": {
      "0": 0.5263671875,
      "127": 0.4736328125
    }
  }
}