{
  "laps": {
    "01_setup": 0.00011,
    "03_transpile": 0.044365,
    "04_submit": 0.001569,
    "05_run": 0.085808,
    "06_collect": 0.000422,
    "total": 0.132274
  },
  "meta": {
    "backend": "AerSV",
    "n_qubits": 23,
    "depth_in": 31,
    "depth_transpiled": 31,
    "size_transpiled": 53,
    "quasi_dist": {
      "8388607": 0.4921875,
      "0": 0.5078125
    }
  }
}