{
  "laps": {
    "01_setup": 6.8e-05,
    "02_cache_search": 0.000213,
    "03_transpile": 0.026899,
    "07_cache_write": 0.003296,
    "04_submit": 0.001136,
    "05_run": 0.00219,
    "06_collect": 0.000198,
    "total": 0.034
  },
  "meta": {
    "backend": "AerSV",
    "n_qubits": 7,
    "depth_in": 32,
    "depth_transpiled": 32,
    "size_transpiled": 38,
    "quasi_dist": {
      "0": 0.5224609375,
      "127": 0.4775390625
    }
  }
}