{
  "01_setup": 0.000593,
  "02_cache_search": 0.003491,
  "03_transpile": 0.052102,
  "07_cache_write": 0.001648,
  "04_submit": 0.007708,
  "05_run": 0.014077,
  "06_collect": 0.002399,
  "total": 0.082018
}