{
  "laps": {
    "01_setup": 6.8e-05,
    "03_transpile": 0.042128,
    "04_submit": 0.00166,
    "05_run": 0.002462,
    "06_collect": 0.000278,
    "total": 0.046596
  },
  "meta": {
    "backend": "AerSV",
    "n_qubits": 3,
    "depth_in": 101,
    "depth_transpiled": 101,
    "size_transpiled": 153,
    "quasi_dist": {
      "0": 0.7861328125,
      "4": 0.04296875,
      "2": 0.1044921875,
      "5": 0.029296875,
      "1": 0.0361328125,
      "6": 0.0009765625
    }
  }
}