{
  "01_setup": 0.000681,
  "02_cache_search": 0.044944,
  "03_transpile": 0.868036,
  "07_cache_write": 0.34196,
  "04_submit": 0.326393,
  "05_run": 57.447349,
  "06_collect": 0.026377,
  "total": 59.05574
}