{
  "01_setup": 0.000344,
  "02_cache_search": 0.001353,
  "03_transpile": 0.029943,
  "07_cache_write": 0.006469,
  "04_submit": 0.005328,
  "05_run": 0.012186,
  "06_collect": 0.000939,
  "total": 0.056562
}