{
  "laps": {
    "01_setup": 0.000291,
    "03_transpile": 0.080278,
    "04_submit": 0.000955,
    "05_run": 0.168131,
    "06_collect": 7.6e-05,
    "total": 0.249731
  },
  "meta": {
    "backend": "AerSV",
    "n_qubits": 3,
    "depth_in": 12,
    "depth_transpiled": 12,
    "size_transpiled": 18,
    "quasi_dist": {
      "7": 0.4248046875,
      "0": 0.4365234375,
      "3": 0.0244140625,
      "5": 0.0244140625,
      "1": 0.0263671875,
      "4": 0.0244140625,
      "6": 0.0263671875,
      "2": 0.0126953125
    }
  }
}