{
  "laps": {
    "01_setup": 9.5e-05,
    "02_cache_search": 0.000219,
    "03_transpile": 0.034509,
    "07_cache_write": 0.016982,
    "04_submit": 0.001047,
    "05_run": 0.004239,
    "06_collect": 0.000159,
    "total": 0.05725
  },
  "meta": {
    "backend": "AerSV",
    "n_qubits": 15,
    "depth_in": 21,
    "depth_transpiled": 21,
    "size_transpiled": 35,
    "quasi_dist": {
      "0": 1.0
    }
  }
}