{
  "laps": {
    "01_setup": 0.000119,
    "03_transpile": 0.303629,
    "04_submit": 0.013925,
    "05_run": 0.077722,
    "06_collect": 0.005882,
    "total": 0.401277
  },
  "meta": {
    "backend": "AerSV",
    "n_qubits": 21,
    "depth_in": 1921,
    "depth_transpiled": 1921,
    "size_transpiled": 1941,
    "quasi_dist": {
      "0": 1.0
    }
  }
}