{
  "01_setup": 0.000511,
  "02_cache_search": 0.057671,
  "03_transpile": 0.871749,
  "07_cache_write": 0.287948,
  "04_submit": 0.18294,
  "05_run": 0.186733,
  "06_collect": 0.021789,
  "total": 1.609341
}