{
  "01_setup": 0.000695,
  "02_cache_search": 0.050538,
  "03_transpile": 0.475176,
  "07_cache_write": 0.066755,
  "04_submit": 0.092566,
  "05_run": 2.16156,
  "06_collect": 0.028612,
  "total": 2.875902
}