{
  "01_setup": 0.000376,
  "03_transpile": 0.163671,
  "04_submit": 0.005094,
  "05_run": 0.010379,
  "06_collect": 0.000959,
  "total": 0.180479
}