{
  "01_setup": 0.000357,
  "02_cache_search": 0.000657,
  "03_transpile": 0.020794,
  "07_cache_write": 0.001471,
  "04_submit": 0.002907,
  "05_run": 0.008427,
  "06_collect": 0.000365,
  "total": 0.034978
}