{
  "laps": {
    "01_setup": 0.000129,
    "02_cache_search": 0.000602,
    "03_transpile": 0.064592,
    "07_cache_write": 0.351152,
    "04_submit": 0.002085,
    "05_run": 0.373895,
    "06_collect": 0.000612,
    "total": 0.793067
  },
  "meta": {
    "backend": "AerSV",
    "n_qubits": 25,
    "depth_in": 41,
    "depth_transpiled": 41,
    "size_transpiled": 65,
    "quasi_dist": {
      "0": 0.4677734375,
      "33554431": 0.5322265625
    }
  }
}