{
  "laps": {
    "01_setup": 7.3e-05,
    "02_cache_search": 0.469651,
    "03_transpile": 0.203429,
    "07_cache_write": 0.251397,
    "04_submit": 0.001267,
    "05_run": 0.003388,
    "06_collect": 0.000594,
    "total": 0.929799
  },
  "meta": {
    "backend": "AerSV",
    "n_qubits": 5,
    "depth_in": 202,
    "depth_transpiled": 52,
    "size_transpiled": 63,
    "quasi_dist": {
      "5": 0.03125,
      "29": 0.02734375,
      "3": 0.041015625,
      "12": 0.0390625,
      "7": 0.0283203125,
      "31": 0.025390625,
      "0": 0.0322265625,
      "28": 0.0263671875,
      "25": 0.0322265625,
      "20": 0.0361328125,
      "23": 0.033203125,
      "17": 0.0234375,
      "27": 0.03515625,
      "24": 0.0390625,
      "15": 0.0283203125,
      "8": 0.0400390625,
      "19": 0.03125,
      "22": 0.044921875,
      "11": 0.041015625,
      "16": 0.0224609375,
      "2": 0.0244140625,
      "18": 0.03125,
      "4": 0.025390625,
      "13": 0.0390625,
      "1": 0.0263671875,
      "30": 0.025390625,
      "26": 0.0234375,
      "14": 0.0263671875,
      "21": 0.03515625,
      "10": 0.03515625,
      "6": 0.0224609375,
      "9": 0.02734375
    }
  }
}