{
  "laps": {
    "01_setup": 6.6e-05,
    "02_cache_search": 0.000153,
    "04_submit": 0.000702,
    "05_run": 0.00254,
    "06_collect": 0.000123,
    "total": 0.003584
  },
  "meta": {
    "backend": "AerSV",
    "n_qubits": 11,
    "depth_in": 19,
    "depth_transpiled": 19,
    "size_transpiled": 29,
    "quasi_dist": {
      "0": 0.529296875,
      "2047": 0.470703125
    }
  }
}