{
  "laps": {
    "01_setup": 7.1e-05,
    "02_cache_search": 8.5e-05,
    "04_submit": 0.000384,
    "05_run": 0.002302,
    "06_collect": 4.5e-05,
    "total": 0.002887
  },
  "meta": {
    "backend": "AerSV",
    "n_qubits": 3,
    "depth_in": 5,
    "depth_transpiled": 5,
    "size_transpiled": 11,
    "quasi_dist": {
      "7": 0.130859375,
      "1": 0.1201171875,
      "6": 0.130859375,
      "0": 0.13671875,
      "3": 0.1279296875,
      "5": 0.11328125,
      "4": 0.123046875,
      "2": 0.1171875
    }
  }
}