{
  "01_setup": 0.000368,
  "02_cache_search": 0.001501,
  "03_transpile": 0.031914,
  "07_cache_write": 0.012252,
  "04_submit": 0.005182,
  "05_run": 0.020492,
  "06_collect": 0.000834,
  "total": 0.072543
}