{
  "01_setup": 0.00085,
  "03_transpile": 0.311817,
  "04_submit": 0.012399,
  "05_run": 0.020239,
  "06_collect": 0.002077,
  "total": 0.347382
}