{
  "01_setup": 0.000382,
  "03_transpile": 0.218041,
  "04_submit": 0.006825,
  "05_run": 0.015816,
  "06_collect": 0.001379,
  "total": 0.242443
}