{
  "01_setup": 0.000408,
  "02_cache_search": 0.004341,
  "03_transpile": 0.05268,
  "07_cache_write": 0.009662,
  "04_submit": 0.008551,
  "05_run": 0.021331,
  "06_collect": 0.001973,
  "total": 0.098946
}