{
  "laps": {
    "01_setup": 0.000108,
    "02_cache_search": 0.000309,
    "04_submit": 0.001477,
    "05_run": 0.021443,
    "06_collect": 0.00039,
    "total": 0.023727
  },
  "meta": {
    "backend": "AerSV",
    "n_qubits": 21,
    "depth_in": 29,
    "depth_transpiled": 29,
    "size_transpiled": 49,
    "quasi_dist": {
      "0": 0.4794921875,
      "2097151": 0.5205078125
    }
  }
}