{
  "01_setup": 0.000384,
  "02_cache_search": 0.008736,
  "03_transpile": 0.088818,
  "07_cache_write": 0.015628,
  "04_submit": 0.018586,
  "05_run": 0.043292,
  "06_collect": 0.004991,
  "total": 0.180435
}