{
  "laps": {
    "01_setup": 6.2e-05,
    "02_cache_search": 0.000193,
    "04_submit": 0.00056,
    "05_run": 0.001789,
    "06_collect": 9.6e-05,
    "total": 0.0027
  },
  "meta": {
    "backend": "AerSV",
    "n_qubits": 5,
    "depth_in": 25,
    "depth_transpiled": 25,
    "size_transpiled": 45,
    "quasi_dist": {
      "20": 0.107421875,
      "0": 0.310546875,
      "24": 0.033203125,
      "16": 0.0673828125,
      "12": 0.0791015625,
      "3": 0.0263671875,
      "30": 0.0126953125,
      "11": 0.03515625,
      "15": 0.0029296875,
      "10": 0.03125,
      "19": 0.06640625,
      "4": 0.068359375,
      "8": 0.0234375,
      "18": 0.0205078125,
      "5": 0.01953125,
      "22": 0.0185546875,
      "31": 0.01171875,
      "6": 0.0205078125,
      "23": 0.0068359375,
      "2": 0.0126953125,
      "13": 0.001953125,
      "17": 0.0029296875,
      "21": 0.0078125,
      "27": 0.0048828125,
      "28": 0.0009765625,
      "9": 0.0048828125,
      "14": 0.001953125
    }
  }
}