{
  "laps": {
    "01_setup": 9.4e-05,
    "03_transpile": 0.037263,
    "04_submit": 0.001209,
    "05_run": 0.002368,
    "06_collect": 0.000204,
    "total": 0.041138
  },
  "meta": {
    "backend": "AerSV",
    "n_qubits": 5,
    "depth_in": 35,
    "depth_transpiled": 28,
    "size_transpiled": 82,
    "quasi_dist": {
      "31": 0.009765625,
      "7": 0.0400390625,
      "17": 0.009765625,
      "8": 0.0615234375,
      "5": 0.0205078125,
      "12": 0.08984375,
      "24": 0.0810546875,
      "1": 0.0234375,
      "0": 0.123046875,
      "28": 0.076171875,
      "14": 0.07421875,
      "16": 0.03125,
      "4": 0.0458984375,
      "6": 0.072265625,
      "29": 0.0185546875,
      "3": 0.0302734375,
      "30": 0.0380859375,
      "9": 0.0107421875,
      "2": 0.0380859375,
      "15": 0.0263671875,
      "27": 0.0126953125,
      "20": 0.005859375,
      "10": 0.005859375,
      "18": 0.0087890625,
      "11": 0.01171875,
      "13": 0.009765625,
      "22": 0.0068359375,
      "23": 0.0029296875,
      "25": 0.00390625,
      "26": 0.0068359375,
      "21": 0.00390625
    }
  }
}