{
  "laps": {
    "01_setup": 0.000171,
    "02_cache_search": 0.000243,
    "04_submit": 0.000959,
    "05_run": 0.003029,
    "06_collect": 0.000112,
    "total": 0.004514
  },
  "meta": {
    "backend": "AerSV",
    "n_qubits": 3,
    "depth_in": 11,
    "depth_transpiled": 11,
    "size_transpiled": 13,
    "quasi_dist": {
      "7": 0.5166015625,
      "0": 0.4833984375
    }
  }
}