{
  "laps": {
    "01_setup": 6.4e-05,
    "03_transpile": 0.020525,
    "04_submit": 0.000624,
    "05_run": 0.001703,
    "06_collect": 8.6e-05,
    "total": 0.023002
  },
  "meta": {
    "backend": "AerSV",
    "n_qubits": 7,
    "depth_in": 15,
    "depth_transpiled": 15,
    "size_transpiled": 21,
    "quasi_dist": {
      "0": 0.494140625,
      "127": 0.505859375
    }
  }
}