{
  "laps": {
    "01_setup": 8.9e-05,
    "02_cache_search": 0.0002,
    "04_submit": 0.000959,
    "05_run": 0.003183,
    "06_collect": 0.000148,
    "total": 0.004579
  },
  "meta": {
    "backend": "AerSV",
    "n_qubits": 13,
    "depth_in": 21,
    "depth_transpiled": 21,
    "size_transpiled": 33,
    "quasi_dist": {
      "8191": 0.5126953125,
      "0": 0.4873046875
    }
  }
}