{
  "laps": {
    "01_setup": 0.000108,
    "02_cache_search": 0.002549,
    "04_submit": 0.005344,
    "05_run": 0.029697,
    "06_collect": 0.00175,
    "total": 0.039448
  },
  "meta": {
    "backend": "AerSV",
    "n_qubits": 21,
    "depth_in": 481,
    "depth_transpiled": 481,
    "size_transpiled": 501,
    "quasi_dist": {
      "0": 1.0
    }
  }
}