{
  "laps": {
    "01_setup": 0.000121,
    "03_transpile": 0.313642,
    "04_submit": 0.007404,
    "05_run": 0.210799,
    "06_collect": 0.003069,
    "total": 0.535035
  },
  "meta": {
    "backend": "AerSV",
    "n_qubits": 21,
    "depth_in": 726,
    "depth_transpiled": 726,
    "size_transpiled": 746,
    "quasi_dist": {
      "0": 1.0
    }
  }
}