{
  "01_setup": 0.000385,
  "03_transpile": 0.116958,
  "04_submit": 0.003838,
  "05_run": 0.014169,
  "06_collect": 0.000468,
  "total": 0.135818
}