{
  "laps": {
    "01_setup": 0.0001,
    "03_transpile": 0.062876,
    "04_submit": 0.002511,
    "05_run": 0.011621,
    "06_collect": 0.001638,
    "total": 0.078746
  },
  "meta": {
    "backend": "AerSV",
    "n_qubits": 13,
    "depth_in": 289,
    "depth_transpiled": 289,
    "size_transpiled": 301,
    "quasi_dist": {
      "0": 1.0
    }
  }
}