{
  "01_setup": 0.000529,
  "02_cache_search": 0.020268,
  "03_transpile": 0.164473,
  "07_cache_write": 0.160399,
  "04_submit": 0.040491,
  "05_run": 0.092064,
  "06_collect": 0.013605,
  "total": 0.491829
}