{
  "laps": {
    "01_setup": 7.2e-05,
    "02_cache_search": 0.008861,
    "03_transpile": 0.045991,
    "07_cache_write": 0.002343,
    "04_submit": 0.000931,
    "05_run": 0.001772,
    "06_collect": 0.00039,
    "total": 0.06036
  },
  "meta": {
    "backend": "AerSV",
    "n_qubits": 3,
    "depth_in": 202,
    "depth_transpiled": 52,
    "size_transpiled": 57,
    "quasi_dist": {
      "5": 0.1220703125,
      "3": 0.1044921875,
      "1": 0.140625,
      "4": 0.1552734375,
      "7": 0.11328125,
      "6": 0.1162109375,
      "0": 0.138671875,
      "2": 0.109375
    }
  }
}