{
  "01_setup": 0.000341,
  "02_cache_search": 0.001291,
  "03_transpile": 0.028918,
  "07_cache_write": 0.135441,
  "04_submit": 0.004066,
  "05_run": 0.012196,
  "06_collect": 0.000713,
  "total": 0.182966
}