{
  "laps": {
    "01_setup": 0.000123,
    "02_cache_search": 0.000331,
    "04_submit": 0.001412,
    "05_run": 0.005514,
    "06_collect": 0.00033,
    "total": 0.00771
  },
  "meta": {
    "backend": "AerSV",
    "n_qubits": 15,
    "depth_in": 23,
    "depth_transpiled": 23,
    "size_transpiled": 37,
    "quasi_dist": {
      "0": 0.5009765625,
      "32767": 0.4990234375
    }
  }
}