{
  "01_setup": 0.000582,
  "02_cache_search": 0.018885,
  "03_transpile": 0.138563,
  "07_cache_write": 0.030062,
  "04_submit": 0.035489,
  "05_run": 0.07188,
  "06_collect": 0.01147,
  "total": 0.306931
}