{
  "01_setup": 0.000499,
  "02_cache_search": 31.617367,
  "03_transpile": 36.563603,
  "07_cache_write": 73.577502,
  "04_submit": 0.010149,
  "05_run": 0.022004,
  "06_collect": 0.005354,
  "total": 141.796478
}