{
  "01_setup": 0.000535,
  "03_transpile": 1.050081,
  "04_submit": 0.029426,
  "05_run": 0.15297,
  "06_collect": 0.011904,
  "total": 1.244916
}