{
  "laps": {
    "01_setup": 0.000127,
    "03_transpile": 1.209035,
    "04_submit": 0.017177,
    "05_run": 4.056128,
    "06_collect": 0.007468,
    "total": 5.289935
  },
  "meta": {
    "backend": "AerSV",
    "n_qubits": 23,
    "depth_in": 207,
    "depth_transpiled": 207,
    "size_transpiled": 2231,
    "quasi_dist": {
      "0": 1.0
    }
  }
}