{
  "laps": {
    "01_setup": 5.9e-05,
    "02_cache_search": 9.7e-05,
    "04_submit": 0.000416,
    "05_run": 0.001331,
    "06_collect": 4.8e-05,
    "total": 0.001951
  },
  "meta": {
    "backend": "AerSV",
    "n_qubits": 3,
    "depth_in": 12,
    "depth_transpiled": 12,
    "size_transpiled": 18,
    "quasi_dist": {
      "0": 0.455078125,
      "1": 0.025390625,
      "4": 0.0224609375,
      "7": 0.4111328125,
      "5": 0.02734375,
      "3": 0.0146484375,
      "2": 0.0263671875,
      "6": 0.017578125
    }
  }
}