{
  "laps": {
    "01_setup": 6.3e-05,
    "02_cache_search": 0.000198,
    "04_submit": 0.00086,
    "05_run": 0.002002,
    "06_collect": 0.00019,
    "total": 0.003313
  },
  "meta": {
    "backend": "AerSV",
    "n_qubits": 7,
    "depth_in": 32,
    "depth_transpiled": 32,
    "size_transpiled": 38,
    "quasi_dist": {
      "127": 0.5078125,
      "0": 0.4921875
    }
  }
}