{
  "01_setup": 0.000474,
  "03_transpile": 0.267097,
  "04_submit": 0.006062,
  "05_run": 0.029505,
  "06_collect": 0.001448,
  "total": 0.304586
}