{
  "laps": {
    "01_setup": 7.1e-05,
    "02_cache_search": 0.413636,
    "03_transpile": 0.302853,
    "07_cache_write": 0.161433,
    "04_submit": 0.001253,
    "05_run": 0.003359,
    "06_collect": 0.00045,
    "total": 0.883055
  },
  "meta": {
    "backend": "AerSV",
    "n_qubits": 5,
    "depth_in": 130,
    "depth_transpiled": 34,
    "size_transpiled": 45,
    "quasi_dist": {
      "22": 0.0390625,
      "29": 0.03125,
      "14": 0.0322265625,
      "23": 0.029296875,
      "19": 0.037109375,
      "4": 0.0400390625,
      "13": 0.02734375,
      "26": 0.033203125,
      "28": 0.0244140625,
      "27": 0.03125,
      "31": 0.0302734375,
      "16": 0.0400390625,
      "15": 0.0361328125,
      "24": 0.037109375,
      "0": 0.0302734375,
      "6": 0.0263671875,
      "10": 0.025390625,
      "20": 0.0263671875,
      "8": 0.0361328125,
      "1": 0.0390625,
      "7": 0.0244140625,
      "30": 0.02734375,
      "3": 0.033203125,
      "12": 0.025390625,
      "9": 0.029296875,
      "17": 0.029296875,
      "2": 0.0400390625,
      "18": 0.01953125,
      "21": 0.033203125,
      "5": 0.03125,
      "11": 0.0234375,
      "25": 0.03125
    }
  }
}