{
  "laps": {
    "01_setup": 0.000148,
    "03_transpile": 0.267915,
    "04_submit": 0.010088,
    "05_run": 0.016574,
    "06_collect": 0.002111,
    "total": 0.296836
  },
  "meta": {
    "backend": "AerSV",
    "n_qubits": 11,
    "depth_in": 961,
    "depth_transpiled": 961,
    "size_transpiled": 971,
    "quasi_dist": {
      "0": 1.0
    }
  }
}