{
  "01_setup": 0.000404,
  "02_cache_search": 0.001338,
  "03_transpile": 0.034968,
  "07_cache_write": 0.231774,
  "04_submit": 0.0042,
  "05_run": 0.030437,
  "06_collect": 0.000817,
  "total": 0.303938
}