{
  "laps": {
    "01_setup": 7.3e-05,
    "02_cache_search": 0.000211,
    "03_transpile": 0.027185,
    "07_cache_write": 0.001589,
    "04_submit": 0.000937,
    "05_run": 0.001744,
    "06_collect": 0.000148,
    "total": 0.031887
  },
  "meta": {
    "backend": "AerSV",
    "n_qubits": 5,
    "depth_in": 41,
    "depth_transpiled": 41,
    "size_transpiled": 45,
    "quasi_dist": {
      "0": 1.0
    }
  }
}