{
  "laps": {
    "01_setup": 0.00012,
    "02_cache_search": 0.000274,
    "04_submit": 0.001087,
    "05_run": 0.448682,
    "06_collect": 0.000389,
    "total": 0.450552
  },
  "meta": {
    "backend": "AerSV",
    "n_qubits": 25,
    "depth_in": 26,
    "depth_transpiled": 26,
    "size_transpiled": 50,
    "quasi_dist": {
      "33554431": 0.5,
      "0": 0.5
    }
  }
}