{
  "01_setup": 0.000405,
  "02_cache_search": 0.008659,
  "03_transpile": 0.096904,
  "07_cache_write": 0.157224,
  "04_submit": 0.017755,
  "05_run": 0.034356,
  "06_collect": 0.004234,
  "total": 0.319537
}