{
  "laps": {
    "01_setup": 0.000128,
    "03_transpile": 0.093988,
    "04_submit": 0.003355,
    "05_run": 0.008934,
    "06_collect": 0.00091,
    "total": 0.107315
  },
  "meta": {
    "backend": "AerSV",
    "n_qubits": 15,
    "depth_in": 161,
    "depth_transpiled": 161,
    "size_transpiled": 175,
    "quasi_dist": {
      "0": 1.0
    }
  }
}