{
  "laps": {
    "01_setup": 0.000103,
    "03_transpile": 0.024176,
    "04_submit": 0.000811,
    "05_run": 0.002541,
    "06_collect": 9.1e-05,
    "total": 0.027722
  },
  "meta": {
    "backend": "AerSV",
    "n_qubits": 11,
    "depth_in": 15,
    "depth_transpiled": 15,
    "size_transpiled": 25,
    "quasi_dist": {
      "0": 0.4912109375,
      "2047": 0.5087890625
    }
  }
}