{
  "laps": {
    "01_setup": 9.4e-05,
    "02_cache_search": 0.000166,
    "04_submit": 0.000623,
    "05_run": 0.001597,
    "06_collect": 7e-05,
    "total": 0.00255
  },
  "meta": {
    "backend": "AerSV",
    "n_qubits": 3,
    "depth_in": 17,
    "depth_transpiled": 17,
    "size_transpiled": 27,
    "quasi_dist": {
      "4": 0.19921875,
      "0": 0.267578125,
      "5": 0.1171875,
      "3": 0.19140625,
      "6": 0.044921875,
      "2": 0.0400390625,
      "1": 0.04296875,
      "7": 0.0966796875
    }
  }
}