{
  "laps": {
    "01_setup": 0.000157,
    "03_transpile": 0.023089,
    "04_submit": 0.000832,
    "05_run": 0.001538,
    "06_collect": 4.6e-05,
    "total": 0.025662
  },
  "meta": {
    "backend": "AerSV",
    "n_qubits": 3,
    "depth_in": 7,
    "depth_transpiled": 7,
    "size_transpiled": 9,
    "quasi_dist": {
      "7": 0.4892578125,
      "0": 0.5107421875
    }
  }
}