{
  "laps": {
    "01_setup": 5.8e-05,
    "02_cache_search": 7.2e-05,
    "04_submit": 0.000361,
    "05_run": 0.001275,
    "06_collect": 3.9e-05,
    "total": 0.001805
  },
  "meta": {
    "backend": "AerSV",
    "n_qubits": 3,
    "depth_in": 7,
    "depth_transpiled": 7,
    "size_transpiled": 9,
    "quasi_dist": {
      "0": 0.4833984375,
      "7": 0.5166015625
    }
  }
}