{
  "laps": {
    "01_setup": 9.8e-05,
    "02_cache_search": 0.000211,
    "03_transpile": 0.023069,
    "07_cache_write": 0.055415,
    "04_submit": 0.001009,
    "05_run": 0.001787,
    "06_collect": 5.6e-05,
    "total": 0.081645
  },
  "meta": {
    "backend": "AerSV",
    "n_qubits": 3,
    "depth_in": 10,
    "depth_transpiled": 4,
    "size_transpiled": 9,
    "quasi_dist": {
      "1": 0.1259765625,
      "0": 0.1298828125,
      "4": 0.1337890625,
      "6": 0.12890625,
      "5": 0.109375,
      "2": 0.1181640625,
      "3": 0.1298828125,
      "7": 0.1240234375
    }
  }
}