{
  "01_setup": 0.000571,
  "02_cache_search": 0.010898,
  "03_transpile": 0.125488,
  "07_cache_write": 0.17606,
  "04_submit": 0.021749,
  "05_run": 0.469475,
  "06_collect": 0.005946,
  "total": 0.810187
}