{
  "laps": {
    "01_setup": 0.000103,
    "02_cache_search": 0.000343,
    "04_submit": 0.001822,
    "05_run": 0.006636,
    "06_collect": 0.000429,
    "total": 0.009333
  },
  "meta": {
    "backend": "AerSV",
    "n_qubits": 17,
    "depth_in": 33,
    "depth_transpiled": 33,
    "size_transpiled": 49,
    "quasi_dist": {
      "0": 0.525390625,
      "131071": 0.474609375
    }
  }
}