{
  "01_setup": 0.000461,
  "02_cache_search": 0.026897,
  "03_transpile": 0.23695,
  "07_cache_write": 0.017015,
  "04_submit": 0.048817,
  "05_run": 0.110417,
  "06_collect": 0.013266,
  "total": 0.453823
}