{
  "01_setup": 0.000815,
  "03_transpile": 3.243898,
  "04_submit": 0.236123,
  "05_run": 1.003726,
  "06_collect": 0.040055,
  "total": 4.524617
}