{
  "laps": {
    "01_setup": 0.000112,
    "02_cache_search": 0.003861,
    "04_submit": 0.00845,
    "05_run": 0.014386,
    "06_collect": 0.002429,
    "total": 0.029238
  },
  "meta": {
    "backend": "AerSV",
    "n_qubits": 15,
    "depth_in": 673,
    "depth_transpiled": 673,
    "size_transpiled": 687,
    "quasi_dist": {
      "0": 1.0
    }
  }
}