{
  "01_setup": 0.001148,
  "02_cache_search": 0.014899,
  "03_transpile": 0.172743,
  "07_cache_write": 0.154237,
  "04_submit": 0.032054,
  "05_run": 0.221568,
  "06_collect": 0.008927,
  "total": 0.605576
}