{
  "laps": {
    "01_setup": 0.0001,
    "02_cache_search": 0.000312,
    "04_submit": 0.001408,
    "05_run": 0.00997,
    "06_collect": 0.000425,
    "total": 0.012215
  },
  "meta": {
    "backend": "AerSV",
    "n_qubits": 19,
    "depth_in": 27,
    "depth_transpiled": 27,
    "size_transpiled": 45,
    "quasi_dist": {
      "0": 0.51953125,
      "524287": 0.48046875
    }
  }
}