{
  "laps": {
    "01_setup": 0.000116,
    "02_cache_search": 0.00045,
    "04_submit": 0.003029,
    "05_run": 0.027019,
    "06_collect": 0.000643,
    "total": 0.031257
  },
  "meta": {
    "backend": "AerSV",
    "n_qubits": 21,
    "depth_in": 37,
    "depth_transpiled": 37,
    "size_transpiled": 57,
    "quasi_dist": {
      "0": 0.5,
      "2097151": 0.5
    }
  }
}