{
  "01_setup": 0.000379,
  "02_cache_search": 0.001354,
  "03_transpile": 0.102661,
  "07_cache_write": 0.057602,
  "04_submit": 0.003223,
  "05_run": 0.007408,
  "06_collect": 0.000244,
  "total": 0.172871
}