{
  "01_setup": 0.000385,
  "02_cache_search": 0.010336,
  "03_transpile": 0.189694,
  "07_cache_write": 0.036895,
  "04_submit": 0.016549,
  "05_run": 0.036667,
  "06_collect": 0.00366,
  "total": 0.294186
}