{
  "01_setup": 0.000839,
  "03_transpile": 0.972819,
  "04_submit": 0.027571,
  "05_run": 0.162453,
  "06_collect": 0.007252,
  "total": 1.170934
}