{
  "laps": {
    "01_setup": 7.5e-05,
    "02_cache_search": 0.000759,
    "04_submit": 0.001618,
    "05_run": 0.002681,
    "06_collect": 0.000356,
    "total": 0.005489
  },
  "meta": {
    "backend": "AerSV",
    "n_qubits": 3,
    "depth_in": 162,
    "depth_transpiled": 162,
    "size_transpiled": 198,
    "quasi_dist": {
      "0": 0.458984375,
      "7": 0.4619140625,
      "1": 0.013671875,
      "3": 0.0078125,
      "2": 0.013671875,
      "5": 0.017578125,
      "4": 0.0126953125,
      "6": 0.013671875
    }
  }
}