{
  "01_setup": 0.000449,
  "03_transpile": 0.118741,
  "04_submit": 0.003754,
  "05_run": 0.015293,
  "06_collect": 0.000489,
  "total": 0.138726
}