{
  "01_setup": 0.000324,
  "02_cache_search": 0.004825,
  "03_transpile": 0.064798,
  "07_cache_write": 0.002782,
  "04_submit": 0.009328,
  "05_run": 0.01674,
  "06_collect": 0.002481,
  "total": 0.101278
}