{
  "laps": {
    "01_setup": 0.000116,
    "02_cache_search": 0.000461,
    "04_submit": 0.003659,
    "05_run": 0.424497,
    "06_collect": 0.000636,
    "total": 0.429369
  },
  "meta": {
    "backend": "AerSV",
    "n_qubits": 25,
    "depth_in": 41,
    "depth_transpiled": 41,
    "size_transpiled": 65,
    "quasi_dist": {
      "0": 0.50390625,
      "33554431": 0.49609375
    }
  }
}