{
  "01_setup": 0.000489,
  "02_cache_search": 0.001506,
  "03_transpile": 0.040161,
  "07_cache_write": 0.027789,
  "04_submit": 0.007182,
  "05_run": 0.045154,
  "06_collect": 0.001694,
  "total": 0.123975
}