{
  "01_setup": 0.000446,
  "03_transpile": 0.111373,
  "04_submit": 0.003979,
  "05_run": 0.007954,
  "06_collect": 0.000332,
  "total": 0.124084
}