{
  "laps": {
    "01_setup": 6.6e-05,
    "02_cache_search": 0.000149,
    "04_submit": 0.000542,
    "05_run": 0.001568,
    "06_collect": 9.8e-05,
    "total": 0.002423
  },
  "meta": {
    "backend": "AerSV",
    "n_qubits": 3,
    "depth_in": 17,
    "depth_transpiled": 17,
    "size_transpiled": 27,
    "quasi_dist": {
      "1": 0.052734375,
      "0": 0.283203125,
      "4": 0.1865234375,
      "5": 0.099609375,
      "2": 0.037109375,
      "7": 0.125,
      "3": 0.1650390625,
      "6": 0.05078125
    }
  }
}