{
  "01_setup": 0.000457,
  "02_cache_search": 0.008675,
  "03_transpile": 0.09574,
  "07_cache_write": 0.082739,
  "04_submit": 0.014866,
  "05_run": 0.086874,
  "06_collect": 0.004324,
  "total": 0.293675
}