{
  "01_setup": 0.000631,
  "02_cache_search": 0.005278,
  "03_transpile": 0.08186,
  "07_cache_write": 0.358522,
  "04_submit": 0.013173,
  "05_run": 0.417422,
  "06_collect": 0.003561,
  "total": 0.880447
}