{
  "laps": {
    "01_setup": 6.6e-05,
    "02_cache_search": 8.5e-05,
    "04_submit": 0.000393,
    "05_run": 0.00124,
    "06_collect": 3.8e-05,
    "total": 0.001822
  },
  "meta": {
    "backend": "AerSV",
    "n_qubits": 3,
    "depth_in": 7,
    "depth_transpiled": 7,
    "size_transpiled": 9,
    "quasi_dist": {
      "0": 0.490234375,
      "7": 0.509765625
    }
  }
}