{
  "laps": {
    "01_setup": 0.000102,
    "03_transpile": 0.277947,
    "04_submit": 0.095423,
    "05_run": 0.057553,
    "06_collect": 0.003785,
    "total": 0.43481
  },
  "meta": {
    "backend": "AerSV",
    "n_qubits": 13,
    "depth_in": 1801,
    "depth_transpiled": 1801,
    "size_transpiled": 1813,
    "quasi_dist": {
      "0": 1.0
    }
  }
}