{
  "laps": {
    "01_setup": 7.3e-05,
    "02_cache_search": 0.000687,
    "04_submit": 0.001327,
    "05_run": 0.002739,
    "06_collect": 0.000333,
    "total": 0.005159
  },
  "meta": {
    "backend": "AerSV",
    "n_qubits": 5,
    "depth_in": 67,
    "depth_transpiled": 52,
    "size_transpiled": 154,
    "quasi_dist": {
      "0": 0.455078125,
      "1": 0.05078125,
      "24": 0.0458984375,
      "3": 0.0224609375,
      "18": 0.0107421875,
      "15": 0.0166015625,
      "31": 0.015625,
      "14": 0.046875,
      "6": 0.0400390625,
      "7": 0.0322265625,
      "26": 0.005859375,
      "25": 0.0146484375,
      "12": 0.041015625,
      "28": 0.0986328125,
      "29": 0.0146484375,
      "13": 0.015625,
      "5": 0.0107421875,
      "8": 0.0048828125,
      "19": 0.01171875,
      "27": 0.00390625,
      "16": 0.0048828125,
      "30": 0.009765625,
      "22": 0.00390625,
      "17": 0.00390625,
      "2": 0.0078125,
      "20": 0.00390625,
      "10": 0.00390625,
      "23": 0.0009765625,
      "4": 0.001953125,
      "11": 0.0009765625
    }
  }
}