{
  "laps": {
    "01_setup": 8.7e-05,
    "03_transpile": 0.218424,
    "04_submit": 0.076508,
    "05_run": 0.022086,
    "06_collect": 0.003287,
    "total": 0.320392
  },
  "meta": {
    "backend": "AerSV",
    "n_qubits": 11,
    "depth_in": 1501,
    "depth_transpiled": 1501,
    "size_transpiled": 1511,
    "quasi_dist": {
      "0": 1.0
    }
  }
}