{
  "01_setup": 0.000467,
  "03_transpile": 1.330593,
  "04_submit": 0.296241,
  "05_run": 0.297391,
  "06_collect": 0.019427,
  "total": 1.944119
}