{
  "01_setup": 0.000592,
  "03_transpile": 0.896171,
  "04_submit": 0.025259,
  "05_run": 0.786571,
  "06_collect": 0.011251,
  "total": 1.719844
}