{
  "laps": {
    "01_setup": 8.6e-05,
    "02_cache_search": 0.000486,
    "04_submit": 0.001128,
    "05_run": 0.002666,
    "06_collect": 0.000248,
    "total": 0.004614
  },
  "meta": {
    "backend": "AerSV",
    "n_qubits": 5,
    "depth_in": 54,
    "depth_transpiled": 54,
    "size_transpiled": 114,
    "quasi_dist": {
      "12": 0.013671875,
      "18": 0.0234375,
      "24": 0.021484375,
      "5": 0.044921875,
      "7": 0.015625,
      "31": 0.0556640625,
      "11": 0.0400390625,
      "13": 0.0244140625,
      "3": 0.0576171875,
      "14": 0.0537109375,
      "30": 0.09765625,
      "26": 0.046875,
      "9": 0.037109375,
      "22": 0.0419921875,
      "10": 0.0263671875,
      "1": 0.10546875,
      "6": 0.025390625,
      "19": 0.029296875,
      "20": 0.041015625,
      "0": 0.0576171875,
      "21": 0.0166015625,
      "29": 0.0048828125,
      "17": 0.0361328125,
      "28": 0.0498046875,
      "25": 0.0234375,
      "2": 0.0029296875,
      "23": 0.0029296875,
      "8": 0.001953125,
      "4": 0.0009765625,
      "16": 0.0009765625
    }
  }
}