{
  "laps": {
    "01_setup": 6.8e-05,
    "02_cache_search": 0.000808,
    "03_transpile": 0.056458,
    "07_cache_write": 0.003531,
    "04_submit": 0.002359,
    "05_run": 0.003399,
    "06_collect": 0.000584,
    "total": 0.067207
  },
  "meta": {
    "backend": "AerSV",
    "n_qubits": 7,
    "depth_in": 201,
    "depth_transpiled": 201,
    "size_transpiled": 207,
    "quasi_dist": {
      "0": 1.0
    }
  }
}