{
  "01_setup": 0.000351,
  "03_transpile": 0.162517,
  "04_submit": 0.006312,
  "05_run": 0.017771,
  "06_collect": 0.001095,
  "total": 0.188046
}