{
  "laps": {
    "01_setup": 9.9e-05,
    "02_cache_search": 0.000479,
    "03_transpile": 0.040111,
    "07_cache_write": 0.004772,
    "04_submit": 0.001394,
    "05_run": 0.002385,
    "06_collect": 0.000258,
    "total": 0.049498
  },
  "meta": {
    "backend": "AerSV",
    "n_qubits": 3,
    "depth_in": 97,
    "depth_transpiled": 97,
    "size_transpiled": 99,
    "quasi_dist": {
      "0": 1.0
    }
  }
}