{
  "01_setup": 0.000528,
  "03_transpile": 0.818745,
  "04_submit": 0.028333,
  "05_run": 0.107796,
  "06_collect": 0.008504,
  "total": 0.963906
}