{
  "01_setup": 0.000519,
  "03_transpile": 14.880752,
  "04_submit": 0.69153,
  "05_run": 214.39429,
  "06_collect": 0.096199,
  "total": 230.06329
}