{
  "01_setup": 0.00047,
  "02_cache_search": 0.018319,
  "03_transpile": 0.246139,
  "07_cache_write": 0.017177,
  "04_submit": 0.037004,
  "05_run": 0.077084,
  "06_collect": 0.010543,
  "total": 0.406736
}