{
  "01_setup": 0.000596,
  "02_cache_search": 0.004179,
  "03_transpile": 0.054929,
  "07_cache_write": 0.066549,
  "04_submit": 0.011701,
  "05_run": 0.08614,
  "06_collect": 0.002863,
  "total": 0.226957
}