{
  "01_setup": 0.000457,
  "03_transpile": 3.08345,
  "04_submit": 0.049587,
  "05_run": 0.184809,
  "06_collect": 0.017234,
  "total": 3.335537
}