{
  "laps": {
    "01_setup": 9.9e-05,
    "03_transpile": 0.324816,
    "04_submit": 0.115155,
    "05_run": 0.032179,
    "06_collect": 0.005329,
    "total": 0.477578
  },
  "meta": {
    "backend": "AerSV",
    "n_qubits": 15,
    "depth_in": 2101,
    "depth_transpiled": 2101,
    "size_transpiled": 2115,
    "quasi_dist": {
      "0": 1.0
    }
  }
}