{
  "01_setup": 0.000433,
  "02_cache_search": 4.612493,
  "03_transpile": 5.974823,
  "07_cache_write": 7.287524,
  "04_submit": 0.006271,
  "05_run": 0.020572,
  "06_collect": 0.002969,
  "total": 17.905085
}