{
  "laps": {
    "01_setup": 7e-05,
    "02_cache_search": 0.005417,
    "03_transpile": 0.032512,
    "07_cache_write": 0.001596,
    "04_submit": 0.000816,
    "05_run": 0.001647,
    "06_collect": 0.000258,
    "total": 0.042316
  },
  "meta": {
    "backend": "AerSV",
    "n_qubits": 3,
    "depth_in": 130,
    "depth_transpiled": 34,
    "size_transpiled": 39,
    "quasi_dist": {
      "7": 0.119140625,
      "3": 0.1376953125,
      "1": 0.10546875,
      "5": 0.134765625,
      "4": 0.1201171875,
      "0": 0.1474609375,
      "6": 0.1328125,
      "2": 0.1025390625
    }
  }
}