{
  "laps": {
    "01_setup": 6.9e-05,
    "03_transpile": 0.02339,
    "04_submit": 0.000698,
    "05_run": 0.002316,
    "06_collect": 0.000122,
    "total": 0.026595
  },
  "meta": {
    "backend": "AerSV",
    "n_qubits": 11,
    "depth_in": 19,
    "depth_transpiled": 19,
    "size_transpiled": 29,
    "quasi_dist": {
      "0": 0.5009765625,
      "2047": 0.4990234375
    }
  }
}