{
  "laps": {
    "01_setup": 0.000123,
    "02_cache_search": 0.012618,
    "04_submit": 0.025262,
    "05_run": 0.60105,
    "06_collect": 0.006682,
    "total": 0.645735
  },
  "meta": {
    "backend": "AerSV",
    "n_qubits": 23,
    "depth_in": 2113,
    "depth_transpiled": 2113,
    "size_transpiled": 2135,
    "quasi_dist": {
      "0": 1.0
    }
  }
}