{
  "laps": {
    "01_setup": 6.4e-05,
    "02_cache_search": 0.000334,
    "04_submit": 0.000938,
    "05_run": 0.002093,
    "06_collect": 0.000163,
    "total": 0.003592
  },
  "meta": {
    "backend": "AerSV",
    "n_qubits": 5,
    "depth_in": 49,
    "depth_transpiled": 49,
    "size_transpiled": 85,
    "quasi_dist": {
      "1": 0.005859375,
      "9": 0.1123046875,
      "30": 0.0107421875,
      "4": 0.0107421875,
      "5": 0.0693359375,
      "26": 0.1240234375,
      "19": 0.0205078125,
      "12": 0.056640625,
      "13": 0.044921875,
      "20": 0.111328125,
      "24": 0.0537109375,
      "3": 0.0185546875,
      "11": 0.091796875,
      "8": 0.015625,
      "23": 0.041015625,
      "16": 0.0302734375,
      "27": 0.0361328125,
      "7": 0.02734375,
      "21": 0.0283203125,
      "28": 0.00390625,
      "22": 0.01171875,
      "18": 0.0341796875,
      "10": 0.0146484375,
      "17": 0.0078125,
      "14": 0.0107421875,
      "15": 0.001953125,
      "31": 0.0029296875,
      "2": 0.0029296875
    }
  }
}