{
  "01_setup": 0.00057,
  "02_cache_search": 0.000878,
  "03_transpile": 0.039893,
  "07_cache_write": 0.000866,
  "04_submit": 0.003967,
  "05_run": 0.009969,
  "06_collect": 0.000422,
  "total": 0.056565
}