{
  "laps": {
    "01_setup": 7.8e-05,
    "02_cache_search": 0.000165,
    "04_submit": 0.000552,
    "05_run": 0.001898,
    "06_collect": 7.2e-05,
    "total": 0.002765
  },
  "meta": {
    "backend": "AerSV",
    "n_qubits": 7,
    "depth_in": 11,
    "depth_transpiled": 11,
    "size_transpiled": 17,
    "quasi_dist": {
      "127": 0.4970703125,
      "0": 0.5029296875
    }
  }
}