{
  "01_setup": 0.000362,
  "02_cache_search": 0.001529,
  "03_transpile": 0.030414,
  "07_cache_write": 0.002768,
  "04_submit": 0.005039,
  "05_run": 0.009875,
  "06_collect": 0.00106,
  "total": 0.051047
}