{
  "01_setup": 0.000539,
  "03_transpile": 0.521329,
  "04_submit": 0.019561,
  "05_run": 0.185304,
  "06_collect": 0.004568,
  "total": 0.731301
}