{
  "01_setup": 0.000451,
  "03_transpile": 0.698498,
  "04_submit": 0.028102,
  "05_run": 0.046756,
  "06_collect": 0.007767,
  "total": 0.781574
}