{
  "01_setup": 0.000351,
  "02_cache_search": 0.001193,
  "03_transpile": 0.027791,
  "07_cache_write": 0.127725,
  "04_submit": 0.003697,
  "05_run": 0.008008,
  "06_collect": 0.000616,
  "total": 0.169381
}