{
  "01_setup": 0.000479,
  "03_transpile": 0.724516,
  "04_submit": 0.010795,
  "05_run": 0.096041,
  "06_collect": 0.003278,
  "total": 0.835109
}