{
  "01_setup": 0.000602,
  "02_cache_search": 0.003827,
  "03_transpile": 0.079821,
  "07_cache_write": 0.154282,
  "04_submit": 0.010863,
  "05_run": 0.094832,
  "06_collect": 0.002938,
  "total": 0.347165
}