{
  "laps": {
    "01_setup": 8.4e-05,
    "03_transpile": 0.054033,
    "04_submit": 0.002191,
    "05_run": 0.003172,
    "06_collect": 0.000392,
    "total": 0.059872
  },
  "meta": {
    "backend": "AerSV",
    "n_qubits": 5,
    "depth_in": 106,
    "depth_transpiled": 106,
    "size_transpiled": 218,
    "quasi_dist": {
      "31": 0.1767578125,
      "0": 0.1640625,
      "10": 0.0390625,
      "30": 0.05859375,
      "27": 0.015625,
      "15": 0.0126953125,
      "28": 0.025390625,
      "11": 0.0390625,
      "24": 0.0107421875,
      "8": 0.0244140625,
      "25": 0.01953125,
      "29": 0.025390625,
      "1": 0.0703125,
      "13": 0.0146484375,
      "6": 0.0146484375,
      "21": 0.03125,
      "23": 0.0302734375,
      "20": 0.046875,
      "3": 0.0185546875,
      "7": 0.013671875,
      "4": 0.0126953125,
      "22": 0.0166015625,
      "16": 0.0126953125,
      "12": 0.017578125,
      "14": 0.009765625,
      "26": 0.0078125,
      "2": 0.0166015625,
      "5": 0.0087890625,
      "9": 0.017578125,
      "19": 0.013671875,
      "17": 0.005859375,
      "18": 0.0087890625
    }
  }
}