{
  "01_setup": 0.000619,
  "03_transpile": 0.362542,
  "04_submit": 0.01418,
  "05_run": 1.352639,
  "06_collect": 0.003535,
  "total": 1.733515
}