{
  "laps": {
    "01_setup": 6.6e-05,
    "03_transpile": 0.044112,
    "04_submit": 0.000978,
    "05_run": 0.001888,
    "06_collect": 0.000381,
    "total": 0.047425
  },
  "meta": {
    "backend": "AerSV",
    "n_qubits": 3,
    "depth_in": 202,
    "depth_transpiled": 52,
    "size_transpiled": 57,
    "quasi_dist": {
      "0": 0.119140625,
      "1": 0.1279296875,
      "7": 0.134765625,
      "2": 0.115234375,
      "5": 0.1279296875,
      "6": 0.1240234375,
      "4": 0.125,
      "3": 0.1259765625
    }
  }
}