{
  "01_setup": 0.000544,
  "02_cache_search": 8.827256,
  "03_transpile": 8.82413,
  "07_cache_write": 17.432686,
  "04_submit": 0.008112,
  "05_run": 0.021747,
  "06_collect": 0.004578,
  "total": 35.119053
}