{
  "01_setup": 0.000599,
  "03_transpile": 0.15977,
  "04_submit": 0.003408,
  "05_run": 0.174859,
  "06_collect": 0.000274,
  "total": 0.33891
}