{
  "laps": {
    "01_setup": 6.6e-05,
    "02_cache_search": 0.000587,
    "04_submit": 0.001197,
    "05_run": 0.002801,
    "06_collect": 0.00027,
    "total": 0.004921
  },
  "meta": {
    "backend": "AerSV",
    "n_qubits": 3,
    "depth_in": 101,
    "depth_transpiled": 77,
    "size_transpiled": 131,
    "quasi_dist": {
      "0": 0.5859375,
      "6": 0.1240234375,
      "2": 0.0478515625,
      "1": 0.0712890625,
      "5": 0.056640625,
      "3": 0.060546875,
      "4": 0.0517578125,
      "7": 0.001953125
    }
  }
}