{
  "01_setup": 0.000377,
  "02_cache_search": 2.070487,
  "03_transpile": 1.373748,
  "07_cache_write": 1.203777,
  "04_submit": 0.006192,
  "05_run": 0.016999,
  "06_collect": 0.003049,
  "total": 4.674629
}