{
  "01_setup": 0.000573,
  "02_cache_search": 0.006541,
  "03_transpile": 0.068788,
  "07_cache_write": 0.005071,
  "04_submit": 0.015211,
  "05_run": 0.02103,
  "06_collect": 0.00273,
  "total": 0.119944
}