{
  "01_setup": 0.000479,
  "03_transpile": 0.762797,
  "04_submit": 0.023342,
  "05_run": 0.089028,
  "06_collect": 0.007971,
  "total": 0.883617
}