{
  "laps": {
    "01_setup": 9.8e-05,
    "03_transpile": 0.044421,
    "04_submit": 0.00162,
    "05_run": 0.002722,
    "06_collect": 0.000286,
    "total": 0.049147
  },
  "meta": {
    "backend": "AerSV",
    "n_qubits": 3,
    "depth_in": 101,
    "depth_transpiled": 101,
    "size_transpiled": 153,
    "quasi_dist": {
      "0": 0.80859375,
      "2": 0.09375,
      "1": 0.03125,
      "5": 0.01953125,
      "4": 0.0458984375,
      "6": 0.0009765625
    }
  }
}