{
  "01_setup": 0.000721,
  "02_cache_search": 0.03434,
  "03_transpile": 0.253994,
  "07_cache_write": 0.245277,
  "04_submit": 0.065101,
  "05_run": 13.630046,
  "06_collect": 0.018235,
  "total": 14.247714
}