{
  "01_setup": 0.000419,
  "03_transpile": 0.286295,
  "04_submit": 0.011884,
  "05_run": 0.031806,
  "06_collect": 0.002417,
  "total": 0.332821
}