{
  "01_setup": 0.000448,
  "02_cache_search": 0.001079,
  "03_transpile": 0.026257,
  "07_cache_write": 0.009766,
  "04_submit": 0.003796,
  "05_run": 0.009263,
  "06_collect": 0.000563,
  "total": 0.051172
}