{
  "01_setup": 0.000498,
  "03_transpile": 0.309364,
  "04_submit": 0.009769,
  "05_run": 0.051803,
  "06_collect": 0.002438,
  "total": 0.373872
}