{
  "01_setup": 0.000491,
  "02_cache_search": 0.010515,
  "03_transpile": 0.102152,
  "07_cache_write": 0.12748,
  "04_submit": 0.019697,
  "05_run": 0.094098,
  "06_collect": 0.005597,
  "total": 0.36003
}