{
  "01_setup": 0.00044,
  "03_transpile": 0.939165,
  "04_submit": 0.016551,
  "05_run": 0.036746,
  "06_collect": 0.003582,
  "total": 0.996484
}