{
  "laps": {
    "01_setup": 7.2e-05,
    "03_transpile": 0.019,
    "04_submit": 0.000608,
    "05_run": 0.001517,
    "06_collect": 4.5e-05,
    "total": 0.021242
  },
  "meta": {
    "backend": "AerSV",
    "n_qubits": 3,
    "depth_in": 10,
    "depth_transpiled": 4,
    "size_transpiled": 9,
    "quasi_dist": {
      "6": 0.1396484375,
      "2": 0.123046875,
      "4": 0.1162109375,
      "5": 0.1103515625,
      "1": 0.12109375,
      "7": 0.1298828125,
      "0": 0.1259765625,
      "3": 0.1337890625
    }
  }
}