{
  "laps": {
    "01_setup": 0.000102,
    "03_transpile": 0.870331,
    "04_submit": 0.011114,
    "05_run": 11.250173,
    "06_collect": 0.005156,
    "total": 12.136876
  },
  "meta": {
    "backend": "AerSV",
    "n_qubits": 25,
    "depth_in": 125,
    "depth_transpiled": 125,
    "size_transpiled": 1325,
    "quasi_dist": {
      "0": 1.0
    }
  }
}