{
  "01_setup": 0.00038,
  "02_cache_search": 0.004324,
  "03_transpile": 0.062242,
  "07_cache_write": 0.007493,
  "04_submit": 0.012131,
  "05_run": 0.022417,
  "06_collect": 0.003113,
  "total": 0.1121
}