{
  "01_setup": 0.000668,
  "03_transpile": 0.439133,
  "04_submit": 0.016617,
  "05_run": 0.028513,
  "06_collect": 0.005324,
  "total": 0.490255
}