{
  "laps": {
    "01_setup": 0.000116,
    "03_transpile": 0.133038,
    "04_submit": 0.004748,
    "05_run": 0.046718,
    "06_collect": 0.001817,
    "total": 0.186437
  },
  "meta": {
    "backend": "AerSV",
    "n_qubits": 19,
    "depth_in": 417,
    "depth_transpiled": 417,
    "size_transpiled": 435,
    "quasi_dist": {
      "0": 1.0
    }
  }
}