{
  "laps": {
    "01_setup": 0.000115,
    "03_transpile": 0.144718,
    "04_submit": 0.005309,
    "05_run": 0.155575,
    "06_collect": 0.002042,
    "total": 0.307759
  },
  "meta": {
    "backend": "AerSV",
    "n_qubits": 21,
    "depth_in": 465,
    "depth_transpiled": 465,
    "size_transpiled": 485,
    "quasi_dist": {
      "0": 1.0
    }
  }
}