{
  "laps": {
    "01_setup": 7.6e-05,
    "03_transpile": 0.023623,
    "04_submit": 0.000929,
    "05_run": 0.001804,
    "06_collect": 0.000169,
    "total": 0.026601
  },
  "meta": {
    "backend": "AerSV",
    "n_qubits": 5,
    "depth_in": 30,
    "depth_transpiled": 30,
    "size_transpiled": 34,
    "quasi_dist": {
      "31": 0.505859375,
      "0": 0.494140625
    }
  }
}