{
  "01_setup": 0.000366,
  "02_cache_search": 0.00097,
  "03_transpile": 0.026318,
  "07_cache_write": 0.000878,
  "04_submit": 0.004426,
  "05_run": 0.008496,
  "06_collect": 0.000705,
  "total": 0.042159
}