{
  "01_setup": 0.000575,
  "03_transpile": 0.771123,
  "04_submit": 0.022736,
  "05_run": 0.244746,
  "06_collect": 0.009384,
  "total": 1.048564
}