{
  "01_setup": 0.000515,
  "03_transpile": 0.872915,
  "04_submit": 0.170609,
  "05_run": 0.300255,
  "06_collect": 0.004346,
  "total": 1.34864
}