{
  "01_setup": 0.000698,
  "03_transpile": 0.497688,
  "04_submit": 0.014701,
  "05_run": 7.009978,
  "06_collect": 0.004804,
  "total": 7.527869
}