{
  "laps": {
    "01_setup": 7.3e-05,
    "02_cache_search": 0.002088,
    "03_transpile": 0.100747,
    "07_cache_write": 0.006899,
    "04_submit": 0.004567,
    "05_run": 0.005703,
    "06_collect": 0.001188,
    "total": 0.121265
  },
  "meta": {
    "backend": "AerSV",
    "n_qubits": 5,
    "depth_in": 601,
    "depth_transpiled": 601,
    "size_transpiled": 605,
    "quasi_dist": {
      "0": 1.0
    }
  }
}