{
  "laps": {
    "01_setup": 8.5e-05,
    "02_cache_search": 0.000148,
    "03_transpile": 0.02302,
    "07_cache_write": 0.00566,
    "04_submit": 0.000752,
    "05_run": 0.002642,
    "06_collect": 0.000106,
    "total": 0.032413
  },
  "meta": {
    "backend": "AerSV",
    "n_qubits": 11,
    "depth_in": 15,
    "depth_transpiled": 15,
    "size_transpiled": 25,
    "quasi_dist": {
      "2047": 0.4970703125,
      "0": 0.5029296875
    }
  }
}