{
  "laps": {
    "01_setup": 0.000199,
    "02_cache_search": 0.009095,
    "03_transpile": 0.868036,
    "07_cache_write": 0.34196,
    "04_submit": 0.013081,
    "05_run": 11.082198,
    "06_collect": 0.004986,
    "total": 12.319555
  },
  "meta": {
    "backend": "AerSV",
    "n_qubits": 25,
    "depth_in": 125,
    "depth_transpiled": 125,
    "size_transpiled": 1325,
    "quasi_dist": {
      "0": 1.0
    }
  }
}