{
  "01_setup": 0.000567,
  "03_transpile": 0.993025,
  "04_submit": 0.034764,
  "05_run": 0.246518,
  "06_collect": 0.015329,
  "total": 1.290203
}