{
  "laps": {
    "01_setup": 0.000117,
    "02_cache_search": 0.000812,
    "04_submit": 0.002337,
    "05_run": 0.058901,
    "06_collect": 0.000598,
    "total": 0.062765
  },
  "meta": {
    "backend": "AerSV",
    "n_qubits": 23,
    "depth_in": 133,
    "depth_transpiled": 133,
    "size_transpiled": 155,
    "quasi_dist": {
      "0": 1.0
    }
  }
}