{
  "01_setup": 0.000417,
  "03_transpile": 0.460693,
  "04_submit": 0.076206,
  "05_run": 0.047758,
  "06_collect": 0.005038,
  "total": 0.590112
}