{
  "laps": {
    "01_setup": 0.000108,
    "02_cache_search": 0.001127,
    "04_submit": 0.003169,
    "05_run": 0.014397,
    "06_collect": 0.000836,
    "total": 0.019637
  },
  "meta": {
    "backend": "AerSV",
    "n_qubits": 17,
    "depth_in": 185,
    "depth_transpiled": 185,
    "size_transpiled": 201,
    "quasi_dist": {
      "0": 1.0
    }
  }
}