{
  "01_setup": 0.000721,
  "03_transpile": 0.253389,
  "04_submit": 0.008025,
  "05_run": 0.054339,
  "06_collect": 0.002238,
  "total": 0.318712
}