{
  "01_setup": 0.000502,
  "03_transpile": 0.173548,
  "04_submit": 0.005667,
  "05_run": 0.038927,
  "06_collect": 0.000955,
  "total": 0.219599
}