{
  "01_setup": 0.00072,
  "02_cache_search": 0.060643,
  "03_transpile": 0.660368,
  "07_cache_write": 0.252009,
  "04_submit": 0.105549,
  "05_run": 12.091328,
  "06_collect": 0.031586,
  "total": 13.202203
}