{
  "laps": {
    "01_setup": 0.000139,
    "02_cache_search": 0.003548,
    "04_submit": 0.009383,
    "05_run": 0.263989,
    "06_collect": 0.002271,
    "total": 0.27933
  },
  "meta": {
    "backend": "AerSV",
    "n_qubits": 21,
    "depth_in": 465,
    "depth_transpiled": 465,
    "size_transpiled": 485,
    "quasi_dist": {
      "0": 1.0
    }
  }
}