{
  "01_setup": 0.001475,
  "02_cache_search": 201.689241,
  "03_transpile": 184.299108,
  "07_cache_write": 615.24051,
  "04_submit": 0.010586,
  "05_run": 0.030606,
  "06_collect": 0.003201,
  "total": 1001.274727
}