{
  "laps": {
    "01_setup": 9.1e-05,
    "02_cache_search": 0.000126,
    "04_submit": 0.000609,
    "05_run": 0.002366,
    "06_collect": 7.4e-05,
    "total": 0.003266
  },
  "meta": {
    "backend": "AerSV",
    "n_qubits": 11,
    "depth_in": 12,
    "depth_transpiled": 12,
    "size_transpiled": 22,
    "quasi_dist": {
      "0": 0.5263671875,
      "2047": 0.4736328125
    }
  }
}