{
  "laps": {
    "01_setup": 6.3e-05,
    "02_cache_search": 0.000233,
    "04_submit": 0.000592,
    "05_run": 0.00151,
    "06_collect": 0.000104,
    "total": 0.002502
  },
  "meta": {
    "backend": "AerSV",
    "n_qubits": 3,
    "depth_in": 33,
    "depth_transpiled": 33,
    "size_transpiled": 51,
    "quasi_dist": {
      "6": 0.09375,
      "3": 0.1259765625,
      "1": 0.3994140625,
      "4": 0.0908203125,
      "5": 0.095703125,
      "0": 0.107421875,
      "2": 0.0849609375,
      "7": 0.001953125
    }
  }
}