{
  "laps": {
    "01_setup": 6.8e-05,
    "02_cache_search": 0.00042,
    "04_submit": 0.001363,
    "05_run": 0.001978,
    "06_collect": 0.000197,
    "total": 0.004026
  },
  "meta": {
    "backend": "AerSV",
    "n_qubits": 3,
    "depth_in": 82,
    "depth_transpiled": 82,
    "size_transpiled": 102,
    "quasi_dist": {
      "5": 0.0673828125,
      "2": 0.0546875,
      "7": 0.3115234375,
      "0": 0.3271484375,
      "4": 0.06640625,
      "6": 0.0595703125,
      "3": 0.052734375,
      "1": 0.060546875
    }
  }
}