{
  "01_setup": 0.000701,
  "03_transpile": 1.536064,
  "04_submit": 0.052973,
  "05_run": 10.3919,
  "06_collect": 0.022714,
  "total": 12.004352
}