{
  "01_setup": 0.000542,
  "03_transpile": 0.170952,
  "04_submit": 0.00493,
  "05_run": 0.096136,
  "06_collect": 0.001005,
  "total": 0.273565
}