{
  "laps": {
    "01_setup": 9.5e-05,
    "03_transpile": 0.042032,
    "04_submit": 0.001785,
    "05_run": 0.005833,
    "06_collect": 0.00042,
    "total": 0.050165
  },
  "meta": {
    "backend": "AerSV",
    "n_qubits": 17,
    "depth_in": 33,
    "depth_transpiled": 33,
    "size_transpiled": 49,
    "quasi_dist": {
      "0": 0.50390625,
      "131071": 0.49609375
    }
  }
}