{
  "01_setup": 0.000441,
  "02_cache_search": 0.001972,
  "03_transpile": 0.045363,
  "07_cache_write": 0.018993,
  "04_submit": 0.010053,
  "05_run": 0.023454,
  "06_collect": 0.002586,
  "total": 0.102862
}