{
  "01_setup": 0.000546,
  "03_transpile": 0.290944,
  "04_submit": 0.014734,
  "05_run": 0.410708,
  "06_collect": 0.003839,
  "total": 0.720771
}