{
  "laps": {
    "01_setup": 6.7e-05,
    "03_transpile": 0.046295,
    "04_submit": 0.001506,
    "05_run": 0.002753,
    "06_collect": 0.00033,
    "total": 0.050951
  },
  "meta": {
    "backend": "AerSV",
    "n_qubits": 5,
    "depth_in": 67,
    "depth_transpiled": 52,
    "size_transpiled": 154,
    "quasi_dist": {
      "25": 0.01171875,
      "0": 0.4775390625,
      "28": 0.099609375,
      "24": 0.025390625,
      "15": 0.0224609375,
      "31": 0.025390625,
      "22": 0.0107421875,
      "7": 0.021484375,
      "1": 0.0556640625,
      "6": 0.0341796875,
      "14": 0.0361328125,
      "12": 0.041015625,
      "30": 0.0126953125,
      "13": 0.0185546875,
      "19": 0.01171875,
      "17": 0.005859375,
      "26": 0.01171875,
      "20": 0.0068359375,
      "3": 0.0224609375,
      "16": 0.0068359375,
      "29": 0.01171875,
      "2": 0.0048828125,
      "18": 0.0078125,
      "5": 0.005859375,
      "21": 0.0009765625,
      "27": 0.001953125,
      "10": 0.001953125,
      "11": 0.0009765625,
      "8": 0.00390625,
      "4": 0.001953125
    }
  }
}