{
  "01_setup": 0.000494,
  "02_cache_search": 0.00363,
  "03_transpile": 0.055887,
  "07_cache_write": 0.05243,
  "04_submit": 0.009049,
  "05_run": 0.073815,
  "06_collect": 0.002261,
  "total": 0.197566
}