{
  "01_setup": 0.000925,
  "03_transpile": 0.874396,
  "04_submit": 0.028792,
  "05_run": 7.435474,
  "06_collect": 0.012069,
  "total": 8.351656
}