{
  "laps": {
    "01_setup": 0.000111,
    "02_cache_search": 0.000308,
    "03_transpile": 0.043127,
    "07_cache_write": 0.007269,
    "04_submit": 0.001432,
    "05_run": 0.002931,
    "06_collect": 0.000315,
    "total": 0.055493
  },
  "meta": {
    "backend": "AerSV",
    "n_qubits": 9,
    "depth_in": 34,
    "depth_transpiled": 34,
    "size_transpiled": 42,
    "quasi_dist": {
      "0": 0.5068359375,
      "511": 0.4931640625
    }
  }
}