{
  "laps": {
    "01_setup": 0.000143,
    "03_transpile": 0.106531,
    "04_submit": 0.00329,
    "05_run": 0.495661,
    "06_collect": 0.001259,
    "total": 0.606884
  },
  "meta": {
    "backend": "AerSV",
    "n_qubits": 23,
    "depth_in": 257,
    "depth_transpiled": 257,
    "size_transpiled": 279,
    "quasi_dist": {
      "0": 1.0
    }
  }
}