{
  "laps": {
    "01_setup": 0.000144,
    "03_transpile": 0.077213,
    "04_submit": 0.005132,
    "05_run": 0.024008,
    "06_collect": 0.000754,
    "total": 0.107251
  },
  "meta": {
    "backend": "AerSV",
    "n_qubits": 19,
    "depth_in": 105,
    "depth_transpiled": 105,
    "size_transpiled": 123,
    "quasi_dist": {
      "0": 1.0
    }
  }
}