{
  "laps": {
    "01_setup": 8.1e-05,
    "03_transpile": 0.042014,
    "04_submit": 0.000935,
    "05_run": 0.00335,
    "06_collect": 0.000396,
    "total": 0.046776
  },
  "meta": {
    "backend": "AerSV",
    "n_qubits": 5,
    "depth_in": 130,
    "depth_transpiled": 34,
    "size_transpiled": 45,
    "quasi_dist": {
      "5": 0.0234375,
      "29": 0.037109375,
      "14": 0.02734375,
      "11": 0.0322265625,
      "2": 0.0390625,
      "8": 0.03125,
      "25": 0.0322265625,
      "16": 0.0390625,
      "19": 0.025390625,
      "30": 0.029296875,
      "3": 0.0341796875,
      "26": 0.0361328125,
      "7": 0.0400390625,
      "27": 0.0302734375,
      "24": 0.033203125,
      "10": 0.029296875,
      "0": 0.029296875,
      "18": 0.0390625,
      "28": 0.0234375,
      "21": 0.033203125,
      "12": 0.0341796875,
      "13": 0.029296875,
      "15": 0.03125,
      "4": 0.033203125,
      "20": 0.0361328125,
      "9": 0.0302734375,
      "17": 0.0283203125,
      "1": 0.0234375,
      "22": 0.0302734375,
      "6": 0.0263671875,
      "23": 0.025390625,
      "31": 0.02734375
    }
  }
}