{
  "laps": {
    "01_setup": 0.000105,
    "03_transpile": 0.02421,
    "04_submit": 0.000803,
    "05_run": 0.002841,
    "06_collect": 9.5e-05,
    "total": 0.028054
  },
  "meta": {
    "backend": "AerSV",
    "n_qubits": 13,
    "depth_in": 17,
    "depth_transpiled": 17,
    "size_transpiled": 29,
    "quasi_dist": {
      "0": 0.4873046875,
      "8191": 0.5126953125
    }
  }
}