{
  "laps": {
    "01_setup": 0.000104,
    "03_transpile": 0.02678,
    "04_submit": 0.000837,
    "05_run": 0.004364,
    "06_collect": 0.00017,
    "total": 0.032255
  },
  "meta": {
    "backend": "AerSV",
    "n_qubits": 15,
    "depth_in": 19,
    "depth_transpiled": 19,
    "size_transpiled": 33,
    "quasi_dist": {
      "0": 0.505859375,
      "32767": 0.494140625
    }
  }
}