{
  "01_setup": 0.000351,
  "02_cache_search": 1.113398,
  "03_transpile": 1.506546,
  "07_cache_write": 2.145524,
  "04_submit": 0.005056,
  "05_run": 0.012688,
  "06_collect": 0.001117,
  "total": 4.78468
}