{
  "laps": {
    "01_setup": 6.8e-05,
    "03_transpile": 0.035369,
    "04_submit": 0.001162,
    "05_run": 0.002053,
    "06_collect": 0.000187,
    "total": 0.038839
  },
  "meta": {
    "backend": "AerSV",
    "n_qubits": 3,
    "depth_in": 65,
    "depth_transpiled": 65,
    "size_transpiled": 99,
    "quasi_dist": {
      "0": 0.533203125,
      "7": 0.076171875,
      "3": 0.0185546875,
      "5": 0.0927734375,
      "4": 0.125,
      "2": 0.0703125,
      "6": 0.02734375,
      "1": 0.056640625
    }
  }
}