{
  "laps": {
    "01_setup": 6.2e-05,
    "02_cache_search": 0.000227,
    "04_submit": 0.000562,
    "05_run": 0.001603,
    "06_collect": 0.000112,
    "total": 0.002566
  },
  "meta": {
    "backend": "AerSV",
    "n_qubits": 3,
    "depth_in": 42,
    "depth_transpiled": 42,
    "size_transpiled": 54,
    "quasi_dist": {
      "7": 0.2080078125,
      "4": 0.1171875,
      "6": 0.091796875,
      "2": 0.1015625,
      "0": 0.2060546875,
      "3": 0.0830078125,
      "5": 0.111328125,
      "1": 0.0810546875
    }
  }
}