{
  "laps": {
    "01_setup": 0.000136,
    "02_cache_search": 0.000344,
    "04_submit": 0.00178,
    "05_run": 0.084263,
    "06_collect": 0.000304,
    "total": 0.086827
  },
  "meta": {
    "backend": "AerSV",
    "n_qubits": 23,
    "depth_in": 27,
    "depth_transpiled": 27,
    "size_transpiled": 49,
    "quasi_dist": {
      "8388607": 0.4921875,
      "0": 0.5078125
    }
  }
}