{
  "01_setup": 0.000447,
  "03_transpile": 14.900848,
  "04_submit": 0.422227,
  "05_run": 7.891425,
  "06_collect": 0.098338,
  "total": 23.313285
}