{
  "laps": {
    "01_setup": 0.000108,
    "02_cache_search": 0.00029,
    "03_transpile": 0.041465,
    "07_cache_write": 0.031343,
    "04_submit": 0.0013,
    "05_run": 0.018637,
    "06_collect": 0.000264,
    "total": 0.093407
  },
  "meta": {
    "backend": "AerSV",
    "n_qubits": 21,
    "depth_in": 25,
    "depth_transpiled": 25,
    "size_transpiled": 45,
    "quasi_dist": {
      "2097151": 0.5078125,
      "0": 0.4921875
    }
  }
}