{
  "laps": {
    "01_setup": 0.000183,
    "03_transpile": 0.063125,
    "04_submit": 0.001664,
    "05_run": 0.006637,
    "06_collect": 0.000293,
    "total": 0.071902
  },
  "meta": {
    "backend": "AerSV",
    "n_qubits": 3,
    "depth_in": 66,
    "depth_transpiled": 18,
    "size_transpiled": 23,
    "quasi_dist": {
      "0": 0.1240234375,
      "2": 0.1357421875,
      "3": 0.142578125,
      "1": 0.1142578125,
      "5": 0.1240234375,
      "4": 0.1162109375,
      "6": 0.1240234375,
      "7": 0.119140625
    }
  }
}