{
  "01_setup": 0.000614,
  "02_cache_search": 0.013234,
  "03_transpile": 0.132903,
  "07_cache_write": 0.402178,
  "04_submit": 0.02404,
  "05_run": 2.946441,
  "06_collect": 0.00747,
  "total": 3.52688
}