{
  "01_setup": 0.000373,
  "02_cache_search": 0.002513,
  "03_transpile": 0.037286,
  "07_cache_write": 0.142117,
  "04_submit": 0.006392,
  "05_run": 0.014586,
  "06_collect": 0.001292,
  "total": 0.204559
}