{
  "laps": {
    "01_setup": 6.3e-05,
    "02_cache_search": 0.000171,
    "04_submit": 0.000516,
    "05_run": 0.002696,
    "06_collect": 9.7e-05,
    "total": 0.003543
  },
  "meta": {
    "backend": "AerSV",
    "n_qubits": 13,
    "depth_in": 17,
    "depth_transpiled": 17,
    "size_transpiled": 29,
    "quasi_dist": {
      "0": 0.53515625,
      "8191": 0.46484375
    }
  }
}