{
  "01_setup": 0.00069,
  "03_transpile": 0.999189,
  "04_submit": 0.027369,
  "05_run": 0.052048,
  "06_collect": 0.007488,
  "total": 1.086784
}