{
  "laps": {
    "01_setup": 6.8e-05,
    "02_cache_search": 8.6e-05,
    "04_submit": 0.000413,
    "05_run": 0.001288,
    "06_collect": 3.4e-05,
    "total": 0.001889
  },
  "meta": {
    "backend": "AerSV",
    "n_qubits": 3,
    "depth_in": 5,
    "depth_transpiled": 5,
    "size_transpiled": 11,
    "quasi_dist": {
      "4": 0.1279296875,
      "2": 0.126953125,
      "6": 0.1083984375,
      "0": 0.1298828125,
      "1": 0.1396484375,
      "3": 0.1484375,
      "7": 0.11328125,
      "5": 0.10546875
    }
  }
}