{
  "01_setup": 0.000733,
  "03_transpile": 0.265091,
  "04_submit": 0.00954,
  "05_run": 2.062635,
  "06_collect": 0.002453,
  "total": 2.340452
}