{
  "01_setup": 0.000601,
  "03_transpile": 1.407076,
  "04_submit": 0.134218,
  "05_run": 0.216511,
  "06_collect": 0.020818,
  "total": 1.779224
}