{
  "laps": {
    "01_setup": 0.000119,
    "03_transpile": 0.182407,
    "04_submit": 0.009258,
    "05_run": 0.013288,
    "06_collect": 0.002562,
    "total": 0.207634
  },
  "meta": {
    "backend": "AerSV",
    "n_qubits": 9,
    "depth_in": 1201,
    "depth_transpiled": 1201,
    "size_transpiled": 1209,
    "quasi_dist": {
      "0": 1.0
    }
  }
}