{
  "01_setup": 0.000428,
  "02_cache_search": 0.080306,
  "03_transpile": 1.163069,
  "07_cache_write": 0.192625,
  "04_submit": 0.118162,
  "05_run": 0.285161,
  "06_collect": 0.04178,
  "total": 1.881531
}