{
  "laps": {
    "01_setup": 8.6e-05,
    "02_cache_search": 0.000255,
    "04_submit": 0.001111,
    "05_run": 0.005929,
    "06_collect": 0.000292,
    "total": 0.007673
  },
  "meta": {
    "backend": "AerSV",
    "n_qubits": 17,
    "depth_in": 25,
    "depth_transpiled": 25,
    "size_transpiled": 41,
    "quasi_dist": {
      "0": 0.5126953125,
      "131071": 0.4873046875
    }
  }
}