{
  "01_setup": 0.000488,
  "03_transpile": 0.39433,
  "04_submit": 0.014128,
  "05_run": 0.066015,
  "06_collect": 0.003543,
  "total": 0.478504
}