{
  "01_setup": 0.000453,
  "02_cache_search": 0.116782,
  "03_transpile": 1.753191,
  "07_cache_write": 0.108601,
  "04_submit": 0.310811,
  "05_run": 0.650746,
  "06_collect": 0.058609,
  "total": 2.999193
}