{
  "laps": {
    "01_setup": 6.3e-05,
    "03_transpile": 0.043828,
    "04_submit": 0.000974,
    "05_run": 0.001853,
    "06_collect": 0.000364,
    "total": 0.047082
  },
  "meta": {
    "backend": "AerSV",
    "n_qubits": 3,
    "depth_in": 202,
    "depth_transpiled": 52,
    "size_transpiled": 57,
    "quasi_dist": {
      "1": 0.11328125,
      "3": 0.123046875,
      "4": 0.130859375,
      "0": 0.1220703125,
      "7": 0.12890625,
      "5": 0.1376953125,
      "6": 0.1181640625,
      "2": 0.1259765625
    }
  }
}