{
  "laps": {
    "01_setup": 8.7e-05,
    "02_cache_search": 0.000213,
    "04_submit": 0.000893,
    "05_run": 0.003955,
    "06_collect": 0.000168,
    "total": 0.005316
  },
  "meta": {
    "backend": "AerSV",
    "n_qubits": 15,
    "depth_in": 19,
    "depth_transpiled": 19,
    "size_transpiled": 33,
    "quasi_dist": {
      "32767": 0.4833984375,
      "0": 0.5166015625
    }
  }
}