{
  "laps": {
    "01_setup": 0.00011,
    "02_cache_search": 0.008238,
    "04_submit": 0.107942,
    "05_run": 0.026101,
    "06_collect": 0.004365,
    "total": 0.146756
  },
  "meta": {
    "backend": "AerSV",
    "n_qubits": 17,
    "depth_in": 1537,
    "depth_transpiled": 1537,
    "size_transpiled": 1553,
    "quasi_dist": {
      "0": 1.0
    }
  }
}