{
  "laps": {
    "01_setup": 6.2e-05,
    "02_cache_search": 0.000393,
    "04_submit": 0.000846,
    "05_run": 0.001829,
    "06_collect": 0.000181,
    "total": 0.003311
  },
  "meta": {
    "backend": "AerSV",
    "n_qubits": 3,
    "depth_in": 65,
    "depth_transpiled": 65,
    "size_transpiled": 99,
    "quasi_dist": {
      "0": 0.5439453125,
      "4": 0.119140625,
      "5": 0.0927734375,
      "7": 0.0751953125,
      "3": 0.009765625,
      "1": 0.0615234375,
      "2": 0.0693359375,
      "6": 0.0283203125
    }
  }
}