{
  "01_setup": 0.000463,
  "02_cache_search": 0.014409,
  "03_transpile": 0.199806,
  "07_cache_write": 0.011,
  "04_submit": 0.02784,
  "05_run": 0.050601,
  "06_collect": 0.008263,
  "total": 0.312382
}