{
  "01_setup": 0.000641,
  "02_cache_search": 0.01543,
  "03_transpile": 0.124189,
  "07_cache_write": 0.068318,
  "04_submit": 0.031042,
  "05_run": 0.83762,
  "06_collect": 0.009017,
  "total": 1.086257
}