{
  "laps": {
    "01_setup": 0.000218,
    "03_transpile": 0.279376,
    "04_submit": 0.007832,
    "05_run": 0.020329,
    "06_collect": 0.003335,
    "total": 0.31109
  },
  "meta": {
    "backend": "AerSV",
    "n_qubits": 11,
    "depth_in": 961,
    "depth_transpiled": 961,
    "size_transpiled": 971,
    "quasi_dist": {
      "0": 1.0
    }
  }
}