{
  "laps": {
    "01_setup": 0.000107,
    "03_transpile": 0.125448,
    "04_submit": 0.002018,
    "05_run": 0.003444,
    "06_collect": 0.000468,
    "total": 0.131485
  },
  "meta": {
    "backend": "AerSV",
    "n_qubits": 5,
    "depth_in": 151,
    "depth_transpiled": 151,
    "size_transpiled": 255,
    "quasi_dist": {
      "22": 0.056640625,
      "0": 0.3271484375,
      "25": 0.00390625,
      "8": 0.009765625,
      "27": 0.01953125,
      "29": 0.046875,
      "19": 0.0283203125,
      "4": 0.1748046875,
      "5": 0.029296875,
      "30": 0.013671875,
      "20": 0.025390625,
      "15": 0.0107421875,
      "2": 0.0205078125,
      "3": 0.04296875,
      "17": 0.03125,
      "12": 0.052734375,
      "10": 0.01171875,
      "26": 0.0078125,
      "6": 0.0078125,
      "11": 0.0263671875,
      "23": 0.009765625,
      "14": 0.0146484375,
      "18": 0.00390625,
      "13": 0.005859375,
      "21": 0.0087890625,
      "28": 0.0009765625,
      "9": 0.00390625,
      "7": 0.001953125,
      "1": 0.0009765625,
      "16": 0.001953125
    }
  }
}