{
  "laps": {
    "01_setup": 6.7e-05,
    "03_transpile": 0.028562,
    "04_submit": 0.000792,
    "05_run": 0.001765,
    "06_collect": 0.000104,
    "total": 0.03129
  },
  "meta": {
    "backend": "AerSV",
    "n_qubits": 3,
    "depth_in": 33,
    "depth_transpiled": 33,
    "size_transpiled": 51,
    "quasi_dist": {
      "1": 0.3994140625,
      "2": 0.080078125,
      "6": 0.111328125,
      "4": 0.0703125,
      "3": 0.1513671875,
      "5": 0.0830078125,
      "0": 0.1025390625,
      "7": 0.001953125
    }
  }
}