{
  "01_setup": 0.000576,
  "03_transpile": 0.12782,
  "04_submit": 0.003566,
  "05_run": 0.011262,
  "06_collect": 0.000919,
  "total": 0.144143
}