{
  "laps": {
    "01_setup": 8.4e-05,
    "03_transpile": 0.024637,
    "04_submit": 0.000759,
    "05_run": 0.002511,
    "06_collect": 6.4e-05,
    "total": 0.028055
  },
  "meta": {
    "backend": "AerSV",
    "n_qubits": 11,
    "depth_in": 12,
    "depth_transpiled": 12,
    "size_transpiled": 22,
    "quasi_dist": {
      "0": 0.51171875,
      "2047": 0.48828125
    }
  }
}