{
  "laps": {
    "01_setup": 0.000159,
    "03_transpile": 0.576764,
    "04_submit": 0.016777,
    "05_run": 0.022194,
    "06_collect": 0.005268,
    "total": 0.621162
  },
  "meta": {
    "backend": "AerSV",
    "n_qubits": 11,
    "depth_in": 187,
    "depth_transpiled": 187,
    "size_transpiled": 1067,
    "quasi_dist": {
      "0": 1.0
    }
  }
}