{
  "01_setup": 0.000407,
  "02_cache_search": 0.001246,
  "03_transpile": 0.028118,
  "07_cache_write": 0.000956,
  "04_submit": 0.003803,
  "05_run": 0.00964,
  "06_collect": 0.000573,
  "total": 0.044743
}