{
  "01_setup": 0.00074,
  "03_transpile": 0.251812,
  "04_submit": 0.011267,
  "05_run": 0.024838,
  "06_collect": 0.00234,
  "total": 0.290997
}