{
  "laps": {
    "01_setup": 9e-05,
    "02_cache_search": 0.00041,
    "04_submit": 0.001919,
    "05_run": 0.00467,
    "06_collect": 0.000497,
    "total": 0.007586
  },
  "meta": {
    "backend": "AerSV",
    "n_qubits": 15,
    "depth_in": 40,
    "depth_transpiled": 40,
    "size_transpiled": 54,
    "quasi_dist": {
      "32767": 0.49609375,
      "0": 0.50390625
    }
  }
}