{
  "01_setup": 0.000394,
  "03_transpile": 0.347921,
  "04_submit": 0.012487,
  "05_run": 0.017692,
  "06_collect": 0.002657,
  "total": 0.381151
}