{
  "laps": {
    "01_setup": 0.000126,
    "02_cache_search": 0.009797,
    "04_submit": 0.018437,
    "05_run": 0.056942,
    "06_collect": 0.00675,
    "total": 0.092052
  },
  "meta": {
    "backend": "AerSV",
    "n_qubits": 19,
    "depth_in": 1729,
    "depth_transpiled": 1729,
    "size_transpiled": 1747,
    "quasi_dist": {
      "0": 1.0
    }
  }
}