{
  "laps": {
    "01_setup": 9.8e-05,
    "03_transpile": 0.295738,
    "04_submit": 0.01367,
    "05_run": 0.08795,
    "06_collect": 0.005975,
    "total": 0.403431
  },
  "meta": {
    "backend": "AerSV",
    "n_qubits": 21,
    "depth_in": 1921,
    "depth_transpiled": 1921,
    "size_transpiled": 1941,
    "quasi_dist": {
      "0": 1.0
    }
  }
}