{
  "laps": {
    "01_setup": 0.000129,
    "02_cache_search": 0.000398,
    "04_submit": 0.001963,
    "05_run": 0.427111,
    "06_collect": 0.000425,
    "total": 0.430026
  },
  "meta": {
    "backend": "AerSV",
    "n_qubits": 25,
    "depth_in": 33,
    "depth_transpiled": 33,
    "size_transpiled": 57,
    "quasi_dist": {
      "33554431": 0.5283203125,
      "0": 0.4716796875
    }
  }
}