{
  "laps": {
    "01_setup": 5.9e-05,
    "02_cache_search": 0.000566,
    "03_transpile": 0.019128,
    "07_cache_write": 0.002709,
    "04_submit": 0.000539,
    "05_run": 0.001664,
    "06_collect": 6.5e-05,
    "total": 0.02473
  },
  "meta": {
    "backend": "AerSV",
    "n_qubits": 5,
    "depth_in": 10,
    "depth_transpiled": 4,
    "size_transpiled": 15,
    "quasi_dist": {
      "27": 0.029296875,
      "3": 0.0341796875,
      "6": 0.0244140625,
      "7": 0.0302734375,
      "28": 0.0341796875,
      "8": 0.0302734375,
      "25": 0.02734375,
      "16": 0.025390625,
      "24": 0.046875,
      "11": 0.03125,
      "1": 0.03125,
      "29": 0.0302734375,
      "17": 0.03125,
      "14": 0.0439453125,
      "2": 0.0322265625,
      "15": 0.033203125,
      "22": 0.033203125,
      "19": 0.0322265625,
      "0": 0.0244140625,
      "5": 0.0400390625,
      "30": 0.0283203125,
      "26": 0.0322265625,
      "4": 0.03125,
      "18": 0.02734375,
      "23": 0.0283203125,
      "10": 0.029296875,
      "21": 0.01953125,
      "31": 0.0322265625,
      "9": 0.0361328125,
      "20": 0.02734375,
      "13": 0.0361328125,
      "12": 0.0263671875
    }
  }
}