{
  "laps": {
    "01_setup": 7.8e-05,
    "03_transpile": 0.02294,
    "04_submit": 0.000671,
    "05_run": 0.001462,
    "06_collect": 3.7e-05,
    "total": 0.025188
  },
  "meta": {
    "backend": "AerSV",
    "n_qubits": 3,
    "depth_in": 5,
    "depth_transpiled": 5,
    "size_transpiled": 11,
    "quasi_dist": {
      "7": 0.1162109375,
      "6": 0.115234375,
      "3": 0.1337890625,
      "0": 0.1103515625,
      "4": 0.1328125,
      "2": 0.1455078125,
      "1": 0.1201171875,
      "5": 0.1259765625
    }
  }
}