{
  "laps": {
    "01_setup": 0.0001,
    "03_transpile": 0.056304,
    "04_submit": 0.002754,
    "05_run": 0.017065,
    "06_collect": 0.000716,
    "total": 0.076939
  },
  "meta": {
    "backend": "AerSV",
    "n_qubits": 21,
    "depth_in": 46,
    "depth_transpiled": 46,
    "size_transpiled": 66,
    "quasi_dist": {
      "2097151": 0.5146484375,
      "0": 0.4853515625
    }
  }
}