{
  "01_setup": 0.000321,
  "02_cache_search": 0.00081,
  "03_transpile": 0.024717,
  "07_cache_write": 0.173579,
  "04_submit": 0.003564,
  "05_run": 0.014544,
  "06_collect": 0.000465,
  "total": 0.218
}