{
  "laps": {
    "01_setup": 0.000117,
    "03_transpile": 0.491469,
    "04_submit": 0.147812,
    "05_run": 0.958654,
    "06_collect": 0.01144,
    "total": 1.609492
  },
  "meta": {
    "backend": "AerSV",
    "n_qubits": 23,
    "depth_in": 3301,
    "depth_transpiled": 3301,
    "size_transpiled": 3323,
    "quasi_dist": {
      "0": 1.0
    }
  }
}