{
  "laps": {
    "01_setup": 7.3e-05,
    "03_transpile": 0.033997,
    "04_submit": 0.00117,
    "05_run": 0.002496,
    "06_collect": 0.000231,
    "total": 0.037967
  },
  "meta": {
    "backend": "AerSV",
    "n_qubits": 5,
    "depth_in": 54,
    "depth_transpiled": 54,
    "size_transpiled": 114,
    "quasi_dist": {
      "9": 0.0546875,
      "1": 0.1005859375,
      "17": 0.04296875,
      "13": 0.0234375,
      "11": 0.0419921875,
      "22": 0.052734375,
      "3": 0.05078125,
      "5": 0.0439453125,
      "31": 0.0537109375,
      "20": 0.0322265625,
      "12": 0.029296875,
      "7": 0.029296875,
      "0": 0.041015625,
      "28": 0.0517578125,
      "23": 0.00390625,
      "10": 0.021484375,
      "21": 0.0302734375,
      "14": 0.033203125,
      "24": 0.029296875,
      "18": 0.015625,
      "30": 0.095703125,
      "19": 0.0302734375,
      "26": 0.0458984375,
      "6": 0.0146484375,
      "25": 0.015625,
      "2": 0.0029296875,
      "29": 0.005859375,
      "8": 0.00390625,
      "27": 0.0009765625,
      "15": 0.001953125
    }
  }
}