{
  "laps": {
    "01_setup": 0.00012,
    "03_transpile": 2.28609,
    "04_submit": 0.033607,
    "05_run": 9.054883,
    "06_collect": 0.016271,
    "total": 11.390971
  },
  "meta": {
    "backend": "AerSV",
    "n_qubits": 23,
    "depth_in": 391,
    "depth_transpiled": 391,
    "size_transpiled": 4439,
    "quasi_dist": {
      "0": 1.0
    }
  }
}