{
  "01_setup": 0.000467,
  "03_transpile": 0.377848,
  "04_submit": 0.009312,
  "05_run": 0.025142,
  "06_collect": 0.006626,
  "total": 0.419395
}