{
  "01_setup": 0.000589,
  "02_cache_search": 0.001787,
  "03_transpile": 0.045912,
  "07_cache_write": 0.038423,
  "04_submit": 0.008198,
  "05_run": 0.448903,
  "06_collect": 0.001968,
  "total": 0.54578
}