{
  "01_setup": 0.000384,
  "03_transpile": 0.240064,
  "04_submit": 0.006539,
  "05_run": 0.018576,
  "06_collect": 0.003328,
  "total": 0.268891
}