{
  "01_setup": 0.000662,
  "02_cache_search": 141.287144,
  "03_transpile": 214.951592,
  "07_cache_write": 361.230633,
  "04_submit": 0.012331,
  "05_run": 0.036546,
  "06_collect": 0.00776,
  "total": 717.526668
}