{
  "laps": {
    "01_setup": 6.5e-05,
    "02_cache_search": 0.000128,
    "03_transpile": 0.020917,
    "07_cache_write": 0.002643,
    "04_submit": 0.000765,
    "05_run": 0.001895,
    "06_collect": 8.9e-05,
    "total": 0.026502
  },
  "meta": {
    "backend": "AerSV",
    "n_qubits": 7,
    "depth_in": 15,
    "depth_transpiled": 15,
    "size_transpiled": 21,
    "quasi_dist": {
      "0": 0.4990234375,
      "127": 0.5009765625
    }
  }
}