{
  "01_setup": 0.000518,
  "03_transpile": 0.210853,
  "04_submit": 0.009851,
  "05_run": 0.044219,
  "06_collect": 0.002234,
  "total": 0.267675
}