{
  "01_setup": 0.000686,
  "02_cache_search": 0.015174,
  "03_transpile": 0.149238,
  "07_cache_write": 0.030795,
  "04_submit": 0.042363,
  "05_run": 1.219423,
  "06_collect": 0.01107,
  "total": 1.468749
}