{
  "laps": {
    "01_setup": 0.000101,
    "02_cache_search": 0.000476,
    "04_submit": 0.002572,
    "05_run": 0.008822,
    "06_collect": 0.000734,
    "total": 0.012705
  },
  "meta": {
    "backend": "AerSV",
    "n_qubits": 19,
    "depth_in": 44,
    "depth_transpiled": 44,
    "size_transpiled": 62,
    "quasi_dist": {
      "524287": 0.494140625,
      "0": 0.505859375
    }
  }
}