{
  "01_setup": 0.000526,
  "03_transpile": 0.184701,
  "04_submit": 0.005631,
  "05_run": 0.103291,
  "06_collect": 0.001298,
  "total": 0.295447
}