{
  "01_setup": 0.000391,
  "03_transpile": 0.16777,
  "04_submit": 0.008128,
  "05_run": 0.011778,
  "06_collect": 0.001318,
  "total": 0.189385
}