{
  "laps": {
    "01_setup": 0.000108,
    "02_cache_search": 0.000694,
    "04_submit": 0.001916,
    "05_run": 0.008183,
    "06_collect": 0.001428,
    "total": 0.012329
  },
  "meta": {
    "backend": "AerSV",
    "n_qubits": 19,
    "depth_in": 109,
    "depth_transpiled": 109,
    "size_transpiled": 127,
    "quasi_dist": {
      "0": 1.0
    }
  }
}