{
  "laps": {
    "01_setup": 0.00013,
    "02_cache_search": 0.000421,
    "04_submit": 0.002304,
    "05_run": 0.00601,
    "06_collect": 0.000563,
    "total": 0.009428
  },
  "meta": {
    "backend": "AerSV",
    "n_qubits": 15,
    "depth_in": 31,
    "depth_transpiled": 31,
    "size_transpiled": 45,
    "quasi_dist": {
      "32767": 0.49609375,
      "0": 0.50390625
    }
  }
}