{
  "laps": {
    "01_setup": 0.000128,
    "03_transpile": 0.103361,
    "04_submit": 0.00323,
    "05_run": 0.501839,
    "06_collect": 0.001267,
    "total": 0.609825
  },
  "meta": {
    "backend": "AerSV",
    "n_qubits": 23,
    "depth_in": 257,
    "depth_transpiled": 257,
    "size_transpiled": 279,
    "quasi_dist": {
      "0": 1.0
    }
  }
}