{
  "laps": {
    "01_setup": 0.000106,
    "02_cache_search": 0.000257,
    "04_submit": 0.001033,
    "05_run": 0.078108,
    "06_collect": 0.000224,
    "total": 0.079728
  },
  "meta": {
    "backend": "AerSV",
    "n_qubits": 23,
    "depth_in": 24,
    "depth_transpiled": 24,
    "size_transpiled": 46,
    "quasi_dist": {
      "8388607": 0.5009765625,
      "0": 0.4990234375
    }
  }
}