{
  "01_setup": 0.000329,
  "02_cache_search": 0.001014,
  "03_transpile": 0.027185,
  "07_cache_write": 0.001589,
  "04_submit": 0.003766,
  "05_run": 0.008548,
  "06_collect": 0.000719,
  "total": 0.04315
}