{
  "laps": {
    "01_setup": 6.1e-05,
    "02_cache_search": 6.5e-05,
    "04_submit": 0.00036,
    "05_run": 0.001384,
    "06_collect": 3.4e-05,
    "total": 0.001904
  },
  "meta": {
    "backend": "AerSV",
    "n_qubits": 5,
    "depth_in": 6,
    "depth_transpiled": 6,
    "size_transpiled": 10,
    "quasi_dist": {
      "0": 0.52734375,
      "31": 0.47265625
    }
  }
}