{
  "laps": {
    "01_setup": 7.6e-05,
    "02_cache_search": 0.000176,
    "04_submit": 0.000765,
    "05_run": 0.002768,
    "06_collect": 0.000163,
    "total": 0.003948
  },
  "meta": {
    "backend": "AerSV",
    "n_qubits": 7,
    "depth_in": 23,
    "depth_transpiled": 23,
    "size_transpiled": 29,
    "quasi_dist": {
      "127": 0.5146484375,
      "0": 0.4853515625
    }
  }
}