{
  "01_setup": 0.000754,
  "03_transpile": 0.932667,
  "04_submit": 0.031596,
  "05_run": 0.460288,
  "06_collect": 0.009837,
  "total": 1.435142
}