{
  "laps": {
    "01_setup": 7.9e-05,
    "02_cache_search": 0.000214,
    "03_transpile": 0.021492,
    "07_cache_write": 0.000578,
    "04_submit": 0.000565,
    "05_run": 0.001485,
    "06_collect": 4.6e-05,
    "total": 0.024459
  },
  "meta": {
    "backend": "AerSV",
    "n_qubits": 3,
    "depth_in": 10,
    "depth_transpiled": 4,
    "size_transpiled": 9,
    "quasi_dist": {
      "5": 0.126953125,
      "3": 0.125,
      "6": 0.1142578125,
      "7": 0.1142578125,
      "1": 0.125,
      "2": 0.123046875,
      "4": 0.1337890625,
      "0": 0.1376953125
    }
  }
}