{
  "01_setup": 0.000392,
  "03_transpile": 0.104823,
  "04_submit": 0.003334,
  "05_run": 0.009284,
  "06_collect": 0.000454,
  "total": 0.118287
}