{
  "laps": {
    "01_setup": 9.8e-05,
    "02_cache_search": 0.005621,
    "03_transpile": 0.035166,
    "07_cache_write": 0.001426,
    "04_submit": 0.000883,
    "05_run": 0.001647,
    "06_collect": 0.000268,
    "total": 0.045109
  },
  "meta": {
    "backend": "AerSV",
    "n_qubits": 3,
    "depth_in": 130,
    "depth_transpiled": 34,
    "size_transpiled": 39,
    "quasi_dist": {
      "1": 0.1328125,
      "2": 0.1279296875,
      "7": 0.111328125,
      "6": 0.140625,
      "4": 0.130859375,
      "5": 0.119140625,
      "3": 0.123046875,
      "0": 0.1142578125
    }
  }
}