{
  "laps": {
    "01_setup": 6.1e-05,
    "02_cache_search": 0.000547,
    "04_submit": 0.001237,
    "05_run": 0.002263,
    "06_collect": 0.000279,
    "total": 0.004387
  },
  "meta": {
    "backend": "AerSV",
    "n_qubits": 3,
    "depth_in": 101,
    "depth_transpiled": 101,
    "size_transpiled": 153,
    "quasi_dist": {
      "0": 0.798828125,
      "1": 0.033203125,
      "4": 0.0478515625,
      "5": 0.0302734375,
      "2": 0.0888671875,
      "7": 0.0009765625
    }
  }
}