{
  "laps": {
    "01_setup": 9.8e-05,
    "02_cache_search": 0.000174,
    "03_transpile": 0.024242,
    "07_cache_write": 0.009303,
    "04_submit": 0.001422,
    "05_run": 0.003705,
    "06_collect": 0.000161,
    "total": 0.039105
  },
  "meta": {
    "backend": "AerSV",
    "n_qubits": 13,
    "depth_in": 21,
    "depth_transpiled": 21,
    "size_transpiled": 33,
    "quasi_dist": {
      "8191": 0.5400390625,
      "0": 0.4599609375
    }
  }
}