{
  "laps": {
    "01_setup": 0.000101,
    "03_transpile": 0.067098,
    "04_submit": 0.002862,
    "05_run": 0.008561,
    "06_collect": 0.001063,
    "total": 0.079685
  },
  "meta": {
    "backend": "AerSV",
    "n_qubits": 15,
    "depth_in": 337,
    "depth_transpiled": 337,
    "size_transpiled": 351,
    "quasi_dist": {
      "0": 1.0
    }
  }
}