{
  "01_setup": 0.000566,
  "03_transpile": 1.190158,
  "04_submit": 0.015473,
  "05_run": 2.148253,
  "06_collect": 0.005457,
  "total": 3.359907
}