{
  "01_setup": 0.000322,
  "02_cache_search": 0.000865,
  "03_transpile": 0.023858,
  "07_cache_write": 0.002736,
  "04_submit": 0.003402,
  "05_run": 0.009279,
  "06_collect": 0.000607,
  "total": 0.041069
}