{
  "laps": {
    "01_setup": 0.000111,
    "03_transpile": 0.045094,
    "04_submit": 0.002084,
    "05_run": 0.059603,
    "06_collect": 0.000537,
    "total": 0.107429
  },
  "meta": {
    "backend": "AerSV",
    "n_qubits": 23,
    "depth_in": 133,
    "depth_transpiled": 133,
    "size_transpiled": 155,
    "quasi_dist": {
      "0": 1.0
    }
  }
}