{
  "01_setup": 0.000949,
  "03_transpile": 0.199736,
  "04_submit": 0.005921,
  "05_run": 2.034883,
  "06_collect": 0.001249,
  "total": 2.242738
}