{
  "laps": {
    "01_setup": 0.000101,
    "02_cache_search": 0.000293,
    "03_transpile": 0.040161,
    "07_cache_write": 0.027789,
    "04_submit": 0.001571,
    "05_run": 0.008027,
    "06_collect": 0.000343,
    "total": 0.078285
  },
  "meta": {
    "backend": "AerSV",
    "n_qubits": 19,
    "depth_in": 27,
    "depth_transpiled": 27,
    "size_transpiled": 45,
    "quasi_dist": {
      "524287": 0.4970703125,
      "0": 0.5029296875
    }
  }
}