{
  "laps": {
    "01_setup": 8e-05,
    "03_transpile": 0.023858,
    "04_submit": 0.000664,
    "05_run": 0.001767,
    "06_collect": 6.5e-05,
    "total": 0.026434
  },
  "meta": {
    "backend": "AerSV",
    "n_qubits": 5,
    "depth_in": 10,
    "depth_transpiled": 10,
    "size_transpiled": 20,
    "quasi_dist": {
      "2": 0.0185546875,
      "26": 0.03125,
      "8": 0.03125,
      "18": 0.02734375,
      "22": 0.03125,
      "31": 0.037109375,
      "15": 0.03125,
      "9": 0.029296875,
      "12": 0.044921875,
      "29": 0.0341796875,
      "7": 0.0341796875,
      "0": 0.0302734375,
      "1": 0.03125,
      "13": 0.0234375,
      "16": 0.03125,
      "17": 0.0302734375,
      "21": 0.03125,
      "3": 0.033203125,
      "10": 0.0380859375,
      "27": 0.0322265625,
      "30": 0.041015625,
      "6": 0.0185546875,
      "19": 0.0302734375,
      "24": 0.03125,
      "25": 0.03125,
      "14": 0.0283203125,
      "5": 0.02734375,
      "11": 0.03125,
      "4": 0.0361328125,
      "20": 0.0341796875,
      "28": 0.0234375,
      "23": 0.03515625
    }
  }
}