{
  "laps": {
    "01_setup": 0.000103,
    "03_transpile": 0.054654,
    "04_submit": 0.002141,
    "05_run": 0.005162,
    "06_collect": 0.000507,
    "total": 0.062567
  },
  "meta": {
    "backend": "AerSV",
    "n_qubits": 11,
    "depth_in": 241,
    "depth_transpiled": 241,
    "size_transpiled": 251,
    "quasi_dist": {
      "0": 1.0
    }
  }
}