{
  "01_setup": 0.00037,
  "03_transpile": 0.178736,
  "04_submit": 0.004506,
  "05_run": 0.021291,
  "06_collect": 0.002073,
  "total": 0.206976
}