{
  "01_setup": 0.000407,
  "03_transpile": 0.156269,
  "04_submit": 0.00555,
  "05_run": 0.022075,
  "06_collect": 0.000972,
  "total": 0.185273
}