{
  "laps": {
    "01_setup": 8.8e-05,
    "03_transpile": 0.020077,
    "04_submit": 0.000579,
    "05_run": 0.001484,
    "06_collect": 5.1e-05,
    "total": 0.022279
  },
  "meta": {
    "backend": "AerSV",
    "n_qubits": 3,
    "depth_in": 12,
    "depth_transpiled": 12,
    "size_transpiled": 18,
    "quasi_dist": {
      "3": 0.0224609375,
      "0": 0.4306640625,
      "1": 0.0205078125,
      "7": 0.4384765625,
      "2": 0.0263671875,
      "5": 0.0244140625,
      "6": 0.0205078125,
      "4": 0.0166015625
    }
  }
}