{
  "laps": {
    "01_setup": 0.000103,
    "02_cache_search": 0.000735,
    "04_submit": 0.002243,
    "05_run": 0.019125,
    "06_collect": 0.000591,
    "total": 0.022797
  },
  "meta": {
    "backend": "AerSV",
    "n_qubits": 19,
    "depth_in": 105,
    "depth_transpiled": 105,
    "size_transpiled": 123,
    "quasi_dist": {
      "0": 1.0
    }
  }
}