{
  "laps": {
    "01_setup": 0.000165,
    "03_transpile": 0.253607,
    "04_submit": 0.009365,
    "05_run": 1.538962,
    "06_collect": 0.003879,
    "total": 1.805978
  },
  "meta": {
    "backend": "AerSV",
    "n_qubits": 23,
    "depth_in": 801,
    "depth_transpiled": 801,
    "size_transpiled": 823,
    "quasi_dist": {
      "0": 1.0
    }
  }
}