{
  "laps": {
    "01_setup": 9.1e-05,
    "02_cache_search": 0.000328,
    "04_submit": 0.001666,
    "05_run": 0.006127,
    "06_collect": 0.000421,
    "total": 0.008633
  },
  "meta": {
    "backend": "AerSV",
    "n_qubits": 17,
    "depth_in": 33,
    "depth_transpiled": 33,
    "size_transpiled": 49,
    "quasi_dist": {
      "0": 0.5068359375,
      "131071": 0.4931640625
    }
  }
}