{
  "01_setup": 0.00052,
  "03_transpile": 0.33282,
  "04_submit": 0.006203,
  "05_run": 0.461069,
  "06_collect": 0.001578,
  "total": 0.80219
}