{
  "01_setup": 0.000565,
  "02_cache_search": 0.004752,
  "03_transpile": 0.066867,
  "07_cache_write": 0.133815,
  "04_submit": 0.011424,
  "05_run": 0.126899,
  "06_collect": 0.003049,
  "total": 0.347371
}