{
  "laps": {
    "01_setup": 0.0001,
    "03_transpile": 0.022894,
    "04_submit": 0.00075,
    "05_run": 0.001688,
    "06_collect": 7.9e-05,
    "total": 0.025511
  },
  "meta": {
    "backend": "AerSV",
    "n_qubits": 5,
    "depth_in": 13,
    "depth_transpiled": 13,
    "size_transpiled": 17,
    "quasi_dist": {
      "0": 0.4931640625,
      "31": 0.5068359375
    }
  }
}