{
  "01_setup": 0.000333,
  "02_cache_search": 0.00564,
  "03_transpile": 0.057877,
  "07_cache_write": 0.004665,
  "04_submit": 0.012967,
  "05_run": 0.018012,
  "06_collect": 0.003076,
  "total": 0.10257
}