{
  "laps": {
    "01_setup": 7e-05,
    "03_transpile": 0.02216,
    "04_submit": 0.000817,
    "05_run": 0.001414,
    "06_collect": 4.6e-05,
    "total": 0.024507
  },
  "meta": {
    "backend": "AerSV",
    "n_qubits": 3,
    "depth_in": 10,
    "depth_transpiled": 4,
    "size_transpiled": 9,
    "quasi_dist": {
      "4": 0.142578125,
      "5": 0.12890625,
      "0": 0.1005859375,
      "1": 0.1337890625,
      "2": 0.1337890625,
      "3": 0.1181640625,
      "6": 0.1279296875,
      "7": 0.1142578125
    }
  }
}