{
  "laps": {
    "01_setup": 7.5e-05,
    "02_cache_search": 0.00017,
    "04_submit": 0.000716,
    "05_run": 0.001797,
    "06_collect": 8.7e-05,
    "total": 0.002845
  },
  "meta": {
    "backend": "AerSV",
    "n_qubits": 5,
    "depth_in": 15,
    "depth_transpiled": 15,
    "size_transpiled": 36,
    "quasi_dist": {
      "22": 0.04296875,
      "7": 0.013671875,
      "31": 0.2392578125,
      "25": 0.01171875,
      "0": 0.2470703125,
      "3": 0.044921875,
      "20": 0.017578125,
      "1": 0.03125,
      "30": 0.0322265625,
      "28": 0.0458984375,
      "10": 0.0107421875,
      "23": 0.0107421875,
      "21": 0.015625,
      "9": 0.048828125,
      "26": 0.0166015625,
      "13": 0.0205078125,
      "6": 0.0078125,
      "5": 0.01953125,
      "16": 0.0009765625,
      "19": 0.013671875,
      "29": 0.0107421875,
      "11": 0.01953125,
      "12": 0.009765625,
      "14": 0.015625,
      "2": 0.005859375,
      "18": 0.0126953125,
      "17": 0.0224609375,
      "8": 0.0068359375,
      "24": 0.0048828125
    }
  }
}