{
  "laps": {
    "01_setup": 0.00012,
    "02_cache_search": 0.018285,
    "04_submit": 0.034245,
    "05_run": 0.845314,
    "06_collect": 0.011376,
    "total": 0.90934
  },
  "meta": {
    "backend": "AerSV",
    "n_qubits": 23,
    "depth_in": 3301,
    "depth_transpiled": 3301,
    "size_transpiled": 3323,
    "quasi_dist": {
      "0": 1.0
    }
  }
}