{
  "laps": {
    "01_setup": 7.1e-05,
    "03_transpile": 0.046207,
    "04_submit": 0.001478,
    "05_run": 0.002707,
    "06_collect": 0.000331,
    "total": 0.050794
  },
  "meta": {
    "backend": "AerSV",
    "n_qubits": 5,
    "depth_in": 67,
    "depth_transpiled": 52,
    "size_transpiled": 154,
    "quasi_dist": {
      "25": 0.015625,
      "0": 0.451171875,
      "14": 0.0478515625,
      "6": 0.0419921875,
      "15": 0.0166015625,
      "28": 0.0771484375,
      "1": 0.048828125,
      "13": 0.021484375,
      "24": 0.0322265625,
      "12": 0.052734375,
      "18": 0.0166015625,
      "16": 0.01171875,
      "31": 0.0302734375,
      "7": 0.0234375,
      "8": 0.0068359375,
      "3": 0.0244140625,
      "19": 0.01171875,
      "17": 0.0048828125,
      "26": 0.0048828125,
      "2": 0.0068359375,
      "11": 0.005859375,
      "10": 0.0029296875,
      "29": 0.009765625,
      "4": 0.0029296875,
      "22": 0.0078125,
      "20": 0.0087890625,
      "5": 0.00390625,
      "30": 0.009765625,
      "21": 0.0009765625
    }
  }
}