{
  "laps": {
    "01_setup": 7.6e-05,
    "03_transpile": 0.025633,
    "04_submit": 0.000951,
    "05_run": 0.002068,
    "06_collect": 0.00017,
    "total": 0.028898
  },
  "meta": {
    "backend": "AerSV",
    "n_qubits": 5,
    "depth_in": 30,
    "depth_transpiled": 30,
    "size_transpiled": 34,
    "quasi_dist": {
      "0": 0.498046875,
      "31": 0.501953125
    }
  }
}