{
  "laps": {
    "01_setup": 7.7e-05,
    "03_transpile": 0.035748,
    "04_submit": 0.001132,
    "05_run": 0.002184,
    "06_collect": 0.000193,
    "total": 0.039334
  },
  "meta": {
    "backend": "AerSV",
    "n_qubits": 3,
    "depth_in": 65,
    "depth_transpiled": 65,
    "size_transpiled": 99,
    "quasi_dist": {
      "0": 0.5322265625,
      "4": 0.1103515625,
      "5": 0.1044921875,
      "2": 0.0546875,
      "7": 0.09375,
      "1": 0.0634765625,
      "6": 0.0244140625,
      "3": 0.0166015625
    }
  }
}