{
  "laps": {
    "01_setup": 0.000105,
    "02_cache_search": 0.001232,
    "04_submit": 0.003209,
    "05_run": 0.014986,
    "06_collect": 0.000894,
    "total": 0.020426
  },
  "meta": {
    "backend": "AerSV",
    "n_qubits": 17,
    "depth_in": 185,
    "depth_transpiled": 185,
    "size_transpiled": 201,
    "quasi_dist": {
      "0": 1.0
    }
  }
}