{
  "laps": {
    "01_setup": 0.000101,
    "03_transpile": 0.076654,
    "04_submit": 0.003366,
    "05_run": 0.011531,
    "06_collect": 0.00116,
    "total": 0.092812
  },
  "meta": {
    "backend": "AerSV",
    "n_qubits": 17,
    "depth_in": 385,
    "depth_transpiled": 385,
    "size_transpiled": 401,
    "quasi_dist": {
      "0": 1.0
    }
  }
}