{
  "laps": {
    "01_setup": 6.4e-05,
    "02_cache_search": 0.001077,
    "04_submit": 0.002021,
    "05_run": 0.003391,
    "06_collect": 0.000515,
    "total": 0.007068
  },
  "meta": {
    "backend": "AerSV",
    "n_qubits": 3,
    "depth_in": 252,
    "depth_transpiled": 252,
    "size_transpiled": 306,
    "quasi_dist": {
      "3": 0.12890625,
      "1": 0.1337890625,
      "6": 0.15234375,
      "7": 0.0927734375,
      "2": 0.1376953125,
      "5": 0.1279296875,
      "4": 0.1435546875,
      "0": 0.0830078125
    }
  }
}