{
  "laps": {
    "01_setup": 8.1e-05,
    "02_cache_search": 0.377498,
    "03_transpile": 0.309816,
    "07_cache_write": 0.125369,
    "04_submit": 0.001191,
    "05_run": 0.003464,
    "06_collect": 0.000612,
    "total": 0.818031
  },
  "meta": {
    "backend": "AerSV",
    "n_qubits": 5,
    "depth_in": 202,
    "depth_transpiled": 52,
    "size_transpiled": 63,
    "quasi_dist": {
      "29": 0.0244140625,
      "3": 0.0380859375,
      "17": 0.0244140625,
      "8": 0.03125,
      "0": 0.0341796875,
      "21": 0.0400390625,
      "6": 0.0361328125,
      "10": 0.033203125,
      "22": 0.037109375,
      "31": 0.033203125,
      "23": 0.0322265625,
      "15": 0.0361328125,
      "20": 0.0283203125,
      "2": 0.0322265625,
      "5": 0.0361328125,
      "1": 0.0302734375,
      "14": 0.015625,
      "7": 0.03515625,
      "28": 0.0361328125,
      "26": 0.025390625,
      "25": 0.0244140625,
      "16": 0.033203125,
      "27": 0.0263671875,
      "12": 0.033203125,
      "30": 0.0224609375,
      "9": 0.0341796875,
      "24": 0.033203125,
      "13": 0.0283203125,
      "19": 0.033203125,
      "18": 0.03515625,
      "4": 0.0302734375,
      "11": 0.0263671875
    }
  }
}