{
  "laps": {
    "01_setup": 0.000109,
    "02_cache_search": 0.016146,
    "04_submit": 0.024032,
    "05_run": 0.169557,
    "06_collect": 0.009755,
    "total": 0.219599
  },
  "meta": {
    "backend": "AerSV",
    "n_qubits": 19,
    "depth_in": 323,
    "depth_transpiled": 323,
    "size_transpiled": 3059,
    "quasi_dist": {
      "0": 1.0
    }
  }
}