{
  "laps": {
    "01_setup": 7e-05,
    "02_cache_search": 0.000404,
    "04_submit": 0.001104,
    "05_run": 0.002271,
    "06_collect": 0.000182,
    "total": 0.004031
  },
  "meta": {
    "backend": "AerSV",
    "n_qubits": 3,
    "depth_in": 65,
    "depth_transpiled": 65,
    "size_transpiled": 99,
    "quasi_dist": {
      "7": 0.0830078125,
      "2": 0.0712890625,
      "1": 0.0556640625,
      "0": 0.5205078125,
      "5": 0.10546875,
      "4": 0.1181640625,
      "6": 0.0244140625,
      "3": 0.021484375
    }
  }
}