{
  "01_setup": 0.000963,
  "02_cache_search": 0.002842,
  "03_transpile": 0.049812,
  "07_cache_write": 0.017905,
  "04_submit": 0.009127,
  "05_run": 0.029709,
  "06_collect": 0.002161,
  "total": 0.112519
}