{
  "01_setup": 0.000454,
  "03_transpile": 0.263166,
  "04_submit": 0.007013,
  "05_run": 0.020332,
  "06_collect": 0.00449,
  "total": 0.295455
}