{
  "01_setup": 0.00039,
  "03_transpile": 0.111825,
  "04_submit": 0.003226,
  "05_run": 0.007565,
  "06_collect": 0.00038,
  "total": 0.123386
}