{
  "laps": {
    "01_setup": 6.5e-05,
    "03_transpile": 0.022172,
    "04_submit": 0.000725,
    "05_run": 0.002065,
    "06_collect": 7.8e-05,
    "total": 0.025105
  },
  "meta": {
    "backend": "AerSV",
    "n_qubits": 9,
    "depth_in": 13,
    "depth_transpiled": 13,
    "size_transpiled": 21,
    "quasi_dist": {
      "0": 0.5400390625,
      "511": 0.4599609375
    }
  }
}