{
  "laps": {
    "01_setup": 0.000111,
    "03_transpile": 0.060759,
    "04_submit": 0.003133,
    "05_run": 0.004517,
    "06_collect": 0.000494,
    "total": 0.069014
  },
  "meta": {
    "backend": "AerSV",
    "n_qubits": 9,
    "depth_in": 193,
    "depth_transpiled": 193,
    "size_transpiled": 201,
    "quasi_dist": {
      "0": 1.0
    }
  }
}