{
  "01_setup": 0.000366,
  "02_cache_search": 0.00727,
  "03_transpile": 0.098603,
  "07_cache_write": 0.083933,
  "04_submit": 0.103886,
  "05_run": 0.060903,
  "06_collect": 0.00368,
  "total": 0.358641
}