{
  "laps": {
    "01_setup": 0.000145,
    "03_transpile": 0.098604,
    "04_submit": 0.003351,
    "05_run": 0.037353,
    "06_collect": 0.001072,
    "total": 0.140525
  },
  "meta": {
    "backend": "AerSV",
    "n_qubits": 19,
    "depth_in": 209,
    "depth_transpiled": 209,
    "size_transpiled": 227,
    "quasi_dist": {
      "0": 1.0
    }
  }
}