{
  "01_setup": 0.000614,
  "02_cache_search": 0.015219,
  "03_transpile": 0.157866,
  "07_cache_write": 0.114801,
  "04_submit": 0.032372,
  "05_run": 2.954029,
  "06_collect": 0.008601,
  "total": 3.283502
}