{
  "laps": {
    "01_setup": 7.1e-05,
    "02_cache_search": 0.000544,
    "03_transpile": 0.098548,
    "07_cache_write": 0.002212,
    "04_submit": 0.001713,
    "05_run": 0.002492,
    "06_collect": 0.000397,
    "total": 0.105977
  },
  "meta": {
    "backend": "AerSV",
    "n_qubits": 5,
    "depth_in": 126,
    "depth_transpiled": 126,
    "size_transpiled": 130,
    "quasi_dist": {
      "0": 1.0
    }
  }
}