{
  "laps": {
    "01_setup": 0.000115,
    "02_cache_search": 0.007835,
    "04_submit": 0.009859,
    "05_run": 0.264721,
    "06_collect": 0.003265,
    "total": 0.285795
  },
  "meta": {
    "backend": "AerSV",
    "n_qubits": 21,
    "depth_in": 105,
    "depth_transpiled": 105,
    "size_transpiled": 945,
    "quasi_dist": {
      "0": 1.0
    }
  }
}