{
  "laps": {
    "01_setup": 0.000119,
    "02_cache_search": 0.000188,
    "03_transpile": 0.025676,
    "07_cache_write": 0.003527,
    "04_submit": 0.001383,
    "05_run": 0.002583,
    "06_collect": 0.000161,
    "total": 0.033637
  },
  "meta": {
    "backend": "AerSV",
    "n_qubits": 7,
    "depth_in": 23,
    "depth_transpiled": 23,
    "size_transpiled": 29,
    "quasi_dist": {
      "0": 0.5107421875,
      "127": 0.4892578125
    }
  }
}