{
  "laps": {
    "01_setup": 7.7e-05,
    "02_cache_search": 0.001537,
    "03_transpile": 0.027401,
    "07_cache_write": 0.001142,
    "04_submit": 0.001067,
    "05_run": 0.002208,
    "06_collect": 0.00015,
    "total": 0.033582
  },
  "meta": {
    "backend": "AerSV",
    "n_qubits": 3,
    "depth_in": 34,
    "depth_transpiled": 10,
    "size_transpiled": 15,
    "quasi_dist": {
      "7": 0.12109375,
      "2": 0.126953125,
      "3": 0.1328125,
      "5": 0.140625,
      "1": 0.10546875,
      "0": 0.119140625,
      "4": 0.12890625,
      "6": 0.125
    }
  }
}