{
  "laps": {
    "01_setup": 6.8e-05,
    "02_cache_search": 0.001038,
    "03_transpile": 0.057383,
    "07_cache_write": 0.008374,
    "04_submit": 0.002527,
    "05_run": 0.004278,
    "06_collect": 0.00062,
    "total": 0.074288
  },
  "meta": {
    "backend": "AerSV",
    "n_qubits": 7,
    "depth_in": 289,
    "depth_transpiled": 289,
    "size_transpiled": 295,
    "quasi_dist": {
      "0": 1.0
    }
  }
}