{
  "laps": {
    "01_setup": 6.4e-05,
    "02_cache_search": 0.000159,
    "04_submit": 0.000498,
    "05_run": 0.001822,
    "06_collect": 9.2e-05,
    "total": 0.002635
  },
  "meta": {
    "backend": "AerSV",
    "n_qubits": 5,
    "depth_in": 15,
    "depth_transpiled": 15,
    "size_transpiled": 36,
    "quasi_dist": {
      "11": 0.0234375,
      "17": 0.0185546875,
      "0": 0.25390625,
      "22": 0.0380859375,
      "31": 0.2421875,
      "13": 0.0126953125,
      "30": 0.029296875,
      "14": 0.0205078125,
      "26": 0.0146484375,
      "5": 0.0205078125,
      "9": 0.0458984375,
      "1": 0.0283203125,
      "28": 0.0400390625,
      "10": 0.0146484375,
      "7": 0.0185546875,
      "3": 0.0419921875,
      "23": 0.005859375,
      "6": 0.013671875,
      "12": 0.0078125,
      "21": 0.015625,
      "29": 0.005859375,
      "24": 0.0166015625,
      "25": 0.009765625,
      "20": 0.0146484375,
      "18": 0.0146484375,
      "19": 0.01171875,
      "2": 0.0087890625,
      "8": 0.01171875
    }
  }
}