{
  "01_setup": 0.000565,
  "03_transpile": 0.248862,
  "04_submit": 0.010862,
  "05_run": 0.419029,
  "06_collect": 0.002976,
  "total": 0.682294
}