{
  "laps": {
    "01_setup": 7.6e-05,
    "02_cache_search": 0.052029,
    "03_transpile": 0.046711,
    "07_cache_write": 0.005104,
    "04_submit": 0.000674,
    "05_run": 0.00202,
    "06_collect": 0.000126,
    "total": 0.10674
  },
  "meta": {
    "backend": "AerSV",
    "n_qubits": 5,
    "depth_in": 34,
    "depth_transpiled": 10,
    "size_transpiled": 21,
    "quasi_dist": {
      "27": 0.03125,
      "3": 0.02734375,
      "15": 0.033203125,
      "6": 0.0341796875,
      "20": 0.037109375,
      "4": 0.0361328125,
      "24": 0.0458984375,
      "8": 0.0283203125,
      "30": 0.01953125,
      "7": 0.0263671875,
      "16": 0.0341796875,
      "18": 0.02734375,
      "11": 0.0244140625,
      "9": 0.0302734375,
      "23": 0.0302734375,
      "21": 0.02734375,
      "17": 0.0341796875,
      "13": 0.0361328125,
      "28": 0.0302734375,
      "31": 0.02734375,
      "2": 0.0400390625,
      "1": 0.037109375,
      "19": 0.0400390625,
      "25": 0.0263671875,
      "10": 0.037109375,
      "12": 0.029296875,
      "29": 0.025390625,
      "22": 0.03125,
      "14": 0.03515625,
      "0": 0.03515625,
      "26": 0.021484375,
      "5": 0.0205078125
    }
  }
}