{
  "laps": {
    "01_setup": 6.9e-05,
    "02_cache_search": 0.001287,
    "03_transpile": 0.025807,
    "07_cache_write": 0.001018,
    "04_submit": 0.00076,
    "05_run": 0.001524,
    "06_collect": 9.6e-05,
    "total": 0.030561
  },
  "meta": {
    "backend": "AerSV",
    "n_qubits": 3,
    "depth_in": 34,
    "depth_transpiled": 10,
    "size_transpiled": 15,
    "quasi_dist": {
      "6": 0.1318359375,
      "5": 0.1298828125,
      "1": 0.1083984375,
      "7": 0.1376953125,
      "0": 0.1064453125,
      "4": 0.1494140625,
      "3": 0.1259765625,
      "2": 0.1103515625
    }
  }
}