{
  "01_setup": 0.000515,
  "02_cache_search": 0.02744,
  "03_transpile": 0.410305,
  "07_cache_write": 0.11319,
  "04_submit": 0.040639,
  "05_run": 0.258091,
  "06_collect": 0.012939,
  "total": 0.863119
}