{
  "laps": {
    "01_setup": 0.000146,
    "02_cache_search": 0.001682,
    "04_submit": 0.004907,
    "05_run": 0.567373,
    "06_collect": 0.001253,
    "total": 0.575361
  },
  "meta": {
    "backend": "AerSV",
    "n_qubits": 23,
    "depth_in": 257,
    "depth_transpiled": 257,
    "size_transpiled": 279,
    "quasi_dist": {
      "0": 1.0
    }
  }
}