{
  "01_setup": 0.000444,
  "03_transpile": 5.681257,
  "04_submit": 0.092696,
  "05_run": 0.317552,
  "06_collect": 0.034209,
  "total": 6.126158
}