{
  "01_setup": 0.000323,
  "02_cache_search": 0.001375,
  "03_transpile": 0.027491,
  "07_cache_write": 0.003991,
  "04_submit": 0.003817,
  "05_run": 0.011355,
  "06_collect": 0.000783,
  "total": 0.049135
}