{
  "laps": {
    "01_setup": 0.000191,
    "02_cache_search": 0.005594,
    "03_transpile": 0.054186,
    "07_cache_write": 0.001172,
    "04_submit": 0.000837,
    "05_run": 0.001738,
    "06_collect": 0.00017,
    "total": 0.063888
  },
  "meta": {
    "backend": "AerSV",
    "n_qubits": 3,
    "depth_in": 66,
    "depth_transpiled": 18,
    "size_transpiled": 23,
    "quasi_dist": {
      "5": 0.1201171875,
      "1": 0.134765625,
      "2": 0.1376953125,
      "3": 0.1279296875,
      "4": 0.1240234375,
      "6": 0.1123046875,
      "7": 0.1181640625,
      "0": 0.125
    }
  }
}