{
  "01_setup": 0.000404,
  "03_transpile": 0.11915,
  "04_submit": 0.005264,
  "05_run": 0.010406,
  "06_collect": 0.000746,
  "total": 0.13597
}