{
  "laps": {
    "01_setup": 6.8e-05,
    "02_cache_search": 0.000618,
    "04_submit": 0.001592,
    "05_run": 0.002417,
    "06_collect": 0.000463,
    "total": 0.005158
  },
  "meta": {
    "backend": "AerSV",
    "n_qubits": 3,
    "depth_in": 78,
    "depth_transpiled": 78,
    "size_transpiled": 153,
    "quasi_dist": {
      "6": 0.1337890625,
      "3": 0.1103515625,
      "1": 0.115234375,
      "4": 0.130859375,
      "0": 0.12890625,
      "2": 0.1337890625,
      "7": 0.125,
      "5": 0.1220703125
    }
  }
}