{
  "laps": {
    "01_setup": 8e-05,
    "02_cache_search": 0.000163,
    "04_submit": 0.000559,
    "05_run": 0.001479,
    "06_collect": 6.8e-05,
    "total": 0.002349
  },
  "meta": {
    "backend": "AerSV",
    "n_qubits": 3,
    "depth_in": 17,
    "depth_transpiled": 17,
    "size_transpiled": 27,
    "quasi_dist": {
      "4": 0.205078125,
      "0": 0.265625,
      "1": 0.0390625,
      "7": 0.1171875,
      "3": 0.189453125,
      "5": 0.095703125,
      "6": 0.0498046875,
      "2": 0.0380859375
    }
  }
}