{
  "sizes": [
    50,
    100,
    150,
    200
  ],
  "methods": [
    "FS+Pre+ttl+SE",
    "FS+Pre+ttl",
    "FS+Pre",
    "FS",
    "PR"
  ],
  "e2e_latency": {
    "FS+Pre+ttl+SE": [
      2.3595392988063395,
      4.443781801965088,
      4.026776100043207,
      5.070292501710355
    ],
    "FS+Pre+ttl": [
      2.2182622007094324,
      3.6738755996339023,
      3.5120231988839805,
      4.955938700120896
    ],
    "FS+Pre": [
      2.3020537002012134,
      3.9743048981763422,
      3.4796873996965587,
      4.737801001407206
    ],
    "FS": [
      2.3732630000449717,
      3.9465590994805098,
      3.6372091989032924,
      5.189805498812348
    ],
    "PR": [
      2.6229492984712124,
      6.2926585003733635,
      5.641447302885354,
      10.618111001327634
    ]
  },
  "final_cache_size": {
    "FS+Pre+ttl+SE": [
      31,
      51,
      53,
      61
    ],
    "FS+Pre+ttl": [
      34,
      55,
      62,
      75
    ],
    "FS+Pre": [
      34,
      55,
      62,
      75
    ],
    "FS": [
      34,
      55,
      62,
      75
    ],
    "PR": [
      21,
      29,
      38,
      42
    ]
  },
  "config": {
    "q_list": [
      5,
      7,
      11,
      13,
      15,
      17
    ],
    "d_list": [
      2,
      4,
      6
    ],
    "shots": 256,
    "hot_fraction": 0.25,
    "hot_boost": 8.0,
    "rps": 1.0,
    "rng_seed_base": 123,
    "lookahead": 8.0,
    "prob_th": 0.45,
    "max_compile": 3,
    "sliding_window_sec": 60.0,
    "min_samples": 2,
    "prewarm_every": 5
  },
  "plots": {
    "latency_png": "figs\\v18\\plots\\scaling_e2e_latency.png",
    "cache_png": "figs\\v18\\plots\\scaling_final_cache_size.png"
  }
}