{
  "02a_tls_auth": 1.444871,
  "03_transpile": 0.383472,
  "04_submit": 0.18803,
  "05_09_prep": 0.3958,
  "10_11_bind_load": 1.0842,
  "12_qpu_exec": 0.7809,
  "13_14_read_post": 0.278,
  "total": 4.5553
}