{
  "02a_tls_auth": 1.62443,
  "03_transpile": 0.383221,
  "04_submit": 0.201376,
  "05_09_prep": 0.4143,
  "10_11_bind_load": 7.0952,
  "12_qpu_exec": 0.7873,
  "13_14_read_post": 0.2355,
  "total": 10.7413
}