{
  "02a_tls_auth": 2.069291,
  "03_transpile": 0.372566,
  "04_submit": 0.160494,
  "05_09_prep": 0.338,
  "10_11_bind_load": 9.1749,
  "12_qpu_exec": 0.7743,
  "13_14_read_post": 0.3463,
  "total": 13.2359
}