{
  "02a_tls_auth": 1.362621,
  "03_transpile": 0.001,
  "04_submit": 0.434574,
  "05_09_prep": 0.4229,
  "10_11_bind_load": 1.1249,
  "12_qpu_exec": 0.777,
  "13_14_read_post": 0.2101,
  "total": 4.3331
}