{
  "02a_tls_auth": 1.623487,
  "03_transpile": 0.001084,
  "04_submit": 0.414061,
  "05_09_prep": 0.3705,
  "10_11_bind_load": 1.0738,
  "12_qpu_exec": 0.7887,
  "13_14_read_post": 0.2168,
  "total": 4.4884
}