{
  "laps": {
    "01_setup": 7.9e-05,
    "03_transpile": 0.021969,
    "04_submit": 0.000672,
    "05_run": 0.002047,
    "06_collect": 7.7e-05,
    "total": 0.024844
  },
  "meta": {
    "backend": "AerSV",
    "n_qubits": 9,
    "depth_in": 13,
    "depth_transpiled": 13,
    "size_transpiled": 21,
    "quasi_dist": {
      "0": 0.505859375,
      "511": 0.494140625
    }
  }
}