{
  "laps": {
    "01_setup": 6.1e-05,
    "02_cache_search": 1e-06,
    "04_submit": 0.000475,
    "05_run": 0.001926,
    "06_collect": 8.1e-05,
    "total": 0.002544
  },
  "meta": {
    "backend": "AerSV",
    "n_qubits": 9,
    "depth_in": 13,
    "depth_transpiled": 13,
    "size_transpiled": 21,
    "quasi_dist": {
      "511": 0.49609375,
      "0": 0.50390625
    }
  }
}