{
  "laps": {
    "01_setup": 5.5e-05,
    "02_cache_search": 1e-06,
    "04_submit": 0.000439,
    "05_run": 0.004583,
    "06_collect": 8.5e-05,
    "total": 0.005163
  },
  "meta": {
    "backend": "AerSV",
    "n_qubits": 9,
    "depth_in": 13,
    "depth_transpiled": 13,
    "size_transpiled": 21,
    "quasi_dist": {
      "0": 0.4990234375,
      "511": 0.5009765625
    }
  }
}