{
  "laps": {
    "01_setup": 8.1e-05,
    "03_transpile": 0.051679,
    "04_submit": 0.001359,
    "05_run": 0.038392,
    "06_collect": 0.000199,
    "total": 0.09171
  },
  "meta": {
    "backend": "fake_jakarta",
    "n_qubits": 6,
    "depth_in": 12,
    "depth_transpiled": 26,
    "size_transpiled": 83,
    "quasi_dist": {
      "9": 0.0068359375,
      "54": 0.0009765625,
      "1": 0.0595703125,
      "24": 0.01171875,
      "16": 0.0673828125,
      "8": 0.080078125,
      "32": 0.0654296875,
      "0": 0.37890625,
      "2": 0.064453125,
      "44": 0.0029296875,
      "52": 0.0029296875,
      "3": 0.015625,
      "10": 0.0107421875,
      "33": 0.01171875,
      "51": 0.0009765625,
      "4": 0.07421875,
      "37": 0.0029296875,
      "14": 0.001953125,
      "58": 0.0009765625,
      "38": 0.0029296875,
      "40": 0.01171875,
      "60": 0.0009765625,
      "13": 0.001953125,
      "36": 0.015625,
      "18": 0.013671875,
      "11": 0.0009765625,
      "34": 0.017578125,
      "17": 0.0107421875,
      "22": 0.001953125,
      "56": 0.0029296875,
      "50": 0.0048828125,
      "5": 0.0107421875,
      "21": 0.00390625,
      "49": 0.001953125,
      "6": 0.009765625,
      "35": 0.001953125,
      "12": 0.0126953125,
      "20": 0.0048828125,
      "27": 0.0009765625,
      "26": 0.001953125,
      "48": 0.0009765625,
      "25": 0.0009765625,
      "57": 0.0009765625,
      "41": 0.0009765625,
      "19": 0.0009765625
    }
  }
}