{
  "laps": {
    "01_setup": 6.7e-05,
    "03_transpile": 0.032989,
    "04_submit": 0.001007,
    "05_run": 0.023623,
    "06_collect": 0.000135,
    "total": 0.057821
  },
  "meta": {
    "backend": "fake_jakarta",
    "n_qubits": 6,
    "depth_in": 22,
    "depth_transpiled": 33,
    "size_transpiled": 43,
    "quasi_dist": {
      "0": 0.505859375,
      "63": 0.494140625
    }
  }
}