{
  "laps": {
    "01_setup": 6.4e-05,
    "03_transpile": 0.038134,
    "04_submit": 0.000978,
    "05_run": 0.027125,
    "06_collect": 0.000141,
    "total": 0.066442
  },
  "meta": {
    "backend": "fake_jakarta",
    "n_qubits": 3,
    "depth_in": 33,
    "depth_transpiled": 46,
    "size_transpiled": 98,
    "quasi_dist": {
      "4": 0.091796875,
      "2": 0.1357421875,
      "5": 0.0966796875,
      "6": 0.11328125,
      "0": 0.1572265625,
      "1": 0.1611328125,
      "7": 0.0908203125,
      "3": 0.1533203125
    }
  }
}