{
  "laps": {
    "01_setup": 6.2e-05,
    "02_cache_search": 0.0001,
    "04_submit": 0.000527,
    "05_run": 0.019731,
    "06_collect": 5.1e-05,
    "total": 0.020471
  },
  "meta": {
    "backend": "fake_jakarta",
    "n_qubits": 5,
    "depth_in": 9,
    "depth_transpiled": 11,
    "size_transpiled": 15,
    "quasi_dist": {
      "0": 0.52734375,
      "31": 0.47265625
    }
  }
}