{
  "laps": {
    "01_setup": 0.000103,
    "02_cache_search": 0.000224,
    "04_submit": 0.001265,
    "05_run": 0.026652,
    "06_collect": 0.000144,
    "total": 0.028388
  },
  "meta": {
    "backend": "fake_jakarta",
    "n_qubits": 5,
    "depth_in": 11,
    "depth_transpiled": 18,
    "size_transpiled": 66,
    "quasi_dist": {
      "8": 0.0771484375,
      "17": 0.013671875,
      "0": 0.4609375,
      "4": 0.0693359375,
      "10": 0.0107421875,
      "1": 0.072265625,
      "2": 0.080078125,
      "19": 0.0009765625,
      "16": 0.0869140625,
      "21": 0.0029296875,
      "24": 0.009765625,
      "20": 0.015625,
      "18": 0.0146484375,
      "9": 0.0166015625,
      "6": 0.0166015625,
      "5": 0.015625,
      "12": 0.013671875,
      "3": 0.0048828125,
      "7": 0.00390625,
      "22": 0.00390625,
      "11": 0.00390625,
      "25": 0.001953125,
      "28": 0.0009765625,
      "15": 0.0009765625,
      "26": 0.0009765625,
      "14": 0.0009765625
    }
  }
}