{
  "laps": {
    "01_setup": 5.8e-05,
    "02_cache_search": 0.000131,
    "04_submit": 0.00055,
    "05_run": 0.023908,
    "06_collect": 9.5e-05,
    "total": 0.024742
  },
  "meta": {
    "backend": "fake_jakarta",
    "n_qubits": 3,
    "depth_in": 19,
    "depth_transpiled": 21,
    "size_transpiled": 23,
    "quasi_dist": {
      "7": 0.490234375,
      "0": 0.509765625
    }
  }
}