{
  "laps": {
    "01_setup": 7e-05,
    "02_cache_search": 0.000174,
    "04_submit": 0.00123,
    "05_run": 0.025006,
    "06_collect": 0.000185,
    "total": 0.026665
  },
  "meta": {
    "backend": "fake_jakarta",
    "n_qubits": 6,
    "depth_in": 12,
    "depth_transpiled": 26,
    "size_transpiled": 83,
    "quasi_dist": {
      "17": 0.013671875,
      "32": 0.068359375,
      "0": 0.3916015625,
      "8": 0.072265625,
      "18": 0.0166015625,
      "43": 0.001953125,
      "2": 0.0703125,
      "16": 0.0673828125,
      "51": 0.0009765625,
      "4": 0.05859375,
      "54": 0.0009765625,
      "1": 0.064453125,
      "6": 0.0146484375,
      "40": 0.0087890625,
      "58": 0.0009765625,
      "38": 0.0048828125,
      "15": 0.0009765625,
      "35": 0.001953125,
      "12": 0.0048828125,
      "22": 0.0009765625,
      "20": 0.005859375,
      "28": 0.00390625,
      "33": 0.009765625,
      "10": 0.0107421875,
      "3": 0.005859375,
      "52": 0.0068359375,
      "24": 0.0087890625,
      "50": 0.0029296875,
      "5": 0.01171875,
      "7": 0.001953125,
      "48": 0.0166015625,
      "36": 0.01171875,
      "9": 0.0087890625,
      "34": 0.01171875,
      "11": 0.00390625,
      "26": 0.001953125,
      "19": 0.001953125,
      "39": 0.0009765625,
      "59": 0.0009765625,
      "41": 0.001953125,
      "30": 0.0009765625,
      "56": 0.0029296875,
      "21": 0.0009765625,
      "25": 0.0009765625
    }
  }
}