{
  "laps": {
    "01_setup": 6.1e-05,
    "02_cache_search": 8e-05,
    "04_submit": 0.000519,
    "05_run": 0.019277,
    "06_collect": 5e-05,
    "total": 0.019987
  },
  "meta": {
    "backend": "fake_jakarta",
    "n_qubits": 3,
    "depth_in": 6,
    "depth_transpiled": 23,
    "size_transpiled": 26,
    "quasi_dist": {
      "1": 0.138671875,
      "6": 0.1279296875,
      "5": 0.1162109375,
      "0": 0.1357421875,
      "2": 0.1279296875,
      "4": 0.1220703125,
      "7": 0.1123046875,
      "3": 0.119140625
    }
  }
}