{
  "laps": {
    "01_setup": 0.000112,
    "03_transpile": 0.02174,
    "04_submit": 0.001751,
    "05_run": 0.02267,
    "06_collect": 4.5e-05,
    "total": 0.046318
  },
  "meta": {
    "backend": "fake_jakarta",
    "n_qubits": 5,
    "depth_in": 6,
    "depth_transpiled": 8,
    "size_transpiled": 12,
    "quasi_dist": {
      "0": 0.5087890625,
      "31": 0.4912109375
    }
  }
}