{
  "laps": {
    "01_setup": 6.6e-05,
    "03_transpile": 0.027196,
    "04_submit": 0.00064,
    "05_run": 0.019995,
    "06_collect": 6.3e-05,
    "total": 0.04796
  },
  "meta": {
    "backend": "fake_jakarta",
    "n_qubits": 6,
    "depth_in": 10,
    "depth_transpiled": 15,
    "size_transpiled": 20,
    "quasi_dist": {
      "0": 0.5126953125,
      "63": 0.4873046875
    }
  }
}