{
  "laps": {
    "01_setup": 6.1e-05,
    "02_cache_search": 0.00014,
    "04_submit": 0.000697,
    "05_run": 0.022522,
    "06_collect": 9.9e-05,
    "total": 0.023519
  },
  "meta": {
    "backend": "fake_jakarta",
    "n_qubits": 3,
    "depth_in": 19,
    "depth_transpiled": 21,
    "size_transpiled": 23,
    "quasi_dist": {
      "0": 0.4853515625,
      "7": 0.5146484375
    }
  }
}