{
  "laps": {
    "01_setup": 6.2e-05,
    "03_transpile": 0.032981,
    "04_submit": 0.001235,
    "05_run": 0.021303,
    "06_collect": 0.000211,
    "total": 0.055792
  },
  "meta": {
    "backend": "fake_jakarta",
    "n_qubits": 6,
    "depth_in": 38,
    "depth_transpiled": 43,
    "size_transpiled": 48,
    "quasi_dist": {
      "0": 0.4697265625,
      "63": 0.5302734375
    }
  }
}