{
  "laps": {
    "01_setup": 6.9e-05,
    "02_cache_search": 0.000131,
    "04_submit": 0.001805,
    "05_run": 0.023109,
    "06_collect": 0.000634,
    "total": 0.025748
  },
  "meta": {
    "backend": "fake_jakarta",
    "n_qubits": 3,
    "depth_in": 9,
    "depth_transpiled": 16,
    "size_transpiled": 38,
    "quasi_dist": {
      "0": 0.626953125,
      "2": 0.1025390625,
      "5": 0.029296875,
      "4": 0.091796875,
      "1": 0.111328125,
      "3": 0.0146484375,
      "6": 0.017578125,
      "7": 0.005859375
    }
  }
}