{
  "laps": {
    "01_setup": 0.000189,
    "02_cache_search": 0.000341,
    "03_transpile": 0.03321,
    "07_cache_write": 0.004957,
    "04_submit": 0.000684,
    "05_run": 0.023487,
    "06_collect": 8.7e-05,
    "total": 0.062955
  },
  "meta": {
    "backend": "fake_jakarta",
    "n_qubits": 6,
    "depth_in": 8,
    "depth_transpiled": 18,
    "size_transpiled": 28,
    "quasi_dist": {
      "0": 0.517578125,
      "63": 0.482421875
    }
  }
}