{
  "laps": {
    "01_setup": 7.3e-05,
    "03_transpile": 0.025032,
    "04_submit": 0.001003,
    "05_run": 0.022156,
    "06_collect": 0.000169,
    "total": 0.048433
  },
  "meta": {
    "backend": "fake_jakarta",
    "n_qubits": 3,
    "depth_in": 35,
    "depth_transpiled": 37,
    "size_transpiled": 39,
    "quasi_dist": {
      "0": 0.494140625,
      "7": 0.505859375
    }
  }
}