{
  "laps": {
    "01_setup": 9.8e-05,
    "02_cache_search": 0.000241,
    "04_submit": 0.001107,
    "05_run": 0.021042,
    "06_collect": 0.000199,
    "total": 0.022687
  },
  "meta": {
    "backend": "fake_jakarta",
    "n_qubits": 5,
    "depth_in": 37,
    "depth_transpiled": 39,
    "size_transpiled": 43,
    "quasi_dist": {
      "31": 0.5126953125,
      "0": 0.4873046875
    }
  }
}