{
  "laps": {
    "01_setup": 7.4e-05,
    "02_cache_search": 0.000436,
    "04_submit": 0.00179,
    "05_run": 0.027425,
    "06_collect": 0.000314,
    "total": 0.030039
  },
  "meta": {
    "backend": "fake_jakarta",
    "n_qubits": 6,
    "depth_in": 36,
    "depth_transpiled": 89,
    "size_transpiled": 233,
    "quasi_dist": {
      "55": 0.0078125,
      "0": 0.1787109375,
      "25": 0.0068359375,
      "24": 0.0244140625,
      "30": 0.0322265625,
      "13": 0.001953125,
      "36": 0.0078125,
      "60": 0.0458984375,
      "28": 0.0830078125,
      "48": 0.0263671875,
      "7": 0.0146484375,
      "56": 0.068359375,
      "49": 0.001953125,
      "6": 0.029296875,
      "47": 0.01171875,
      "38": 0.0078125,
      "58": 0.0166015625,
      "15": 0.0654296875,
      "16": 0.0185546875,
      "63": 0.00390625,
      "10": 0.0068359375,
      "33": 0.021484375,
      "2": 0.015625,
      "62": 0.0146484375,
      "11": 0.005859375,
      "31": 0.021484375,
      "32": 0.0146484375,
      "1": 0.0302734375,
      "54": 0.00390625,
      "46": 0.0009765625,
      "50": 0.0009765625,
      "5": 0.01171875,
      "37": 0.0009765625,
      "59": 0.0029296875,
      "14": 0.0224609375,
      "4": 0.009765625,
      "51": 0.00390625,
      "35": 0.00390625,
      "12": 0.0341796875,
      "61": 0.0029296875,
      "40": 0.0107421875,
      "19": 0.0107421875,
      "52": 0.0029296875,
      "3": 0.0244140625,
      "57": 0.01171875,
      "26": 0.0078125,
      "20": 0.0087890625,
      "9": 0.005859375,
      "8": 0.01171875,
      "29": 0.009765625,
      "39": 0.0048828125,
      "18": 0.0009765625,
      "27": 0.0009765625,
      "17": 0.0009765625,
      "21": 0.0029296875,
      "22": 0.001953125
    }
  }
}