{
  "laps": {
    "01_setup": 7.8e-05,
    "02_cache_search": 0.000401,
    "03_transpile": 0.020618,
    "07_cache_write": 0.000501,
    "04_submit": 0.000595,
    "05_run": 0.01975,
    "06_collect": 3.1e-05,
    "total": 0.041974
  },
  "meta": {
    "backend": "fake_jakarta",
    "n_qubits": 3,
    "depth_in": 4,
    "depth_transpiled": 6,
    "size_transpiled": 8,
    "quasi_dist": {
      "7": 0.5126953125,
      "0": 0.4873046875
    }
  }
}