{
  "laps": {
    "01_setup": 6.6e-05,
    "02_cache_search": 8e-05,
    "03_transpile": 0.029522,
    "07_cache_write": 0.000734,
    "04_submit": 0.000714,
    "05_run": 0.021187,
    "06_collect": 5.1e-05,
    "total": 0.052354
  },
  "meta": {
    "backend": "fake_jakarta",
    "n_qubits": 3,
    "depth_in": 6,
    "depth_transpiled": 23,
    "size_transpiled": 26,
    "quasi_dist": {
      "3": 0.1240234375,
      "5": 0.125,
      "6": 0.1513671875,
      "4": 0.1103515625,
      "2": 0.1171875,
      "1": 0.126953125,
      "7": 0.12109375,
      "0": 0.1240234375
    }
  }
}