{
  "01_setup": 0.000865,
  "03_transpile": 5.223151,
  "04_submit": 0.12254,
  "05_run": 0.963249,
  "06_collect": 0.024095,
  "total": 6.3339
}