{
  "laps": {
    "01_setup": 8.8e-05,
    "03_transpile": 0.040098,
    "04_submit": 0.000845,
    "05_run": 0.032325,
    "06_collect": 0.000122,
    "total": 0.073478
  },
  "meta": {
    "backend": "fake_jakarta",
    "n_qubits": 5,
    "depth_in": 11,
    "depth_transpiled": 18,
    "size_transpiled": 66,
    "quasi_dist": {
      "8": 0.0751953125,
      "0": 0.470703125,
      "1": 0.0673828125,
      "4": 0.0732421875,
      "21": 0.00390625,
      "2": 0.08984375,
      "12": 0.0166015625,
      "15": 0.001953125,
      "10": 0.0126953125,
      "16": 0.068359375,
      "17": 0.01953125,
      "6": 0.01171875,
      "20": 0.0078125,
      "5": 0.0068359375,
      "24": 0.0087890625,
      "9": 0.0205078125,
      "3": 0.015625,
      "25": 0.00390625,
      "26": 0.0048828125,
      "30": 0.001953125,
      "18": 0.009765625,
      "11": 0.001953125,
      "27": 0.0009765625,
      "19": 0.0009765625,
      "7": 0.0029296875,
      "14": 0.0009765625,
      "22": 0.0009765625
    }
  }
}