{
  "laps": {
    "01_setup": 0.000142,
    "03_transpile": 0.067325,
    "04_submit": 0.001673,
    "05_run": 0.057568,
    "06_collect": 0.000177,
    "total": 0.126885
  },
  "meta": {
    "backend": "fake_jakarta",
    "n_qubits": 7,
    "depth_in": 9,
    "depth_transpiled": 22,
    "size_transpiled": 33,
    "quasi_dist": {
      "0": 0.5009765625,
      "127": 0.4990234375
    }
  }
}