{
  "laps": {
    "01_setup": 6.9e-05,
    "03_transpile": 0.031,
    "04_submit": 0.000701,
    "05_run": 0.025101,
    "06_collect": 8.4e-05,
    "total": 0.056955
  },
  "meta": {
    "backend": "fake_jakarta",
    "n_qubits": 6,
    "depth_in": 8,
    "depth_transpiled": 18,
    "size_transpiled": 28,
    "quasi_dist": {
      "63": 0.51953125,
      "0": 0.48046875
    }
  }
}