{
  "laps": {
    "01_setup": 8.1e-05,
    "03_transpile": 0.021024,
    "04_submit": 0.000516,
    "05_run": 0.02525,
    "06_collect": 5e-05,
    "total": 0.046921
  },
  "meta": {
    "backend": "fake_jakarta",
    "n_qubits": 3,
    "depth_in": 5,
    "depth_transpiled": 7,
    "size_transpiled": 9,
    "quasi_dist": {
      "0": 0.533203125,
      "7": 0.466796875
    }
  }
}