{
  "laps": {
    "01_setup": 6.4e-05,
    "03_transpile": 0.023434,
    "04_submit": 0.000643,
    "05_run": 0.02005,
    "06_collect": 5.8e-05,
    "total": 0.044249
  },
  "meta": {
    "backend": "fake_jakarta",
    "n_qubits": 3,
    "depth_in": 11,
    "depth_transpiled": 13,
    "size_transpiled": 15,
    "quasi_dist": {
      "7": 0.4970703125,
      "0": 0.5029296875
    }
  }
}