{
  "laps": {
    "01_setup": 8e-05,
    "02_cache_search": 0.000428,
    "04_submit": 0.001745,
    "05_run": 0.028858,
    "06_collect": 0.000271,
    "total": 0.031382
  },
  "meta": {
    "backend": "fake_jakarta",
    "n_qubits": 3,
    "depth_in": 65,
    "depth_transpiled": 86,
    "size_transpiled": 178,
    "quasi_dist": {
      "0": 0.798828125,
      "3": 0.0390625,
      "1": 0.0419921875,
      "6": 0.07421875,
      "2": 0.03125,
      "4": 0.005859375,
      "7": 0.005859375,
      "5": 0.0029296875
    }
  }
}