{
  "laps": {
    "01_setup": 6.8e-05,
    "02_cache_search": 0.000234,
    "04_submit": 0.001062,
    "05_run": 0.023162,
    "06_collect": 0.000164,
    "total": 0.02469
  },
  "meta": {
    "backend": "fake_jakarta",
    "n_qubits": 5,
    "depth_in": 19,
    "depth_transpiled": 28,
    "size_transpiled": 102,
    "quasi_dist": {
      "17": 0.0322265625,
      "0": 0.2529296875,
      "4": 0.041015625,
      "16": 0.0341796875,
      "14": 0.052734375,
      "31": 0.03515625,
      "28": 0.0361328125,
      "2": 0.0322265625,
      "15": 0.0244140625,
      "19": 0.0263671875,
      "12": 0.0458984375,
      "8": 0.0615234375,
      "9": 0.0107421875,
      "3": 0.0517578125,
      "18": 0.021484375,
      "1": 0.0419921875,
      "7": 0.0498046875,
      "26": 0.0068359375,
      "22": 0.017578125,
      "20": 0.0078125,
      "21": 0.001953125,
      "30": 0.021484375,
      "6": 0.0224609375,
      "11": 0.0185546875,
      "13": 0.0107421875,
      "25": 0.01171875,
      "23": 0.0009765625,
      "24": 0.0087890625,
      "27": 0.00390625,
      "10": 0.001953125,
      "5": 0.009765625,
      "29": 0.0048828125
    }
  }
}