{
  "01_setup": 0.000658,
  "02_cache_search": 0.00366,
  "03_transpile": 0.048403,
  "07_cache_write": 0.012276,
  "04_submit": 0.018232,
  "05_run": 0.262798,
  "06_collect": 0.002562,
  "total": 0.348589
}