{
  "laps": {
    "01_setup": 7.1e-05,
    "02_cache_search": 0.001243,
    "04_submit": 0.003605,
    "05_run": 0.0408,
    "06_collect": 0.000947,
    "total": 0.046666
  },
  "meta": {
    "backend": "fake_jakarta",
    "n_qubits": 5,
    "depth_in": 131,
    "depth_transpiled": 168,
    "size_transpiled": 606,
    "quasi_dist": {
      "6": 0.0380859375,
      "20": 0.0322265625,
      "13": 0.0537109375,
      "30": 0.0244140625,
      "4": 0.0341796875,
      "8": 0.0224609375,
      "16": 0.0146484375,
      "1": 0.0302734375,
      "11": 0.0224609375,
      "19": 0.0263671875,
      "25": 0.052734375,
      "14": 0.025390625,
      "0": 0.0322265625,
      "21": 0.0380859375,
      "2": 0.0302734375,
      "18": 0.0322265625,
      "27": 0.0458984375,
      "17": 0.025390625,
      "12": 0.0478515625,
      "28": 0.0263671875,
      "10": 0.0361328125,
      "31": 0.03125,
      "26": 0.0458984375,
      "24": 0.0341796875,
      "9": 0.033203125,
      "7": 0.01953125,
      "22": 0.0283203125,
      "15": 0.0244140625,
      "23": 0.0224609375,
      "3": 0.009765625,
      "29": 0.0400390625,
      "5": 0.01953125
    }
  }
}