{
  "laps": {
    "01_setup": 5.7e-05,
    "02_cache_search": 0.000118,
    "04_submit": 0.000624,
    "05_run": 0.020016,
    "06_collect": 9.8e-05,
    "total": 0.020913
  },
  "meta": {
    "backend": "fake_jakarta",
    "n_qubits": 7,
    "depth_in": 15,
    "depth_transpiled": 28,
    "size_transpiled": 39,
    "quasi_dist": {
      "127": 0.4912109375,
      "0": 0.5087890625
    }
  }
}