{
  "laps": {
    "01_setup": 6.7e-05,
    "03_transpile": 0.036105,
    "04_submit": 0.001053,
    "05_run": 0.021188,
    "06_collect": 9.9e-05,
    "total": 0.058512
  },
  "meta": {
    "backend": "fake_jakarta",
    "n_qubits": 6,
    "depth_in": 14,
    "depth_transpiled": 25,
    "size_transpiled": 35,
    "quasi_dist": {
      "63": 0.5048828125,
      "0": 0.4951171875
    }
  }
}