{
  "laps": {
    "01_setup": 0.000278,
    "03_transpile": 0.058041,
    "04_submit": 0.001095,
    "05_run": 0.024756,
    "06_collect": 0.000114,
    "total": 0.084284
  },
  "meta": {
    "backend": "fake_jakarta",
    "n_qubits": 5,
    "depth_in": 10,
    "depth_transpiled": 49,
    "size_transpiled": 82,
    "quasi_dist": {
      "5": 0.0302734375,
      "24": 0.0263671875,
      "10": 0.0263671875,
      "19": 0.0244140625,
      "11": 0.0390625,
      "21": 0.0341796875,
      "17": 0.0302734375,
      "7": 0.03515625,
      "1": 0.041015625,
      "8": 0.03125,
      "25": 0.0361328125,
      "22": 0.0380859375,
      "18": 0.04296875,
      "30": 0.0361328125,
      "16": 0.0380859375,
      "4": 0.029296875,
      "31": 0.0361328125,
      "26": 0.0341796875,
      "13": 0.03125,
      "28": 0.037109375,
      "9": 0.0224609375,
      "3": 0.02734375,
      "6": 0.0234375,
      "14": 0.033203125,
      "15": 0.0302734375,
      "27": 0.02734375,
      "20": 0.029296875,
      "23": 0.025390625,
      "29": 0.03125,
      "2": 0.01953125,
      "12": 0.029296875,
      "0": 0.0234375
    }
  }
}