{
  "laps": {
    "01_setup": 0.000111,
    "03_transpile": 0.029578,
    "04_submit": 0.000753,
    "05_run": 0.021746,
    "06_collect": 5.5e-05,
    "total": 0.052243
  },
  "meta": {
    "backend": "fake_jakarta",
    "n_qubits": 3,
    "depth_in": 5,
    "depth_transpiled": 11,
    "size_transpiled": 28,
    "quasi_dist": {
      "7": 0.1376953125,
      "5": 0.1142578125,
      "2": 0.125,
      "0": 0.1201171875,
      "4": 0.126953125,
      "3": 0.1259765625,
      "6": 0.1240234375,
      "1": 0.1259765625
    }
  }
}