{
  "01_setup": 0.000817,
  "03_transpile": 1.020717,
  "04_submit": 0.022062,
  "05_run": 0.347267,
  "06_collect": 0.002978,
  "total": 1.393841
}