{
  "laps": {
    "01_setup": 0.000101,
    "03_transpile": 2.003034,
    "04_submit": 0.044343,
    "05_run": 0.266997,
    "06_collect": 0.006332,
    "total": 2.320807
  },
  "meta": {
    "backend": "fake_jakarta",
    "n_qubits": 7,
    "depth_in": 231,
    "depth_transpiled": 2823,
    "size_transpiled": 5680,
    "quasi_dist": {
      "0": 1.0
    }
  }
}