{
  "01_setup": 0.000679,
  "03_transpile": 0.286729,
  "04_submit": 0.007422,
  "05_run": 0.22367,
  "06_collect": 0.000706,
  "total": 0.519206
}