{
  "laps": {
    "01_setup": 6.2e-05,
    "03_transpile": 0.036796,
    "04_submit": 0.001004,
    "05_run": 0.021623,
    "06_collect": 0.000238,
    "total": 0.059723
  },
  "meta": {
    "backend": "fake_jakarta",
    "n_qubits": 7,
    "depth_in": 23,
    "depth_transpiled": 37,
    "size_transpiled": 48,
    "quasi_dist": {
      "0": 0.52734375,
      "127": 0.47265625
    }
  }
}