{
  "laps": {
    "01_setup": 7.5e-05,
    "02_cache_search": 0.000211,
    "03_transpile": 0.027112,
    "07_cache_write": 0.000916,
    "04_submit": 0.000636,
    "05_run": 0.022026,
    "06_collect": 4.4e-05,
    "total": 0.05102
  },
  "meta": {
    "backend": "fake_jakarta",
    "n_qubits": 5,
    "depth_in": 6,
    "depth_transpiled": 8,
    "size_transpiled": 12,
    "quasi_dist": {
      "0": 0.5107421875,
      "31": 0.4892578125
    }
  }
}