{
  "laps": {
    "01_setup": 6e-05,
    "03_transpile": 0.069579,
    "04_submit": 0.001559,
    "05_run": 0.027829,
    "06_collect": 0.000252,
    "total": 0.099279
  },
  "meta": {
    "backend": "fake_jakarta",
    "n_qubits": 3,
    "depth_in": 65,
    "depth_transpiled": 86,
    "size_transpiled": 178,
    "quasi_dist": {
      "0": 0.8115234375,
      "3": 0.03125,
      "2": 0.021484375,
      "6": 0.072265625,
      "1": 0.056640625,
      "7": 0.0029296875,
      "5": 0.001953125,
      "4": 0.001953125
    }
  }
}