{
  "laps": {
    "01_setup": 8.1e-05,
    "02_cache_search": 0.00037,
    "04_submit": 0.001888,
    "05_run": 0.025773,
    "06_collect": 0.000242,
    "total": 0.028354
  },
  "meta": {
    "backend": "fake_jakarta",
    "n_qubits": 5,
    "depth_in": 35,
    "depth_transpiled": 48,
    "size_transpiled": 174,
    "quasi_dist": {
      "15": 0.03125,
      "28": 0.0859375,
      "2": 0.0380859375,
      "16": 0.033203125,
      "17": 0.013671875,
      "12": 0.0693359375,
      "14": 0.095703125,
      "30": 0.0478515625,
      "6": 0.0732421875,
      "7": 0.0439453125,
      "0": 0.1083984375,
      "5": 0.025390625,
      "26": 0.001953125,
      "8": 0.048828125,
      "22": 0.0078125,
      "24": 0.0771484375,
      "4": 0.0458984375,
      "1": 0.0185546875,
      "23": 0.0078125,
      "20": 0.0068359375,
      "29": 0.017578125,
      "11": 0.013671875,
      "3": 0.0224609375,
      "18": 0.009765625,
      "27": 0.0078125,
      "13": 0.0166015625,
      "31": 0.0068359375,
      "10": 0.0068359375,
      "21": 0.0078125,
      "25": 0.001953125,
      "9": 0.0078125
    }
  }
}