{
  "laps": {
    "01_setup": 7.7e-05,
    "03_transpile": 0.025253,
    "04_submit": 0.000582,
    "05_run": 0.020717,
    "06_collect": 5.2e-05,
    "total": 0.046681
  },
  "meta": {
    "backend": "fake_jakarta",
    "n_qubits": 5,
    "depth_in": 7,
    "depth_transpiled": 9,
    "size_transpiled": 13,
    "quasi_dist": {
      "31": 0.517578125,
      "0": 0.482421875
    }
  }
}