{
  "laps": {
    "01_setup": 7e-05,
    "03_transpile": 0.039215,
    "04_submit": 0.001207,
    "05_run": 0.024531,
    "06_collect": 0.000138,
    "total": 0.065161
  },
  "meta": {
    "backend": "fake_jakarta",
    "n_qubits": 5,
    "depth_in": 19,
    "depth_transpiled": 28,
    "size_transpiled": 102,
    "quasi_dist": {
      "12": 0.0390625,
      "22": 0.0224609375,
      "8": 0.060546875,
      "0": 0.2783203125,
      "14": 0.0439453125,
      "1": 0.0576171875,
      "24": 0.005859375,
      "4": 0.0380859375,
      "17": 0.0224609375,
      "31": 0.03515625,
      "3": 0.05078125,
      "2": 0.0400390625,
      "15": 0.0244140625,
      "9": 0.015625,
      "13": 0.01171875,
      "20": 0.0126953125,
      "6": 0.025390625,
      "10": 0.0009765625,
      "19": 0.0224609375,
      "30": 0.017578125,
      "16": 0.037109375,
      "28": 0.0478515625,
      "25": 0.0126953125,
      "11": 0.013671875,
      "7": 0.033203125,
      "29": 0.001953125,
      "27": 0.0029296875,
      "18": 0.009765625,
      "5": 0.0087890625,
      "26": 0.005859375,
      "23": 0.0009765625
    }
  }
}