{
  "01_setup": 0.000728,
  "03_transpile": 0.262932,
  "04_submit": 0.009776,
  "05_run": 0.236533,
  "06_collect": 0.001723,
  "total": 0.511692
}