{
  "laps": {
    "01_setup": 6.2e-05,
    "03_transpile": 0.022001,
    "04_submit": 0.000746,
    "05_run": 0.01928,
    "06_collect": 4.2e-05,
    "total": 0.042131
  },
  "meta": {
    "backend": "fake_jakarta",
    "n_qubits": 3,
    "depth_in": 7,
    "depth_transpiled": 9,
    "size_transpiled": 11,
    "quasi_dist": {
      "0": 0.513671875,
      "7": 0.486328125
    }
  }
}