{
  "01_setup": 0.001159,
  "02_cache_search": 0.00405,
  "03_transpile": 0.246614,
  "07_cache_write": 0.00456,
  "04_submit": 0.044011,
  "05_run": 0.512032,
  "06_collect": 0.005402,
  "total": 0.817828
}