{
  "laps": {
    "01_setup": 8.1e-05,
    "02_cache_search": 0.00109,
    "03_transpile": 0.512629,
    "07_cache_write": 0.018984,
    "04_submit": 0.008552,
    "05_run": 0.067515,
    "06_collect": 0.001556,
    "total": 0.610407
  },
  "meta": {
    "backend": "fake_jakarta",
    "n_qubits": 7,
    "depth_in": 63,
    "depth_transpiled": 701,
    "size_transpiled": 1393,
    "quasi_dist": {
      "0": 1.0
    }
  }
}