{
  "laps": {
    "01_setup": 6.8e-05,
    "02_cache_search": 0.002089,
    "04_submit": 0.005393,
    "05_run": 0.048662,
    "06_collect": 0.001121,
    "total": 0.057333
  },
  "meta": {
    "backend": "fake_jakarta",
    "n_qubits": 6,
    "depth_in": 132,
    "depth_transpiled": 341,
    "size_transpiled": 833,
    "quasi_dist": {
      "38": 0.0009765625,
      "58": 0.0048828125,
      "15": 0.0478515625,
      "35": 0.009765625,
      "12": 0.0361328125,
      "8": 0.009765625,
      "0": 0.14453125,
      "28": 0.041015625,
      "48": 0.0234375,
      "7": 0.0654296875,
      "30": 0.0517578125,
      "42": 0.0009765625,
      "54": 0.0029296875,
      "1": 0.009765625,
      "59": 0.001953125,
      "14": 0.0263671875,
      "2": 0.04296875,
      "56": 0.056640625,
      "32": 0.0087890625,
      "52": 0.0029296875,
      "3": 0.0478515625,
      "11": 0.0029296875,
      "34": 0.00390625,
      "62": 0.072265625,
      "17": 0.00390625,
      "13": 0.005859375,
      "36": 0.001953125,
      "60": 0.0986328125,
      "24": 0.0146484375,
      "33": 0.0048828125,
      "63": 0.015625,
      "41": 0.001953125,
      "46": 0.0009765625,
      "50": 0.00390625,
      "49": 0.00390625,
      "6": 0.037109375,
      "45": 0.0009765625,
      "4": 0.0224609375,
      "51": 0.0048828125,
      "9": 0.00390625,
      "31": 0.0390625,
      "18": 0.0029296875,
      "39": 0.00390625,
      "22": 0.0009765625,
      "26": 0.005859375,
      "16": 0.001953125,
      "27": 0.0009765625,
      "29": 0.001953125,
      "20": 0.0009765625
    }
  }
}