{
  "laps": {
    "01_setup": 6.5e-05,
    "02_cache_search": 0.000116,
    "04_submit": 0.000688,
    "05_run": 0.01903,
    "06_collect": 7.2e-05,
    "total": 0.019971
  },
  "meta": {
    "backend": "fake_jakarta",
    "n_qubits": 5,
    "depth_in": 13,
    "depth_transpiled": 15,
    "size_transpiled": 19,
    "quasi_dist": {
      "0": 0.4892578125,
      "31": 0.5107421875
    }
  }
}