{
  "laps": {
    "01_setup": 7.5e-05,
    "02_cache_search": 0.00095,
    "04_submit": 0.021897,
    "05_run": 0.035247,
    "06_collect": 0.000487,
    "total": 0.058656
  },
  "meta": {
    "backend": "fake_jakarta",
    "n_qubits": 3,
    "depth_in": 129,
    "depth_transpiled": 166,
    "size_transpiled": 338,
    "quasi_dist": {
      "0": 0.6103515625,
      "2": 0.1728515625,
      "1": 0.119140625,
      "3": 0.048828125,
      "4": 0.017578125,
      "5": 0.015625,
      "7": 0.001953125,
      "6": 0.013671875
    }
  }
}