{
  "laps": {
    "01_setup": 6.5e-05,
    "03_transpile": 0.023619,
    "04_submit": 0.000673,
    "05_run": 0.020309,
    "06_collect": 7.3e-05,
    "total": 0.044739
  },
  "meta": {
    "backend": "fake_jakarta",
    "n_qubits": 5,
    "depth_in": 13,
    "depth_transpiled": 15,
    "size_transpiled": 19,
    "quasi_dist": {
      "31": 0.5078125,
      "0": 0.4921875
    }
  }
}