{
  "laps": {
    "01_setup": 6.5e-05,
    "03_transpile": 0.177449,
    "04_submit": 0.005342,
    "05_run": 0.049897,
    "06_collect": 0.001182,
    "total": 0.233935
  },
  "meta": {
    "backend": "fake_jakarta",
    "n_qubits": 6,
    "depth_in": 132,
    "depth_transpiled": 341,
    "size_transpiled": 833,
    "quasi_dist": {
      "49": 0.00390625,
      "6": 0.025390625,
      "0": 0.134765625,
      "26": 0.0068359375,
      "59": 0.001953125,
      "37": 0.0009765625,
      "14": 0.0283203125,
      "13": 0.0048828125,
      "60": 0.099609375,
      "52": 0.0029296875,
      "3": 0.0458984375,
      "28": 0.0498046875,
      "9": 0.0029296875,
      "34": 0.001953125,
      "11": 0.0029296875,
      "62": 0.068359375,
      "48": 0.0146484375,
      "7": 0.07421875,
      "56": 0.0380859375,
      "35": 0.009765625,
      "12": 0.0224609375,
      "8": 0.0166015625,
      "30": 0.0732421875,
      "38": 0.0009765625,
      "58": 0.00390625,
      "15": 0.041015625,
      "31": 0.0615234375,
      "10": 0.0009765625,
      "33": 0.00390625,
      "63": 0.01953125,
      "24": 0.021484375,
      "51": 0.005859375,
      "4": 0.02734375,
      "27": 0.0029296875,
      "46": 0.0009765625,
      "50": 0.0009765625,
      "5": 0.0029296875,
      "2": 0.0361328125,
      "1": 0.0126953125,
      "54": 0.0009765625,
      "16": 0.0009765625,
      "17": 0.0029296875,
      "32": 0.01171875,
      "39": 0.0029296875,
      "57": 0.001953125,
      "18": 0.00390625,
      "22": 0.0009765625
    }
  }
}