{
  "laps": {
    "01_setup": 5.9e-05,
    "02_cache_search": 0.000124,
    "04_submit": 0.000726,
    "05_run": 0.020553,
    "06_collect": 0.0001,
    "total": 0.021562
  },
  "meta": {
    "backend": "fake_jakarta",
    "n_qubits": 7,
    "depth_in": 15,
    "depth_transpiled": 28,
    "size_transpiled": 39,
    "quasi_dist": {
      "127": 0.501953125,
      "0": 0.498046875
    }
  }
}