{
  "laps": {
    "01_setup": 8.3e-05,
    "02_cache_search": 0.000212,
    "04_submit": 0.001078,
    "05_run": 0.029174,
    "06_collect": 0.00018,
    "total": 0.030727
  },
  "meta": {
    "backend": "fake_jakarta",
    "n_qubits": 5,
    "depth_in": 11,
    "depth_transpiled": 18,
    "size_transpiled": 66,
    "quasi_dist": {
      "24": 0.017578125,
      "1": 0.080078125,
      "16": 0.0927734375,
      "4": 0.0751953125,
      "8": 0.0595703125,
      "0": 0.4697265625,
      "2": 0.0673828125,
      "6": 0.01171875,
      "14": 0.001953125,
      "17": 0.0166015625,
      "9": 0.0126953125,
      "12": 0.0107421875,
      "18": 0.0244140625,
      "13": 0.00390625,
      "26": 0.0029296875,
      "30": 0.0009765625,
      "20": 0.0126953125,
      "5": 0.0107421875,
      "28": 0.00390625,
      "19": 0.0009765625,
      "3": 0.009765625,
      "11": 0.0009765625,
      "29": 0.0009765625,
      "10": 0.0078125,
      "25": 0.001953125,
      "22": 0.001953125
    }
  }
}