{
  "01_setup": 0.000674,
  "03_transpile": 0.707263,
  "04_submit": 0.01927,
  "05_run": 0.287134,
  "06_collect": 0.00318,
  "total": 1.017521
}