{
  "laps": {
    "01_setup": 6.5e-05,
    "02_cache_search": 0.000116,
    "04_submit": 0.000678,
    "05_run": 0.019813,
    "06_collect": 7.9e-05,
    "total": 0.020751
  },
  "meta": {
    "backend": "fake_jakarta",
    "n_qubits": 5,
    "depth_in": 13,
    "depth_transpiled": 15,
    "size_transpiled": 19,
    "quasi_dist": {
      "31": 0.5048828125,
      "0": 0.4951171875
    }
  }
}