{
  "laps": {
    "01_setup": 6.5e-05,
    "03_transpile": 0.043283,
    "04_submit": 0.00127,
    "05_run": 0.025303,
    "06_collect": 0.000181,
    "total": 0.070102
  },
  "meta": {
    "backend": "fake_jakarta",
    "n_qubits": 6,
    "depth_in": 12,
    "depth_transpiled": 26,
    "size_transpiled": 83,
    "quasi_dist": {
      "16": 0.0751953125,
      "42": 0.0029296875,
      "1": 0.078125,
      "4": 0.0615234375,
      "0": 0.37890625,
      "18": 0.0068359375,
      "50": 0.00390625,
      "5": 0.0126953125,
      "56": 0.00390625,
      "43": 0.0009765625,
      "2": 0.0634765625,
      "57": 0.001953125,
      "28": 0.0009765625,
      "8": 0.0556640625,
      "11": 0.0009765625,
      "62": 0.001953125,
      "34": 0.01171875,
      "32": 0.07421875,
      "20": 0.0107421875,
      "7": 0.001953125,
      "48": 0.0126953125,
      "10": 0.0078125,
      "33": 0.0107421875,
      "60": 0.0009765625,
      "13": 0.001953125,
      "36": 0.013671875,
      "24": 0.01171875,
      "41": 0.0029296875,
      "52": 0.0009765625,
      "44": 0.001953125,
      "3": 0.0126953125,
      "14": 0.0048828125,
      "49": 0.00390625,
      "6": 0.0107421875,
      "61": 0.0009765625,
      "35": 0.0029296875,
      "12": 0.0126953125,
      "9": 0.0078125,
      "40": 0.009765625,
      "22": 0.001953125,
      "38": 0.0029296875,
      "26": 0.001953125,
      "17": 0.01171875,
      "27": 0.0009765625
    }
  }
}