{
  "laps": {
    "01_setup": 6.2e-05,
    "03_transpile": 0.030713,
    "04_submit": 0.000727,
    "05_run": 0.023657,
    "06_collect": 9.7e-05,
    "total": 0.055256
  },
  "meta": {
    "backend": "fake_jakarta",
    "n_qubits": 6,
    "depth_in": 14,
    "depth_transpiled": 25,
    "size_transpiled": 35,
    "quasi_dist": {
      "0": 0.4716796875,
      "63": 0.5283203125
    }
  }
}