{
  "01_setup": 0.000648,
  "02_cache_search": 0.001264,
  "03_transpile": 0.043125,
  "07_cache_write": 0.067696,
  "04_submit": 0.01046,
  "05_run": 0.210729,
  "06_collect": 0.00083,
  "total": 0.334752
}