{
  "laps": {
    "01_setup": 8.9e-05,
    "02_cache_search": 0.000162,
    "04_submit": 0.000752,
    "05_run": 0.02687,
    "06_collect": 0.000166,
    "total": 0.028039
  },
  "meta": {
    "backend": "fake_jakarta",
    "n_qubits": 3,
    "depth_in": 9,
    "depth_transpiled": 16,
    "size_transpiled": 38,
    "quasi_dist": {
      "0": 0.6240234375,
      "2": 0.109375,
      "1": 0.1025390625,
      "5": 0.0185546875,
      "3": 0.02734375,
      "4": 0.1015625,
      "6": 0.015625,
      "7": 0.0009765625
    }
  }
}