{
  "laps": {
    "01_setup": 6.2e-05,
    "03_transpile": 0.024982,
    "04_submit": 0.000918,
    "05_run": 0.021598,
    "06_collect": 0.000162,
    "total": 0.047722
  },
  "meta": {
    "backend": "fake_jakarta",
    "n_qubits": 3,
    "depth_in": 35,
    "depth_transpiled": 37,
    "size_transpiled": 39,
    "quasi_dist": {
      "0": 0.501953125,
      "7": 0.498046875
    }
  }
}