{
  "laps": {
    "01_setup": 5.9e-05,
    "02_cache_search": 0.000215,
    "04_submit": 0.002835,
    "05_run": 0.024471,
    "06_collect": 0.00026,
    "total": 0.02784
  },
  "meta": {
    "backend": "fake_jakarta",
    "n_qubits": 5,
    "depth_in": 19,
    "depth_transpiled": 28,
    "size_transpiled": 102,
    "quasi_dist": {
      "8": 0.0693359375,
      "0": 0.2607421875,
      "25": 0.01171875,
      "1": 0.0537109375,
      "13": 0.021484375,
      "4": 0.0498046875,
      "7": 0.0400390625,
      "28": 0.0380859375,
      "14": 0.0400390625,
      "22": 0.025390625,
      "2": 0.0458984375,
      "17": 0.0234375,
      "12": 0.041015625,
      "5": 0.0087890625,
      "16": 0.0185546875,
      "15": 0.029296875,
      "27": 0.0029296875,
      "3": 0.046875,
      "6": 0.025390625,
      "30": 0.013671875,
      "19": 0.0205078125,
      "29": 0.0048828125,
      "26": 0.0087890625,
      "24": 0.0146484375,
      "20": 0.01171875,
      "31": 0.0234375,
      "11": 0.0224609375,
      "18": 0.0126953125,
      "10": 0.0029296875,
      "21": 0.001953125,
      "9": 0.009765625
    }
  }
}