{
  "laps": {
    "01_setup": 9e-05,
    "03_transpile": 0.04654,
    "04_submit": 0.001107,
    "05_run": 0.033302,
    "06_collect": 0.000119,
    "total": 0.081158
  },
  "meta": {
    "backend": "fake_jakarta",
    "n_qubits": 5,
    "depth_in": 11,
    "depth_transpiled": 18,
    "size_transpiled": 66,
    "quasi_dist": {
      "8": 0.0810546875,
      "17": 0.0146484375,
      "0": 0.46875,
      "4": 0.07421875,
      "2": 0.080078125,
      "3": 0.0166015625,
      "16": 0.0771484375,
      "1": 0.076171875,
      "6": 0.01171875,
      "24": 0.0126953125,
      "18": 0.0087890625,
      "5": 0.0126953125,
      "20": 0.009765625,
      "13": 0.00390625,
      "19": 0.0029296875,
      "12": 0.0087890625,
      "10": 0.0166015625,
      "9": 0.0087890625,
      "29": 0.0009765625,
      "22": 0.001953125,
      "21": 0.00390625,
      "27": 0.0009765625,
      "26": 0.0009765625,
      "14": 0.0009765625,
      "25": 0.0029296875,
      "11": 0.0009765625,
      "7": 0.0009765625
    }
  }
}