{
  "laps": {
    "01_setup": 8.3e-05,
    "03_transpile": 0.023875,
    "04_submit": 0.000592,
    "05_run": 0.023544,
    "06_collect": 5.4e-05,
    "total": 0.048148
  },
  "meta": {
    "backend": "fake_jakarta",
    "n_qubits": 3,
    "depth_in": 5,
    "depth_transpiled": 7,
    "size_transpiled": 9,
    "quasi_dist": {
      "7": 0.48828125,
      "0": 0.51171875
    }
  }
}