{
  "laps": {
    "01_setup": 6e-05,
    "03_transpile": 0.023187,
    "04_submit": 0.000895,
    "05_run": 0.025587,
    "06_collect": 0.000137,
    "total": 0.049866
  },
  "meta": {
    "backend": "fake_jakarta",
    "n_qubits": 5,
    "depth_in": 21,
    "depth_transpiled": 23,
    "size_transpiled": 27,
    "quasi_dist": {
      "0": 0.505859375,
      "31": 0.494140625
    }
  }
}