{
  "laps": {
    "01_setup": 7.2e-05,
    "02_cache_search": 0.00022,
    "03_transpile": 0.040399,
    "07_cache_write": 0.006641,
    "04_submit": 0.000971,
    "05_run": 0.026686,
    "06_collect": 0.00017,
    "total": 0.075159
  },
  "meta": {
    "backend": "fake_jakarta",
    "n_qubits": 5,
    "depth_in": 19,
    "depth_transpiled": 28,
    "size_transpiled": 102,
    "quasi_dist": {
      "17": 0.03125,
      "8": 0.0625,
      "15": 0.029296875,
      "2": 0.044921875,
      "10": 0.0029296875,
      "1": 0.044921875,
      "18": 0.0185546875,
      "22": 0.0185546875,
      "3": 0.044921875,
      "0": 0.267578125,
      "13": 0.0205078125,
      "28": 0.0400390625,
      "24": 0.01171875,
      "30": 0.013671875,
      "14": 0.041015625,
      "12": 0.03515625,
      "19": 0.0263671875,
      "26": 0.013671875,
      "7": 0.0458984375,
      "31": 0.029296875,
      "9": 0.0068359375,
      "6": 0.02734375,
      "29": 0.0029296875,
      "5": 0.0107421875,
      "4": 0.0390625,
      "27": 0.0068359375,
      "11": 0.01171875,
      "16": 0.029296875,
      "25": 0.0078125,
      "20": 0.01171875,
      "23": 0.0009765625,
      "21": 0.001953125
    }
  }
}