{
  "laps": {
    "01_setup": 6.3e-05,
    "03_transpile": 0.049095,
    "04_submit": 0.002081,
    "05_run": 0.025238,
    "06_collect": 0.000231,
    "total": 0.076708
  },
  "meta": {
    "backend": "fake_jakarta",
    "n_qubits": 5,
    "depth_in": 35,
    "depth_transpiled": 48,
    "size_transpiled": 174,
    "quasi_dist": {
      "28": 0.056640625,
      "2": 0.041015625,
      "3": 0.03125,
      "12": 0.0771484375,
      "7": 0.033203125,
      "24": 0.0810546875,
      "0": 0.1171875,
      "6": 0.083984375,
      "16": 0.037109375,
      "8": 0.0390625,
      "14": 0.0947265625,
      "31": 0.0078125,
      "17": 0.009765625,
      "29": 0.0205078125,
      "30": 0.0439453125,
      "1": 0.0283203125,
      "4": 0.041015625,
      "13": 0.013671875,
      "9": 0.013671875,
      "15": 0.033203125,
      "5": 0.0185546875,
      "23": 0.009765625,
      "18": 0.0126953125,
      "26": 0.0048828125,
      "20": 0.005859375,
      "21": 0.005859375,
      "11": 0.0146484375,
      "22": 0.005859375,
      "27": 0.0078125,
      "25": 0.005859375,
      "10": 0.00390625
    }
  }
}