{
  "laps": {
    "01_setup": 8.3e-05,
    "03_transpile": 0.043585,
    "04_submit": 0.001014,
    "05_run": 0.027913,
    "06_collect": 0.00013,
    "total": 0.072725
  },
  "meta": {
    "backend": "fake_jakarta",
    "n_qubits": 6,
    "depth_in": 12,
    "depth_transpiled": 26,
    "size_transpiled": 83,
    "quasi_dist": {
      "17": 0.005859375,
      "8": 0.05859375,
      "40": 0.009765625,
      "25": 0.00390625,
      "0": 0.384765625,
      "54": 0.0009765625,
      "42": 0.0029296875,
      "1": 0.0556640625,
      "16": 0.0693359375,
      "53": 0.0009765625,
      "2": 0.0712890625,
      "24": 0.01171875,
      "10": 0.01171875,
      "33": 0.013671875,
      "11": 0.0029296875,
      "34": 0.009765625,
      "45": 0.001953125,
      "4": 0.0673828125,
      "32": 0.0712890625,
      "20": 0.0126953125,
      "9": 0.009765625,
      "3": 0.013671875,
      "12": 0.0107421875,
      "35": 0.00390625,
      "18": 0.013671875,
      "49": 0.00390625,
      "6": 0.009765625,
      "13": 0.0009765625,
      "36": 0.01171875,
      "26": 0.0009765625,
      "7": 0.001953125,
      "48": 0.0107421875,
      "14": 0.0029296875,
      "38": 0.001953125,
      "50": 0.0009765625,
      "5": 0.015625,
      "21": 0.0048828125,
      "56": 0.00390625,
      "41": 0.00390625,
      "19": 0.001953125,
      "28": 0.001953125,
      "22": 0.001953125,
      "57": 0.0009765625
    }
  }
}