{
  "laps": {
    "01_setup": 6.4e-05,
    "03_transpile": 0.052117,
    "04_submit": 0.001962,
    "05_run": 0.027696,
    "06_collect": 0.000272,
    "total": 0.082111
  },
  "meta": {
    "backend": "fake_jakarta",
    "n_qubits": 3,
    "depth_in": 65,
    "depth_transpiled": 86,
    "size_transpiled": 178,
    "quasi_dist": {
      "0": 0.81640625,
      "3": 0.0341796875,
      "6": 0.0654296875,
      "1": 0.048828125,
      "2": 0.0234375,
      "7": 0.005859375,
      "5": 0.00390625,
      "4": 0.001953125
    }
  }
}