{
  "laps": {
    "01_setup": 8.5e-05,
    "03_transpile": 0.021179,
    "04_submit": 0.000525,
    "05_run": 0.019491,
    "06_collect": 3.6e-05,
    "total": 0.041316
  },
  "meta": {
    "backend": "fake_jakarta",
    "n_qubits": 3,
    "depth_in": 4,
    "depth_transpiled": 6,
    "size_transpiled": 8,
    "quasi_dist": {
      "0": 0.490234375,
      "7": 0.509765625
    }
  }
}