{
  "laps": {
    "01_setup": 6.9e-05,
    "03_transpile": 0.025634,
    "04_submit": 0.000603,
    "05_run": 0.023348,
    "06_collect": 7e-05,
    "total": 0.049724
  },
  "meta": {
    "backend": "fake_jakarta",
    "n_qubits": 6,
    "depth_in": 7,
    "depth_transpiled": 12,
    "size_transpiled": 17,
    "quasi_dist": {
      "0": 0.505859375,
      "63": 0.494140625
    }
  }
}