{
  "laps": {
    "01_setup": 5.7e-05,
    "02_cache_search": 0.000132,
    "04_submit": 0.000765,
    "05_run": 0.024215,
    "06_collect": 0.000112,
    "total": 0.025281
  },
  "meta": {
    "backend": "fake_jakarta",
    "n_qubits": 5,
    "depth_in": 10,
    "depth_transpiled": 57,
    "size_transpiled": 77,
    "quasi_dist": {
      "8": 0.0341796875,
      "11": 0.0322265625,
      "28": 0.03515625,
      "22": 0.0341796875,
      "5": 0.0263671875,
      "14": 0.0380859375,
      "3": 0.0341796875,
      "10": 0.029296875,
      "16": 0.03515625,
      "21": 0.03125,
      "15": 0.03515625,
      "2": 0.037109375,
      "4": 0.0283203125,
      "9": 0.0380859375,
      "19": 0.033203125,
      "27": 0.03515625,
      "29": 0.01953125,
      "26": 0.029296875,
      "6": 0.0302734375,
      "31": 0.03125,
      "25": 0.0263671875,
      "24": 0.0322265625,
      "7": 0.02734375,
      "12": 0.033203125,
      "30": 0.03125,
      "23": 0.0322265625,
      "0": 0.0302734375,
      "18": 0.0234375,
      "17": 0.03125,
      "1": 0.0224609375,
      "20": 0.02734375,
      "13": 0.03515625
    }
  }
}