{
  "01_setup": 0.000734,
  "03_transpile": 0.258032,
  "04_submit": 0.008933,
  "05_run": 0.245738,
  "06_collect": 0.001288,
  "total": 0.514725
}