{
  "laps": {
    "01_setup": 7.3e-05,
    "03_transpile": 0.284848,
    "04_submit": 0.005723,
    "05_run": 0.054739,
    "06_collect": 0.001213,
    "total": 0.346596
  },
  "meta": {
    "backend": "fake_jakarta",
    "n_qubits": 6,
    "depth_in": 132,
    "depth_transpiled": 341,
    "size_transpiled": 833,
    "quasi_dist": {
      "49": 0.0126953125,
      "6": 0.03125,
      "52": 0.0029296875,
      "3": 0.0439453125,
      "28": 0.044921875,
      "34": 0.0009765625,
      "11": 0.00390625,
      "62": 0.0615234375,
      "13": 0.013671875,
      "60": 0.0927734375,
      "30": 0.0712890625,
      "55": 0.0009765625,
      "0": 0.13671875,
      "48": 0.0234375,
      "7": 0.0654296875,
      "51": 0.0029296875,
      "4": 0.0234375,
      "38": 0.001953125,
      "58": 0.0029296875,
      "15": 0.06640625,
      "24": 0.0146484375,
      "56": 0.0361328125,
      "8": 0.0078125,
      "31": 0.05859375,
      "59": 0.0009765625,
      "37": 0.0009765625,
      "14": 0.025390625,
      "9": 0.0048828125,
      "53": 0.0009765625,
      "2": 0.037109375,
      "57": 0.001953125,
      "29": 0.0029296875,
      "35": 0.0078125,
      "12": 0.0244140625,
      "10": 0.0009765625,
      "33": 0.0009765625,
      "63": 0.0126953125,
      "26": 0.00390625,
      "18": 0.005859375,
      "32": 0.005859375,
      "16": 0.0029296875,
      "22": 0.00390625,
      "54": 0.0029296875,
      "1": 0.0087890625,
      "46": 0.0009765625,
      "50": 0.00390625,
      "5": 0.00390625,
      "17": 0.0029296875,
      "25": 0.0009765625,
      "27": 0.0048828125,
      "39": 0.001953125,
      "20": 0.001953125,
      "41": 0.0009765625
    }
  }
}