{
  "01_setup": 0.001372,
  "02_cache_search": 0.00495,
  "03_transpile": 0.199224,
  "07_cache_write": 0.016214,
  "04_submit": 0.043839,
  "05_run": 0.455172,
  "06_collect": 0.006698,
  "total": 0.727469
}