{
  "laps": {
    "01_setup": 6.1e-05,
    "03_transpile": 0.030724,
    "04_submit": 0.000915,
    "05_run": 0.02021,
    "06_collect": 0.00013,
    "total": 0.05204
  },
  "meta": {
    "backend": "fake_jakarta",
    "n_qubits": 6,
    "depth_in": 22,
    "depth_transpiled": 27,
    "size_transpiled": 32,
    "quasi_dist": {
      "63": 0.5166015625,
      "0": 0.4833984375
    }
  }
}