{
  "laps": {
    "01_setup": 8.4e-05,
    "02_cache_search": 0.000226,
    "04_submit": 0.001017,
    "05_run": 0.023031,
    "06_collect": 0.00014,
    "total": 0.024498
  },
  "meta": {
    "backend": "fake_jakarta",
    "n_qubits": 5,
    "depth_in": 19,
    "depth_transpiled": 28,
    "size_transpiled": 102,
    "quasi_dist": {
      "22": 0.017578125,
      "6": 0.0205078125,
      "0": 0.2568359375,
      "1": 0.0439453125,
      "16": 0.0263671875,
      "20": 0.013671875,
      "2": 0.041015625,
      "3": 0.0302734375,
      "7": 0.0546875,
      "18": 0.013671875,
      "27": 0.005859375,
      "8": 0.068359375,
      "13": 0.021484375,
      "5": 0.0107421875,
      "25": 0.015625,
      "12": 0.03515625,
      "28": 0.0380859375,
      "30": 0.021484375,
      "19": 0.03125,
      "15": 0.0341796875,
      "14": 0.0380859375,
      "4": 0.0517578125,
      "31": 0.021484375,
      "17": 0.02734375,
      "9": 0.017578125,
      "11": 0.017578125,
      "10": 0.00390625,
      "24": 0.0126953125,
      "26": 0.0068359375,
      "21": 0.001953125
    }
  }
}