{
  "laps": {
    "01_setup": 8.4e-05,
    "02_cache_search": 0.000254,
    "04_submit": 0.001401,
    "05_run": 0.025877,
    "06_collect": 0.000247,
    "total": 0.027863
  },
  "meta": {
    "backend": "fake_jakarta",
    "n_qubits": 6,
    "depth_in": 38,
    "depth_transpiled": 43,
    "size_transpiled": 48,
    "quasi_dist": {
      "0": 0.5205078125,
      "63": 0.4794921875
    }
  }
}