{
  "laps": {
    "01_setup": 6.9e-05,
    "02_cache_search": 0.000221,
    "04_submit": 0.000851,
    "05_run": 0.023968,
    "06_collect": 0.00014,
    "total": 0.025249
  },
  "meta": {
    "backend": "fake_jakarta",
    "n_qubits": 5,
    "depth_in": 19,
    "depth_transpiled": 28,
    "size_transpiled": 102,
    "quasi_dist": {
      "8": 0.0703125,
      "0": 0.2763671875,
      "16": 0.025390625,
      "1": 0.05078125,
      "15": 0.0283203125,
      "7": 0.0400390625,
      "30": 0.0126953125,
      "3": 0.046875,
      "11": 0.013671875,
      "12": 0.0283203125,
      "31": 0.0380859375,
      "13": 0.0224609375,
      "14": 0.046875,
      "17": 0.0244140625,
      "22": 0.01953125,
      "20": 0.0087890625,
      "4": 0.0380859375,
      "19": 0.021484375,
      "2": 0.0361328125,
      "28": 0.0458984375,
      "9": 0.017578125,
      "5": 0.0078125,
      "24": 0.009765625,
      "18": 0.0126953125,
      "21": 0.0009765625,
      "29": 0.0048828125,
      "6": 0.0263671875,
      "10": 0.0048828125,
      "26": 0.0068359375,
      "25": 0.01171875,
      "27": 0.0009765625,
      "23": 0.0009765625
    }
  }
}