{
  "laps": {
    "01_setup": 6.4e-05,
    "02_cache_search": 0.000374,
    "04_submit": 0.001478,
    "05_run": 0.024788,
    "06_collect": 0.000237,
    "total": 0.026941
  },
  "meta": {
    "backend": "fake_jakarta",
    "n_qubits": 5,
    "depth_in": 35,
    "depth_transpiled": 48,
    "size_transpiled": 174,
    "quasi_dist": {
      "18": 0.013671875,
      "0": 0.1103515625,
      "17": 0.0126953125,
      "30": 0.048828125,
      "24": 0.0615234375,
      "2": 0.052734375,
      "5": 0.0302734375,
      "14": 0.0859375,
      "15": 0.025390625,
      "6": 0.0810546875,
      "29": 0.021484375,
      "8": 0.04296875,
      "3": 0.0146484375,
      "28": 0.091796875,
      "1": 0.0224609375,
      "7": 0.0390625,
      "12": 0.0869140625,
      "4": 0.0361328125,
      "20": 0.0048828125,
      "16": 0.0263671875,
      "10": 0.001953125,
      "22": 0.009765625,
      "9": 0.0126953125,
      "31": 0.0078125,
      "21": 0.0048828125,
      "13": 0.0185546875,
      "11": 0.0166015625,
      "27": 0.0068359375,
      "23": 0.005859375,
      "26": 0.0029296875,
      "25": 0.0029296875
    }
  }
}