{
  "laps": {
    "01_setup": 6.1e-05,
    "03_transpile": 0.033306,
    "04_submit": 0.000805,
    "05_run": 0.025185,
    "06_collect": 7.3e-05,
    "total": 0.05943
  },
  "meta": {
    "backend": "fake_jakarta",
    "n_qubits": 6,
    "depth_in": 7,
    "depth_transpiled": 17,
    "size_transpiled": 27,
    "quasi_dist": {
      "63": 0.5078125,
      "0": 0.4921875
    }
  }
}