{
  "laps": {
    "01_setup": 6.4e-05,
    "02_cache_search": 0.000111,
    "04_submit": 0.000625,
    "05_run": 0.020804,
    "06_collect": 6.7e-05,
    "total": 0.021671
  },
  "meta": {
    "backend": "fake_jakarta",
    "n_qubits": 7,
    "depth_in": 8,
    "depth_transpiled": 22,
    "size_transpiled": 33,
    "quasi_dist": {
      "127": 0.4736328125,
      "0": 0.5263671875
    }
  }
}