{
  "laps": {
    "01_setup": 7.9e-05,
    "02_cache_search": 0.000234,
    "04_submit": 0.000924,
    "05_run": 0.023122,
    "06_collect": 0.000244,
    "total": 0.024603
  },
  "meta": {
    "backend": "fake_jakarta",
    "n_qubits": 3,
    "depth_in": 33,
    "depth_transpiled": 46,
    "size_transpiled": 98,
    "quasi_dist": {
      "2": 0.1484375,
      "5": 0.111328125,
      "0": 0.1435546875,
      "7": 0.0908203125,
      "1": 0.1513671875,
      "6": 0.11328125,
      "4": 0.0966796875,
      "3": 0.14453125
    }
  }
}