{
  "laps": {
    "01_setup": 6.2e-05,
    "03_transpile": 0.036524,
    "04_submit": 0.001321,
    "05_run": 0.022118,
    "06_collect": 0.000227,
    "total": 0.060252
  },
  "meta": {
    "backend": "fake_jakarta",
    "n_qubits": 6,
    "depth_in": 38,
    "depth_transpiled": 49,
    "size_transpiled": 59,
    "quasi_dist": {
      "0": 0.517578125,
      "63": 0.482421875
    }
  }
}