{
  "laps": {
    "01_setup": 7.4e-05,
    "02_cache_search": 0.000106,
    "04_submit": 0.000623,
    "05_run": 0.022889,
    "06_collect": 8.5e-05,
    "total": 0.023777
  },
  "meta": {
    "backend": "fake_jakarta",
    "n_qubits": 6,
    "depth_in": 7,
    "depth_transpiled": 17,
    "size_transpiled": 27,
    "quasi_dist": {
      "63": 0.5068359375,
      "0": 0.4931640625
    }
  }
}