{
  "laps": {
    "01_setup": 5.6e-05,
    "02_cache_search": 9.8e-05,
    "04_submit": 0.000574,
    "05_run": 0.019256,
    "06_collect": 5.5e-05,
    "total": 0.020039
  },
  "meta": {
    "backend": "fake_jakarta",
    "n_qubits": 3,
    "depth_in": 11,
    "depth_transpiled": 13,
    "size_transpiled": 15,
    "quasi_dist": {
      "7": 0.501953125,
      "0": 0.498046875
    }
  }
}