{
  "laps": {
    "01_setup": 7.2e-05,
    "02_cache_search": 9.8e-05,
    "04_submit": 0.000556,
    "05_run": 0.022227,
    "06_collect": 5.2e-05,
    "total": 0.023005
  },
  "meta": {
    "backend": "fake_jakarta",
    "n_qubits": 3,
    "depth_in": 7,
    "depth_transpiled": 9,
    "size_transpiled": 11,
    "quasi_dist": {
      "0": 0.4931640625,
      "7": 0.5068359375
    }
  }
}