{
  "laps": {
    "01_setup": 7.2e-05,
    "02_cache_search": 0.000416,
    "03_transpile": 0.036658,
    "07_cache_write": 0.026388,
    "04_submit": 0.000981,
    "05_run": 0.021031,
    "06_collect": 0.000139,
    "total": 0.085685
  },
  "meta": {
    "backend": "fake_jakarta",
    "n_qubits": 6,
    "depth_in": 22,
    "depth_transpiled": 33,
    "size_transpiled": 43,
    "quasi_dist": {
      "0": 0.5068359375,
      "63": 0.4931640625
    }
  }
}