{
  "01_setup": 0.001293,
  "02_cache_search": 0.00122,
  "03_transpile": 0.037659,
  "07_cache_write": 0.001365,
  "04_submit": 0.008629,
  "05_run": 0.24378,
  "06_collect": 0.000765,
  "total": 0.294711
}