{
  "laps": {
    "01_setup": 6.6e-05,
    "02_cache_search": 7.8e-05,
    "04_submit": 0.000608,
    "05_run": 0.02153,
    "06_collect": 5.8e-05,
    "total": 0.02234
  },
  "meta": {
    "backend": "fake_jakarta",
    "n_qubits": 3,
    "depth_in": 6,
    "depth_transpiled": 23,
    "size_transpiled": 26,
    "quasi_dist": {
      "3": 0.1318359375,
      "7": 0.119140625,
      "0": 0.12890625,
      "4": 0.119140625,
      "1": 0.1318359375,
      "5": 0.1240234375,
      "2": 0.12109375,
      "6": 0.1240234375
    }
  }
}