{
  "laps": {
    "01_setup": 7.1e-05,
    "03_transpile": 0.032425,
    "04_submit": 0.000849,
    "05_run": 0.026563,
    "06_collect": 0.000104,
    "total": 0.060012
  },
  "meta": {
    "backend": "fake_jakarta",
    "n_qubits": 3,
    "depth_in": 17,
    "depth_transpiled": 26,
    "size_transpiled": 58,
    "quasi_dist": {
      "0": 0.4462890625,
      "1": 0.09375,
      "3": 0.1728515625,
      "4": 0.0703125,
      "2": 0.0400390625,
      "5": 0.04296875,
      "6": 0.111328125,
      "7": 0.0224609375
    }
  }
}