{
  "laps": {
    "01_setup": 6.7e-05,
    "02_cache_search": 9.4e-05,
    "04_submit": 0.000595,
    "05_run": 0.021089,
    "06_collect": 5.5e-05,
    "total": 0.0219
  },
  "meta": {
    "backend": "fake_jakarta",
    "n_qubits": 3,
    "depth_in": 5,
    "depth_transpiled": 11,
    "size_transpiled": 28,
    "quasi_dist": {
      "1": 0.134765625,
      "4": 0.1298828125,
      "5": 0.115234375,
      "3": 0.1328125,
      "0": 0.1318359375,
      "7": 0.109375,
      "2": 0.123046875,
      "6": 0.123046875
    }
  }
}