{
  "laps": {
    "01_setup": 6.8e-05,
    "03_transpile": 0.020689,
    "04_submit": 0.000735,
    "05_run": 0.019771,
    "06_collect": 4.6e-05,
    "total": 0.041309
  },
  "meta": {
    "backend": "fake_jakarta",
    "n_qubits": 3,
    "depth_in": 7,
    "depth_transpiled": 9,
    "size_transpiled": 11,
    "quasi_dist": {
      "7": 0.4921875,
      "0": 0.5078125
    }
  }
}