{
  "laps": {
    "01_setup": 7.5e-05,
    "03_transpile": 0.028472,
    "04_submit": 0.000716,
    "05_run": 0.020733,
    "06_collect": 7.5e-05,
    "total": 0.050071
  },
  "meta": {
    "backend": "fake_jakarta",
    "n_qubits": 6,
    "depth_in": 8,
    "depth_transpiled": 13,
    "size_transpiled": 18,
    "quasi_dist": {
      "63": 0.494140625,
      "0": 0.505859375
    }
  }
}