{
  "laps": {
    "01_setup": 0.000136,
    "03_transpile": 2.109505,
    "04_submit": 0.036339,
    "05_run": 0.221515,
    "06_collect": 0.006173,
    "total": 2.373668
  },
  "meta": {
    "backend": "fake_jakarta",
    "n_qubits": 7,
    "depth_in": 231,
    "depth_transpiled": 2881,
    "size_transpiled": 5606,
    "quasi_dist": {
      "0": 1.0
    }
  }
}