{
  "laps": {
    "01_setup": 6.2e-05,
    "03_transpile": 0.022001,
    "04_submit": 0.000562,
    "05_run": 0.024671,
    "06_collect": 6.2e-05,
    "total": 0.047358
  },
  "meta": {
    "backend": "fake_jakarta",
    "n_qubits": 5,
    "depth_in": 7,
    "depth_transpiled": 9,
    "size_transpiled": 13,
    "quasi_dist": {
      "31": 0.51171875,
      "0": 0.48828125
    }
  }
}