{
  "laps": {
    "01_setup": 7.1e-05,
    "02_cache_search": 0.000111,
    "04_submit": 0.000906,
    "05_run": 0.022055,
    "06_collect": 8.1e-05,
    "total": 0.023224
  },
  "meta": {
    "backend": "fake_jakarta",
    "n_qubits": 7,
    "depth_in": 11,
    "depth_transpiled": 24,
    "size_transpiled": 35,
    "quasi_dist": {
      "127": 0.515625,
      "0": 0.484375
    }
  }
}