{
  "laps": {
    "01_setup": 0.000105,
    "03_transpile": 0.956097,
    "04_submit": 0.017706,
    "05_run": 0.112736,
    "06_collect": 0.00305,
    "total": 1.089694
  },
  "meta": {
    "backend": "fake_jakarta",
    "n_qubits": 7,
    "depth_in": 119,
    "depth_transpiled": 1440,
    "size_transpiled": 2818,
    "quasi_dist": {
      "0": 1.0
    }
  }
}