{
  "01_setup": 0.000874,
  "03_transpile": 0.453077,
  "04_submit": 0.012184,
  "05_run": 0.326942,
  "06_collect": 0.002067,
  "total": 0.795144
}