{
  "laps": {
    "01_setup": 7.1e-05,
    "03_transpile": 0.025867,
    "04_submit": 0.001005,
    "05_run": 0.020546,
    "06_collect": 0.00021,
    "total": 0.047699
  },
  "meta": {
    "backend": "fake_jakarta",
    "n_qubits": 5,
    "depth_in": 37,
    "depth_transpiled": 39,
    "size_transpiled": 43,
    "quasi_dist": {
      "0": 0.498046875,
      "31": 0.501953125
    }
  }
}