{
  "laps": {
    "01_setup": 6e-05,
    "03_transpile": 0.037561,
    "04_submit": 0.000966,
    "05_run": 0.025641,
    "06_collect": 0.000143,
    "total": 0.064371
  },
  "meta": {
    "backend": "fake_jakarta",
    "n_qubits": 3,
    "depth_in": 33,
    "depth_transpiled": 46,
    "size_transpiled": 98,
    "quasi_dist": {
      "1": 0.162109375,
      "2": 0.17578125,
      "5": 0.0791015625,
      "4": 0.078125,
      "3": 0.15625,
      "0": 0.14453125,
      "7": 0.09375,
      "6": 0.1103515625
    }
  }
}