{
  "laps": {
    "01_setup": 5.8e-05,
    "03_transpile": 0.02273,
    "04_submit": 0.000727,
    "05_run": 0.019376,
    "06_collect": 5.3e-05,
    "total": 0.042944
  },
  "meta": {
    "backend": "fake_jakarta",
    "n_qubits": 5,
    "depth_in": 9,
    "depth_transpiled": 11,
    "size_transpiled": 15,
    "quasi_dist": {
      "0": 0.513671875,
      "31": 0.486328125
    }
  }
}