{
  "laps": {
    "01_setup": 6.5e-05,
    "02_cache_search": 0.000157,
    "04_submit": 0.000698,
    "05_run": 0.020458,
    "06_collect": 0.000118,
    "total": 0.021496
  },
  "meta": {
    "backend": "fake_jakarta",
    "n_qubits": 5,
    "depth_in": 21,
    "depth_transpiled": 23,
    "size_transpiled": 27,
    "quasi_dist": {
      "0": 0.52734375,
      "31": 0.47265625
    }
  }
}