{
  "laps": {
    "01_setup": 6.7e-05,
    "03_transpile": 0.04479,
    "04_submit": 0.00121,
    "05_run": 0.027262,
    "06_collect": 0.000188,
    "total": 0.073517
  },
  "meta": {
    "backend": "fake_jakarta",
    "n_qubits": 6,
    "depth_in": 20,
    "depth_transpiled": 47,
    "size_transpiled": 133,
    "quasi_dist": {
      "43": 0.00390625,
      "2": 0.0341796875,
      "58": 0.0068359375,
      "38": 0.0166015625,
      "15": 0.017578125,
      "55": 0.00390625,
      "0": 0.2119140625,
      "48": 0.005859375,
      "7": 0.02734375,
      "42": 0.001953125,
      "54": 0.0078125,
      "1": 0.048828125,
      "33": 0.0048828125,
      "63": 0.02734375,
      "10": 0.00390625,
      "13": 0.00390625,
      "60": 0.015625,
      "36": 0.00390625,
      "61": 0.001953125,
      "12": 0.0224609375,
      "35": 0.0146484375,
      "23": 0.013671875,
      "30": 0.0341796875,
      "32": 0.029296875,
      "8": 0.037109375,
      "56": 0.013671875,
      "5": 0.00390625,
      "46": 0.009765625,
      "50": 0.0078125,
      "17": 0.0146484375,
      "37": 0.00390625,
      "14": 0.0126953125,
      "51": 0.005859375,
      "4": 0.0517578125,
      "45": 0.0029296875,
      "47": 0.001953125,
      "6": 0.01953125,
      "49": 0.01171875,
      "16": 0.0458984375,
      "11": 0.00390625,
      "62": 0.009765625,
      "27": 0.0087890625,
      "40": 0.005859375,
      "24": 0.0380859375,
      "26": 0.00390625,
      "41": 0.001953125,
      "25": 0.015625,
      "28": 0.0146484375,
      "44": 0.01171875,
      "52": 0.0029296875,
      "3": 0.0361328125,
      "29": 0.009765625,
      "9": 0.0078125,
      "22": 0.0029296875,
      "18": 0.005859375,
      "57": 0.00390625,
      "19": 0.00390625,
      "39": 0.0048828125,
      "20": 0.0009765625,
      "31": 0.0009765625
    }
  }
}