{
  "laps": {
    "01_setup": 7.8e-05,
    "03_transpile": 0.125472,
    "04_submit": 0.003819,
    "05_run": 0.041849,
    "06_collect": 0.000865,
    "total": 0.172083
  },
  "meta": {
    "backend": "fake_jakarta",
    "n_qubits": 5,
    "depth_in": 131,
    "depth_transpiled": 168,
    "size_transpiled": 606,
    "quasi_dist": {
      "11": 0.03125,
      "28": 0.0224609375,
      "19": 0.041015625,
      "13": 0.060546875,
      "25": 0.0439453125,
      "14": 0.0302734375,
      "6": 0.0439453125,
      "7": 0.02734375,
      "27": 0.041015625,
      "26": 0.029296875,
      "1": 0.0234375,
      "9": 0.0390625,
      "8": 0.01953125,
      "0": 0.037109375,
      "29": 0.04296875,
      "2": 0.0234375,
      "24": 0.0380859375,
      "12": 0.0556640625,
      "22": 0.03125,
      "21": 0.041015625,
      "4": 0.03515625,
      "10": 0.03125,
      "5": 0.025390625,
      "16": 0.0107421875,
      "18": 0.0341796875,
      "30": 0.013671875,
      "20": 0.02734375,
      "31": 0.02734375,
      "17": 0.021484375,
      "3": 0.0087890625,
      "15": 0.0234375,
      "23": 0.0185546875
    }
  }
}