{
  "laps": {
    "01_setup": 6.9e-05,
    "03_transpile": 0.022784,
    "04_submit": 0.000628,
    "05_run": 0.023135,
    "06_collect": 5.2e-05,
    "total": 0.046668
  },
  "meta": {
    "backend": "fake_jakarta",
    "n_qubits": 5,
    "depth_in": 7,
    "depth_transpiled": 9,
    "size_transpiled": 13,
    "quasi_dist": {
      "31": 0.5009765625,
      "0": 0.4990234375
    }
  }
}