{
  "laps": {
    "01_setup": 0.000138,
    "02_cache_search": 0.000178,
    "04_submit": 0.00112,
    "05_run": 0.051233,
    "06_collect": 0.000125,
    "total": 0.052794
  },
  "meta": {
    "backend": "fake_jakarta",
    "n_qubits": 7,
    "depth_in": 9,
    "depth_transpiled": 22,
    "size_transpiled": 33,
    "quasi_dist": {
      "0": 0.5029296875,
      "127": 0.4970703125
    }
  }
}