{
  "01_setup": 0.000805,
  "02_cache_search": 0.011008,
  "03_transpile": 0.376584,
  "07_cache_write": 0.023176,
  "04_submit": 0.090954,
  "05_run": 0.713822,
  "06_collect": 0.013923,
  "total": 1.230272
}