{
  "01_setup": 0.000741,
  "03_transpile": 2.823658,
  "04_submit": 0.064131,
  "05_run": 0.574742,
  "06_collect": 0.01126,
  "total": 3.474532
}