{
  "laps": {
    "01_setup": 6.9e-05,
    "03_transpile": 0.023438,
    "04_submit": 0.00102,
    "05_run": 0.028284,
    "06_collect": 0.000104,
    "total": 0.052915
  },
  "meta": {
    "backend": "fake_jakarta",
    "n_qubits": 5,
    "depth_in": 7,
    "depth_transpiled": 9,
    "size_transpiled": 13,
    "quasi_dist": {
      "31": 0.482421875,
      "0": 0.517578125
    }
  }
}