{
  "laps": {
    "01_setup": 6.6e-05,
    "02_cache_search": 0.000154,
    "04_submit": 0.000683,
    "05_run": 0.022231,
    "06_collect": 0.000131,
    "total": 0.023265
  },
  "meta": {
    "backend": "fake_jakarta",
    "n_qubits": 3,
    "depth_in": 17,
    "depth_transpiled": 26,
    "size_transpiled": 58,
    "quasi_dist": {
      "6": 0.115234375,
      "0": 0.458984375,
      "3": 0.1533203125,
      "4": 0.07421875,
      "1": 0.0751953125,
      "5": 0.0380859375,
      "7": 0.025390625,
      "2": 0.0595703125
    }
  }
}