{
  "laps": {
    "01_setup": 6e-05,
    "02_cache_search": 0.000106,
    "04_submit": 0.000578,
    "05_run": 0.02439,
    "06_collect": 9.1e-05,
    "total": 0.025225
  },
  "meta": {
    "backend": "fake_jakarta",
    "n_qubits": 7,
    "depth_in": 8,
    "depth_transpiled": 22,
    "size_transpiled": 33,
    "quasi_dist": {
      "127": 0.5009765625,
      "0": 0.4990234375
    }
  }
}