{
  "laps": {
    "01_setup": 7.9e-05,
    "02_cache_search": 0.0001,
    "04_submit": 0.000578,
    "05_run": 0.02159,
    "06_collect": 5.2e-05,
    "total": 0.022399
  },
  "meta": {
    "backend": "fake_jakarta",
    "n_qubits": 3,
    "depth_in": 5,
    "depth_transpiled": 11,
    "size_transpiled": 28,
    "quasi_dist": {
      "2": 0.1181640625,
      "6": 0.126953125,
      "3": 0.123046875,
      "1": 0.119140625,
      "7": 0.13671875,
      "0": 0.1328125,
      "5": 0.1220703125,
      "4": 0.12109375
    }
  }
}