{
  "laps": {
    "01_setup": 9.4e-05,
    "02_cache_search": 0.000825,
    "04_submit": 0.003399,
    "05_run": 0.037758,
    "06_collect": 0.000616,
    "total": 0.042692
  },
  "meta": {
    "backend": "fake_jakarta",
    "n_qubits": 6,
    "depth_in": 68,
    "depth_transpiled": 173,
    "size_transpiled": 433,
    "quasi_dist": {
      "6": 0.0224609375,
      "47": 0.0166015625,
      "32": 0.0205078125,
      "55": 0.0029296875,
      "0": 0.248046875,
      "2": 0.0068359375,
      "37": 0.0009765625,
      "14": 0.0634765625,
      "16": 0.0556640625,
      "24": 0.044921875,
      "7": 0.0302734375,
      "48": 0.0322265625,
      "13": 0.0078125,
      "60": 0.0419921875,
      "35": 0.0009765625,
      "61": 0.0078125,
      "12": 0.025390625,
      "28": 0.01953125,
      "56": 0.0419921875,
      "58": 0.0048828125,
      "15": 0.0537109375,
      "25": 0.0068359375,
      "31": 0.0234375,
      "52": 0.0009765625,
      "3": 0.0126953125,
      "44": 0.01171875,
      "20": 0.0029296875,
      "10": 0.0068359375,
      "63": 0.0244140625,
      "11": 0.0009765625,
      "34": 0.005859375,
      "62": 0.04296875,
      "30": 0.0390625,
      "45": 0.0048828125,
      "4": 0.0087890625,
      "39": 0.00390625,
      "8": 0.021484375,
      "1": 0.0068359375,
      "26": 0.0009765625,
      "50": 0.0009765625,
      "46": 0.005859375,
      "5": 0.005859375,
      "9": 0.001953125,
      "19": 0.0048828125,
      "40": 0.001953125,
      "22": 0.0009765625,
      "23": 0.001953125,
      "17": 0.0009765625
    }
  }
}