{
  "laps": {
    "01_setup": 5.7e-05,
    "02_cache_search": 9.9e-05,
    "04_submit": 0.00053,
    "05_run": 0.019004,
    "06_collect": 5.6e-05,
    "total": 0.019746
  },
  "meta": {
    "backend": "fake_jakarta",
    "n_qubits": 3,
    "depth_in": 11,
    "depth_transpiled": 13,
    "size_transpiled": 15,
    "quasi_dist": {
      "7": 0.517578125,
      "0": 0.482421875
    }
  }
}