{
  "01_setup": 0.000692,
  "03_transpile": 0.300447,
  "04_submit": 0.011227,
  "05_run": 0.213583,
  "06_collect": 0.000923,
  "total": 0.526872
}