{
  "01_setup": 0.001087,
  "03_transpile": 0.380195,
  "04_submit": 0.011158,
  "05_run": 0.253731,
  "06_collect": 0.000952,
  "total": 0.647123
}