{
  "laps": {
    "01_setup": 7.6e-05,
    "02_cache_search": 0.000181,
    "04_submit": 0.000889,
    "05_run": 0.02352,
    "06_collect": 0.000104,
    "total": 0.02477
  },
  "meta": {
    "backend": "fake_jakarta",
    "n_qubits": 7,
    "depth_in": 15,
    "depth_transpiled": 28,
    "size_transpiled": 39,
    "quasi_dist": {
      "0": 0.4990234375,
      "127": 0.5009765625
    }
  }
}