{
  "01_setup": 0.000752,
  "03_transpile": 0.455414,
  "04_submit": 0.01635,
  "05_run": 0.239643,
  "06_collect": 0.001373,
  "total": 0.713532
}