{
  "laps": {
    "01_setup": 7.9e-05,
    "02_cache_search": 0.000276,
    "04_submit": 0.001399,
    "05_run": 0.024215,
    "06_collect": 0.000239,
    "total": 0.026208
  },
  "meta": {
    "backend": "fake_jakarta",
    "n_qubits": 6,
    "depth_in": 38,
    "depth_transpiled": 43,
    "size_transpiled": 48,
    "quasi_dist": {
      "0": 0.505859375,
      "63": 0.494140625
    }
  }
}