{
  "laps": {
    "01_setup": 6.4e-05,
    "03_transpile": 0.023355,
    "04_submit": 0.000648,
    "05_run": 0.018999,
    "06_collect": 4.2e-05,
    "total": 0.043108
  },
  "meta": {
    "backend": "fake_jakarta",
    "n_qubits": 3,
    "depth_in": 7,
    "depth_transpiled": 9,
    "size_transpiled": 11,
    "quasi_dist": {
      "0": 0.494140625,
      "7": 0.505859375
    }
  }
}