{
  "laps": {
    "01_setup": 0.00011,
    "03_transpile": 0.067788,
    "04_submit": 0.001116,
    "05_run": 0.04453,
    "06_collect": 0.000158,
    "total": 0.113702
  },
  "meta": {
    "backend": "fake_jakarta",
    "n_qubits": 7,
    "depth_in": 9,
    "depth_transpiled": 22,
    "size_transpiled": 33,
    "quasi_dist": {
      "0": 0.490234375,
      "127": 0.509765625
    }
  }
}