{
  "laps": {
    "01_setup": 0.000102,
    "03_transpile": 0.040436,
    "04_submit": 0.001011,
    "05_run": 0.022986,
    "06_collect": 0.00017,
    "total": 0.064705
  },
  "meta": {
    "backend": "fake_jakarta",
    "n_qubits": 7,
    "depth_in": 23,
    "depth_transpiled": 37,
    "size_transpiled": 48,
    "quasi_dist": {
      "0": 0.5341796875,
      "127": 0.4658203125
    }
  }
}