{
  "laps": {
    "01_setup": 6.6e-05,
    "02_cache_search": 0.000336,
    "04_submit": 0.000915,
    "05_run": 0.026369,
    "06_collect": 0.000147,
    "total": 0.027833
  },
  "meta": {
    "backend": "fake_jakarta",
    "n_qubits": 5,
    "depth_in": 19,
    "depth_transpiled": 28,
    "size_transpiled": 102,
    "quasi_dist": {
      "16": 0.02734375,
      "3": 0.044921875,
      "12": 0.0439453125,
      "27": 0.0029296875,
      "2": 0.0400390625,
      "0": 0.259765625,
      "15": 0.0224609375,
      "4": 0.0419921875,
      "1": 0.0546875,
      "13": 0.037109375,
      "5": 0.0068359375,
      "29": 0.00390625,
      "30": 0.0126953125,
      "14": 0.048828125,
      "24": 0.01171875,
      "19": 0.0263671875,
      "8": 0.0595703125,
      "7": 0.04296875,
      "28": 0.0390625,
      "17": 0.0166015625,
      "22": 0.025390625,
      "6": 0.0205078125,
      "23": 0.0009765625,
      "10": 0.005859375,
      "25": 0.013671875,
      "11": 0.013671875,
      "9": 0.017578125,
      "20": 0.0048828125,
      "31": 0.0302734375,
      "18": 0.0166015625,
      "26": 0.0048828125,
      "21": 0.001953125
    }
  }
}