{
  "laps": {
    "01_setup": 0.000102,
    "03_transpile": 0.049467,
    "04_submit": 0.001464,
    "05_run": 0.037236,
    "06_collect": 0.00034,
    "total": 0.088609
  },
  "meta": {
    "backend": "fake_jakarta",
    "n_qubits": 7,
    "depth_in": 39,
    "depth_transpiled": 53,
    "size_transpiled": 64,
    "quasi_dist": {
      "127": 0.4619140625,
      "0": 0.5380859375
    }
  }
}