{
  "laps": {
    "01_setup": 7.2e-05,
    "02_cache_search": 9.7e-05,
    "04_submit": 0.000503,
    "05_run": 0.020808,
    "06_collect": 5.6e-05,
    "total": 0.021536
  },
  "meta": {
    "backend": "fake_jakarta",
    "n_qubits": 3,
    "depth_in": 5,
    "depth_transpiled": 11,
    "size_transpiled": 28,
    "quasi_dist": {
      "2": 0.12109375,
      "4": 0.130859375,
      "3": 0.125,
      "7": 0.1396484375,
      "0": 0.1201171875,
      "5": 0.1103515625,
      "1": 0.1142578125,
      "6": 0.138671875
    }
  }
}