{
  "laps": {
    "01_setup": 7e-05,
    "03_transpile": 0.081173,
    "04_submit": 0.004906,
    "05_run": 0.031194,
    "06_collect": 0.00048,
    "total": 0.117823
  },
  "meta": {
    "backend": "fake_jakarta",
    "n_qubits": 3,
    "depth_in": 129,
    "depth_transpiled": 166,
    "size_transpiled": 338,
    "quasi_dist": {
      "0": 0.5869140625,
      "3": 0.0458984375,
      "2": 0.1669921875,
      "1": 0.1435546875,
      "4": 0.017578125,
      "5": 0.015625,
      "6": 0.0234375
    }
  }
}