{
  "01_setup": 0.000776,
  "03_transpile": 1.374227,
  "04_submit": 0.037133,
  "05_run": 0.409465,
  "06_collect": 0.008726,
  "total": 1.830327
}