{
  "01_setup": 0.000765,
  "02_cache_search": 0.00122,
  "03_transpile": 0.022433,
  "07_cache_write": 0.007038,
  "04_submit": 0.007672,
  "05_run": 0.212978,
  "06_collect": 0.000566,
  "total": 0.252672
}