{
  "01_setup": 0.000743,
  "03_transpile": 0.414531,
  "04_submit": 0.01102,
  "05_run": 0.27034,
  "06_collect": 0.001596,
  "total": 0.69823
}