{
  "laps": {
    "01_setup": 6.3e-05,
    "03_transpile": 0.023723,
    "04_submit": 0.000735,
    "05_run": 0.019603,
    "06_collect": 7.5e-05,
    "total": 0.044199
  },
  "meta": {
    "backend": "fake_jakarta",
    "n_qubits": 5,
    "depth_in": 13,
    "depth_transpiled": 15,
    "size_transpiled": 19,
    "quasi_dist": {
      "0": 0.498046875,
      "31": 0.501953125
    }
  }
}