{
  "laps": {
    "01_setup": 7.7e-05,
    "03_transpile": 0.032115,
    "04_submit": 0.000906,
    "05_run": 0.026591,
    "06_collect": 9.5e-05,
    "total": 0.059784
  },
  "meta": {
    "backend": "fake_jakarta",
    "n_qubits": 3,
    "depth_in": 17,
    "depth_transpiled": 26,
    "size_transpiled": 58,
    "quasi_dist": {
      "4": 0.0830078125,
      "0": 0.3994140625,
      "1": 0.0810546875,
      "5": 0.048828125,
      "6": 0.1123046875,
      "3": 0.203125,
      "2": 0.0576171875,
      "7": 0.0146484375
    }
  }
}