{
  "laps": {
    "01_setup": 6.4e-05,
    "03_transpile": 0.169366,
    "04_submit": 0.005082,
    "05_run": 0.048278,
    "06_collect": 0.001054,
    "total": 0.223844
  },
  "meta": {
    "backend": "fake_jakarta",
    "n_qubits": 6,
    "depth_in": 132,
    "depth_transpiled": 341,
    "size_transpiled": 833,
    "quasi_dist": {
      "37": 0.001953125,
      "59": 0.0029296875,
      "14": 0.0302734375,
      "29": 0.001953125,
      "32": 0.01171875,
      "55": 0.0029296875,
      "0": 0.1220703125,
      "36": 0.0009765625,
      "13": 0.005859375,
      "60": 0.1201171875,
      "30": 0.0478515625,
      "34": 0.001953125,
      "11": 0.00390625,
      "62": 0.06640625,
      "56": 0.05859375,
      "2": 0.0439453125,
      "10": 0.00390625,
      "63": 0.0126953125,
      "33": 0.00390625,
      "52": 0.00390625,
      "3": 0.0380859375,
      "38": 0.0009765625,
      "58": 0.0048828125,
      "15": 0.0498046875,
      "31": 0.060546875,
      "47": 0.0009765625,
      "49": 0.0068359375,
      "6": 0.0322265625,
      "46": 0.0009765625,
      "50": 0.001953125,
      "5": 0.009765625,
      "42": 0.001953125,
      "54": 0.00390625,
      "1": 0.01171875,
      "17": 0.0029296875,
      "22": 0.0029296875,
      "48": 0.0166015625,
      "7": 0.05859375,
      "51": 0.0087890625,
      "4": 0.0234375,
      "35": 0.0078125,
      "12": 0.0244140625,
      "28": 0.048828125,
      "20": 0.0009765625,
      "8": 0.0068359375,
      "24": 0.009765625,
      "27": 0.001953125,
      "26": 0.00390625,
      "39": 0.001953125,
      "9": 0.0029296875,
      "57": 0.00390625,
      "18": 0.0009765625
    }
  }
}