{
  "laps": {
    "01_setup": 6.8e-05,
    "03_transpile": 0.034677,
    "04_submit": 0.00068,
    "05_run": 0.02094,
    "06_collect": 5.6e-05,
    "total": 0.056421
  },
  "meta": {
    "backend": "fake_jakarta",
    "n_qubits": 3,
    "depth_in": 6,
    "depth_transpiled": 20,
    "size_transpiled": 26,
    "quasi_dist": {
      "1": 0.1376953125,
      "0": 0.1337890625,
      "5": 0.1240234375,
      "2": 0.11328125,
      "6": 0.1298828125,
      "7": 0.12109375,
      "4": 0.119140625,
      "3": 0.12109375
    }
  }
}