{
  "laps": {
    "01_setup": 6e-05,
    "02_cache_search": 0.000108,
    "04_submit": 0.000756,
    "05_run": 0.020269,
    "06_collect": 8e-05,
    "total": 0.021273
  },
  "meta": {
    "backend": "fake_jakarta",
    "n_qubits": 7,
    "depth_in": 11,
    "depth_transpiled": 24,
    "size_transpiled": 35,
    "quasi_dist": {
      "0": 0.4873046875,
      "127": 0.5126953125
    }
  }
}