{
  "laps": {
    "01_setup": 6e-05,
    "02_cache_search": 0.000154,
    "04_submit": 0.000615,
    "05_run": 0.024466,
    "06_collect": 0.00014,
    "total": 0.025435
  },
  "meta": {
    "backend": "fake_jakarta",
    "n_qubits": 5,
    "depth_in": 21,
    "depth_transpiled": 23,
    "size_transpiled": 27,
    "quasi_dist": {
      "31": 0.4931640625,
      "0": 0.5068359375
    }
  }
}