{
  "laps": {
    "01_setup": 5.8e-05,
    "03_transpile": 0.020576,
    "04_submit": 0.00062,
    "05_run": 0.020406,
    "06_collect": 7.7e-05,
    "total": 0.041737
  },
  "meta": {
    "backend": "fake_jakarta",
    "n_qubits": 3,
    "depth_in": 11,
    "depth_transpiled": 13,
    "size_transpiled": 15,
    "quasi_dist": {
      "0": 0.5068359375,
      "7": 0.4931640625
    }
  }
}