{
  "laps": {
    "01_setup": 8e-05,
    "03_transpile": 0.025625,
    "04_submit": 0.000801,
    "05_run": 0.021904,
    "06_collect": 0.000121,
    "total": 0.048531
  },
  "meta": {
    "backend": "fake_jakarta",
    "n_qubits": 5,
    "depth_in": 21,
    "depth_transpiled": 23,
    "size_transpiled": 27,
    "quasi_dist": {
      "31": 0.5009765625,
      "0": 0.4990234375
    }
  }
}