{
  "laps": {
    "01_setup": 6.9e-05,
    "02_cache_search": 0.000443,
    "04_submit": 0.001971,
    "05_run": 0.027074,
    "06_collect": 0.000314,
    "total": 0.029871
  },
  "meta": {
    "backend": "fake_jakarta",
    "n_qubits": 6,
    "depth_in": 36,
    "depth_transpiled": 89,
    "size_transpiled": 233,
    "quasi_dist": {
      "43": 0.0009765625,
      "2": 0.0146484375,
      "56": 0.0751953125,
      "8": 0.017578125,
      "55": 0.0068359375,
      "0": 0.1728515625,
      "58": 0.013671875,
      "38": 0.0068359375,
      "15": 0.0869140625,
      "54": 0.009765625,
      "1": 0.0302734375,
      "37": 0.001953125,
      "59": 0.0029296875,
      "14": 0.0263671875,
      "36": 0.00390625,
      "60": 0.0283203125,
      "13": 0.0048828125,
      "48": 0.0341796875,
      "7": 0.017578125,
      "28": 0.076171875,
      "26": 0.0087890625,
      "11": 0.005859375,
      "62": 0.0205078125,
      "29": 0.0068359375,
      "24": 0.021484375,
      "35": 0.001953125,
      "61": 0.0048828125,
      "12": 0.0361328125,
      "51": 0.0029296875,
      "4": 0.017578125,
      "25": 0.00390625,
      "32": 0.013671875,
      "30": 0.0205078125,
      "5": 0.0078125,
      "16": 0.015625,
      "19": 0.01171875,
      "57": 0.0126953125,
      "44": 0.0009765625,
      "3": 0.025390625,
      "52": 0.0048828125,
      "27": 0.005859375,
      "31": 0.029296875,
      "20": 0.0029296875,
      "39": 0.0068359375,
      "63": 0.00390625,
      "10": 0.013671875,
      "33": 0.005859375,
      "49": 0.0009765625,
      "47": 0.0107421875,
      "6": 0.025390625,
      "40": 0.0078125,
      "21": 0.0029296875,
      "22": 0.0009765625,
      "9": 0.005859375,
      "23": 0.0009765625
    }
  }
}