{
  "laps": {
    "01_setup": 6.5e-05,
    "02_cache_search": 0.000167,
    "04_submit": 0.000921,
    "05_run": 0.023634,
    "06_collect": 0.000151,
    "total": 0.024938
  },
  "meta": {
    "backend": "fake_jakarta",
    "n_qubits": 6,
    "depth_in": 22,
    "depth_transpiled": 33,
    "size_transpiled": 43,
    "quasi_dist": {
      "0": 0.515625,
      "63": 0.484375
    }
  }
}