{
  "laps": {
    "01_setup": 6.1e-05,
    "03_transpile": 0.034652,
    "04_submit": 0.001178,
    "05_run": 0.023512,
    "06_collect": 0.000144,
    "total": 0.059547
  },
  "meta": {
    "backend": "fake_jakarta",
    "n_qubits": 5,
    "depth_in": 11,
    "depth_transpiled": 18,
    "size_transpiled": 66,
    "quasi_dist": {
      "4": 0.0849609375,
      "6": 0.017578125,
      "8": 0.0615234375,
      "0": 0.4560546875,
      "16": 0.068359375,
      "1": 0.0869140625,
      "20": 0.0126953125,
      "2": 0.076171875,
      "17": 0.0224609375,
      "9": 0.013671875,
      "18": 0.0166015625,
      "11": 0.005859375,
      "24": 0.0107421875,
      "3": 0.0126953125,
      "12": 0.0107421875,
      "10": 0.013671875,
      "19": 0.0029296875,
      "5": 0.01171875,
      "26": 0.001953125,
      "21": 0.0029296875,
      "14": 0.0029296875,
      "13": 0.0009765625,
      "25": 0.001953125,
      "7": 0.0009765625,
      "23": 0.0009765625,
      "22": 0.0009765625,
      "30": 0.0009765625
    }
  }
}