{
  "laps": {
    "01_setup": 6.7e-05,
    "03_transpile": 0.035235,
    "04_submit": 0.000952,
    "05_run": 0.022658,
    "06_collect": 0.000107,
    "total": 0.059019
  },
  "meta": {
    "backend": "fake_jakarta",
    "n_qubits": 6,
    "depth_in": 14,
    "depth_transpiled": 25,
    "size_transpiled": 35,
    "quasi_dist": {
      "63": 0.5068359375,
      "0": 0.4931640625
    }
  }
}