{
  "laps": {
    "01_setup": 6.3e-05,
    "03_transpile": 0.033833,
    "04_submit": 0.000953,
    "05_run": 0.021128,
    "06_collect": 0.000138,
    "total": 0.056115
  },
  "meta": {
    "backend": "fake_jakarta",
    "n_qubits": 6,
    "depth_in": 22,
    "depth_transpiled": 33,
    "size_transpiled": 43,
    "quasi_dist": {
      "0": 0.50390625,
      "63": 0.49609375
    }
  }
}