{
  "laps": {
    "01_setup": 7.1e-05,
    "03_transpile": 0.036038,
    "04_submit": 0.001153,
    "05_run": 0.027733,
    "06_collect": 0.000154,
    "total": 0.065149
  },
  "meta": {
    "backend": "fake_jakarta",
    "n_qubits": 5,
    "depth_in": 11,
    "depth_transpiled": 18,
    "size_transpiled": 66,
    "quasi_dist": {
      "8": 0.0849609375,
      "17": 0.0146484375,
      "0": 0.451171875,
      "2": 0.0673828125,
      "1": 0.080078125,
      "24": 0.0107421875,
      "16": 0.080078125,
      "12": 0.015625,
      "4": 0.0654296875,
      "20": 0.01171875,
      "18": 0.0126953125,
      "10": 0.015625,
      "6": 0.0146484375,
      "7": 0.0009765625,
      "3": 0.0126953125,
      "14": 0.0009765625,
      "21": 0.001953125,
      "19": 0.0029296875,
      "5": 0.009765625,
      "9": 0.0244140625,
      "25": 0.0068359375,
      "26": 0.0029296875,
      "13": 0.0029296875,
      "22": 0.0029296875,
      "11": 0.0029296875,
      "15": 0.0009765625,
      "28": 0.0009765625,
      "23": 0.0009765625
    }
  }
}