{
  "laps": {
    "01_setup": 0.000156,
    "03_transpile": 0.046656,
    "04_submit": 0.000837,
    "05_run": 0.03665,
    "06_collect": 0.000153,
    "total": 0.084452
  },
  "meta": {
    "backend": "fake_jakarta",
    "n_qubits": 5,
    "depth_in": 7,
    "depth_transpiled": 13,
    "size_transpiled": 48,
    "quasi_dist": {
      "4": 0.03515625,
      "1": 0.037109375,
      "16": 0.0302734375,
      "8": 0.041015625,
      "25": 0.0283203125,
      "19": 0.03125,
      "23": 0.033203125,
      "12": 0.0390625,
      "13": 0.033203125,
      "29": 0.0234375,
      "5": 0.0419921875,
      "20": 0.0322265625,
      "10": 0.0341796875,
      "3": 0.03125,
      "7": 0.0400390625,
      "6": 0.01953125,
      "22": 0.02734375,
      "21": 0.037109375,
      "31": 0.03125,
      "11": 0.0205078125,
      "18": 0.02734375,
      "2": 0.029296875,
      "28": 0.029296875,
      "15": 0.0234375,
      "24": 0.0341796875,
      "17": 0.04296875,
      "14": 0.0322265625,
      "26": 0.025390625,
      "9": 0.0302734375,
      "27": 0.0185546875,
      "30": 0.025390625,
      "0": 0.0341796875
    }
  }
}