{
  "laps": {
    "01_setup": 6.7e-05,
    "03_transpile": 0.088193,
    "04_submit": 0.00226,
    "05_run": 0.03328,
    "06_collect": 0.000465,
    "total": 0.124265
  },
  "meta": {
    "backend": "fake_jakarta",
    "n_qubits": 3,
    "depth_in": 129,
    "depth_transpiled": 166,
    "size_transpiled": 338,
    "quasi_dist": {
      "0": 0.5595703125,
      "2": 0.1630859375,
      "3": 0.0458984375,
      "1": 0.1708984375,
      "6": 0.0244140625,
      "5": 0.015625,
      "4": 0.017578125,
      "7": 0.0029296875
    }
  }
}