{
  "01_setup": 0.001297,
  "03_transpile": 0.837375,
  "04_submit": 0.026511,
  "05_run": 0.3249,
  "06_collect": 0.004762,
  "total": 1.194845
}