{
  "laps": {
    "01_setup": 7.1e-05,
    "02_cache_search": 0.00017,
    "04_submit": 0.001004,
    "05_run": 0.023609,
    "06_collect": 0.00013,
    "total": 0.024984
  },
  "meta": {
    "backend": "fake_jakarta",
    "n_qubits": 5,
    "depth_in": 21,
    "depth_transpiled": 23,
    "size_transpiled": 27,
    "quasi_dist": {
      "31": 0.498046875,
      "0": 0.501953125
    }
  }
}