{
  "laps": {
    "01_setup": 5.8e-05,
    "02_cache_search": 0.00016,
    "04_submit": 0.000777,
    "05_run": 0.021088,
    "06_collect": 0.000146,
    "total": 0.022229
  },
  "meta": {
    "backend": "fake_jakarta",
    "n_qubits": 6,
    "depth_in": 22,
    "depth_transpiled": 33,
    "size_transpiled": 43,
    "quasi_dist": {
      "63": 0.509765625,
      "0": 0.490234375
    }
  }
}