{
  "laps": {
    "01_setup": 6.8e-05,
    "03_transpile": 0.062391,
    "04_submit": 0.001785,
    "05_run": 0.027786,
    "06_collect": 0.000334,
    "total": 0.092364
  },
  "meta": {
    "backend": "fake_jakarta",
    "n_qubits": 6,
    "depth_in": 36,
    "depth_transpiled": 89,
    "size_transpiled": 233,
    "quasi_dist": {
      "38": 0.0029296875,
      "58": 0.0107421875,
      "15": 0.0830078125,
      "28": 0.0673828125,
      "55": 0.0146484375,
      "0": 0.16796875,
      "30": 0.02734375,
      "36": 0.0068359375,
      "13": 0.005859375,
      "60": 0.03515625,
      "61": 0.0068359375,
      "35": 0.0068359375,
      "12": 0.03515625,
      "59": 0.00390625,
      "37": 0.00390625,
      "14": 0.0341796875,
      "24": 0.0439453125,
      "56": 0.0634765625,
      "26": 0.01171875,
      "31": 0.021484375,
      "8": 0.013671875,
      "49": 0.0009765625,
      "6": 0.0283203125,
      "62": 0.0205078125,
      "11": 0.0068359375,
      "16": 0.0234375,
      "52": 0.0048828125,
      "3": 0.0185546875,
      "7": 0.017578125,
      "48": 0.0283203125,
      "19": 0.0126953125,
      "32": 0.013671875,
      "46": 0.0009765625,
      "5": 0.0087890625,
      "54": 0.0029296875,
      "1": 0.0302734375,
      "51": 0.0029296875,
      "4": 0.0166015625,
      "29": 0.01171875,
      "25": 0.0048828125,
      "57": 0.017578125,
      "2": 0.0087890625,
      "63": 0.00390625,
      "10": 0.01171875,
      "33": 0.0107421875,
      "27": 0.0029296875,
      "39": 0.0048828125,
      "20": 0.0048828125,
      "21": 0.001953125,
      "40": 0.0048828125,
      "23": 0.0009765625,
      "9": 0.00390625,
      "18": 0.0009765625
    }
  }
}