{
  "laps": {
    "01_setup": 6.3e-05,
    "03_transpile": 0.062567,
    "04_submit": 0.001729,
    "05_run": 0.026599,
    "06_collect": 0.000301,
    "total": 0.091259
  },
  "meta": {
    "backend": "fake_jakarta",
    "n_qubits": 6,
    "depth_in": 36,
    "depth_transpiled": 89,
    "size_transpiled": 233,
    "quasi_dist": {
      "55": 0.0107421875,
      "0": 0.15234375,
      "30": 0.0419921875,
      "9": 0.005859375,
      "11": 0.0087890625,
      "62": 0.0166015625,
      "38": 0.0078125,
      "15": 0.06640625,
      "58": 0.0146484375,
      "56": 0.0703125,
      "49": 0.0029296875,
      "47": 0.0107421875,
      "6": 0.0263671875,
      "1": 0.041015625,
      "54": 0.005859375,
      "35": 0.00390625,
      "61": 0.0078125,
      "12": 0.0390625,
      "36": 0.0087890625,
      "13": 0.0078125,
      "60": 0.0322265625,
      "28": 0.0673828125,
      "29": 0.013671875,
      "7": 0.0146484375,
      "48": 0.0322265625,
      "37": 0.0009765625,
      "14": 0.033203125,
      "59": 0.0029296875,
      "40": 0.01171875,
      "46": 0.0009765625,
      "5": 0.0068359375,
      "50": 0.001953125,
      "31": 0.0283203125,
      "16": 0.01953125,
      "43": 0.0009765625,
      "2": 0.0205078125,
      "19": 0.013671875,
      "32": 0.0126953125,
      "51": 0.0029296875,
      "4": 0.015625,
      "57": 0.0166015625,
      "26": 0.0087890625,
      "20": 0.0126953125,
      "41": 0.0029296875,
      "24": 0.0166015625,
      "8": 0.01171875,
      "44": 0.001953125,
      "3": 0.009765625,
      "52": 0.0009765625,
      "63": 0.0029296875,
      "10": 0.0107421875,
      "33": 0.0107421875,
      "39": 0.001953125,
      "27": 0.001953125,
      "23": 0.0009765625,
      "25": 0.0048828125,
      "17": 0.0009765625
    }
  }
}