{
  "laps": {
    "01_setup": 6.4e-05,
    "02_cache_search": 8.7e-05,
    "04_submit": 0.000544,
    "05_run": 0.023571,
    "06_collect": 9.1e-05,
    "total": 0.024357
  },
  "meta": {
    "backend": "fake_jakarta",
    "n_qubits": 7,
    "depth_in": 8,
    "depth_transpiled": 22,
    "size_transpiled": 33,
    "quasi_dist": {
      "127": 0.5068359375,
      "0": 0.4931640625
    }
  }
}