{
  "laps": {
    "01_setup": 7.8e-05,
    "02_cache_search": 0.000446,
    "04_submit": 0.001651,
    "05_run": 0.029993,
    "06_collect": 0.000322,
    "total": 0.03249
  },
  "meta": {
    "backend": "fake_jakarta",
    "n_qubits": 3,
    "depth_in": 65,
    "depth_transpiled": 86,
    "size_transpiled": 178,
    "quasi_dist": {
      "0": 0.79296875,
      "3": 0.037109375,
      "7": 0.0078125,
      "2": 0.03515625,
      "6": 0.076171875,
      "1": 0.048828125,
      "5": 0.0009765625,
      "4": 0.0009765625
    }
  }
}