{
  "laps": {
    "01_setup": 6.3e-05,
    "02_cache_search": 0.000231,
    "04_submit": 0.001292,
    "05_run": 0.021102,
    "06_collect": 0.000244,
    "total": 0.022932
  },
  "meta": {
    "backend": "fake_jakarta",
    "n_qubits": 6,
    "depth_in": 38,
    "depth_transpiled": 43,
    "size_transpiled": 48,
    "quasi_dist": {
      "0": 0.51953125,
      "63": 0.48046875
    }
  }
}