{
  "laps": {
    "01_setup": 6.4e-05,
    "03_transpile": 0.102262,
    "04_submit": 0.002858,
    "05_run": 0.037514,
    "06_collect": 0.000932,
    "total": 0.14363
  },
  "meta": {
    "backend": "fake_jakarta",
    "n_qubits": 6,
    "depth_in": 68,
    "depth_transpiled": 173,
    "size_transpiled": 433,
    "quasi_dist": {
      "47": 0.0048828125,
      "6": 0.0302734375,
      "8": 0.021484375,
      "55": 0.0009765625,
      "0": 0.271484375,
      "16": 0.0546875,
      "10": 0.0009765625,
      "63": 0.0302734375,
      "59": 0.0029296875,
      "14": 0.044921875,
      "28": 0.01171875,
      "30": 0.0517578125,
      "21": 0.0029296875,
      "13": 0.0087890625,
      "36": 0.0029296875,
      "60": 0.033203125,
      "48": 0.0263671875,
      "7": 0.046875,
      "34": 0.005859375,
      "62": 0.0263671875,
      "11": 0.001953125,
      "31": 0.0205078125,
      "32": 0.0302734375,
      "56": 0.0380859375,
      "38": 0.001953125,
      "58": 0.0048828125,
      "15": 0.064453125,
      "24": 0.0283203125,
      "52": 0.0029296875,
      "3": 0.0078125,
      "44": 0.009765625,
      "57": 0.00390625,
      "20": 0.0029296875,
      "61": 0.005859375,
      "12": 0.0224609375,
      "43": 0.0009765625,
      "2": 0.0029296875,
      "40": 0.0078125,
      "23": 0.0029296875,
      "29": 0.001953125,
      "5": 0.001953125,
      "46": 0.0107421875,
      "50": 0.001953125,
      "42": 0.0009765625,
      "1": 0.0048828125,
      "22": 0.0048828125,
      "39": 0.005859375,
      "17": 0.005859375,
      "19": 0.0029296875,
      "25": 0.00390625,
      "45": 0.0009765625,
      "4": 0.009765625,
      "9": 0.001953125,
      "18": 0.0009765625
    }
  }
}