{
  "laps": {
    "01_setup": 6.2e-05,
    "02_cache_search": 0.000161,
    "04_submit": 0.000962,
    "05_run": 0.021887,
    "06_collect": 0.000142,
    "total": 0.023214
  },
  "meta": {
    "backend": "fake_jakarta",
    "n_qubits": 6,
    "depth_in": 22,
    "depth_transpiled": 33,
    "size_transpiled": 43,
    "quasi_dist": {
      "0": 0.5068359375,
      "63": 0.4931640625
    }
  }
}