{
  "laps": {
    "01_setup": 7.8e-05,
    "02_cache_search": 0.001298,
    "04_submit": 0.003996,
    "05_run": 0.04462,
    "06_collect": 0.00089,
    "total": 0.050882
  },
  "meta": {
    "backend": "fake_jakarta",
    "n_qubits": 5,
    "depth_in": 131,
    "depth_transpiled": 168,
    "size_transpiled": 606,
    "quasi_dist": {
      "9": 0.041015625,
      "24": 0.0341796875,
      "10": 0.029296875,
      "0": 0.0400390625,
      "11": 0.025390625,
      "5": 0.0234375,
      "14": 0.0341796875,
      "31": 0.021484375,
      "15": 0.017578125,
      "23": 0.01953125,
      "17": 0.0283203125,
      "1": 0.01953125,
      "19": 0.03125,
      "4": 0.0234375,
      "29": 0.0302734375,
      "26": 0.03515625,
      "25": 0.0556640625,
      "6": 0.03125,
      "13": 0.0654296875,
      "28": 0.041015625,
      "7": 0.021484375,
      "30": 0.01953125,
      "21": 0.044921875,
      "22": 0.0390625,
      "3": 0.0126953125,
      "18": 0.0263671875,
      "12": 0.056640625,
      "16": 0.01953125,
      "8": 0.0224609375,
      "27": 0.0400390625,
      "2": 0.0263671875,
      "20": 0.0234375
    }
  }
}