{
  "laps": {
    "01_setup": 6.1e-05,
    "02_cache_search": 0.000432,
    "04_submit": 0.001598,
    "05_run": 0.02794,
    "06_collect": 0.000352,
    "total": 0.030383
  },
  "meta": {
    "backend": "fake_jakarta",
    "n_qubits": 6,
    "depth_in": 36,
    "depth_transpiled": 89,
    "size_transpiled": 233,
    "quasi_dist": {
      "62": 0.0107421875,
      "11": 0.0087890625,
      "28": 0.07421875,
      "2": 0.0107421875,
      "43": 0.0009765625,
      "55": 0.009765625,
      "0": 0.1630859375,
      "8": 0.0166015625,
      "24": 0.025390625,
      "54": 0.0068359375,
      "1": 0.0361328125,
      "49": 0.0009765625,
      "47": 0.0087890625,
      "6": 0.03125,
      "56": 0.076171875,
      "30": 0.0400390625,
      "31": 0.033203125,
      "58": 0.0166015625,
      "38": 0.0078125,
      "15": 0.060546875,
      "61": 0.0048828125,
      "35": 0.00390625,
      "12": 0.0380859375,
      "51": 0.0009765625,
      "4": 0.017578125,
      "37": 0.0009765625,
      "59": 0.0029296875,
      "14": 0.033203125,
      "39": 0.0048828125,
      "60": 0.0302734375,
      "36": 0.0048828125,
      "13": 0.0048828125,
      "44": 0.0009765625,
      "3": 0.0126953125,
      "52": 0.001953125,
      "9": 0.0048828125,
      "50": 0.001953125,
      "5": 0.0146484375,
      "40": 0.0068359375,
      "48": 0.0244140625,
      "7": 0.0185546875,
      "32": 0.0166015625,
      "10": 0.0068359375,
      "63": 0.0029296875,
      "33": 0.009765625,
      "57": 0.021484375,
      "26": 0.017578125,
      "16": 0.021484375,
      "29": 0.0078125,
      "19": 0.0068359375,
      "18": 0.001953125,
      "17": 0.0009765625,
      "20": 0.009765625,
      "27": 0.001953125,
      "22": 0.0009765625
    }
  }
}