{
  "laps": {
    "01_setup": 8.6e-05,
    "02_cache_search": 0.000103,
    "04_submit": 0.000587,
    "05_run": 0.019869,
    "06_collect": 5.5e-05,
    "total": 0.0207
  },
  "meta": {
    "backend": "fake_jakarta",
    "n_qubits": 5,
    "depth_in": 9,
    "depth_transpiled": 11,
    "size_transpiled": 15,
    "quasi_dist": {
      "0": 0.486328125,
      "31": 0.513671875
    }
  }
}