{
  "01_setup": 0.000731,
  "02_cache_search": 0.004912,
  "03_transpile": 0.056248,
  "07_cache_write": 0.021403,
  "04_submit": 0.017797,
  "05_run": 0.285108,
  "06_collect": 0.002842,
  "total": 0.389041
}