{
  "laps": {
    "01_setup": 8.2e-05,
    "02_cache_search": 0.000144,
    "03_transpile": 0.048009,
    "07_cache_write": 0.001191,
    "04_submit": 0.001126,
    "05_run": 0.024401,
    "06_collect": 0.000109,
    "total": 0.075062
  },
  "meta": {
    "backend": "fake_jakarta",
    "n_qubits": 5,
    "depth_in": 10,
    "depth_transpiled": 57,
    "size_transpiled": 77,
    "quasi_dist": {
      "18": 0.0380859375,
      "12": 0.0263671875,
      "3": 0.0234375,
      "0": 0.025390625,
      "13": 0.0322265625,
      "24": 0.0302734375,
      "14": 0.02734375,
      "31": 0.0302734375,
      "30": 0.0361328125,
      "7": 0.03515625,
      "5": 0.0390625,
      "1": 0.02734375,
      "28": 0.037109375,
      "22": 0.0302734375,
      "26": 0.037109375,
      "6": 0.0419921875,
      "10": 0.0234375,
      "15": 0.025390625,
      "21": 0.0361328125,
      "27": 0.0380859375,
      "23": 0.0361328125,
      "11": 0.03515625,
      "20": 0.0302734375,
      "17": 0.0244140625,
      "2": 0.0263671875,
      "29": 0.0283203125,
      "25": 0.0302734375,
      "9": 0.0302734375,
      "4": 0.0302734375,
      "8": 0.0234375,
      "19": 0.0302734375,
      "16": 0.0341796875
    }
  }
}