{
  "laps": {
    "01_setup": 6.4e-05,
    "02_cache_search": 0.000368,
    "04_submit": 0.001386,
    "05_run": 0.025891,
    "06_collect": 0.000315,
    "total": 0.028024
  },
  "meta": {
    "backend": "fake_jakarta",
    "n_qubits": 5,
    "depth_in": 35,
    "depth_transpiled": 48,
    "size_transpiled": 174,
    "quasi_dist": {
      "16": 0.0458984375,
      "24": 0.0810546875,
      "5": 0.025390625,
      "14": 0.0732421875,
      "26": 0.00390625,
      "0": 0.1005859375,
      "15": 0.0302734375,
      "28": 0.0576171875,
      "6": 0.083984375,
      "30": 0.0458984375,
      "8": 0.052734375,
      "7": 0.0390625,
      "11": 0.01171875,
      "4": 0.052734375,
      "13": 0.0087890625,
      "12": 0.0888671875,
      "29": 0.021484375,
      "2": 0.04296875,
      "1": 0.01953125,
      "3": 0.025390625,
      "17": 0.017578125,
      "27": 0.015625,
      "18": 0.013671875,
      "9": 0.0078125,
      "25": 0.00390625,
      "31": 0.005859375,
      "23": 0.0048828125,
      "10": 0.005859375,
      "22": 0.001953125,
      "21": 0.0078125,
      "20": 0.00390625
    }
  }
}