{
  "01_setup": 0.001113,
  "03_transpile": 0.640437,
  "04_submit": 0.017448,
  "05_run": 0.436929,
  "06_collect": 0.001529,
  "total": 1.097456
}