{
  "laps": {
    "01_setup": 6.1e-05,
    "03_transpile": 0.024098,
    "04_submit": 0.000687,
    "05_run": 0.023557,
    "06_collect": 6.2e-05,
    "total": 0.048465
  },
  "meta": {
    "backend": "fake_jakarta",
    "n_qubits": 5,
    "depth_in": 9,
    "depth_transpiled": 11,
    "size_transpiled": 15,
    "quasi_dist": {
      "0": 0.5302734375,
      "31": 0.4697265625
    }
  }
}