{
  "laps": {
    "01_setup": 6.3e-05,
    "03_transpile": 0.039405,
    "04_submit": 0.001198,
    "05_run": 0.021435,
    "06_collect": 0.000222,
    "total": 0.062323
  },
  "meta": {
    "backend": "fake_jakarta",
    "n_qubits": 6,
    "depth_in": 38,
    "depth_transpiled": 49,
    "size_transpiled": 59,
    "quasi_dist": {
      "63": 0.4736328125,
      "0": 0.5263671875
    }
  }
}