{
  "01_setup": 0.000882,
  "03_transpile": 0.301289,
  "04_submit": 0.007913,
  "05_run": 0.253403,
  "06_collect": 0.001104,
  "total": 0.564591
}