{
  "laps": {
    "01_setup": 5.7e-05,
    "02_cache_search": 0.000167,
    "04_submit": 0.000905,
    "05_run": 0.023232,
    "06_collect": 0.00016,
    "total": 0.024521
  },
  "meta": {
    "backend": "fake_jakarta",
    "n_qubits": 7,
    "depth_in": 23,
    "depth_transpiled": 36,
    "size_transpiled": 47,
    "quasi_dist": {
      "127": 0.501953125,
      "0": 0.498046875
    }
  }
}