{
  "laps": {
    "01_setup": 9.6e-05,
    "02_cache_search": 0.000836,
    "03_transpile": 0.107279,
    "07_cache_write": 0.030875,
    "04_submit": 0.003047,
    "05_run": 0.035137,
    "06_collect": 0.000592,
    "total": 0.177862
  },
  "meta": {
    "backend": "fake_jakarta",
    "n_qubits": 6,
    "depth_in": 68,
    "depth_transpiled": 173,
    "size_transpiled": 433,
    "quasi_dist": {
      "31": 0.0244140625,
      "56": 0.041015625,
      "48": 0.0380859375,
      "7": 0.0390625,
      "59": 0.0009765625,
      "14": 0.0576171875,
      "55": 0.00390625,
      "0": 0.26171875,
      "36": 0.0009765625,
      "13": 0.01171875,
      "60": 0.0361328125,
      "43": 0.0009765625,
      "2": 0.005859375,
      "53": 0.0009765625,
      "61": 0.01171875,
      "12": 0.0283203125,
      "49": 0.0029296875,
      "47": 0.001953125,
      "6": 0.0302734375,
      "16": 0.0498046875,
      "24": 0.025390625,
      "8": 0.02734375,
      "32": 0.025390625,
      "38": 0.0009765625,
      "58": 0.005859375,
      "15": 0.056640625,
      "33": 0.0009765625,
      "10": 0.001953125,
      "63": 0.0283203125,
      "42": 0.0009765625,
      "54": 0.001953125,
      "1": 0.0068359375,
      "28": 0.009765625,
      "34": 0.00390625,
      "62": 0.0341796875,
      "11": 0.00390625,
      "44": 0.00390625,
      "52": 0.0048828125,
      "3": 0.0068359375,
      "5": 0.00390625,
      "46": 0.0068359375,
      "50": 0.0029296875,
      "45": 0.0009765625,
      "4": 0.0029296875,
      "30": 0.04296875,
      "57": 0.0029296875,
      "40": 0.0048828125,
      "9": 0.001953125,
      "39": 0.0078125,
      "25": 0.00390625,
      "29": 0.0048828125,
      "19": 0.0009765625,
      "17": 0.0048828125,
      "23": 0.0029296875,
      "22": 0.0029296875,
      "20": 0.001953125,
      "26": 0.0009765625
    }
  }
}