{
  "laps": {
    "01_setup": 0.000411,
    "02_cache_search": 0.000468,
    "03_transpile": 0.199224,
    "07_cache_write": 0.016214,
    "04_submit": 0.004108,
    "05_run": 0.046159,
    "06_collect": 0.000786,
    "total": 0.26737
  },
  "meta": {
    "backend": "fake_jakarta",
    "n_qubits": 6,
    "depth_in": 30,
    "depth_transpiled": 257,
    "size_transpiled": 508,
    "quasi_dist": {
      "0": 1.0
    }
  }
}