{
  "laps": {
    "01_setup": 6.3e-05,
    "02_cache_search": 0.000239,
    "04_submit": 0.000842,
    "05_run": 0.025077,
    "06_collect": 0.000149,
    "total": 0.02637
  },
  "meta": {
    "backend": "fake_jakarta",
    "n_qubits": 3,
    "depth_in": 33,
    "depth_transpiled": 46,
    "size_transpiled": 98,
    "quasi_dist": {
      "6": 0.1123046875,
      "3": 0.1884765625,
      "1": 0.1474609375,
      "2": 0.16015625,
      "0": 0.1396484375,
      "7": 0.0751953125,
      "5": 0.095703125,
      "4": 0.0810546875
    }
  }
}