{
  "laps": {
    "01_setup": 6.3e-05,
    "02_cache_search": 8.9e-05,
    "04_submit": 0.000512,
    "05_run": 0.020568,
    "06_collect": 5.6e-05,
    "total": 0.021288
  },
  "meta": {
    "backend": "fake_jakarta",
    "n_qubits": 3,
    "depth_in": 5,
    "depth_transpiled": 11,
    "size_transpiled": 28,
    "quasi_dist": {
      "2": 0.134765625,
      "0": 0.123046875,
      "6": 0.1474609375,
      "7": 0.12109375,
      "1": 0.123046875,
      "4": 0.11328125,
      "5": 0.1240234375,
      "3": 0.11328125
    }
  }
}