{
  "laps": {
    "01_setup": 8e-05,
    "03_transpile": 0.027209,
    "04_submit": 0.000879,
    "05_run": 0.021378,
    "06_collect": 7.3e-05,
    "total": 0.049619
  },
  "meta": {
    "backend": "fake_jakarta",
    "n_qubits": 6,
    "depth_in": 8,
    "depth_transpiled": 13,
    "size_transpiled": 18,
    "quasi_dist": {
      "0": 0.501953125,
      "63": 0.498046875
    }
  }
}