{
  "laps": {
    "01_setup": 6.9e-05,
    "03_transpile": 0.037576,
    "04_submit": 0.001047,
    "05_run": 0.02461,
    "06_collect": 0.000156,
    "total": 0.063458
  },
  "meta": {
    "backend": "fake_jakarta",
    "n_qubits": 5,
    "depth_in": 19,
    "depth_transpiled": 28,
    "size_transpiled": 102,
    "quasi_dist": {
      "2": 0.0498046875,
      "19": 0.029296875,
      "30": 0.0234375,
      "25": 0.0146484375,
      "1": 0.052734375,
      "16": 0.0224609375,
      "31": 0.0380859375,
      "22": 0.017578125,
      "4": 0.0546875,
      "0": 0.25390625,
      "12": 0.0380859375,
      "8": 0.05859375,
      "11": 0.0166015625,
      "14": 0.0439453125,
      "18": 0.017578125,
      "3": 0.0361328125,
      "7": 0.0341796875,
      "29": 0.00390625,
      "6": 0.0234375,
      "13": 0.0224609375,
      "17": 0.02734375,
      "28": 0.0439453125,
      "20": 0.01171875,
      "27": 0.0048828125,
      "26": 0.0087890625,
      "24": 0.0078125,
      "15": 0.0224609375,
      "10": 0.0009765625,
      "23": 0.0009765625,
      "9": 0.01171875,
      "5": 0.0068359375,
      "21": 0.0009765625
    }
  }
}