{
  "laps": {
    "01_setup": 6.2e-05,
    "03_transpile": 0.021357,
    "04_submit": 0.000735,
    "05_run": 0.019168,
    "06_collect": 5.8e-05,
    "total": 0.04138
  },
  "meta": {
    "backend": "fake_jakarta",
    "n_qubits": 3,
    "depth_in": 11,
    "depth_transpiled": 13,
    "size_transpiled": 15,
    "quasi_dist": {
      "7": 0.513671875,
      "0": 0.486328125
    }
  }
}