{
  "laps": {
    "01_setup": 6.7e-05,
    "02_cache_search": 0.000801,
    "04_submit": 0.006033,
    "05_run": 0.03461,
    "06_collect": 0.000644,
    "total": 0.042155
  },
  "meta": {
    "backend": "fake_jakarta",
    "n_qubits": 6,
    "depth_in": 68,
    "depth_transpiled": 173,
    "size_transpiled": 433,
    "quasi_dist": {
      "47": 0.013671875,
      "6": 0.029296875,
      "48": 0.0361328125,
      "7": 0.044921875,
      "36": 0.001953125,
      "60": 0.033203125,
      "13": 0.0068359375,
      "61": 0.0107421875,
      "12": 0.0234375,
      "52": 0.001953125,
      "44": 0.00390625,
      "3": 0.0107421875,
      "16": 0.0498046875,
      "59": 0.0009765625,
      "14": 0.080078125,
      "55": 0.0009765625,
      "0": 0.2373046875,
      "8": 0.0224609375,
      "31": 0.0244140625,
      "24": 0.0478515625,
      "30": 0.0517578125,
      "56": 0.0302734375,
      "51": 0.001953125,
      "45": 0.001953125,
      "4": 0.005859375,
      "28": 0.0078125,
      "50": 0.0029296875,
      "5": 0.005859375,
      "46": 0.0078125,
      "32": 0.0322265625,
      "10": 0.0029296875,
      "63": 0.0341796875,
      "38": 0.0009765625,
      "58": 0.0078125,
      "15": 0.0517578125,
      "34": 0.00390625,
      "11": 0.00390625,
      "62": 0.03515625,
      "25": 0.001953125,
      "9": 0.0029296875,
      "2": 0.0029296875,
      "23": 0.001953125,
      "42": 0.0009765625,
      "1": 0.00390625,
      "17": 0.0009765625,
      "19": 0.0029296875,
      "22": 0.0009765625,
      "57": 0.0029296875,
      "29": 0.001953125,
      "40": 0.00390625,
      "26": 0.001953125
    }
  }
}