{
  "laps": {
    "01_setup": 6.9e-05,
    "03_transpile": 0.075952,
    "04_submit": 0.00254,
    "05_run": 0.031854,
    "06_collect": 0.000466,
    "total": 0.110881
  },
  "meta": {
    "backend": "fake_jakarta",
    "n_qubits": 5,
    "depth_in": 67,
    "depth_transpiled": 88,
    "size_transpiled": 318,
    "quasi_dist": {
      "8": 0.001953125,
      "0": 0.4296875,
      "28": 0.078125,
      "5": 0.0068359375,
      "12": 0.0478515625,
      "15": 0.0302734375,
      "30": 0.01171875,
      "24": 0.048828125,
      "27": 0.0009765625,
      "3": 0.0263671875,
      "22": 0.0078125,
      "19": 0.013671875,
      "29": 0.0185546875,
      "13": 0.0205078125,
      "14": 0.0576171875,
      "6": 0.03515625,
      "7": 0.029296875,
      "1": 0.0556640625,
      "31": 0.0166015625,
      "2": 0.0107421875,
      "25": 0.0126953125,
      "11": 0.00390625,
      "20": 0.0078125,
      "18": 0.01171875,
      "21": 0.001953125,
      "17": 0.001953125,
      "26": 0.001953125,
      "16": 0.0029296875,
      "23": 0.001953125,
      "10": 0.0029296875,
      "4": 0.001953125
    }
  }
}