{
  "01_setup": 0.000908,
  "03_transpile": 10.127462,
  "04_submit": 0.384769,
  "05_run": 1.76593,
  "06_collect": 0.045638,
  "total": 12.324707
}