{
  "laps": {
    "01_setup": 8e-05,
    "03_transpile": 0.04828,
    "04_submit": 0.002022,
    "05_run": 0.028852,
    "06_collect": 0.000244,
    "total": 0.079478
  },
  "meta": {
    "backend": "fake_jakarta",
    "n_qubits": 5,
    "depth_in": 35,
    "depth_transpiled": 48,
    "size_transpiled": 174,
    "quasi_dist": {
      "14": 0.0830078125,
      "29": 0.01953125,
      "15": 0.0322265625,
      "26": 0.0087890625,
      "8": 0.044921875,
      "0": 0.130859375,
      "28": 0.0751953125,
      "21": 0.0048828125,
      "24": 0.0712890625,
      "11": 0.0205078125,
      "6": 0.0634765625,
      "27": 0.0185546875,
      "1": 0.021484375,
      "12": 0.0810546875,
      "31": 0.0146484375,
      "5": 0.0234375,
      "23": 0.0107421875,
      "25": 0.0029296875,
      "2": 0.0419921875,
      "30": 0.03515625,
      "17": 0.0068359375,
      "16": 0.037109375,
      "4": 0.0439453125,
      "7": 0.0380859375,
      "13": 0.0146484375,
      "22": 0.00390625,
      "18": 0.0068359375,
      "3": 0.0205078125,
      "9": 0.013671875,
      "20": 0.0048828125,
      "10": 0.0048828125
    }
  }
}