{
  "laps": {
    "01_setup": 6.7e-05,
    "02_cache_search": 0.000238,
    "04_submit": 0.000872,
    "05_run": 0.022392,
    "06_collect": 0.000132,
    "total": 0.023701
  },
  "meta": {
    "backend": "fake_jakarta",
    "n_qubits": 3,
    "depth_in": 33,
    "depth_transpiled": 46,
    "size_transpiled": 98,
    "quasi_dist": {
      "2": 0.1689453125,
      "6": 0.126953125,
      "3": 0.1630859375,
      "7": 0.0654296875,
      "1": 0.15234375,
      "0": 0.15625,
      "5": 0.076171875,
      "4": 0.0908203125
    }
  }
}