{
  "laps": {
    "01_setup": 7.2e-05,
    "02_cache_search": 0.000112,
    "04_submit": 0.000658,
    "05_run": 0.021367,
    "06_collect": 9.9e-05,
    "total": 0.022308
  },
  "meta": {
    "backend": "fake_jakarta",
    "n_qubits": 7,
    "depth_in": 8,
    "depth_transpiled": 22,
    "size_transpiled": 33,
    "quasi_dist": {
      "0": 0.5185546875,
      "127": 0.4814453125
    }
  }
}