{
  "laps": {
    "01_setup": 7.4e-05,
    "03_transpile": 0.033117,
    "04_submit": 0.000844,
    "05_run": 0.023111,
    "06_collect": 0.00027,
    "total": 0.057416
  },
  "meta": {
    "backend": "fake_jakarta",
    "n_qubits": 3,
    "depth_in": 9,
    "depth_transpiled": 16,
    "size_transpiled": 38,
    "quasi_dist": {
      "0": 0.6171875,
      "1": 0.0869140625,
      "4": 0.115234375,
      "2": 0.1162109375,
      "6": 0.017578125,
      "3": 0.021484375,
      "5": 0.0205078125,
      "7": 0.0048828125
    }
  }
}