{
  "laps": {
    "01_setup": 5.8e-05,
    "03_transpile": 0.032248,
    "04_submit": 0.000743,
    "05_run": 0.021103,
    "06_collect": 8.9e-05,
    "total": 0.054241
  },
  "meta": {
    "backend": "fake_jakarta",
    "n_qubits": 3,
    "depth_in": 17,
    "depth_transpiled": 26,
    "size_transpiled": 58,
    "quasi_dist": {
      "0": 0.439453125,
      "6": 0.10546875,
      "2": 0.0478515625,
      "1": 0.091796875,
      "4": 0.080078125,
      "3": 0.1767578125,
      "5": 0.0390625,
      "7": 0.01953125
    }
  }
}