{
  "laps": {
    "01_setup": 6.4e-05,
    "03_transpile": 0.031219,
    "04_submit": 0.000782,
    "05_run": 0.021019,
    "06_collect": 5.3e-05,
    "total": 0.053137
  },
  "meta": {
    "backend": "fake_jakarta",
    "n_qubits": 3,
    "depth_in": 6,
    "depth_transpiled": 23,
    "size_transpiled": 26,
    "quasi_dist": {
      "4": 0.1259765625,
      "2": 0.1279296875,
      "0": 0.123046875,
      "7": 0.1123046875,
      "3": 0.1328125,
      "1": 0.1279296875,
      "6": 0.130859375,
      "5": 0.119140625
    }
  }
}