{
  "01_setup": 0.000905,
  "02_cache_search": 0.008541,
  "03_transpile": 0.250472,
  "07_cache_write": 0.01674,
  "04_submit": 0.067605,
  "05_run": 0.58539,
  "06_collect": 0.010615,
  "total": 0.940268
}