{
  "laps": {
    "01_setup": 7.4e-05,
    "03_transpile": 0.051496,
    "04_submit": 0.002154,
    "05_run": 0.026427,
    "06_collect": 0.000244,
    "total": 0.080395
  },
  "meta": {
    "backend": "fake_jakarta",
    "n_qubits": 5,
    "depth_in": 35,
    "depth_transpiled": 48,
    "size_transpiled": 174,
    "quasi_dist": {
      "0": 0.1123046875,
      "2": 0.0390625,
      "21": 0.0087890625,
      "3": 0.0244140625,
      "12": 0.076171875,
      "16": 0.0361328125,
      "24": 0.080078125,
      "14": 0.072265625,
      "30": 0.052734375,
      "1": 0.021484375,
      "18": 0.01171875,
      "23": 0.0068359375,
      "6": 0.0859375,
      "15": 0.033203125,
      "4": 0.052734375,
      "7": 0.033203125,
      "25": 0.0048828125,
      "29": 0.015625,
      "17": 0.0078125,
      "5": 0.01953125,
      "28": 0.0888671875,
      "8": 0.0380859375,
      "20": 0.0048828125,
      "10": 0.0048828125,
      "11": 0.017578125,
      "9": 0.013671875,
      "13": 0.013671875,
      "26": 0.0048828125,
      "31": 0.0078125,
      "22": 0.00390625,
      "27": 0.0068359375
    }
  }
}