{
  "laps": {
    "01_setup": 6.4e-05,
    "03_transpile": 0.021616,
    "04_submit": 0.000688,
    "05_run": 0.022675,
    "06_collect": 4.3e-05,
    "total": 0.045086
  },
  "meta": {
    "backend": "fake_jakarta",
    "n_qubits": 5,
    "depth_in": 6,
    "depth_transpiled": 8,
    "size_transpiled": 12,
    "quasi_dist": {
      "0": 0.4931640625,
      "31": 0.5068359375
    }
  }
}