{
  "01_setup": 0.000712,
  "03_transpile": 0.266341,
  "04_submit": 0.013393,
  "05_run": 0.224128,
  "06_collect": 0.00203,
  "total": 0.506604
}