{
  "laps": {
    "01_setup": 6.5e-05,
    "02_cache_search": 0.000121,
    "04_submit": 0.000622,
    "05_run": 0.020039,
    "06_collect": 9.2e-05,
    "total": 0.020939
  },
  "meta": {
    "backend": "fake_jakarta",
    "n_qubits": 5,
    "depth_in": 13,
    "depth_transpiled": 15,
    "size_transpiled": 19,
    "quasi_dist": {
      "31": 0.4638671875,
      "0": 0.5361328125
    }
  }
}