{
  "laps": {
    "01_setup": 8.2e-05,
    "02_cache_search": 0.000452,
    "04_submit": 0.001723,
    "05_run": 0.028068,
    "06_collect": 0.000282,
    "total": 0.030607
  },
  "meta": {
    "backend": "fake_jakarta",
    "n_qubits": 3,
    "depth_in": 65,
    "depth_transpiled": 86,
    "size_transpiled": 178,
    "quasi_dist": {
      "0": 0.787109375,
      "1": 0.0634765625,
      "3": 0.0390625,
      "6": 0.0654296875,
      "7": 0.0087890625,
      "5": 0.001953125,
      "2": 0.029296875,
      "4": 0.0048828125
    }
  }
}