{
  "laps": {
    "01_setup": 7.2e-05,
    "02_cache_search": 0.000153,
    "04_submit": 0.000582,
    "05_run": 0.021727,
    "06_collect": 0.00012,
    "total": 0.022654
  },
  "meta": {
    "backend": "fake_jakarta",
    "n_qubits": 3,
    "depth_in": 9,
    "depth_transpiled": 16,
    "size_transpiled": 38,
    "quasi_dist": {
      "5": 0.0126953125,
      "0": 0.6513671875,
      "2": 0.1005859375,
      "4": 0.1005859375,
      "1": 0.0986328125,
      "6": 0.01171875,
      "3": 0.0224609375,
      "7": 0.001953125
    }
  }
}