{
  "laps": {
    "01_setup": 6.8e-05,
    "02_cache_search": 0.000921,
    "04_submit": 0.002741,
    "05_run": 0.034319,
    "06_collect": 0.000522,
    "total": 0.038571
  },
  "meta": {
    "backend": "fake_jakarta",
    "n_qubits": 3,
    "depth_in": 129,
    "depth_transpiled": 166,
    "size_transpiled": 338,
    "quasi_dist": {
      "1": 0.1630859375,
      "0": 0.580078125,
      "2": 0.1513671875,
      "5": 0.0087890625,
      "6": 0.03125,
      "3": 0.056640625,
      "4": 0.0078125,
      "7": 0.0009765625
    }
  }
}