{
  "laps": {
    "01_setup": 9.2e-05,
    "02_cache_search": 0.002922,
    "03_transpile": 0.266141,
    "07_cache_write": 0.051336,
    "04_submit": 0.005426,
    "05_run": 0.06351,
    "06_collect": 0.001147,
    "total": 0.390574
  },
  "meta": {
    "backend": "fake_jakarta",
    "n_qubits": 6,
    "depth_in": 132,
    "depth_transpiled": 341,
    "size_transpiled": 833,
    "quasi_dist": {
      "11": 0.00390625,
      "34": 0.0029296875,
      "62": 0.064453125,
      "28": 0.0546875,
      "58": 0.0078125,
      "15": 0.0615234375,
      "3": 0.037109375,
      "52": 0.00390625,
      "55": 0.001953125,
      "0": 0.126953125,
      "30": 0.0634765625,
      "56": 0.044921875,
      "24": 0.0234375,
      "26": 0.005859375,
      "13": 0.0087890625,
      "60": 0.1220703125,
      "33": 0.0029296875,
      "10": 0.0048828125,
      "63": 0.0166015625,
      "2": 0.0361328125,
      "51": 0.00390625,
      "45": 0.001953125,
      "4": 0.0244140625,
      "7": 0.0498046875,
      "48": 0.0185546875,
      "31": 0.0537109375,
      "5": 0.005859375,
      "57": 0.001953125,
      "32": 0.0048828125,
      "39": 0.00390625,
      "49": 0.005859375,
      "6": 0.03515625,
      "59": 0.001953125,
      "37": 0.0009765625,
      "14": 0.01953125,
      "54": 0.001953125,
      "1": 0.00390625,
      "16": 0.001953125,
      "8": 0.017578125,
      "18": 0.0009765625,
      "35": 0.009765625,
      "12": 0.0263671875,
      "27": 0.0009765625,
      "9": 0.00390625,
      "21": 0.0009765625,
      "17": 0.0009765625,
      "22": 0.001953125,
      "20": 0.0009765625,
      "23": 0.0009765625
    }
  }
}