{
  "laps": {
    "01_setup": 6.8e-05,
    "02_cache_search": 0.001565,
    "04_submit": 0.005311,
    "05_run": 0.046214,
    "06_collect": 0.001047,
    "total": 0.054205
  },
  "meta": {
    "backend": "fake_jakarta",
    "n_qubits": 6,
    "depth_in": 132,
    "depth_transpiled": 341,
    "size_transpiled": 833,
    "quasi_dist": {
      "28": 0.0556640625,
      "11": 0.00390625,
      "34": 0.0009765625,
      "62": 0.05859375,
      "38": 0.0009765625,
      "58": 0.0029296875,
      "15": 0.056640625,
      "23": 0.0009765625,
      "49": 0.00390625,
      "6": 0.03125,
      "36": 0.0009765625,
      "13": 0.013671875,
      "60": 0.1025390625,
      "30": 0.0537109375,
      "31": 0.0576171875,
      "55": 0.001953125,
      "0": 0.1318359375,
      "52": 0.001953125,
      "3": 0.037109375,
      "56": 0.05078125,
      "45": 0.0009765625,
      "51": 0.0078125,
      "4": 0.029296875,
      "14": 0.01953125,
      "24": 0.01953125,
      "48": 0.0205078125,
      "7": 0.068359375,
      "26": 0.0068359375,
      "8": 0.00390625,
      "22": 0.00390625,
      "63": 0.009765625,
      "33": 0.00390625,
      "10": 0.001953125,
      "35": 0.0107421875,
      "61": 0.0009765625,
      "12": 0.0322265625,
      "57": 0.0048828125,
      "2": 0.03515625,
      "32": 0.009765625,
      "50": 0.0029296875,
      "5": 0.0068359375,
      "29": 0.001953125,
      "1": 0.0107421875,
      "54": 0.00390625,
      "16": 0.0029296875,
      "18": 0.0068359375,
      "27": 0.0009765625,
      "39": 0.0009765625,
      "17": 0.001953125,
      "9": 0.001953125
    }
  }
}