{
  "laps": {
    "01_setup": 6.3e-05,
    "03_transpile": 0.029157,
    "04_submit": 0.000871,
    "05_run": 0.020818,
    "06_collect": 8.5e-05,
    "total": 0.050994
  },
  "meta": {
    "backend": "fake_jakarta",
    "n_qubits": 6,
    "depth_in": 14,
    "depth_transpiled": 19,
    "size_transpiled": 24,
    "quasi_dist": {
      "63": 0.501953125,
      "0": 0.498046875
    }
  }
}