{
  "laps": {
    "01_setup": 0.000102,
    "02_cache_search": 0.004148,
    "04_submit": 0.049741,
    "05_run": 0.500408,
    "06_collect": 0.009347,
    "total": 0.563746
  },
  "meta": {
    "backend": "fake_jakarta",
    "n_qubits": 7,
    "depth_in": 231,
    "depth_transpiled": 2927,
    "size_transpiled": 5614,
    "quasi_dist": {
      "0": 1.0
    }
  }
}