{
  "01_setup": 0.000993,
  "03_transpile": 21.924753,
  "04_submit": 0.61901,
  "05_run": 2.514957,
  "06_collect": 0.068637,
  "total": 25.12835
}