{
  "laps": {
    "01_setup": 8.9e-05,
    "02_cache_search": 0.001518,
    "04_submit": 0.004093,
    "05_run": 0.047145,
    "06_collect": 0.000879,
    "total": 0.053724
  },
  "meta": {
    "backend": "fake_jakarta",
    "n_qubits": 5,
    "depth_in": 131,
    "depth_transpiled": 168,
    "size_transpiled": 606,
    "quasi_dist": {
      "27": 0.0419921875,
      "12": 0.0625,
      "20": 0.03125,
      "5": 0.021484375,
      "15": 0.02734375,
      "0": 0.0439453125,
      "10": 0.0244140625,
      "9": 0.03515625,
      "18": 0.01953125,
      "28": 0.0380859375,
      "21": 0.0361328125,
      "25": 0.060546875,
      "4": 0.033203125,
      "24": 0.0419921875,
      "19": 0.0283203125,
      "26": 0.0400390625,
      "23": 0.021484375,
      "11": 0.0302734375,
      "8": 0.015625,
      "13": 0.0498046875,
      "6": 0.0341796875,
      "31": 0.025390625,
      "16": 0.0224609375,
      "30": 0.01953125,
      "2": 0.02734375,
      "1": 0.0224609375,
      "7": 0.025390625,
      "14": 0.0244140625,
      "22": 0.0361328125,
      "29": 0.037109375,
      "17": 0.015625,
      "3": 0.0068359375
    }
  }
}