{
  "laps": {
    "01_setup": 6.3e-05,
    "02_cache_search": 0.000208,
    "04_submit": 0.001082,
    "05_run": 0.020708,
    "06_collect": 0.000167,
    "total": 0.022228
  },
  "meta": {
    "backend": "fake_jakarta",
    "n_qubits": 3,
    "depth_in": 35,
    "depth_transpiled": 37,
    "size_transpiled": 39,
    "quasi_dist": {
      "0": 0.490234375,
      "7": 0.509765625
    }
  }
}