{
  "laps": {
    "01_setup": 6.3e-05,
    "02_cache_search": 0.000222,
    "04_submit": 0.000953,
    "05_run": 0.020483,
    "06_collect": 0.000156,
    "total": 0.021877
  },
  "meta": {
    "backend": "fake_jakarta",
    "n_qubits": 3,
    "depth_in": 35,
    "depth_transpiled": 37,
    "size_transpiled": 39,
    "quasi_dist": {
      "7": 0.50390625,
      "0": 0.49609375
    }
  }
}