{
  "laps": {
    "01_setup": 0.000111,
    "02_cache_search": 0.000106,
    "04_submit": 0.00114,
    "05_run": 0.02203,
    "06_collect": 5.5e-05,
    "total": 0.023442
  },
  "meta": {
    "backend": "fake_jakarta",
    "n_qubits": 3,
    "depth_in": 5,
    "depth_transpiled": 11,
    "size_transpiled": 28,
    "quasi_dist": {
      "5": 0.123046875,
      "6": 0.1259765625,
      "2": 0.1171875,
      "7": 0.1201171875,
      "3": 0.14453125,
      "4": 0.140625,
      "0": 0.1220703125,
      "1": 0.1064453125
    }
  }
}