{
  "laps": {
    "01_setup": 7.5e-05,
    "03_transpile": 0.02499,
    "04_submit": 0.000713,
    "05_run": 0.02207,
    "06_collect": 5.3e-05,
    "total": 0.047901
  },
  "meta": {
    "backend": "fake_jakarta",
    "n_qubits": 3,
    "depth_in": 5,
    "depth_transpiled": 11,
    "size_transpiled": 28,
    "quasi_dist": {
      "4": 0.1162109375,
      "7": 0.115234375,
      "2": 0.123046875,
      "5": 0.138671875,
      "3": 0.1123046875,
      "6": 0.14453125,
      "1": 0.1240234375,
      "0": 0.1259765625
    }
  }
}