{
  "laps": {
    "01_setup": 7.8e-05,
    "03_transpile": 0.025002,
    "04_submit": 0.000793,
    "05_run": 0.022586,
    "06_collect": 9.4e-05,
    "total": 0.048553
  },
  "meta": {
    "backend": "fake_jakarta",
    "n_qubits": 3,
    "depth_in": 19,
    "depth_transpiled": 21,
    "size_transpiled": 23,
    "quasi_dist": {
      "0": 0.498046875,
      "7": 0.501953125
    }
  }
}