{
  "laps": {
    "01_setup": 6.5e-05,
    "03_transpile": 0.025943,
    "04_submit": 0.000904,
    "05_run": 0.020715,
    "06_collect": 0.000144,
    "total": 0.047771
  },
  "meta": {
    "backend": "fake_jakarta",
    "n_qubits": 3,
    "depth_in": 35,
    "depth_transpiled": 37,
    "size_transpiled": 39,
    "quasi_dist": {
      "0": 0.5087890625,
      "7": 0.4912109375
    }
  }
}