{
  "laps": {
    "01_setup": 0.000119,
    "03_transpile": 0.042408,
    "04_submit": 0.000943,
    "05_run": 0.027241,
    "06_collect": 0.00012,
    "total": 0.070831
  },
  "meta": {
    "backend": "fake_jakarta",
    "n_qubits": 7,
    "depth_in": 11,
    "depth_transpiled": 24,
    "size_transpiled": 35,
    "quasi_dist": {
      "0": 0.5029296875,
      "127": 0.4970703125
    }
  }
}