{
  "laps": {
    "01_setup": 8e-05,
    "02_cache_search": 0.000234,
    "03_transpile": 0.03713,
    "07_cache_write": 0.011534,
    "04_submit": 0.001035,
    "05_run": 0.027037,
    "06_collect": 0.000148,
    "total": 0.077198
  },
  "meta": {
    "backend": "fake_jakarta",
    "n_qubits": 3,
    "depth_in": 33,
    "depth_transpiled": 46,
    "size_transpiled": 98,
    "quasi_dist": {
      "2": 0.1552734375,
      "6": 0.1220703125,
      "3": 0.1669921875,
      "1": 0.1494140625,
      "0": 0.146484375,
      "7": 0.083984375,
      "4": 0.0830078125,
      "5": 0.0927734375
    }
  }
}