{
  "laps": {
    "01_setup": 8.4e-05,
    "02_cache_search": 0.000288,
    "04_submit": 0.001673,
    "05_run": 0.030059,
    "06_collect": 0.000296,
    "total": 0.0324
  },
  "meta": {
    "backend": "fake_jakarta",
    "n_qubits": 7,
    "depth_in": 39,
    "depth_transpiled": 52,
    "size_transpiled": 63,
    "quasi_dist": {
      "127": 0.5009765625,
      "0": 0.4990234375
    }
  }
}