{
  "laps": {
    "01_setup": 6.4e-05,
    "03_transpile": 0.101215,
    "04_submit": 0.002794,
    "05_run": 0.033341,
    "06_collect": 0.000555,
    "total": 0.137969
  },
  "meta": {
    "backend": "fake_jakarta",
    "n_qubits": 6,
    "depth_in": 68,
    "depth_transpiled": 173,
    "size_transpiled": 433,
    "quasi_dist": {
      "32": 0.013671875,
      "55": 0.0009765625,
      "0": 0.26953125,
      "10": 0.00390625,
      "63": 0.0302734375,
      "5": 0.0048828125,
      "50": 0.0029296875,
      "46": 0.0068359375,
      "7": 0.0390625,
      "48": 0.0341796875,
      "58": 0.0048828125,
      "15": 0.0654296875,
      "36": 0.001953125,
      "60": 0.025390625,
      "13": 0.0146484375,
      "30": 0.04296875,
      "47": 0.0078125,
      "49": 0.001953125,
      "6": 0.0390625,
      "44": 0.0087890625,
      "3": 0.0126953125,
      "31": 0.0205078125,
      "34": 0.00390625,
      "62": 0.0390625,
      "12": 0.0244140625,
      "61": 0.0146484375,
      "59": 0.001953125,
      "14": 0.048828125,
      "22": 0.00390625,
      "28": 0.013671875,
      "24": 0.03515625,
      "20": 0.00390625,
      "8": 0.0244140625,
      "25": 0.0029296875,
      "16": 0.046875,
      "56": 0.0419921875,
      "45": 0.0009765625,
      "4": 0.0068359375,
      "9": 0.001953125,
      "39": 0.001953125,
      "43": 0.001953125,
      "2": 0.0029296875,
      "29": 0.0029296875,
      "57": 0.0048828125,
      "23": 0.0009765625,
      "1": 0.0068359375,
      "40": 0.001953125,
      "17": 0.005859375,
      "26": 0.0009765625,
      "19": 0.0009765625
    }
  }
}