{
  "laps": {
    "01_setup": 6.6e-05,
    "03_transpile": 0.029148,
    "04_submit": 0.000601,
    "05_run": 0.024945,
    "06_collect": 5.1e-05,
    "total": 0.054811
  },
  "meta": {
    "backend": "fake_jakarta",
    "n_qubits": 3,
    "depth_in": 6,
    "depth_transpiled": 20,
    "size_transpiled": 26,
    "quasi_dist": {
      "0": 0.1103515625,
      "1": 0.1337890625,
      "7": 0.125,
      "6": 0.134765625,
      "3": 0.1220703125,
      "4": 0.1396484375,
      "5": 0.1181640625,
      "2": 0.1162109375
    }
  }
}