{
  "01_setup": 0.000792,
  "03_transpile": 0.313302,
  "04_submit": 0.007114,
  "05_run": 0.22886,
  "06_collect": 0.000548,
  "total": 0.550616
}