{
  "laps": {
    "01_setup": 6.5e-05,
    "02_cache_search": 0.000158,
    "04_submit": 0.000789,
    "05_run": 0.024395,
    "06_collect": 0.0001,
    "total": 0.025507
  },
  "meta": {
    "backend": "fake_jakarta",
    "n_qubits": 3,
    "depth_in": 17,
    "depth_transpiled": 26,
    "size_transpiled": 58,
    "quasi_dist": {
      "0": 0.4150390625,
      "4": 0.0810546875,
      "6": 0.10546875,
      "5": 0.0537109375,
      "1": 0.087890625,
      "3": 0.185546875,
      "2": 0.05078125,
      "7": 0.0205078125
    }
  }
}