{
  "laps": {
    "01_setup": 0.00012,
    "02_cache_search": 0.001917,
    "04_submit": 0.004517,
    "05_run": 0.03339,
    "06_collect": 0.00048,
    "total": 0.040424
  },
  "meta": {
    "backend": "fake_jakarta",
    "n_qubits": 5,
    "depth_in": 67,
    "depth_transpiled": 88,
    "size_transpiled": 318,
    "quasi_dist": {
      "24": 0.0400390625,
      "1": 0.0546875,
      "0": 0.4404296875,
      "29": 0.0107421875,
      "14": 0.0703125,
      "28": 0.0947265625,
      "12": 0.044921875,
      "15": 0.01953125,
      "7": 0.0263671875,
      "31": 0.0205078125,
      "6": 0.029296875,
      "2": 0.005859375,
      "5": 0.005859375,
      "18": 0.01171875,
      "19": 0.0078125,
      "3": 0.017578125,
      "13": 0.0244140625,
      "22": 0.0078125,
      "16": 0.01171875,
      "10": 0.0048828125,
      "11": 0.0009765625,
      "26": 0.0078125,
      "30": 0.0078125,
      "4": 0.0078125,
      "8": 0.0029296875,
      "25": 0.013671875,
      "20": 0.005859375,
      "23": 0.0009765625,
      "27": 0.0009765625,
      "17": 0.0009765625,
      "21": 0.0009765625
    }
  }
}