{
  "01_setup": 0.001391,
  "02_cache_search": 0.000939,
  "03_transpile": 0.029522,
  "07_cache_write": 0.000734,
  "04_submit": 0.009579,
  "05_run": 0.210608,
  "06_collect": 0.000516,
  "total": 0.253289
}