{
  "laps": {
    "01_setup": 7.4e-05,
    "03_transpile": 0.063354,
    "04_submit": 0.001871,
    "05_run": 0.027332,
    "06_collect": 0.000325,
    "total": 0.092956
  },
  "meta": {
    "backend": "fake_jakarta",
    "n_qubits": 6,
    "depth_in": 36,
    "depth_transpiled": 89,
    "size_transpiled": 233,
    "quasi_dist": {
      "56": 0.068359375,
      "7": 0.0126953125,
      "48": 0.0283203125,
      "47": 0.013671875,
      "49": 0.001953125,
      "6": 0.0263671875,
      "38": 0.0078125,
      "58": 0.015625,
      "15": 0.064453125,
      "63": 0.00390625,
      "10": 0.0126953125,
      "33": 0.0048828125,
      "24": 0.0263671875,
      "55": 0.0107421875,
      "0": 0.177734375,
      "29": 0.01171875,
      "61": 0.005859375,
      "35": 0.0068359375,
      "12": 0.03125,
      "43": 0.0009765625,
      "2": 0.015625,
      "31": 0.0244140625,
      "28": 0.0625,
      "37": 0.0009765625,
      "14": 0.0244140625,
      "59": 0.00390625,
      "62": 0.0166015625,
      "11": 0.009765625,
      "39": 0.0068359375,
      "19": 0.0166015625,
      "51": 0.00390625,
      "4": 0.01171875,
      "16": 0.0205078125,
      "13": 0.001953125,
      "36": 0.0029296875,
      "60": 0.0400390625,
      "54": 0.0068359375,
      "1": 0.0361328125,
      "17": 0.0009765625,
      "8": 0.021484375,
      "26": 0.017578125,
      "3": 0.01953125,
      "52": 0.0009765625,
      "25": 0.0048828125,
      "9": 0.00390625,
      "32": 0.0126953125,
      "30": 0.0302734375,
      "57": 0.013671875,
      "50": 0.0009765625,
      "5": 0.0107421875,
      "40": 0.0078125,
      "20": 0.015625,
      "27": 0.0009765625
    }
  }
}