{
  "laps": {
    "01_setup": 6.1e-05,
    "03_transpile": 0.026039,
    "04_submit": 0.000793,
    "05_run": 0.02004,
    "06_collect": 8.9e-05,
    "total": 0.047022
  },
  "meta": {
    "backend": "fake_jakarta",
    "n_qubits": 3,
    "depth_in": 19,
    "depth_transpiled": 21,
    "size_transpiled": 23,
    "quasi_dist": {
      "0": 0.51171875,
      "7": 0.48828125
    }
  }
}