{
  "01_setup": 0.000625,
  "02_cache_search": 0.001865,
  "03_transpile": 0.036658,
  "07_cache_write": 0.026388,
  "04_submit": 0.010375,
  "05_run": 0.220035,
  "06_collect": 0.001415,
  "total": 0.297361
}