{
  "laps": {
    "01_setup": 6.4e-05,
    "02_cache_search": 0.000714,
    "04_submit": 0.002088,
    "05_run": 0.034197,
    "06_collect": 0.000473,
    "total": 0.037536
  },
  "meta": {
    "backend": "fake_jakarta",
    "n_qubits": 3,
    "depth_in": 129,
    "depth_transpiled": 166,
    "size_transpiled": 338,
    "quasi_dist": {
      "2": 0.17578125,
      "0": 0.5654296875,
      "1": 0.1474609375,
      "5": 0.015625,
      "3": 0.0615234375,
      "4": 0.017578125,
      "6": 0.015625,
      "7": 0.0009765625
    }
  }
}