{
  "01_setup": 0.000806,
  "03_transpile": 0.370979,
  "04_submit": 0.012525,
  "05_run": 0.261592,
  "06_collect": 0.001281,
  "total": 0.647183
}