{
  "laps": {
    "01_setup": 7.7e-05,
    "03_transpile": 0.043723,
    "04_submit": 0.001005,
    "05_run": 0.041896,
    "06_collect": 0.000138,
    "total": 0.086839
  },
  "meta": {
    "backend": "fake_jakarta",
    "n_qubits": 7,
    "depth_in": 9,
    "depth_transpiled": 22,
    "size_transpiled": 33,
    "quasi_dist": {
      "127": 0.474609375,
      "0": 0.525390625
    }
  }
}