{
  "laps": {
    "01_setup": 0.000143,
    "03_transpile": 0.030226,
    "04_submit": 0.000666,
    "05_run": 0.020243,
    "06_collect": 5e-05,
    "total": 0.051328
  },
  "meta": {
    "backend": "fake_jakarta",
    "n_qubits": 3,
    "depth_in": 6,
    "depth_transpiled": 20,
    "size_transpiled": 26,
    "quasi_dist": {
      "2": 0.126953125,
      "5": 0.1279296875,
      "3": 0.109375,
      "6": 0.142578125,
      "7": 0.142578125,
      "1": 0.1162109375,
      "0": 0.1318359375,
      "4": 0.1025390625
    }
  }
}