{
  "laps": {
    "01_setup": 5.8e-05,
    "03_transpile": 0.047814,
    "04_submit": 0.001889,
    "05_run": 0.024766,
    "06_collect": 0.000231,
    "total": 0.074758
  },
  "meta": {
    "backend": "fake_jakarta",
    "n_qubits": 5,
    "depth_in": 35,
    "depth_transpiled": 48,
    "size_transpiled": 174,
    "quasi_dist": {
      "28": 0.0859375,
      "1": 0.0107421875,
      "6": 0.0751953125,
      "15": 0.0322265625,
      "0": 0.0927734375,
      "12": 0.0927734375,
      "30": 0.046875,
      "29": 0.0205078125,
      "4": 0.037109375,
      "14": 0.0859375,
      "24": 0.05859375,
      "16": 0.044921875,
      "3": 0.0234375,
      "11": 0.0126953125,
      "8": 0.0546875,
      "9": 0.0107421875,
      "23": 0.0068359375,
      "20": 0.0087890625,
      "7": 0.0439453125,
      "17": 0.0126953125,
      "2": 0.041015625,
      "5": 0.0244140625,
      "31": 0.009765625,
      "27": 0.013671875,
      "10": 0.0078125,
      "25": 0.005859375,
      "13": 0.0126953125,
      "18": 0.0107421875,
      "26": 0.0048828125,
      "22": 0.0087890625,
      "21": 0.0029296875
    }
  }
}