{
  "laps": {
    "01_setup": 6.7e-05,
    "02_cache_search": 8.6e-05,
    "03_transpile": 0.024622,
    "07_cache_write": 0.000746,
    "04_submit": 0.014763,
    "05_run": 0.029873,
    "06_collect": 5.1e-05,
    "total": 0.070208
  },
  "meta": {
    "backend": "fake_jakarta",
    "n_qubits": 3,
    "depth_in": 5,
    "depth_transpiled": 11,
    "size_transpiled": 28,
    "quasi_dist": {
      "2": 0.12890625,
      "4": 0.12109375,
      "0": 0.119140625,
      "5": 0.1396484375,
      "6": 0.1220703125,
      "1": 0.12109375,
      "3": 0.115234375,
      "7": 0.1328125
    }
  }
}