{
  "laps": {
    "01_setup": 7e-05,
    "02_cache_search": 0.001532,
    "04_submit": 0.007118,
    "05_run": 0.046749,
    "06_collect": 0.001109,
    "total": 0.056578
  },
  "meta": {
    "backend": "fake_jakarta",
    "n_qubits": 6,
    "depth_in": 132,
    "depth_transpiled": 341,
    "size_transpiled": 833,
    "quasi_dist": {
      "2": 0.041015625,
      "28": 0.037109375,
      "34": 0.001953125,
      "11": 0.005859375,
      "62": 0.052734375,
      "49": 0.0078125,
      "47": 0.0009765625,
      "6": 0.0400390625,
      "61": 0.0009765625,
      "35": 0.0048828125,
      "12": 0.03125,
      "55": 0.0009765625,
      "0": 0.12109375,
      "54": 0.0009765625,
      "1": 0.0087890625,
      "31": 0.052734375,
      "58": 0.0048828125,
      "15": 0.05859375,
      "51": 0.005859375,
      "4": 0.017578125,
      "13": 0.0166015625,
      "60": 0.1103515625,
      "7": 0.052734375,
      "48": 0.0234375,
      "56": 0.0634765625,
      "8": 0.009765625,
      "52": 0.001953125,
      "3": 0.044921875,
      "30": 0.0654296875,
      "37": 0.0009765625,
      "59": 0.001953125,
      "14": 0.0322265625,
      "5": 0.005859375,
      "50": 0.001953125,
      "17": 0.005859375,
      "33": 0.0048828125,
      "10": 0.001953125,
      "63": 0.01171875,
      "9": 0.0048828125,
      "18": 0.001953125,
      "26": 0.0068359375,
      "24": 0.01953125,
      "39": 0.001953125,
      "27": 0.0009765625,
      "32": 0.0048828125,
      "22": 0.0029296875,
      "16": 0.001953125,
      "29": 0.0009765625,
      "25": 0.0009765625
    }
  }
}