{
  "laps": {
    "01_setup": 6.8e-05,
    "03_transpile": 0.027979,
    "04_submit": 0.000644,
    "05_run": 0.021254,
    "06_collect": 5e-05,
    "total": 0.049995
  },
  "meta": {
    "backend": "fake_jakarta",
    "n_qubits": 6,
    "depth_in": 7,
    "depth_transpiled": 12,
    "size_transpiled": 17,
    "quasi_dist": {
      "0": 0.5146484375,
      "63": 0.4853515625
    }
  }
}