{
  "01_setup": 0.000648,
  "02_cache_search": 0.001231,
  "03_transpile": 0.028647,
  "07_cache_write": 0.008608,
  "04_submit": 0.011351,
  "05_run": 0.209534,
  "06_collect": 0.000656,
  "total": 0.260675
}