{
  "laps": {
    "01_setup": 6.8e-05,
    "02_cache_search": 0.000183,
    "03_transpile": 0.021497,
    "07_cache_write": 0.002962,
    "04_submit": 0.000587,
    "05_run": 0.025878,
    "06_collect": 6.7e-05,
    "total": 0.051242
  },
  "meta": {
    "backend": "fake_jakarta",
    "n_qubits": 5,
    "depth_in": 7,
    "depth_transpiled": 9,
    "size_transpiled": 13,
    "quasi_dist": {
      "0": 0.48828125,
      "31": 0.51171875
    }
  }
}