{
  "01_setup": 0.000816,
  "03_transpile": 4.17008,
  "04_submit": 0.087953,
  "05_run": 0.822467,
  "06_collect": 0.014504,
  "total": 5.09582
}