{
  "laps": {
    "01_setup": 7e-05,
    "02_cache_search": 0.000164,
    "04_submit": 0.00086,
    "05_run": 0.022036,
    "06_collect": 0.000136,
    "total": 0.023266
  },
  "meta": {
    "backend": "fake_jakarta",
    "n_qubits": 5,
    "depth_in": 21,
    "depth_transpiled": 23,
    "size_transpiled": 27,
    "quasi_dist": {
      "31": 0.49609375,
      "0": 0.50390625
    }
  }
}