{
  "laps": {
    "01_setup": 6.1e-05,
    "03_transpile": 0.021138,
    "04_submit": 0.00066,
    "05_run": 0.020238,
    "06_collect": 8.3e-05,
    "total": 0.04218
  },
  "meta": {
    "backend": "fake_jakarta",
    "n_qubits": 5,
    "depth_in": 13,
    "depth_transpiled": 15,
    "size_transpiled": 19,
    "quasi_dist": {
      "0": 0.494140625,
      "31": 0.505859375
    }
  }
}