{
  "laps": {
    "01_setup": 6e-05,
    "02_cache_search": 0.000142,
    "04_submit": 0.000772,
    "05_run": 0.022278,
    "06_collect": 9.7e-05,
    "total": 0.023349
  },
  "meta": {
    "backend": "fake_jakarta",
    "n_qubits": 6,
    "depth_in": 14,
    "depth_transpiled": 25,
    "size_transpiled": 35,
    "quasi_dist": {
      "0": 0.498046875,
      "63": 0.501953125
    }
  }
}