{
  "laps": {
    "01_setup": 7.1e-05,
    "03_transpile": 0.034047,
    "04_submit": 0.00124,
    "05_run": 0.021245,
    "06_collect": 0.000219,
    "total": 0.056822
  },
  "meta": {
    "backend": "fake_jakarta",
    "n_qubits": 6,
    "depth_in": 38,
    "depth_transpiled": 43,
    "size_transpiled": 48,
    "quasi_dist": {
      "0": 0.4814453125,
      "63": 0.5185546875
    }
  }
}