{
  "laps": {
    "01_setup": 5.3e-05,
    "02_cache_search": 7.3e-05,
    "04_submit": 0.000536,
    "05_run": 0.02291,
    "06_collect": 5.1e-05,
    "total": 0.023623
  },
  "meta": {
    "backend": "fake_jakarta",
    "n_qubits": 3,
    "depth_in": 6,
    "depth_transpiled": 23,
    "size_transpiled": 26,
    "quasi_dist": {
      "5": 0.1171875,
      "6": 0.1328125,
      "3": 0.126953125,
      "7": 0.142578125,
      "2": 0.1083984375,
      "4": 0.1220703125,
      "1": 0.1376953125,
      "0": 0.1123046875
    }
  }
}