{
  "laps": {
    "01_setup": 9.6e-05,
    "02_cache_search": 0.000313,
    "04_submit": 0.002976,
    "05_run": 0.026517,
    "06_collect": 0.000298,
    "total": 0.0302
  },
  "meta": {
    "backend": "fake_jakarta",
    "n_qubits": 7,
    "depth_in": 39,
    "depth_transpiled": 52,
    "size_transpiled": 63,
    "quasi_dist": {
      "127": 0.48828125,
      "0": 0.51171875
    }
  }
}