{
  "01_setup": 0.000874,
  "03_transpile": 0.242138,
  "04_submit": 0.010887,
  "05_run": 0.227128,
  "06_collect": 0.000467,
  "total": 0.481494
}