{
  "01_setup": 0.000743,
  "02_cache_search": 0.017195,
  "03_transpile": 0.266141,
  "07_cache_write": 0.051336,
  "04_submit": 0.155259,
  "05_run": 0.497426,
  "06_collect": 0.011211,
  "total": 0.999311
}