{
  "laps": {
    "01_setup": 0.000508,
    "03_transpile": 0.026658,
    "04_submit": 0.000642,
    "05_run": 0.0249,
    "06_collect": 6.7e-05,
    "total": 0.052775
  },
  "meta": {
    "backend": "fake_jakarta",
    "n_qubits": 5,
    "depth_in": 7,
    "depth_transpiled": 9,
    "size_transpiled": 13,
    "quasi_dist": {
      "0": 0.5068359375,
      "31": 0.4931640625
    }
  }
}