{
  "laps": {
    "01_setup": 8.1e-05,
    "02_cache_search": 0.000185,
    "04_submit": 0.001004,
    "05_run": 0.033789,
    "06_collect": 0.000214,
    "total": 0.035273
  },
  "meta": {
    "backend": "fake_jakarta",
    "n_qubits": 5,
    "depth_in": 11,
    "depth_transpiled": 18,
    "size_transpiled": 66,
    "quasi_dist": {
      "0": 0.455078125,
      "11": 0.00390625,
      "2": 0.0751953125,
      "24": 0.0078125,
      "1": 0.08203125,
      "20": 0.013671875,
      "30": 0.0029296875,
      "4": 0.0908203125,
      "8": 0.0771484375,
      "14": 0.001953125,
      "3": 0.017578125,
      "16": 0.0771484375,
      "6": 0.013671875,
      "12": 0.009765625,
      "9": 0.0087890625,
      "5": 0.0068359375,
      "18": 0.0126953125,
      "10": 0.015625,
      "17": 0.0087890625,
      "22": 0.00390625,
      "21": 0.0029296875,
      "7": 0.001953125,
      "26": 0.001953125,
      "19": 0.0009765625,
      "13": 0.001953125,
      "23": 0.0009765625,
      "25": 0.00390625
    }
  }
}