{
  "laps": {
    "01_setup": 0.000119,
    "02_cache_search": 0.000132,
    "04_submit": 0.001485,
    "05_run": 0.315164,
    "06_collect": 7e-05,
    "total": 0.31697
  },
  "meta": {
    "backend": "fake_jakarta",
    "n_qubits": 3,
    "depth_in": 5,
    "depth_transpiled": 11,
    "size_transpiled": 28,
    "quasi_dist": {
      "3": 0.1376953125,
      "2": 0.1201171875,
      "4": 0.1279296875,
      "7": 0.11328125,
      "0": 0.123046875,
      "5": 0.1337890625,
      "1": 0.1337890625,
      "6": 0.1103515625
    }
  }
}