{
  "laps": {
    "01_setup": 8.6e-05,
    "02_cache_search": 0.000203,
    "04_submit": 0.000985,
    "05_run": 0.025794,
    "06_collect": 0.000114,
    "total": 0.027182
  },
  "meta": {
    "backend": "fake_jakarta",
    "n_qubits": 5,
    "depth_in": 11,
    "depth_transpiled": 18,
    "size_transpiled": 66,
    "quasi_dist": {
      "2": 0.080078125,
      "4": 0.095703125,
      "8": 0.0830078125,
      "0": 0.447265625,
      "16": 0.0791015625,
      "1": 0.0673828125,
      "7": 0.0029296875,
      "12": 0.0126953125,
      "21": 0.00390625,
      "18": 0.01171875,
      "24": 0.015625,
      "9": 0.0078125,
      "17": 0.0126953125,
      "11": 0.001953125,
      "10": 0.015625,
      "3": 0.0146484375,
      "6": 0.0126953125,
      "13": 0.0029296875,
      "5": 0.0068359375,
      "28": 0.00390625,
      "20": 0.0078125,
      "14": 0.0029296875,
      "26": 0.0029296875,
      "19": 0.001953125,
      "25": 0.001953125,
      "30": 0.0009765625,
      "29": 0.001953125,
      "27": 0.0009765625
    }
  }
}