{
  "laps": {
    "01_setup": 6.8e-05,
    "03_transpile": 0.035944,
    "04_submit": 0.000933,
    "05_run": 0.026697,
    "06_collect": 0.000127,
    "total": 0.063769
  },
  "meta": {
    "backend": "fake_jakarta",
    "n_qubits": 7,
    "depth_in": 15,
    "depth_transpiled": 28,
    "size_transpiled": 39,
    "quasi_dist": {
      "127": 0.484375,
      "0": 0.515625
    }
  }
}