{
  "01_setup": 0.000718,
  "03_transpile": 0.316977,
  "04_submit": 0.010806,
  "05_run": 0.245556,
  "06_collect": 0.000976,
  "total": 0.575033
}