{
  "laps": {
    "01_setup": 9e-05,
    "02_cache_search": 0.000711,
    "04_submit": 0.002653,
    "05_run": 0.035066,
    "06_collect": 0.000476,
    "total": 0.038996
  },
  "meta": {
    "backend": "fake_jakarta",
    "n_qubits": 5,
    "depth_in": 67,
    "depth_transpiled": 88,
    "size_transpiled": 318,
    "quasi_dist": {
      "12": 0.0546875,
      "7": 0.0205078125,
      "31": 0.0185546875,
      "1": 0.0419921875,
      "24": 0.0478515625,
      "28": 0.1015625,
      "0": 0.447265625,
      "14": 0.05859375,
      "19": 0.0087890625,
      "4": 0.001953125,
      "6": 0.03125,
      "15": 0.0166015625,
      "25": 0.013671875,
      "29": 0.0205078125,
      "30": 0.0078125,
      "8": 0.005859375,
      "27": 0.001953125,
      "3": 0.0263671875,
      "11": 0.0029296875,
      "5": 0.0048828125,
      "26": 0.0068359375,
      "2": 0.0078125,
      "23": 0.0048828125,
      "13": 0.015625,
      "22": 0.0078125,
      "10": 0.005859375,
      "20": 0.0029296875,
      "16": 0.005859375,
      "21": 0.0048828125,
      "18": 0.0029296875,
      "17": 0.0009765625
    }
  }
}