{
  "laps": {
    "01_setup": 0.000108,
    "02_cache_search": 0.004793,
    "04_submit": 0.00439,
    "05_run": 0.042855,
    "06_collect": 0.000956,
    "total": 0.053102
  },
  "meta": {
    "backend": "fake_jakarta",
    "n_qubits": 5,
    "depth_in": 131,
    "depth_transpiled": 168,
    "size_transpiled": 606,
    "quasi_dist": {
      "6": 0.044921875,
      "23": 0.0205078125,
      "9": 0.0400390625,
      "29": 0.0400390625,
      "28": 0.0361328125,
      "11": 0.0234375,
      "0": 0.04296875,
      "8": 0.0244140625,
      "10": 0.037109375,
      "18": 0.0224609375,
      "21": 0.03515625,
      "15": 0.033203125,
      "26": 0.037109375,
      "14": 0.0302734375,
      "20": 0.0244140625,
      "12": 0.0556640625,
      "22": 0.025390625,
      "1": 0.025390625,
      "19": 0.0302734375,
      "13": 0.068359375,
      "4": 0.03125,
      "17": 0.01171875,
      "2": 0.03515625,
      "27": 0.03515625,
      "5": 0.0244140625,
      "3": 0.0087890625,
      "31": 0.0224609375,
      "25": 0.05859375,
      "24": 0.0302734375,
      "30": 0.017578125,
      "7": 0.013671875,
      "16": 0.013671875
    }
  }
}