{
  "laps": {
    "01_setup": 8.4e-05,
    "02_cache_search": 0.000117,
    "04_submit": 0.000584,
    "05_run": 0.021955,
    "06_collect": 4.8e-05,
    "total": 0.022788
  },
  "meta": {
    "backend": "fake_jakarta",
    "n_qubits": 5,
    "depth_in": 7,
    "depth_transpiled": 9,
    "size_transpiled": 13,
    "quasi_dist": {
      "0": 0.4951171875,
      "31": 0.5048828125
    }
  }
}