{
  "laps": {
    "01_setup": 5.6e-05,
    "02_cache_search": 9.3e-05,
    "04_submit": 0.000598,
    "05_run": 0.022566,
    "06_collect": 5.6e-05,
    "total": 0.023369
  },
  "meta": {
    "backend": "fake_jakarta",
    "n_qubits": 5,
    "depth_in": 9,
    "depth_transpiled": 11,
    "size_transpiled": 15,
    "quasi_dist": {
      "31": 0.5205078125,
      "0": 0.4794921875
    }
  }
}