{
  "laps": {
    "01_setup": 6.6e-05,
    "03_transpile": 0.028283,
    "04_submit": 0.000831,
    "05_run": 0.021575,
    "06_collect": 9.4e-05,
    "total": 0.050849
  },
  "meta": {
    "backend": "fake_jakarta",
    "n_qubits": 6,
    "depth_in": 14,
    "depth_transpiled": 19,
    "size_transpiled": 24,
    "quasi_dist": {
      "0": 0.50390625,
      "63": 0.49609375
    }
  }
}