{
  "laps": {
    "01_setup": 7.3e-05,
    "02_cache_search": 0.000383,
    "04_submit": 0.001321,
    "05_run": 0.026812,
    "06_collect": 0.000237,
    "total": 0.028826
  },
  "meta": {
    "backend": "fake_jakarta",
    "n_qubits": 5,
    "depth_in": 35,
    "depth_transpiled": 48,
    "size_transpiled": 174,
    "quasi_dist": {
      "3": 0.0205078125,
      "12": 0.0869140625,
      "17": 0.0087890625,
      "8": 0.04296875,
      "15": 0.03125,
      "2": 0.0517578125,
      "24": 0.0498046875,
      "14": 0.078125,
      "6": 0.0869140625,
      "29": 0.01171875,
      "7": 0.0400390625,
      "0": 0.1201171875,
      "1": 0.0244140625,
      "10": 0.005859375,
      "23": 0.005859375,
      "28": 0.0751953125,
      "5": 0.0244140625,
      "16": 0.0361328125,
      "4": 0.0419921875,
      "13": 0.015625,
      "30": 0.052734375,
      "26": 0.0068359375,
      "31": 0.0126953125,
      "27": 0.0126953125,
      "25": 0.0078125,
      "18": 0.0107421875,
      "11": 0.0107421875,
      "9": 0.01171875,
      "21": 0.0078125,
      "22": 0.005859375,
      "20": 0.001953125
    }
  }
}