{
  "01_setup": 0.000703,
  "02_cache_search": 0.001081,
  "03_transpile": 0.026587,
  "07_cache_write": 0.00268,
  "04_submit": 0.013835,
  "05_run": 0.224701,
  "06_collect": 0.000492,
  "total": 0.270079
}