{
  "laps": {
    "01_setup": 6e-05,
    "03_transpile": 0.046154,
    "04_submit": 0.00077,
    "05_run": 0.025853,
    "06_collect": 9.4e-05,
    "total": 0.072931
  },
  "meta": {
    "backend": "fake_jakarta",
    "n_qubits": 7,
    "depth_in": 8,
    "depth_transpiled": 22,
    "size_transpiled": 33,
    "quasi_dist": {
      "0": 0.478515625,
      "127": 0.521484375
    }
  }
}