{
  "laps": {
    "01_setup": 5.9e-05,
    "03_transpile": 0.026553,
    "04_submit": 0.000992,
    "05_run": 0.024957,
    "06_collect": 0.000154,
    "total": 0.052715
  },
  "meta": {
    "backend": "fake_jakarta",
    "n_qubits": 6,
    "depth_in": 22,
    "depth_transpiled": 27,
    "size_transpiled": 32,
    "quasi_dist": {
      "63": 0.490234375,
      "0": 0.509765625
    }
  }
}