{
  "laps": {
    "01_setup": 6.2e-05,
    "02_cache_search": 0.00041,
    "04_submit": 0.001418,
    "05_run": 0.027705,
    "06_collect": 0.000274,
    "total": 0.029869
  },
  "meta": {
    "backend": "fake_jakarta",
    "n_qubits": 3,
    "depth_in": 65,
    "depth_transpiled": 86,
    "size_transpiled": 178,
    "quasi_dist": {
      "0": 0.8046875,
      "7": 0.005859375,
      "6": 0.068359375,
      "1": 0.05078125,
      "3": 0.0400390625,
      "2": 0.0234375,
      "4": 0.0048828125,
      "5": 0.001953125
    }
  }
}