{
  "laps": {
    "01_setup": 6e-05,
    "02_cache_search": 0.000128,
    "04_submit": 0.000668,
    "05_run": 0.023224,
    "06_collect": 0.000109,
    "total": 0.024189
  },
  "meta": {
    "backend": "fake_jakarta",
    "n_qubits": 7,
    "depth_in": 15,
    "depth_transpiled": 28,
    "size_transpiled": 39,
    "quasi_dist": {
      "127": 0.484375,
      "0": 0.515625
    }
  }
}