{
  "laps": {
    "01_setup": 6e-05,
    "02_cache_search": 0.000101,
    "04_submit": 0.000467,
    "05_run": 0.023775,
    "06_collect": 5.4e-05,
    "total": 0.024457
  },
  "meta": {
    "backend": "fake_jakarta",
    "n_qubits": 3,
    "depth_in": 5,
    "depth_transpiled": 7,
    "size_transpiled": 9,
    "quasi_dist": {
      "0": 0.494140625,
      "7": 0.505859375
    }
  }
}