{
  "laps": {
    "01_setup": 7.8e-05,
    "02_cache_search": 0.000417,
    "03_transpile": 0.056248,
    "07_cache_write": 0.021403,
    "04_submit": 0.001747,
    "05_run": 0.028905,
    "06_collect": 0.000278,
    "total": 0.109076
  },
  "meta": {
    "backend": "fake_jakarta",
    "n_qubits": 3,
    "depth_in": 65,
    "depth_transpiled": 86,
    "size_transpiled": 178,
    "quasi_dist": {
      "0": 0.794921875,
      "1": 0.0673828125,
      "3": 0.0390625,
      "6": 0.048828125,
      "2": 0.0341796875,
      "7": 0.01171875,
      "5": 0.001953125,
      "4": 0.001953125
    }
  }
}