{
  "laps": {
    "01_setup": 6.5e-05,
    "03_transpile": 0.062617,
    "04_submit": 0.002258,
    "05_run": 0.027161,
    "06_collect": 0.000302,
    "total": 0.092403
  },
  "meta": {
    "backend": "fake_jakarta",
    "n_qubits": 6,
    "depth_in": 36,
    "depth_transpiled": 89,
    "size_transpiled": 233,
    "quasi_dist": {
      "49": 0.001953125,
      "47": 0.009765625,
      "6": 0.0283203125,
      "58": 0.01953125,
      "38": 0.0087890625,
      "15": 0.0712890625,
      "25": 0.0078125,
      "0": 0.162109375,
      "55": 0.0087890625,
      "61": 0.005859375,
      "35": 0.01171875,
      "12": 0.041015625,
      "51": 0.0009765625,
      "4": 0.0146484375,
      "28": 0.0654296875,
      "43": 0.0009765625,
      "53": 0.0009765625,
      "2": 0.01171875,
      "7": 0.017578125,
      "48": 0.0263671875,
      "63": 0.00390625,
      "33": 0.01171875,
      "10": 0.015625,
      "11": 0.005859375,
      "62": 0.0205078125,
      "42": 0.001953125,
      "54": 0.00390625,
      "1": 0.0361328125,
      "8": 0.0146484375,
      "13": 0.0068359375,
      "60": 0.044921875,
      "36": 0.0087890625,
      "52": 0.0029296875,
      "3": 0.0244140625,
      "30": 0.0390625,
      "59": 0.0009765625,
      "37": 0.001953125,
      "14": 0.033203125,
      "56": 0.0517578125,
      "24": 0.0283203125,
      "20": 0.0087890625,
      "31": 0.025390625,
      "32": 0.01171875,
      "39": 0.0068359375,
      "29": 0.009765625,
      "16": 0.0166015625,
      "27": 0.00390625,
      "57": 0.0107421875,
      "40": 0.0048828125,
      "26": 0.005859375,
      "9": 0.0029296875,
      "46": 0.0009765625,
      "5": 0.0048828125,
      "18": 0.0009765625,
      "19": 0.0087890625,
      "41": 0.001953125,
      "23": 0.0009765625,
      "22": 0.0009765625
    }
  }
}