{
  "laps": {
    "01_setup": 8.7e-05,
    "02_cache_search": 0.00019,
    "04_submit": 0.00099,
    "05_run": 0.022393,
    "06_collect": 0.000133,
    "total": 0.023793
  },
  "meta": {
    "backend": "fake_jakarta",
    "n_qubits": 5,
    "depth_in": 21,
    "depth_transpiled": 23,
    "size_transpiled": 27,
    "quasi_dist": {
      "0": 0.486328125,
      "31": 0.513671875
    }
  }
}