{
  "laps": {
    "01_setup": 6.4e-05,
    "03_transpile": 0.026381,
    "04_submit": 0.001035,
    "05_run": 0.021147,
    "06_collect": 0.0002,
    "total": 0.048827
  },
  "meta": {
    "backend": "fake_jakarta",
    "n_qubits": 5,
    "depth_in": 37,
    "depth_transpiled": 39,
    "size_transpiled": 43,
    "quasi_dist": {
      "0": 0.478515625,
      "31": 0.521484375
    }
  }
}