{
  "laps": {
    "01_setup": 6.8e-05,
    "02_cache_search": 0.00017,
    "04_submit": 0.00096,
    "05_run": 0.02222,
    "06_collect": 0.000166,
    "total": 0.023584
  },
  "meta": {
    "backend": "fake_jakarta",
    "n_qubits": 7,
    "depth_in": 23,
    "depth_transpiled": 36,
    "size_transpiled": 47,
    "quasi_dist": {
      "0": 0.501953125,
      "127": 0.498046875
    }
  }
}