{
  "laps": {
    "01_setup": 6.2e-05,
    "03_transpile": 0.019443,
    "04_submit": 0.000573,
    "05_run": 0.022255,
    "06_collect": 4.5e-05,
    "total": 0.042378
  },
  "meta": {
    "backend": "fake_jakarta",
    "n_qubits": 3,
    "depth_in": 7,
    "depth_transpiled": 9,
    "size_transpiled": 11,
    "quasi_dist": {
      "7": 0.501953125,
      "0": 0.498046875
    }
  }
}