{
  "laps": {
    "01_setup": 6.1e-05,
    "03_transpile": 0.051958,
    "04_submit": 0.001457,
    "05_run": 0.025114,
    "06_collect": 0.000243,
    "total": 0.078833
  },
  "meta": {
    "backend": "fake_jakarta",
    "n_qubits": 3,
    "depth_in": 65,
    "depth_transpiled": 86,
    "size_transpiled": 178,
    "quasi_dist": {
      "0": 0.8017578125,
      "3": 0.0341796875,
      "2": 0.017578125,
      "1": 0.0625,
      "6": 0.072265625,
      "7": 0.0048828125,
      "4": 0.0029296875,
      "5": 0.00390625
    }
  }
}