{
  "laps": {
    "01_setup": 0.000106,
    "02_cache_search": 0.000963,
    "03_transpile": 0.250472,
    "07_cache_write": 0.01674,
    "04_submit": 0.008347,
    "05_run": 0.051011,
    "06_collect": 0.001033,
    "total": 0.328672
  },
  "meta": {
    "backend": "fake_jakarta",
    "n_qubits": 6,
    "depth_in": 54,
    "depth_transpiled": 512,
    "size_transpiled": 971,
    "quasi_dist": {
      "0": 1.0
    }
  }
}