{
  "laps": {
    "01_setup": 7.5e-05,
    "02_cache_search": 0.000145,
    "04_submit": 0.000952,
    "05_run": 0.025547,
    "06_collect": 0.000195,
    "total": 0.026914
  },
  "meta": {
    "backend": "fake_jakarta",
    "n_qubits": 5,
    "depth_in": 10,
    "depth_transpiled": 57,
    "size_transpiled": 77,
    "quasi_dist": {
      "26": 0.029296875,
      "17": 0.03515625,
      "9": 0.0263671875,
      "12": 0.029296875,
      "18": 0.02734375,
      "7": 0.0380859375,
      "29": 0.02734375,
      "21": 0.0283203125,
      "13": 0.0390625,
      "25": 0.0263671875,
      "4": 0.0390625,
      "11": 0.0380859375,
      "16": 0.0361328125,
      "2": 0.0419921875,
      "19": 0.0390625,
      "23": 0.0244140625,
      "27": 0.0263671875,
      "3": 0.0283203125,
      "10": 0.0244140625,
      "28": 0.0400390625,
      "22": 0.03125,
      "6": 0.02734375,
      "5": 0.03125,
      "1": 0.02734375,
      "31": 0.0322265625,
      "20": 0.02734375,
      "8": 0.0419921875,
      "24": 0.0283203125,
      "15": 0.0244140625,
      "0": 0.029296875,
      "30": 0.02734375,
      "14": 0.02734375
    }
  }
}