{
  "laps": {
    "01_setup": 6.3e-05,
    "03_transpile": 0.021558,
    "04_submit": 0.002585,
    "05_run": 0.020013,
    "06_collect": 7.4e-05,
    "total": 0.044293
  },
  "meta": {
    "backend": "fake_jakarta",
    "n_qubits": 5,
    "depth_in": 13,
    "depth_transpiled": 15,
    "size_transpiled": 19,
    "quasi_dist": {
      "0": 0.5234375,
      "31": 0.4765625
    }
  }
}