{
  "laps": {
    "01_setup": 9.8e-05,
    "03_transpile": 0.023403,
    "04_submit": 0.000863,
    "05_run": 0.027602,
    "06_collect": 5.6e-05,
    "total": 0.052022
  },
  "meta": {
    "backend": "fake_jakarta",
    "n_qubits": 3,
    "depth_in": 7,
    "depth_transpiled": 9,
    "size_transpiled": 11,
    "quasi_dist": {
      "7": 0.4794921875,
      "0": 0.5205078125
    }
  }
}