{
  "laps": {
    "01_setup": 7.5e-05,
    "03_transpile": 0.131848,
    "04_submit": 0.003856,
    "05_run": 0.043516,
    "06_collect": 0.001004,
    "total": 0.180299
  },
  "meta": {
    "backend": "fake_jakarta",
    "n_qubits": 5,
    "depth_in": 131,
    "depth_transpiled": 168,
    "size_transpiled": 606,
    "quasi_dist": {
      "20": 0.0322265625,
      "1": 0.0185546875,
      "24": 0.0361328125,
      "28": 0.02734375,
      "19": 0.03515625,
      "18": 0.0283203125,
      "0": 0.048828125,
      "21": 0.037109375,
      "2": 0.0283203125,
      "12": 0.0634765625,
      "26": 0.044921875,
      "11": 0.029296875,
      "9": 0.0439453125,
      "25": 0.056640625,
      "3": 0.0126953125,
      "27": 0.029296875,
      "13": 0.064453125,
      "17": 0.0224609375,
      "31": 0.0234375,
      "10": 0.0322265625,
      "29": 0.033203125,
      "8": 0.01953125,
      "30": 0.0146484375,
      "23": 0.02734375,
      "5": 0.0244140625,
      "6": 0.0205078125,
      "14": 0.03125,
      "7": 0.0185546875,
      "16": 0.013671875,
      "15": 0.021484375,
      "22": 0.025390625,
      "4": 0.03515625
    }
  }
}