{
  "laps": {
    "01_setup": 5.4e-05,
    "02_cache_search": 0.000215,
    "04_submit": 0.000923,
    "05_run": 0.024166,
    "06_collect": 0.000156,
    "total": 0.025514
  },
  "meta": {
    "backend": "fake_jakarta",
    "n_qubits": 3,
    "depth_in": 33,
    "depth_transpiled": 46,
    "size_transpiled": 98,
    "quasi_dist": {
      "3": 0.150390625,
      "2": 0.1806640625,
      "1": 0.1435546875,
      "6": 0.10546875,
      "5": 0.1005859375,
      "7": 0.0830078125,
      "4": 0.0791015625,
      "0": 0.1572265625
    }
  }
}