{
  "laps": {
    "01_setup": 7.1e-05,
    "03_transpile": 0.02463,
    "04_submit": 0.000647,
    "05_run": 0.021882,
    "06_collect": 6.5e-05,
    "total": 0.047295
  },
  "meta": {
    "backend": "fake_jakarta",
    "n_qubits": 5,
    "depth_in": 7,
    "depth_transpiled": 9,
    "size_transpiled": 13,
    "quasi_dist": {
      "0": 0.4658203125,
      "31": 0.5341796875
    }
  }
}