{
  "01_setup": 0.001229,
  "03_transpile": 0.3705,
  "04_submit": 0.009814,
  "05_run": 0.231893,
  "06_collect": 0.001772,
  "total": 0.615208
}