{
  "01_setup": 0.000743,
  "03_transpile": 5.025435,
  "04_submit": 0.090118,
  "05_run": 0.676203,
  "06_collect": 0.015083,
  "total": 5.807582
}