{
  "laps": {
    "01_setup": 6.8e-05,
    "03_transpile": 0.030214,
    "04_submit": 0.000936,
    "05_run": 0.021587,
    "06_collect": 8.9e-05,
    "total": 0.052894
  },
  "meta": {
    "backend": "fake_jakarta",
    "n_qubits": 3,
    "depth_in": 17,
    "depth_transpiled": 26,
    "size_transpiled": 58,
    "quasi_dist": {
      "0": 0.4248046875,
      "6": 0.1015625,
      "4": 0.0888671875,
      "3": 0.171875,
      "5": 0.0517578125,
      "2": 0.0556640625,
      "1": 0.0830078125,
      "7": 0.0224609375
    }
  }
}