{
  "laps": {
    "01_setup": 0.000102,
    "03_transpile": 0.172404,
    "04_submit": 0.00531,
    "05_run": 0.048161,
    "06_collect": 0.001199,
    "total": 0.227176
  },
  "meta": {
    "backend": "fake_jakarta",
    "n_qubits": 6,
    "depth_in": 132,
    "depth_transpiled": 341,
    "size_transpiled": 833,
    "quasi_dist": {
      "49": 0.005859375,
      "6": 0.0263671875,
      "58": 0.00390625,
      "38": 0.001953125,
      "15": 0.0615234375,
      "53": 0.0009765625,
      "2": 0.0439453125,
      "28": 0.0380859375,
      "55": 0.0009765625,
      "0": 0.130859375,
      "8": 0.013671875,
      "13": 0.0068359375,
      "60": 0.0986328125,
      "56": 0.0478515625,
      "45": 0.0009765625,
      "51": 0.0087890625,
      "4": 0.01953125,
      "52": 0.001953125,
      "3": 0.0439453125,
      "59": 0.001953125,
      "14": 0.033203125,
      "48": 0.0205078125,
      "7": 0.05859375,
      "11": 0.0029296875,
      "34": 0.001953125,
      "62": 0.0537109375,
      "31": 0.0478515625,
      "29": 0.005859375,
      "61": 0.0009765625,
      "12": 0.0302734375,
      "35": 0.0068359375,
      "24": 0.0263671875,
      "25": 0.0009765625,
      "30": 0.07421875,
      "26": 0.00390625,
      "46": 0.0009765625,
      "50": 0.0087890625,
      "5": 0.005859375,
      "16": 0.001953125,
      "33": 0.0009765625,
      "10": 0.001953125,
      "63": 0.013671875,
      "32": 0.0078125,
      "54": 0.001953125,
      "1": 0.0107421875,
      "20": 0.0029296875,
      "17": 0.0078125,
      "18": 0.001953125,
      "27": 0.0029296875,
      "9": 0.001953125,
      "22": 0.0009765625
    }
  }
}