{
  "laps": {
    "01_setup": 5.9e-05,
    "02_cache_search": 0.000147,
    "04_submit": 0.000638,
    "05_run": 0.023379,
    "06_collect": 9.4e-05,
    "total": 0.024317
  },
  "meta": {
    "backend": "fake_jakarta",
    "n_qubits": 3,
    "depth_in": 17,
    "depth_transpiled": 26,
    "size_transpiled": 58,
    "quasi_dist": {
      "3": 0.1728515625,
      "0": 0.443359375,
      "1": 0.099609375,
      "4": 0.0908203125,
      "2": 0.048828125,
      "5": 0.0341796875,
      "6": 0.0947265625,
      "7": 0.015625
    }
  }
}