{
  "laps": {
    "01_setup": 0.000319,
    "02_cache_search": 0.005356,
    "03_transpile": 1.826713,
    "07_cache_write": 0.191395,
    "04_submit": 0.034544,
    "05_run": 0.248283,
    "06_collect": 0.007702,
    "total": 2.314312
  },
  "meta": {
    "backend": "fake_jakarta",
    "n_qubits": 7,
    "depth_in": 231,
    "depth_transpiled": 2927,
    "size_transpiled": 5614,
    "quasi_dist": {
      "0": 1.0
    }
  }
}