{
  "laps": {
    "01_setup": 6.9e-05,
    "02_cache_search": 8.2e-05,
    "04_submit": 0.000519,
    "05_run": 0.01932,
    "06_collect": 4.9e-05,
    "total": 0.020039
  },
  "meta": {
    "backend": "fake_jakarta",
    "n_qubits": 3,
    "depth_in": 6,
    "depth_transpiled": 23,
    "size_transpiled": 26,
    "quasi_dist": {
      "6": 0.1240234375,
      "2": 0.142578125,
      "4": 0.126953125,
      "5": 0.123046875,
      "0": 0.1279296875,
      "3": 0.1298828125,
      "7": 0.1162109375,
      "1": 0.109375
    }
  }
}