{
  "laps": {
    "01_setup": 0.000112,
    "03_transpile": 0.031848,
    "04_submit": 0.000774,
    "05_run": 0.029999,
    "06_collect": 5.4e-05,
    "total": 0.062787
  },
  "meta": {
    "backend": "fake_jakarta",
    "n_qubits": 3,
    "depth_in": 6,
    "depth_transpiled": 20,
    "size_transpiled": 26,
    "quasi_dist": {
      "0": 0.1318359375,
      "3": 0.1298828125,
      "6": 0.123046875,
      "1": 0.1201171875,
      "7": 0.1474609375,
      "2": 0.109375,
      "5": 0.109375,
      "4": 0.12890625
    }
  }
}