{
  "laps": {
    "01_setup": 7.2e-05,
    "03_transpile": 0.044567,
    "04_submit": 0.001472,
    "05_run": 0.034441,
    "06_collect": 0.000323,
    "total": 0.080875
  },
  "meta": {
    "backend": "fake_jakarta",
    "n_qubits": 7,
    "depth_in": 39,
    "depth_transpiled": 52,
    "size_transpiled": 63,
    "quasi_dist": {
      "0": 0.4775390625,
      "127": 0.5224609375
    }
  }
}