{
  "laps": {
    "01_setup": 9.3e-05,
    "02_cache_search": 0.000293,
    "03_transpile": 0.027174,
    "07_cache_write": 0.101064,
    "04_submit": 0.001006,
    "05_run": 0.02111,
    "06_collect": 0.000136,
    "total": 0.150876
  },
  "meta": {
    "backend": "fake_jakarta",
    "n_qubits": 5,
    "depth_in": 21,
    "depth_transpiled": 23,
    "size_transpiled": 27,
    "quasi_dist": {
      "0": 0.49609375,
      "31": 0.50390625
    }
  }
}