{
  "laps": {
    "01_setup": 7.9e-05,
    "02_cache_search": 0.000234,
    "04_submit": 0.000912,
    "05_run": 0.022032,
    "06_collect": 0.000136,
    "total": 0.023393
  },
  "meta": {
    "backend": "fake_jakarta",
    "n_qubits": 3,
    "depth_in": 33,
    "depth_transpiled": 46,
    "size_transpiled": 98,
    "quasi_dist": {
      "3": 0.166015625,
      "1": 0.1591796875,
      "4": 0.087890625,
      "0": 0.15234375,
      "5": 0.08203125,
      "2": 0.1650390625,
      "7": 0.068359375,
      "6": 0.119140625
    }
  }
}