{
  "laps": {
    "01_setup": 6.1e-05,
    "02_cache_search": 0.00038,
    "04_submit": 0.001299,
    "05_run": 0.024424,
    "06_collect": 0.000229,
    "total": 0.026393
  },
  "meta": {
    "backend": "fake_jakarta",
    "n_qubits": 5,
    "depth_in": 35,
    "depth_transpiled": 48,
    "size_transpiled": 174,
    "quasi_dist": {
      "12": 0.0869140625,
      "14": 0.076171875,
      "16": 0.041015625,
      "24": 0.0732421875,
      "31": 0.0087890625,
      "28": 0.0830078125,
      "0": 0.1181640625,
      "30": 0.056640625,
      "7": 0.03515625,
      "15": 0.0302734375,
      "17": 0.0146484375,
      "6": 0.0791015625,
      "2": 0.0361328125,
      "26": 0.0087890625,
      "4": 0.0361328125,
      "20": 0.00390625,
      "27": 0.015625,
      "29": 0.0166015625,
      "8": 0.0439453125,
      "23": 0.00390625,
      "21": 0.005859375,
      "18": 0.017578125,
      "9": 0.0087890625,
      "3": 0.0185546875,
      "5": 0.0205078125,
      "11": 0.0126953125,
      "22": 0.0048828125,
      "1": 0.0205078125,
      "13": 0.0126953125,
      "25": 0.00390625,
      "10": 0.0048828125,
      "19": 0.0009765625
    }
  }
}