{
  "01_setup": 0.000699,
  "02_cache_search": 0.00142,
  "03_transpile": 0.048009,
  "07_cache_write": 0.001191,
  "04_submit": 0.009242,
  "05_run": 0.249739,
  "06_collect": 0.001298,
  "total": 0.311598
}