{
  "laps": {
    "01_setup": 6.3e-05,
    "03_transpile": 0.027306,
    "04_submit": 0.000963,
    "05_run": 0.022914,
    "06_collect": 0.000178,
    "total": 0.051424
  },
  "meta": {
    "backend": "fake_jakarta",
    "n_qubits": 3,
    "depth_in": 35,
    "depth_transpiled": 37,
    "size_transpiled": 39,
    "quasi_dist": {
      "7": 0.5146484375,
      "0": 0.4853515625
    }
  }
}