{
  "laps": {
    "01_setup": 7.8e-05,
    "03_transpile": 0.046384,
    "04_submit": 0.000907,
    "05_run": 0.039639,
    "06_collect": 0.000139,
    "total": 0.087147
  },
  "meta": {
    "backend": "fake_jakarta",
    "n_qubits": 7,
    "depth_in": 9,
    "depth_transpiled": 22,
    "size_transpiled": 33,
    "quasi_dist": {
      "127": 0.494140625,
      "0": 0.505859375
    }
  }
}