{
  "laps": {
    "01_setup": 7.5e-05,
    "03_transpile": 0.126724,
    "04_submit": 0.003632,
    "05_run": 0.039951,
    "06_collect": 0.000906,
    "total": 0.171288
  },
  "meta": {
    "backend": "fake_jakarta",
    "n_qubits": 5,
    "depth_in": 131,
    "depth_transpiled": 168,
    "size_transpiled": 606,
    "quasi_dist": {
      "6": 0.0390625,
      "25": 0.0546875,
      "26": 0.0322265625,
      "8": 0.0224609375,
      "16": 0.0107421875,
      "12": 0.0517578125,
      "13": 0.05859375,
      "31": 0.0341796875,
      "24": 0.0390625,
      "17": 0.01953125,
      "23": 0.0224609375,
      "4": 0.03515625,
      "27": 0.0400390625,
      "29": 0.0341796875,
      "9": 0.044921875,
      "0": 0.04296875,
      "22": 0.0224609375,
      "7": 0.0166015625,
      "1": 0.01953125,
      "10": 0.0322265625,
      "28": 0.029296875,
      "19": 0.0400390625,
      "18": 0.033203125,
      "14": 0.029296875,
      "2": 0.0322265625,
      "30": 0.0205078125,
      "20": 0.033203125,
      "3": 0.009765625,
      "21": 0.0263671875,
      "11": 0.029296875,
      "5": 0.0205078125,
      "15": 0.0234375
    }
  }
}