{
  "laps": {
    "01_setup": 6.2e-05,
    "03_transpile": 0.021284,
    "04_submit": 0.00059,
    "05_run": 0.022981,
    "06_collect": 6.4e-05,
    "total": 0.044981
  },
  "meta": {
    "backend": "fake_jakarta",
    "n_qubits": 5,
    "depth_in": 9,
    "depth_transpiled": 11,
    "size_transpiled": 15,
    "quasi_dist": {
      "0": 0.49609375,
      "31": 0.50390625
    }
  }
}