{
  "laps": {
    "01_setup": 5.7e-05,
    "02_cache_search": 0.000135,
    "04_submit": 0.000718,
    "05_run": 0.021657,
    "06_collect": 0.000191,
    "total": 0.022758
  },
  "meta": {
    "backend": "fake_jakarta",
    "n_qubits": 7,
    "depth_in": 15,
    "depth_transpiled": 28,
    "size_transpiled": 39,
    "quasi_dist": {
      "127": 0.501953125,
      "0": 0.498046875
    }
  }
}