{
  "laps": {
    "01_setup": 6.6e-05,
    "02_cache_search": 0.000827,
    "04_submit": 0.002908,
    "05_run": 0.034012,
    "06_collect": 0.000589,
    "total": 0.038402
  },
  "meta": {
    "backend": "fake_jakarta",
    "n_qubits": 6,
    "depth_in": 68,
    "depth_transpiled": 173,
    "size_transpiled": 433,
    "quasi_dist": {
      "32": 0.0234375,
      "55": 0.0029296875,
      "0": 0.26171875,
      "61": 0.0126953125,
      "12": 0.0322265625,
      "16": 0.05078125,
      "37": 0.0009765625,
      "14": 0.0615234375,
      "48": 0.033203125,
      "7": 0.041015625,
      "34": 0.0048828125,
      "62": 0.041015625,
      "49": 0.001953125,
      "47": 0.005859375,
      "6": 0.02734375,
      "36": 0.0009765625,
      "13": 0.0068359375,
      "60": 0.03515625,
      "38": 0.0009765625,
      "58": 0.00390625,
      "15": 0.06640625,
      "30": 0.0439453125,
      "31": 0.0244140625,
      "50": 0.0048828125,
      "46": 0.0048828125,
      "5": 0.0048828125,
      "28": 0.017578125,
      "10": 0.00390625,
      "63": 0.0283203125,
      "24": 0.02734375,
      "56": 0.0322265625,
      "3": 0.0107421875,
      "44": 0.0107421875,
      "52": 0.00390625,
      "42": 0.001953125,
      "1": 0.005859375,
      "8": 0.017578125,
      "45": 0.0029296875,
      "51": 0.0009765625,
      "4": 0.00390625,
      "20": 0.001953125,
      "19": 0.001953125,
      "2": 0.0048828125,
      "57": 0.0009765625,
      "40": 0.00390625,
      "23": 0.001953125,
      "9": 0.00390625,
      "22": 0.0009765625,
      "29": 0.005859375,
      "39": 0.0048828125,
      "26": 0.0009765625,
      "25": 0.0009765625
    }
  }
}