{
  "laps": {
    "01_setup": 5.5e-05,
    "02_cache_search": 6e-05,
    "04_submit": 0.000396,
    "05_run": 0.019692,
    "06_collect": 4.4e-05,
    "total": 0.020247
  },
  "meta": {
    "backend": "fake_jakarta",
    "n_qubits": 3,
    "depth_in": 4,
    "depth_transpiled": 6,
    "size_transpiled": 8,
    "quasi_dist": {
      "0": 0.5107421875,
      "7": 0.4892578125
    }
  }
}