{
  "laps": {
    "01_setup": 8.2e-05,
    "03_transpile": 0.033714,
    "04_submit": 0.000875,
    "05_run": 0.024197,
    "06_collect": 9.7e-05,
    "total": 0.058965
  },
  "meta": {
    "backend": "fake_jakarta",
    "n_qubits": 3,
    "depth_in": 17,
    "depth_transpiled": 26,
    "size_transpiled": 58,
    "quasi_dist": {
      "0": 0.43359375,
      "4": 0.08203125,
      "3": 0.171875,
      "1": 0.0859375,
      "5": 0.0419921875,
      "6": 0.1162109375,
      "2": 0.04296875,
      "7": 0.025390625
    }
  }
}