{
  "laps": {
    "01_setup": 6.5e-05,
    "03_transpile": 0.052446,
    "04_submit": 0.001494,
    "05_run": 0.025622,
    "06_collect": 0.000249,
    "total": 0.079876
  },
  "meta": {
    "backend": "fake_jakarta",
    "n_qubits": 3,
    "depth_in": 65,
    "depth_transpiled": 86,
    "size_transpiled": 178,
    "quasi_dist": {
      "0": 0.7802734375,
      "2": 0.0302734375,
      "6": 0.0751953125,
      "3": 0.0341796875,
      "1": 0.0634765625,
      "7": 0.0078125,
      "4": 0.0048828125,
      "5": 0.00390625
    }
  }
}