{
  "01_setup": 0.000786,
  "02_cache_search": 0.000986,
  "03_transpile": 0.024622,
  "07_cache_write": 0.000746,
  "04_submit": 0.021248,
  "05_run": 0.525394,
  "06_collect": 0.000627,
  "total": 0.574409
}