{
  "laps": {
    "01_setup": 0.000118,
    "03_transpile": 0.03637,
    "04_submit": 0.000887,
    "05_run": 0.023396,
    "06_collect": 0.000152,
    "total": 0.060923
  },
  "meta": {
    "backend": "fake_jakarta",
    "n_qubits": 7,
    "depth_in": 23,
    "depth_transpiled": 37,
    "size_transpiled": 48,
    "quasi_dist": {
      "0": 0.5087890625,
      "127": 0.4912109375
    }
  }
}