{
  "laps": {
    "01_setup": 6.2e-05,
    "02_cache_search": 0.000109,
    "04_submit": 0.000541,
    "05_run": 0.019094,
    "06_collect": 6.1e-05,
    "total": 0.019867
  },
  "meta": {
    "backend": "fake_jakarta",
    "n_qubits": 3,
    "depth_in": 11,
    "depth_transpiled": 13,
    "size_transpiled": 15,
    "quasi_dist": {
      "0": 0.50390625,
      "7": 0.49609375
    }
  }
}