{
  "laps": {
    "01_setup": 8.1e-05,
    "02_cache_search": 0.000696,
    "04_submit": 0.002329,
    "05_run": 0.034085,
    "06_collect": 0.000516,
    "total": 0.037707
  },
  "meta": {
    "backend": "fake_jakarta",
    "n_qubits": 5,
    "depth_in": 67,
    "depth_transpiled": 88,
    "size_transpiled": 318,
    "quasi_dist": {
      "0": 0.431640625,
      "1": 0.0556640625,
      "24": 0.033203125,
      "14": 0.052734375,
      "7": 0.0361328125,
      "28": 0.09765625,
      "6": 0.03515625,
      "13": 0.021484375,
      "22": 0.013671875,
      "31": 0.0205078125,
      "29": 0.0087890625,
      "3": 0.0166015625,
      "12": 0.0517578125,
      "15": 0.0263671875,
      "25": 0.015625,
      "18": 0.01171875,
      "20": 0.0048828125,
      "17": 0.005859375,
      "16": 0.005859375,
      "10": 0.0048828125,
      "2": 0.0107421875,
      "30": 0.0068359375,
      "8": 0.005859375,
      "23": 0.00390625,
      "19": 0.0068359375,
      "5": 0.001953125,
      "26": 0.005859375,
      "4": 0.0029296875,
      "11": 0.0009765625,
      "21": 0.0009765625,
      "27": 0.0029296875
    }
  }
}