{
  "laps": {
    "01_setup": 6e-05,
    "02_cache_search": 7.8e-05,
    "04_submit": 0.000522,
    "05_run": 0.022841,
    "06_collect": 6.5e-05,
    "total": 0.023566
  },
  "meta": {
    "backend": "fake_jakarta",
    "n_qubits": 6,
    "depth_in": 7,
    "depth_transpiled": 17,
    "size_transpiled": 27,
    "quasi_dist": {
      "0": 0.5283203125,
      "63": 0.4716796875
    }
  }
}