{
  "laps": {
    "01_setup": 7.6e-05,
    "03_transpile": 0.032179,
    "04_submit": 0.000614,
    "05_run": 0.022273,
    "06_collect": 8.7e-05,
    "total": 0.055229
  },
  "meta": {
    "backend": "fake_jakarta",
    "n_qubits": 6,
    "depth_in": 8,
    "depth_transpiled": 18,
    "size_transpiled": 28,
    "quasi_dist": {
      "63": 0.4921875,
      "0": 0.5078125
    }
  }
}