{
  "01_setup": 0.000893,
  "03_transpile": 0.482489,
  "04_submit": 0.011285,
  "05_run": 0.316282,
  "06_collect": 0.001971,
  "total": 0.81292
}