{
  "laps": {
    "01_setup": 7.5e-05,
    "03_transpile": 0.032454,
    "04_submit": 0.000705,
    "05_run": 0.022826,
    "06_collect": 5.8e-05,
    "total": 0.056118
  },
  "meta": {
    "backend": "fake_jakarta",
    "n_qubits": 3,
    "depth_in": 6,
    "depth_transpiled": 20,
    "size_transpiled": 26,
    "quasi_dist": {
      "6": 0.12890625,
      "2": 0.1201171875,
      "1": 0.119140625,
      "4": 0.1240234375,
      "3": 0.111328125,
      "7": 0.1171875,
      "5": 0.126953125,
      "0": 0.15234375
    }
  }
}