{
  "laps": {
    "01_setup": 6.6e-05,
    "02_cache_search": 0.000195,
    "04_submit": 0.0008,
    "05_run": 0.027553,
    "06_collect": 0.000181,
    "total": 0.028795
  },
  "meta": {
    "backend": "fake_jakarta",
    "n_qubits": 6,
    "depth_in": 12,
    "depth_transpiled": 26,
    "size_transpiled": 83,
    "quasi_dist": {
      "16": 0.060546875,
      "42": 0.0009765625,
      "1": 0.0654296875,
      "17": 0.013671875,
      "40": 0.0185546875,
      "0": 0.3837890625,
      "8": 0.068359375,
      "4": 0.072265625,
      "44": 0.0009765625,
      "52": 0.0029296875,
      "3": 0.009765625,
      "28": 0.001953125,
      "2": 0.064453125,
      "32": 0.0615234375,
      "10": 0.0107421875,
      "33": 0.0185546875,
      "61": 0.0009765625,
      "35": 0.00390625,
      "12": 0.01171875,
      "11": 0.0009765625,
      "34": 0.017578125,
      "26": 0.00390625,
      "24": 0.0146484375,
      "38": 0.001953125,
      "15": 0.0009765625,
      "5": 0.009765625,
      "9": 0.0146484375,
      "20": 0.015625,
      "22": 0.0029296875,
      "7": 0.001953125,
      "48": 0.009765625,
      "13": 0.00390625,
      "36": 0.0048828125,
      "21": 0.001953125,
      "6": 0.005859375,
      "18": 0.0107421875,
      "27": 0.0009765625,
      "56": 0.001953125,
      "41": 0.0009765625,
      "19": 0.0009765625,
      "14": 0.001953125
    }
  }
}