{
  "laps": {
    "01_setup": 7.7e-05,
    "03_transpile": 0.082565,
    "04_submit": 0.002374,
    "05_run": 0.031848,
    "06_collect": 0.00051,
    "total": 0.117374
  },
  "meta": {
    "backend": "fake_jakarta",
    "n_qubits": 3,
    "depth_in": 129,
    "depth_transpiled": 166,
    "size_transpiled": 338,
    "quasi_dist": {
      "1": 0.1494140625,
      "0": 0.6044921875,
      "3": 0.0439453125,
      "2": 0.1572265625,
      "5": 0.0126953125,
      "4": 0.0126953125,
      "6": 0.0185546875,
      "7": 0.0009765625
    }
  }
}