{
  "laps": {
    "01_setup": 0.00017,
    "03_transpile": 0.076823,
    "04_submit": 0.005736,
    "05_run": 0.077847,
    "06_collect": 0.000168,
    "total": 0.160744
  },
  "meta": {
    "backend": "fake_jakarta",
    "n_qubits": 7,
    "depth_in": 9,
    "depth_transpiled": 22,
    "size_transpiled": 33,
    "quasi_dist": {
      "127": 0.51171875,
      "0": 0.48828125
    }
  }
}