{
  "laps": {
    "01_setup": 0.000118,
    "03_transpile": 0.04946,
    "04_submit": 0.000903,
    "05_run": 0.036205,
    "06_collect": 0.000162,
    "total": 0.086848
  },
  "meta": {
    "backend": "fake_jakarta",
    "n_qubits": 7,
    "depth_in": 9,
    "depth_transpiled": 22,
    "size_transpiled": 33,
    "quasi_dist": {
      "0": 0.517578125,
      "127": 0.482421875
    }
  }
}