{
  "01_setup": 0.000638,
  "02_cache_search": 0.001927,
  "03_transpile": 0.037706,
  "07_cache_write": 0.032174,
  "04_submit": 0.009582,
  "05_run": 0.224637,
  "06_collect": 0.001582,
  "total": 0.308246
}