{
  "01_setup": 0.001161,
  "03_transpile": 0.245329,
  "04_submit": 0.006967,
  "05_run": 0.230218,
  "06_collect": 0.000633,
  "total": 0.484308
}