{
  "laps": {
    "01_setup": 6.9e-05,
    "02_cache_search": 0.000106,
    "04_submit": 0.000719,
    "05_run": 0.026909,
    "06_collect": 0.000112,
    "total": 0.027915
  },
  "meta": {
    "backend": "fake_jakarta",
    "n_qubits": 7,
    "depth_in": 9,
    "depth_transpiled": 22,
    "size_transpiled": 33,
    "quasi_dist": {
      "127": 0.4814453125,
      "0": 0.5185546875
    }
  }
}