{
  "laps": {
    "01_setup": 0.00011,
    "03_transpile": 0.021427,
    "04_submit": 0.00053,
    "05_run": 0.018938,
    "06_collect": 3.1e-05,
    "total": 0.041036
  },
  "meta": {
    "backend": "fake_jakarta",
    "n_qubits": 3,
    "depth_in": 4,
    "depth_transpiled": 6,
    "size_transpiled": 8,
    "quasi_dist": {
      "0": 0.482421875,
      "7": 0.517578125
    }
  }
}