{
  "01_setup": 0.000849,
  "02_cache_search": 0.008074,
  "03_transpile": 0.074225,
  "07_cache_write": 0.093228,
  "04_submit": 0.029517,
  "05_run": 0.350304,
  "06_collect": 0.004849,
  "total": 0.561046
}