{
  "laps": {
    "01_setup": 6.9e-05,
    "03_transpile": 0.075842,
    "04_submit": 0.002276,
    "05_run": 0.029641,
    "06_collect": 0.000428,
    "total": 0.108256
  },
  "meta": {
    "backend": "fake_jakarta",
    "n_qubits": 5,
    "depth_in": 67,
    "depth_transpiled": 88,
    "size_transpiled": 318,
    "quasi_dist": {
      "25": 0.0146484375,
      "0": 0.4658203125,
      "12": 0.0361328125,
      "28": 0.0810546875,
      "14": 0.068359375,
      "24": 0.0380859375,
      "30": 0.01171875,
      "4": 0.0048828125,
      "3": 0.02734375,
      "6": 0.0419921875,
      "1": 0.05078125,
      "15": 0.015625,
      "18": 0.009765625,
      "22": 0.0087890625,
      "2": 0.00390625,
      "19": 0.0107421875,
      "7": 0.0244140625,
      "31": 0.015625,
      "26": 0.0068359375,
      "11": 0.0048828125,
      "13": 0.0146484375,
      "5": 0.0068359375,
      "20": 0.00390625,
      "23": 0.0029296875,
      "10": 0.0048828125,
      "29": 0.0146484375,
      "16": 0.00390625,
      "8": 0.0009765625,
      "27": 0.001953125,
      "17": 0.00390625
    }
  }
}