{
  "laps": {
    "01_setup": 6.4e-05,
    "03_transpile": 0.036073,
    "04_submit": 0.000931,
    "05_run": 0.02278,
    "06_collect": 0.000266,
    "total": 0.060114
  },
  "meta": {
    "backend": "fake_jakarta",
    "n_qubits": 7,
    "depth_in": 23,
    "depth_transpiled": 36,
    "size_transpiled": 47,
    "quasi_dist": {
      "127": 0.48828125,
      "0": 0.51171875
    }
  }
}