{
  "01_setup": 0.000922,
  "02_cache_search": 0.01817,
  "03_transpile": 0.326461,
  "07_cache_write": 0.06633,
  "04_submit": 0.178893,
  "05_run": 0.612446,
  "06_collect": 0.015868,
  "total": 1.21909
}