{
  "laps": {
    "01_setup": 6.2e-05,
    "02_cache_search": 0.000105,
    "04_submit": 0.000544,
    "05_run": 0.019164,
    "06_collect": 6e-05,
    "total": 0.019935
  },
  "meta": {
    "backend": "fake_jakarta",
    "n_qubits": 3,
    "depth_in": 11,
    "depth_transpiled": 13,
    "size_transpiled": 15,
    "quasi_dist": {
      "7": 0.521484375,
      "0": 0.478515625
    }
  }
}