{
  "laps": {
    "01_setup": 0.000118,
    "02_cache_search": 0.000457,
    "04_submit": 0.002064,
    "05_run": 0.029973,
    "06_collect": 0.000318,
    "total": 0.03293
  },
  "meta": {
    "backend": "fake_jakarta",
    "n_qubits": 7,
    "depth_in": 39,
    "depth_transpiled": 52,
    "size_transpiled": 63,
    "quasi_dist": {
      "0": 0.484375,
      "127": 0.515625
    }
  }
}