{
  "01_setup": 0.000643,
  "02_cache_search": 0.004009,
  "03_transpile": 0.113295,
  "07_cache_write": 0.022081,
  "04_submit": 0.036272,
  "05_run": 0.345197,
  "06_collect": 0.004452,
  "total": 0.525949
}