{
  "01_setup": 0.000665,
  "03_transpile": 0.489015,
  "04_submit": 0.022503,
  "05_run": 0.321872,
  "06_collect": 0.00238,
  "total": 0.836435
}