{
  "01_setup": 0.000909,
  "02_cache_search": 0.001769,
  "03_transpile": 0.027174,
  "07_cache_write": 0.101064,
  "04_submit": 0.014026,
  "05_run": 0.222639,
  "06_collect": 0.001359,
  "total": 0.36894
}