{
  "laps": {
    "01_setup": 8.1e-05,
    "03_transpile": 0.179999,
    "04_submit": 0.005114,
    "05_run": 0.047781,
    "06_collect": 0.00105,
    "total": 0.234025
  },
  "meta": {
    "backend": "fake_jakarta",
    "n_qubits": 6,
    "depth_in": 132,
    "depth_transpiled": 341,
    "size_transpiled": 833,
    "quasi_dist": {
      "35": 0.009765625,
      "12": 0.0361328125,
      "34": 0.00390625,
      "62": 0.0771484375,
      "2": 0.0498046875,
      "28": 0.0478515625,
      "36": 0.0009765625,
      "13": 0.009765625,
      "60": 0.09765625,
      "30": 0.0693359375,
      "48": 0.02734375,
      "7": 0.060546875,
      "16": 0.0029296875,
      "52": 0.0048828125,
      "3": 0.0419921875,
      "24": 0.0126953125,
      "31": 0.0478515625,
      "38": 0.0009765625,
      "58": 0.0029296875,
      "15": 0.0390625,
      "45": 0.0029296875,
      "51": 0.00390625,
      "4": 0.0302734375,
      "0": 0.12109375,
      "47": 0.0009765625,
      "49": 0.0078125,
      "6": 0.0302734375,
      "57": 0.0029296875,
      "14": 0.029296875,
      "59": 0.0029296875,
      "56": 0.0439453125,
      "10": 0.001953125,
      "33": 0.0029296875,
      "63": 0.0126953125,
      "17": 0.005859375,
      "9": 0.0009765625,
      "54": 0.001953125,
      "42": 0.0009765625,
      "1": 0.0068359375,
      "5": 0.001953125,
      "46": 0.0029296875,
      "50": 0.001953125,
      "8": 0.0166015625,
      "26": 0.0048828125,
      "22": 0.001953125,
      "32": 0.0078125,
      "18": 0.0029296875,
      "39": 0.001953125,
      "29": 0.0009765625,
      "20": 0.0009765625,
      "25": 0.0009765625
    }
  }
}