{
  "laps": {
    "01_setup": 6.1e-05,
    "02_cache_search": 0.000164,
    "04_submit": 0.000987,
    "05_run": 0.021262,
    "06_collect": 0.000131,
    "total": 0.022605
  },
  "meta": {
    "backend": "fake_jakarta",
    "n_qubits": 6,
    "depth_in": 22,
    "depth_transpiled": 33,
    "size_transpiled": 43,
    "quasi_dist": {
      "0": 0.5107421875,
      "63": 0.4892578125
    }
  }
}