{
  "laps": {
    "01_setup": 7.5e-05,
    "03_transpile": 0.081744,
    "04_submit": 0.002345,
    "05_run": 0.034655,
    "06_collect": 0.000474,
    "total": 0.119293
  },
  "meta": {
    "backend": "fake_jakarta",
    "n_qubits": 3,
    "depth_in": 129,
    "depth_transpiled": 166,
    "size_transpiled": 338,
    "quasi_dist": {
      "3": 0.048828125,
      "2": 0.1396484375,
      "0": 0.603515625,
      "1": 0.1533203125,
      "4": 0.0185546875,
      "6": 0.0244140625,
      "5": 0.0107421875,
      "7": 0.0009765625
    }
  }
}