{
  "laps": {
    "01_setup": 7.2e-05,
    "03_transpile": 0.122671,
    "04_submit": 0.003841,
    "05_run": 0.044903,
    "06_collect": 0.000888,
    "total": 0.172375
  },
  "meta": {
    "backend": "fake_jakarta",
    "n_qubits": 5,
    "depth_in": 131,
    "depth_transpiled": 168,
    "size_transpiled": 606,
    "quasi_dist": {
      "6": 0.041015625,
      "22": 0.02734375,
      "31": 0.0302734375,
      "17": 0.025390625,
      "0": 0.0380859375,
      "29": 0.0380859375,
      "27": 0.041015625,
      "24": 0.0390625,
      "18": 0.037109375,
      "20": 0.0361328125,
      "12": 0.0556640625,
      "10": 0.0380859375,
      "25": 0.05078125,
      "21": 0.0244140625,
      "1": 0.0166015625,
      "23": 0.0263671875,
      "9": 0.0322265625,
      "30": 0.021484375,
      "26": 0.0400390625,
      "8": 0.0283203125,
      "15": 0.02734375,
      "13": 0.0546875,
      "4": 0.029296875,
      "2": 0.0341796875,
      "14": 0.0224609375,
      "19": 0.03125,
      "28": 0.0263671875,
      "11": 0.021484375,
      "5": 0.01953125,
      "3": 0.0126953125,
      "7": 0.0224609375,
      "16": 0.0107421875
    }
  }
}