{
  "laps": {
    "01_setup": 9.6e-05,
    "02_cache_search": 9.2e-05,
    "04_submit": 0.00066,
    "05_run": 0.021028,
    "06_collect": 5.9e-05,
    "total": 0.021935
  },
  "meta": {
    "backend": "fake_jakarta",
    "n_qubits": 5,
    "depth_in": 7,
    "depth_transpiled": 9,
    "size_transpiled": 13,
    "quasi_dist": {
      "0": 0.5068359375,
      "31": 0.4931640625
    }
  }
}