{
  "laps": {
    "01_setup": 6.8e-05,
    "02_cache_search": 0.000452,
    "04_submit": 0.001781,
    "05_run": 0.028165,
    "06_collect": 0.000333,
    "total": 0.030799
  },
  "meta": {
    "backend": "fake_jakarta",
    "n_qubits": 6,
    "depth_in": 36,
    "depth_transpiled": 89,
    "size_transpiled": 233,
    "quasi_dist": {
      "5": 0.0068359375,
      "46": 0.0029296875,
      "32": 0.0126953125,
      "55": 0.009765625,
      "0": 0.158203125,
      "40": 0.01171875,
      "28": 0.064453125,
      "39": 0.0048828125,
      "56": 0.060546875,
      "7": 0.015625,
      "48": 0.033203125,
      "57": 0.01953125,
      "4": 0.015625,
      "19": 0.0107421875,
      "58": 0.0107421875,
      "38": 0.0068359375,
      "15": 0.0615234375,
      "44": 0.0009765625,
      "52": 0.0009765625,
      "3": 0.025390625,
      "30": 0.041015625,
      "54": 0.009765625,
      "1": 0.0302734375,
      "49": 0.001953125,
      "47": 0.009765625,
      "6": 0.0380859375,
      "31": 0.0302734375,
      "13": 0.0029296875,
      "36": 0.00390625,
      "60": 0.0302734375,
      "26": 0.015625,
      "35": 0.0029296875,
      "61": 0.0029296875,
      "12": 0.046875,
      "10": 0.0107421875,
      "33": 0.0048828125,
      "63": 0.0048828125,
      "16": 0.017578125,
      "20": 0.0146484375,
      "24": 0.0205078125,
      "11": 0.01171875,
      "62": 0.0146484375,
      "37": 0.00390625,
      "59": 0.0029296875,
      "14": 0.0361328125,
      "29": 0.013671875,
      "9": 0.005859375,
      "8": 0.015625,
      "27": 0.0009765625,
      "2": 0.0107421875,
      "43": 0.0009765625,
      "41": 0.001953125,
      "17": 0.0009765625,
      "25": 0.00390625,
      "21": 0.0029296875
    }
  }
}