{
  "laps": {
    "01_setup": 6.8e-05,
    "03_transpile": 0.018466,
    "04_submit": 0.000449,
    "05_run": 0.022427,
    "06_collect": 3.3e-05,
    "total": 0.041443
  },
  "meta": {
    "backend": "fake_jakarta",
    "n_qubits": 3,
    "depth_in": 4,
    "depth_transpiled": 6,
    "size_transpiled": 8,
    "quasi_dist": {
      "7": 0.4951171875,
      "0": 0.5048828125
    }
  }
}