{
  "laps": {
    "01_setup": 5.5e-05,
    "02_cache_search": 0.000135,
    "04_submit": 0.00058,
    "05_run": 0.019805,
    "06_collect": 8.5e-05,
    "total": 0.02066
  },
  "meta": {
    "backend": "fake_jakarta",
    "n_qubits": 3,
    "depth_in": 19,
    "depth_transpiled": 21,
    "size_transpiled": 23,
    "quasi_dist": {
      "7": 0.5439453125,
      "0": 0.4560546875
    }
  }
}