{
  "01_setup": 0.000687,
  "02_cache_search": 0.002342,
  "03_transpile": 0.029078,
  "07_cache_write": 0.154308,
  "04_submit": 0.01683,
  "05_run": 0.211719,
  "06_collect": 0.001643,
  "total": 0.416607
}