{
  "laps": {
    "01_setup": 6.7e-05,
    "03_transpile": 0.034944,
    "04_submit": 0.000779,
    "05_run": 0.020341,
    "06_collect": 0.000101,
    "total": 0.056232
  },
  "meta": {
    "backend": "fake_jakarta",
    "n_qubits": 7,
    "depth_in": 15,
    "depth_transpiled": 29,
    "size_transpiled": 40,
    "quasi_dist": {
      "127": 0.5166015625,
      "0": 0.4833984375
    }
  }
}