{
  "laps": {
    "01_setup": 7.1e-05,
    "03_transpile": 0.030581,
    "04_submit": 0.000721,
    "05_run": 0.023977,
    "06_collect": 7.1e-05,
    "total": 0.055421
  },
  "meta": {
    "backend": "fake_jakarta",
    "n_qubits": 3,
    "depth_in": 9,
    "depth_transpiled": 16,
    "size_transpiled": 38,
    "quasi_dist": {
      "0": 0.634765625,
      "1": 0.0986328125,
      "3": 0.01953125,
      "4": 0.1103515625,
      "2": 0.1005859375,
      "6": 0.0146484375,
      "5": 0.0146484375,
      "7": 0.0068359375
    }
  }
}