{
  "laps": {
    "01_setup": 6.3e-05,
    "02_cache_search": 0.000206,
    "04_submit": 0.004065,
    "05_run": 0.018681,
    "06_collect": 0.000161,
    "total": 0.023176
  },
  "meta": {
    "backend": "fake_jakarta",
    "n_qubits": 3,
    "depth_in": 35,
    "depth_transpiled": 37,
    "size_transpiled": 39,
    "quasi_dist": {
      "0": 0.4873046875,
      "7": 0.5126953125
    }
  }
}