{
  "laps": {
    "01_setup": 6.1e-05,
    "03_transpile": 0.018986,
    "04_submit": 0.000524,
    "05_run": 0.02184,
    "06_collect": 3.1e-05,
    "total": 0.041442
  },
  "meta": {
    "backend": "fake_jakarta",
    "n_qubits": 3,
    "depth_in": 4,
    "depth_transpiled": 6,
    "size_transpiled": 8,
    "quasi_dist": {
      "7": 0.5263671875,
      "0": 0.4736328125
    }
  }
}