{
  "laps": {
    "01_setup": 7.9e-05,
    "03_transpile": 0.029937,
    "04_submit": 0.000875,
    "05_run": 0.02715,
    "06_collect": 6.5e-05,
    "total": 0.058106
  },
  "meta": {
    "backend": "fake_jakarta",
    "n_qubits": 3,
    "depth_in": 9,
    "depth_transpiled": 16,
    "size_transpiled": 38,
    "quasi_dist": {
      "0": 0.6064453125,
      "1": 0.1123046875,
      "4": 0.1064453125,
      "2": 0.1064453125,
      "5": 0.01953125,
      "3": 0.0283203125,
      "6": 0.017578125,
      "7": 0.0029296875
    }
  }
}