{
  "laps": {
    "01_setup": 8.1e-05,
    "02_cache_search": 0.00012,
    "04_submit": 0.000913,
    "05_run": 0.023349,
    "06_collect": 4.7e-05,
    "total": 0.02451
  },
  "meta": {
    "backend": "fake_jakarta",
    "n_qubits": 5,
    "depth_in": 7,
    "depth_transpiled": 9,
    "size_transpiled": 13,
    "quasi_dist": {
      "31": 0.494140625,
      "0": 0.505859375
    }
  }
}