{
  "laps": {
    "01_setup": 6.5e-05,
    "02_cache_search": 0.000174,
    "04_submit": 0.000987,
    "05_run": 0.021324,
    "06_collect": 0.000155,
    "total": 0.022705
  },
  "meta": {
    "backend": "fake_jakarta",
    "n_qubits": 7,
    "depth_in": 23,
    "depth_transpiled": 36,
    "size_transpiled": 47,
    "quasi_dist": {
      "127": 0.521484375,
      "0": 0.478515625
    }
  }
}