{
  "laps": {
    "01_setup": 6.4e-05,
    "02_cache_search": 0.000203,
    "04_submit": 0.000804,
    "05_run": 0.027079,
    "06_collect": 0.000196,
    "total": 0.028346
  },
  "meta": {
    "backend": "fake_jakarta",
    "n_qubits": 6,
    "depth_in": 12,
    "depth_transpiled": 26,
    "size_transpiled": 83,
    "quasi_dist": {
      "8": 0.0771484375,
      "0": 0.3603515625,
      "53": 0.001953125,
      "2": 0.068359375,
      "1": 0.068359375,
      "42": 0.001953125,
      "47": 0.0009765625,
      "49": 0.0029296875,
      "6": 0.0126953125,
      "50": 0.001953125,
      "46": 0.001953125,
      "5": 0.0146484375,
      "4": 0.05859375,
      "7": 0.001953125,
      "48": 0.0166015625,
      "32": 0.0634765625,
      "16": 0.072265625,
      "17": 0.0126953125,
      "35": 0.0009765625,
      "12": 0.01171875,
      "56": 0.0029296875,
      "20": 0.0087890625,
      "28": 0.001953125,
      "36": 0.0068359375,
      "13": 0.00390625,
      "9": 0.009765625,
      "23": 0.0009765625,
      "10": 0.0126953125,
      "33": 0.013671875,
      "18": 0.0087890625,
      "40": 0.0107421875,
      "44": 0.001953125,
      "52": 0.001953125,
      "3": 0.0146484375,
      "22": 0.005859375,
      "11": 0.0029296875,
      "34": 0.0146484375,
      "38": 0.0009765625,
      "25": 0.0029296875,
      "24": 0.0107421875,
      "29": 0.0009765625,
      "37": 0.0009765625,
      "14": 0.001953125,
      "41": 0.0009765625,
      "19": 0.001953125,
      "39": 0.0009765625,
      "21": 0.0029296875
    }
  }
}