{
  "laps": {
    "01_setup": 7.3e-05,
    "02_cache_search": 0.001231,
    "03_transpile": 0.123435,
    "07_cache_write": 0.136581,
    "04_submit": 0.006278,
    "05_run": 0.038979,
    "06_collect": 0.000809,
    "total": 0.307386
  },
  "meta": {
    "backend": "fake_jakarta",
    "n_qubits": 5,
    "depth_in": 131,
    "depth_transpiled": 168,
    "size_transpiled": 606,
    "quasi_dist": {
      "10": 0.03125,
      "18": 0.0263671875,
      "12": 0.0458984375,
      "25": 0.052734375,
      "8": 0.015625,
      "20": 0.03515625,
      "23": 0.0263671875,
      "31": 0.0224609375,
      "13": 0.046875,
      "22": 0.0341796875,
      "26": 0.0380859375,
      "21": 0.0302734375,
      "9": 0.037109375,
      "4": 0.0322265625,
      "17": 0.0302734375,
      "0": 0.0419921875,
      "11": 0.025390625,
      "5": 0.029296875,
      "1": 0.0166015625,
      "7": 0.033203125,
      "28": 0.025390625,
      "16": 0.021484375,
      "14": 0.03125,
      "29": 0.046875,
      "2": 0.0341796875,
      "15": 0.02734375,
      "24": 0.037109375,
      "27": 0.0322265625,
      "3": 0.0107421875,
      "30": 0.015625,
      "6": 0.0361328125,
      "19": 0.0302734375
    }
  }
}