{
  "01_setup": 0.001154,
  "02_cache_search": 0.001895,
  "03_transpile": 0.054032,
  "07_cache_write": 0.00621,
  "04_submit": 0.024631,
  "05_run": 0.379603,
  "06_collect": 0.001473,
  "total": 0.468998
}