{
  "laps": {
    "01_setup": 7e-05,
    "03_transpile": 0.022723,
    "04_submit": 0.000588,
    "05_run": 0.024222,
    "06_collect": 5.5e-05,
    "total": 0.047658
  },
  "meta": {
    "backend": "fake_jakarta",
    "n_qubits": 3,
    "depth_in": 5,
    "depth_transpiled": 7,
    "size_transpiled": 9,
    "quasi_dist": {
      "0": 0.5107421875,
      "7": 0.4892578125
    }
  }
}