{
  "laps": {
    "01_setup": 8.9e-05,
    "03_transpile": 0.021887,
    "04_submit": 0.000577,
    "05_run": 0.01987,
    "06_collect": 7.7e-05,
    "total": 0.0425
  },
  "meta": {
    "backend": "fake_jakarta",
    "n_qubits": 5,
    "depth_in": 13,
    "depth_transpiled": 15,
    "size_transpiled": 19,
    "quasi_dist": {
      "31": 0.513671875,
      "0": 0.486328125
    }
  }
}