{
  "laps": {
    "01_setup": 0.000645,
    "03_transpile": 0.089237,
    "04_submit": 0.002645,
    "05_run": 0.03095,
    "06_collect": 0.000483,
    "total": 0.12396
  },
  "meta": {
    "backend": "fake_jakarta",
    "n_qubits": 3,
    "depth_in": 129,
    "depth_transpiled": 166,
    "size_transpiled": 338,
    "quasi_dist": {
      "0": 0.603515625,
      "1": 0.15625,
      "2": 0.1435546875,
      "3": 0.0439453125,
      "4": 0.0166015625,
      "5": 0.01171875,
      "6": 0.021484375,
      "7": 0.0029296875
    }
  }
}