{
  "laps": {
    "01_setup": 6.3e-05,
    "03_transpile": 0.035832,
    "04_submit": 0.000936,
    "05_run": 0.025378,
    "06_collect": 0.000135,
    "total": 0.062344
  },
  "meta": {
    "backend": "fake_jakarta",
    "n_qubits": 3,
    "depth_in": 33,
    "depth_transpiled": 46,
    "size_transpiled": 98,
    "quasi_dist": {
      "2": 0.16796875,
      "1": 0.1357421875,
      "5": 0.09765625,
      "7": 0.0810546875,
      "6": 0.1181640625,
      "0": 0.115234375,
      "4": 0.091796875,
      "3": 0.1923828125
    }
  }
}