{
  "01_setup": 0.000675,
  "02_cache_search": 0.001444,
  "03_transpile": 0.023405,
  "07_cache_write": 0.012232,
  "04_submit": 0.012873,
  "05_run": 0.206051,
  "06_collect": 0.000878,
  "total": 0.257558
}