{
  "laps": {
    "01_setup": 5.7e-05,
    "02_cache_search": 0.000335,
    "04_submit": 0.00086,
    "05_run": 0.023522,
    "06_collect": 0.000143,
    "total": 0.024917
  },
  "meta": {
    "backend": "fake_jakarta",
    "n_qubits": 3,
    "depth_in": 33,
    "depth_transpiled": 46,
    "size_transpiled": 98,
    "quasi_dist": {
      "1": 0.1494140625,
      "3": 0.1650390625,
      "0": 0.12890625,
      "2": 0.15234375,
      "5": 0.1044921875,
      "6": 0.123046875,
      "4": 0.0869140625,
      "7": 0.08984375
    }
  }
}