{
  "laps": {
    "01_setup": 6.4e-05,
    "02_cache_search": 0.000122,
    "04_submit": 0.000765,
    "05_run": 0.023323,
    "06_collect": 9.8e-05,
    "total": 0.024372
  },
  "meta": {
    "backend": "fake_jakarta",
    "n_qubits": 6,
    "depth_in": 14,
    "depth_transpiled": 25,
    "size_transpiled": 35,
    "quasi_dist": {
      "0": 0.478515625,
      "63": 0.521484375
    }
  }
}