{
  "laps": {
    "01_setup": 0.000131,
    "02_cache_search": 0.000189,
    "04_submit": 0.001149,
    "05_run": 0.043563,
    "06_collect": 0.000134,
    "total": 0.045166
  },
  "meta": {
    "backend": "fake_jakarta",
    "n_qubits": 7,
    "depth_in": 9,
    "depth_transpiled": 22,
    "size_transpiled": 33,
    "quasi_dist": {
      "127": 0.498046875,
      "0": 0.501953125
    }
  }
}