{
  "01_setup": 0.000685,
  "03_transpile": 0.393177,
  "04_submit": 0.00947,
  "05_run": 0.224432,
  "06_collect": 0.001401,
  "total": 0.629165
}