{
  "laps": {
    "01_setup": 9.6e-05,
    "02_cache_search": 0.000139,
    "04_submit": 0.003785,
    "05_run": 0.018133,
    "06_collect": 8e-05,
    "total": 0.022233
  },
  "meta": {
    "backend": "fake_jakarta",
    "n_qubits": 5,
    "depth_in": 13,
    "depth_transpiled": 15,
    "size_transpiled": 19,
    "quasi_dist": {
      "0": 0.4833984375,
      "31": 0.5166015625
    }
  }
}