{
  "laps": {
    "01_setup": 8e-05,
    "02_cache_search": 0.000762,
    "04_submit": 0.002475,
    "05_run": 0.034271,
    "06_collect": 0.000514,
    "total": 0.038102
  },
  "meta": {
    "backend": "fake_jakarta",
    "n_qubits": 3,
    "depth_in": 129,
    "depth_transpiled": 166,
    "size_transpiled": 338,
    "quasi_dist": {
      "0": 0.576171875,
      "1": 0.1513671875,
      "2": 0.177734375,
      "4": 0.0107421875,
      "5": 0.0146484375,
      "3": 0.05078125,
      "6": 0.017578125,
      "7": 0.0009765625
    }
  }
}