{
  "01_setup": 0.00082,
  "03_transpile": 1.351343,
  "04_submit": 0.042471,
  "05_run": 0.404335,
  "06_collect": 0.008342,
  "total": 1.807311
}