{
  "laps": {
    "01_setup": 9e-05,
    "03_transpile": 0.077314,
    "04_submit": 0.002586,
    "05_run": 0.0305,
    "06_collect": 0.000425,
    "total": 0.110915
  },
  "meta": {
    "backend": "fake_jakarta",
    "n_qubits": 5,
    "depth_in": 67,
    "depth_transpiled": 88,
    "size_transpiled": 318,
    "quasi_dist": {
      "7": 0.0205078125,
      "31": 0.0205078125,
      "25": 0.0146484375,
      "0": 0.412109375,
      "15": 0.0283203125,
      "6": 0.05078125,
      "24": 0.03125,
      "28": 0.1015625,
      "14": 0.06640625,
      "1": 0.0546875,
      "22": 0.0087890625,
      "12": 0.0546875,
      "3": 0.0166015625,
      "4": 0.0009765625,
      "8": 0.005859375,
      "10": 0.0029296875,
      "13": 0.0224609375,
      "29": 0.0107421875,
      "19": 0.009765625,
      "2": 0.013671875,
      "16": 0.0068359375,
      "5": 0.005859375,
      "18": 0.0068359375,
      "17": 0.0029296875,
      "26": 0.00390625,
      "20": 0.005859375,
      "27": 0.0029296875,
      "30": 0.009765625,
      "11": 0.0029296875,
      "21": 0.001953125,
      "9": 0.0009765625,
      "23": 0.001953125
    }
  }
}