{
  "laps": {
    "01_setup": 0.000562,
    "03_transpile": 0.036591,
    "04_submit": 0.000913,
    "05_run": 0.022941,
    "06_collect": 0.000149,
    "total": 0.061156
  },
  "meta": {
    "backend": "fake_jakarta",
    "n_qubits": 7,
    "depth_in": 23,
    "depth_transpiled": 36,
    "size_transpiled": 47,
    "quasi_dist": {
      "127": 0.533203125,
      "0": 0.466796875
    }
  }
}