{
  "laps": {
    "01_setup": 7e-05,
    "02_cache_search": 0.000426,
    "04_submit": 0.001624,
    "05_run": 0.026905,
    "06_collect": 0.000278,
    "total": 0.029303
  },
  "meta": {
    "backend": "fake_jakarta",
    "n_qubits": 3,
    "depth_in": 65,
    "depth_transpiled": 86,
    "size_transpiled": 178,
    "quasi_dist": {
      "0": 0.7861328125,
      "3": 0.0322265625,
      "6": 0.080078125,
      "1": 0.056640625,
      "2": 0.0322265625,
      "4": 0.00390625,
      "5": 0.00390625,
      "7": 0.0048828125
    }
  }
}