{
  "laps": {
    "01_setup": 7.1e-05,
    "03_transpile": 0.034564,
    "04_submit": 0.000731,
    "05_run": 0.022902,
    "06_collect": 6.4e-05,
    "total": 0.058332
  },
  "meta": {
    "backend": "fake_jakarta",
    "n_qubits": 3,
    "depth_in": 6,
    "depth_transpiled": 23,
    "size_transpiled": 26,
    "quasi_dist": {
      "7": 0.13671875,
      "2": 0.109375,
      "3": 0.13671875,
      "0": 0.123046875,
      "4": 0.1259765625,
      "5": 0.119140625,
      "6": 0.126953125,
      "1": 0.1220703125
    }
  }
}