{
  "laps": {
    "01_setup": 7.9e-05,
    "02_cache_search": 0.000153,
    "04_submit": 0.000682,
    "05_run": 0.022384,
    "06_collect": 8.8e-05,
    "total": 0.023386
  },
  "meta": {
    "backend": "fake_jakarta",
    "n_qubits": 3,
    "depth_in": 9,
    "depth_transpiled": 16,
    "size_transpiled": 38,
    "quasi_dist": {
      "2": 0.1123046875,
      "0": 0.615234375,
      "1": 0.1103515625,
      "6": 0.0234375,
      "4": 0.1044921875,
      "3": 0.0126953125,
      "7": 0.0009765625,
      "5": 0.0205078125
    }
  }
}