{
  "laps": {
    "01_setup": 0.0001,
    "02_cache_search": 0.000445,
    "03_transpile": 0.029078,
    "07_cache_write": 0.154308,
    "04_submit": 0.001235,
    "05_run": 0.025261,
    "06_collect": 0.000176,
    "total": 0.210603
  },
  "meta": {
    "backend": "fake_jakarta",
    "n_qubits": 3,
    "depth_in": 35,
    "depth_transpiled": 37,
    "size_transpiled": 39,
    "quasi_dist": {
      "7": 0.501953125,
      "0": 0.498046875
    }
  }
}