{
  "laps": {
    "01_setup": 9.6e-05,
    "03_transpile": 0.022795,
    "04_submit": 0.000514,
    "05_run": 0.021115,
    "06_collect": 3.8e-05,
    "total": 0.044558
  },
  "meta": {
    "backend": "fake_jakarta",
    "n_qubits": 3,
    "depth_in": 5,
    "depth_transpiled": 7,
    "size_transpiled": 9,
    "quasi_dist": {
      "0": 0.5009765625,
      "7": 0.4990234375
    }
  }
}