{
  "laps": {
    "01_setup": 7.1e-05,
    "03_transpile": 0.05097,
    "04_submit": 0.002134,
    "05_run": 0.02561,
    "06_collect": 0.000234,
    "total": 0.079019
  },
  "meta": {
    "backend": "fake_jakarta",
    "n_qubits": 5,
    "depth_in": 35,
    "depth_transpiled": 48,
    "size_transpiled": 174,
    "quasi_dist": {
      "6": 0.072265625,
      "15": 0.0302734375,
      "25": 0.0048828125,
      "0": 0.1318359375,
      "29": 0.0224609375,
      "14": 0.0830078125,
      "30": 0.0341796875,
      "12": 0.08203125,
      "4": 0.0380859375,
      "21": 0.00390625,
      "2": 0.0546875,
      "28": 0.068359375,
      "17": 0.0146484375,
      "8": 0.0517578125,
      "24": 0.0654296875,
      "7": 0.0380859375,
      "9": 0.0166015625,
      "11": 0.015625,
      "13": 0.013671875,
      "16": 0.025390625,
      "5": 0.03125,
      "3": 0.0244140625,
      "1": 0.0185546875,
      "10": 0.0068359375,
      "20": 0.0048828125,
      "31": 0.009765625,
      "27": 0.0126953125,
      "23": 0.0029296875,
      "26": 0.0048828125,
      "18": 0.0078125,
      "22": 0.0087890625
    }
  }
}