{
  "laps": {
    "01_setup": 5.8e-05,
    "02_cache_search": 0.000104,
    "04_submit": 0.000634,
    "05_run": 0.023309,
    "06_collect": 8.4e-05,
    "total": 0.024189
  },
  "meta": {
    "backend": "fake_jakarta",
    "n_qubits": 7,
    "depth_in": 11,
    "depth_transpiled": 24,
    "size_transpiled": 35,
    "quasi_dist": {
      "0": 0.494140625,
      "127": 0.505859375
    }
  }
}