{
  "01_setup": 0.000603,
  "02_cache_search": 0.001052,
  "03_transpile": 0.026317,
  "07_cache_write": 0.000915,
  "04_submit": 0.006712,
  "05_run": 0.218768,
  "06_collect": 0.000761,
  "total": 0.255128
}