{
  "laps": {
    "01_setup": 5.9e-05,
    "03_transpile": 0.0392,
    "04_submit": 0.001112,
    "05_run": 0.022787,
    "06_collect": 0.000133,
    "total": 0.063291
  },
  "meta": {
    "backend": "fake_jakarta",
    "n_qubits": 5,
    "depth_in": 19,
    "depth_transpiled": 28,
    "size_transpiled": 102,
    "quasi_dist": {
      "8": 0.0634765625,
      "0": 0.29296875,
      "25": 0.015625,
      "19": 0.0283203125,
      "2": 0.0478515625,
      "7": 0.044921875,
      "31": 0.029296875,
      "20": 0.0146484375,
      "16": 0.03125,
      "14": 0.041015625,
      "12": 0.0380859375,
      "1": 0.0400390625,
      "13": 0.0166015625,
      "6": 0.015625,
      "15": 0.0302734375,
      "4": 0.0380859375,
      "9": 0.0166015625,
      "30": 0.0146484375,
      "17": 0.0224609375,
      "24": 0.0087890625,
      "28": 0.0283203125,
      "26": 0.0146484375,
      "3": 0.0380859375,
      "22": 0.0166015625,
      "18": 0.015625,
      "29": 0.001953125,
      "11": 0.015625,
      "5": 0.0068359375,
      "27": 0.005859375,
      "10": 0.00390625,
      "21": 0.001953125
    }
  }
}