{
  "laps": {
    "01_setup": 9.7e-05,
    "02_cache_search": 0.000692,
    "03_transpile": 0.074225,
    "07_cache_write": 0.093228,
    "04_submit": 0.002264,
    "05_run": 0.0331,
    "06_collect": 0.000451,
    "total": 0.204057
  },
  "meta": {
    "backend": "fake_jakarta",
    "n_qubits": 5,
    "depth_in": 67,
    "depth_transpiled": 88,
    "size_transpiled": 318,
    "quasi_dist": {
      "17": 0.0048828125,
      "0": 0.44921875,
      "15": 0.021484375,
      "1": 0.0537109375,
      "3": 0.021484375,
      "12": 0.0361328125,
      "7": 0.025390625,
      "28": 0.0947265625,
      "6": 0.0322265625,
      "5": 0.0078125,
      "14": 0.06640625,
      "31": 0.0234375,
      "10": 0.0078125,
      "22": 0.01171875,
      "29": 0.015625,
      "24": 0.0390625,
      "18": 0.0048828125,
      "25": 0.0078125,
      "13": 0.0166015625,
      "20": 0.01171875,
      "27": 0.0009765625,
      "2": 0.009765625,
      "19": 0.009765625,
      "26": 0.009765625,
      "16": 0.00390625,
      "8": 0.0009765625,
      "30": 0.005859375,
      "4": 0.001953125,
      "11": 0.0029296875,
      "9": 0.0009765625,
      "21": 0.0009765625
    }
  }
}