{
  "laps": {
    "01_setup": 6.5e-05,
    "03_transpile": 0.022638,
    "04_submit": 0.000621,
    "05_run": 0.020169,
    "06_collect": 5.5e-05,
    "total": 0.043548
  },
  "meta": {
    "backend": "fake_jakarta",
    "n_qubits": 5,
    "depth_in": 9,
    "depth_transpiled": 11,
    "size_transpiled": 15,
    "quasi_dist": {
      "31": 0.505859375,
      "0": 0.494140625
    }
  }
}