{
  "laps": {
    "01_setup": 7.3e-05,
    "02_cache_search": 0.000822,
    "04_submit": 0.003078,
    "05_run": 0.036235,
    "06_collect": 0.000577,
    "total": 0.040785
  },
  "meta": {
    "backend": "fake_jakarta",
    "n_qubits": 6,
    "depth_in": 68,
    "depth_transpiled": 173,
    "size_transpiled": 433,
    "quasi_dist": {
      "32": 0.029296875,
      "0": 0.255859375,
      "24": 0.0341796875,
      "9": 0.0009765625,
      "49": 0.0009765625,
      "47": 0.009765625,
      "6": 0.037109375,
      "48": 0.03125,
      "7": 0.0458984375,
      "59": 0.001953125,
      "14": 0.0576171875,
      "30": 0.0498046875,
      "31": 0.0244140625,
      "35": 0.0009765625,
      "61": 0.005859375,
      "12": 0.02734375,
      "50": 0.0009765625,
      "46": 0.005859375,
      "5": 0.0078125,
      "34": 0.001953125,
      "62": 0.0322265625,
      "38": 0.0009765625,
      "58": 0.005859375,
      "15": 0.0478515625,
      "16": 0.02734375,
      "13": 0.01171875,
      "36": 0.001953125,
      "60": 0.0419921875,
      "56": 0.044921875,
      "45": 0.0009765625,
      "4": 0.01171875,
      "33": 0.0009765625,
      "10": 0.00390625,
      "63": 0.0341796875,
      "52": 0.001953125,
      "3": 0.0107421875,
      "44": 0.009765625,
      "8": 0.0244140625,
      "40": 0.0078125,
      "2": 0.005859375,
      "29": 0.005859375,
      "22": 0.0009765625,
      "19": 0.001953125,
      "28": 0.0166015625,
      "25": 0.005859375,
      "39": 0.0029296875,
      "17": 0.0029296875,
      "1": 0.00390625,
      "20": 0.0009765625,
      "26": 0.0009765625
    }
  }
}