{
  "laps": {
    "01_setup": 0.000151,
    "03_transpile": 0.055168,
    "04_submit": 0.001145,
    "05_run": 0.040695,
    "06_collect": 8.8e-05,
    "total": 0.097247
  },
  "meta": {
    "backend": "fake_jakarta",
    "n_qubits": 7,
    "depth_in": 9,
    "depth_transpiled": 22,
    "size_transpiled": 33,
    "quasi_dist": {
      "0": 0.51171875,
      "127": 0.48828125
    }
  }
}