{
  "laps": {
    "01_setup": 6.5e-05,
    "02_cache_search": 0.001522,
    "04_submit": 0.105029,
    "05_run": 0.048183,
    "06_collect": 0.001153,
    "total": 0.155952
  },
  "meta": {
    "backend": "fake_jakarta",
    "n_qubits": 6,
    "depth_in": 132,
    "depth_transpiled": 341,
    "size_transpiled": 833,
    "quasi_dist": {
      "47": 0.0009765625,
      "49": 0.005859375,
      "6": 0.0361328125,
      "52": 0.0068359375,
      "3": 0.0498046875,
      "34": 0.001953125,
      "62": 0.0556640625,
      "48": 0.0166015625,
      "7": 0.0537109375,
      "56": 0.056640625,
      "13": 0.00390625,
      "36": 0.0009765625,
      "60": 0.0986328125,
      "59": 0.0009765625,
      "14": 0.0205078125,
      "0": 0.130859375,
      "51": 0.0068359375,
      "4": 0.021484375,
      "28": 0.0546875,
      "31": 0.0517578125,
      "30": 0.076171875,
      "32": 0.009765625,
      "12": 0.01953125,
      "35": 0.013671875,
      "54": 0.00390625,
      "1": 0.0146484375,
      "26": 0.0078125,
      "39": 0.0029296875,
      "24": 0.017578125,
      "17": 0.0048828125,
      "58": 0.005859375,
      "15": 0.0556640625,
      "8": 0.015625,
      "10": 0.0009765625,
      "33": 0.0029296875,
      "63": 0.0205078125,
      "2": 0.0322265625,
      "22": 0.001953125,
      "27": 0.001953125,
      "5": 0.00390625,
      "50": 0.0009765625,
      "46": 0.001953125,
      "16": 0.001953125,
      "25": 0.001953125,
      "9": 0.0029296875,
      "57": 0.0009765625,
      "18": 0.0009765625,
      "29": 0.0009765625
    }
  }
}