{
  "laps": {
    "01_setup": 6e-05,
    "03_transpile": 0.03613,
    "04_submit": 0.001066,
    "05_run": 0.024499,
    "06_collect": 0.000157,
    "total": 0.061912
  },
  "meta": {
    "backend": "fake_jakarta",
    "n_qubits": 5,
    "depth_in": 19,
    "depth_transpiled": 28,
    "size_transpiled": 102,
    "quasi_dist": {
      "0": 0.2705078125,
      "8": 0.080078125,
      "15": 0.02734375,
      "4": 0.0478515625,
      "21": 0.0029296875,
      "22": 0.0263671875,
      "3": 0.0341796875,
      "2": 0.0458984375,
      "26": 0.0107421875,
      "1": 0.0400390625,
      "29": 0.00390625,
      "31": 0.0400390625,
      "7": 0.037109375,
      "18": 0.01953125,
      "12": 0.0322265625,
      "9": 0.0087890625,
      "28": 0.04296875,
      "27": 0.0029296875,
      "5": 0.009765625,
      "30": 0.0126953125,
      "11": 0.015625,
      "14": 0.0390625,
      "25": 0.01171875,
      "20": 0.0107421875,
      "19": 0.021484375,
      "16": 0.0234375,
      "17": 0.025390625,
      "13": 0.021484375,
      "6": 0.01953125,
      "10": 0.0029296875,
      "24": 0.0126953125
    }
  }
}