{
  "laps": {
    "01_setup": 6.7e-05,
    "03_transpile": 0.024802,
    "04_submit": 0.000663,
    "05_run": 0.023393,
    "06_collect": 6.6e-05,
    "total": 0.048991
  },
  "meta": {
    "backend": "fake_jakarta",
    "n_qubits": 6,
    "depth_in": 10,
    "depth_transpiled": 15,
    "size_transpiled": 20,
    "quasi_dist": {
      "63": 0.5029296875,
      "0": 0.4970703125
    }
  }
}