{
  "laps": {
    "01_setup": 7.1e-05,
    "03_transpile": 0.046056,
    "04_submit": 0.001632,
    "05_run": 0.02712,
    "06_collect": 0.000292,
    "total": 0.075171
  },
  "meta": {
    "backend": "fake_jakarta",
    "n_qubits": 7,
    "depth_in": 39,
    "depth_transpiled": 52,
    "size_transpiled": 63,
    "quasi_dist": {
      "0": 0.5224609375,
      "127": 0.4775390625
    }
  }
}