{
  "laps": {
    "01_setup": 8.2e-05,
    "02_cache_search": 0.001306,
    "04_submit": 0.004063,
    "05_run": 0.044356,
    "06_collect": 0.000995,
    "total": 0.050802
  },
  "meta": {
    "backend": "fake_jakarta",
    "n_qubits": 5,
    "depth_in": 131,
    "depth_transpiled": 168,
    "size_transpiled": 606,
    "quasi_dist": {
      "31": 0.0302734375,
      "22": 0.0322265625,
      "7": 0.015625,
      "24": 0.03515625,
      "9": 0.0361328125,
      "29": 0.0419921875,
      "13": 0.0556640625,
      "26": 0.0439453125,
      "10": 0.0244140625,
      "28": 0.0322265625,
      "27": 0.0361328125,
      "6": 0.04296875,
      "2": 0.029296875,
      "5": 0.0224609375,
      "19": 0.0322265625,
      "4": 0.015625,
      "25": 0.0615234375,
      "8": 0.0283203125,
      "20": 0.0302734375,
      "0": 0.0302734375,
      "14": 0.0263671875,
      "12": 0.0556640625,
      "18": 0.0390625,
      "30": 0.0087890625,
      "23": 0.033203125,
      "15": 0.0283203125,
      "17": 0.0185546875,
      "11": 0.0322265625,
      "16": 0.013671875,
      "21": 0.02734375,
      "1": 0.02734375,
      "3": 0.0126953125
    }
  }
}