{
  "01_setup": 0.000811,
  "02_cache_search": 0.016755,
  "03_transpile": 0.123435,
  "07_cache_write": 0.136581,
  "04_submit": 0.043452,
  "05_run": 0.430672,
  "06_collect": 0.009152,
  "total": 0.760858
}