{
  "laps": {
    "01_setup": 0.0001,
    "02_cache_search": 0.000186,
    "04_submit": 0.000918,
    "05_run": 0.024546,
    "06_collect": 5.1e-05,
    "total": 0.025801
  },
  "meta": {
    "backend": "fake_jakarta",
    "n_qubits": 3,
    "depth_in": 7,
    "depth_transpiled": 9,
    "size_transpiled": 11,
    "quasi_dist": {
      "0": 0.5107421875,
      "7": 0.4892578125
    }
  }
}