{
  "laps": {
    "01_setup": 6.2e-05,
    "02_cache_search": 0.000109,
    "04_submit": 0.000652,
    "05_run": 0.020198,
    "06_collect": 7.6e-05,
    "total": 0.021097
  },
  "meta": {
    "backend": "fake_jakarta",
    "n_qubits": 7,
    "depth_in": 11,
    "depth_transpiled": 24,
    "size_transpiled": 35,
    "quasi_dist": {
      "127": 0.5146484375,
      "0": 0.4853515625
    }
  }
}