{
  "laps": {
    "01_setup": 6.6e-05,
    "02_cache_search": 7.9e-05,
    "04_submit": 0.000531,
    "05_run": 0.021212,
    "06_collect": 6.2e-05,
    "total": 0.02195
  },
  "meta": {
    "backend": "fake_jakarta",
    "n_qubits": 7,
    "depth_in": 8,
    "depth_transpiled": 22,
    "size_transpiled": 33,
    "quasi_dist": {
      "127": 0.4970703125,
      "0": 0.5029296875
    }
  }
}