{
  "laps": {
    "01_setup": 6.5e-05,
    "02_cache_search": 0.000246,
    "04_submit": 0.00102,
    "05_run": 0.023496,
    "06_collect": 0.000228,
    "total": 0.025055
  },
  "meta": {
    "backend": "fake_jakarta",
    "n_qubits": 6,
    "depth_in": 38,
    "depth_transpiled": 43,
    "size_transpiled": 48,
    "quasi_dist": {
      "0": 0.515625,
      "63": 0.484375
    }
  }
}