{
  "laps": {
    "01_setup": 6.5e-05,
    "02_cache_search": 8.1e-05,
    "04_submit": 0.000591,
    "05_run": 0.022399,
    "06_collect": 8.9e-05,
    "total": 0.023225
  },
  "meta": {
    "backend": "fake_jakarta",
    "n_qubits": 6,
    "depth_in": 7,
    "depth_transpiled": 17,
    "size_transpiled": 27,
    "quasi_dist": {
      "0": 0.4736328125,
      "63": 0.5263671875
    }
  }
}