{
  "laps": {
    "01_setup": 7.1e-05,
    "02_cache_search": 0.000347,
    "03_transpile": 0.020308,
    "07_cache_write": 0.005909,
    "04_submit": 0.000677,
    "05_run": 0.020632,
    "06_collect": 4.7e-05,
    "total": 0.047991
  },
  "meta": {
    "backend": "fake_jakarta",
    "n_qubits": 3,
    "depth_in": 7,
    "depth_transpiled": 9,
    "size_transpiled": 11,
    "quasi_dist": {
      "7": 0.5234375,
      "0": 0.4765625
    }
  }
}