{
  "laps": {
    "01_setup": 6.3e-05,
    "02_cache_search": 0.000225,
    "04_submit": 0.001114,
    "05_run": 0.025366,
    "06_collect": 0.000218,
    "total": 0.026986
  },
  "meta": {
    "backend": "fake_jakarta",
    "n_qubits": 5,
    "depth_in": 37,
    "depth_transpiled": 39,
    "size_transpiled": 43,
    "quasi_dist": {
      "31": 0.5361328125,
      "0": 0.4638671875
    }
  }
}