{
  "laps": {
    "01_setup": 6.4e-05,
    "03_transpile": 0.072396,
    "04_submit": 0.002166,
    "05_run": 0.03244,
    "06_collect": 0.000434,
    "total": 0.1075
  },
  "meta": {
    "backend": "fake_jakarta",
    "n_qubits": 5,
    "depth_in": 67,
    "depth_transpiled": 88,
    "size_transpiled": 318,
    "quasi_dist": {
      "6": 0.037109375,
      "19": 0.01953125,
      "28": 0.0830078125,
      "31": 0.0224609375,
      "1": 0.0439453125,
      "0": 0.4482421875,
      "5": 0.0068359375,
      "12": 0.046875,
      "7": 0.0205078125,
      "21": 0.00390625,
      "18": 0.0107421875,
      "25": 0.0107421875,
      "20": 0.005859375,
      "2": 0.01171875,
      "15": 0.025390625,
      "24": 0.033203125,
      "14": 0.0595703125,
      "26": 0.0078125,
      "3": 0.0185546875,
      "8": 0.0078125,
      "13": 0.01953125,
      "29": 0.0126953125,
      "27": 0.00390625,
      "11": 0.0068359375,
      "23": 0.0029296875,
      "22": 0.009765625,
      "30": 0.009765625,
      "4": 0.001953125,
      "9": 0.0009765625,
      "16": 0.00390625,
      "17": 0.00390625
    }
  }
}