{
  "laps": {
    "01_setup": 0.000125,
    "02_cache_search": 0.000343,
    "03_transpile": 0.10757,
    "07_cache_write": 0.007639,
    "04_submit": 0.004968,
    "05_run": 0.031191,
    "06_collect": 0.000403,
    "total": 0.152239
  },
  "meta": {
    "backend": "fake_jakarta",
    "n_qubits": 5,
    "depth_in": 25,
    "depth_transpiled": 208,
    "size_transpiled": 319,
    "quasi_dist": {
      "0": 1.0
    }
  }
}