{
  "laps": {
    "01_setup": 9.6e-05,
    "03_transpile": 0.180003,
    "04_submit": 0.002819,
    "05_run": 0.035574,
    "06_collect": 0.000578,
    "total": 0.21907
  },
  "meta": {
    "backend": "fake_jakarta",
    "n_qubits": 6,
    "depth_in": 68,
    "depth_transpiled": 173,
    "size_transpiled": 433,
    "quasi_dist": {
      "48": 0.029296875,
      "7": 0.0419921875,
      "30": 0.0361328125,
      "42": 0.0009765625,
      "1": 0.0068359375,
      "54": 0.001953125,
      "37": 0.001953125,
      "14": 0.0693359375,
      "55": 0.0009765625,
      "0": 0.28125,
      "35": 0.0009765625,
      "61": 0.0087890625,
      "12": 0.0234375,
      "58": 0.0048828125,
      "38": 0.001953125,
      "15": 0.048828125,
      "2": 0.0048828125,
      "28": 0.0166015625,
      "16": 0.0498046875,
      "24": 0.029296875,
      "45": 0.0009765625,
      "4": 0.0078125,
      "36": 0.0009765625,
      "13": 0.0126953125,
      "60": 0.0341796875,
      "10": 0.0029296875,
      "63": 0.03125,
      "47": 0.013671875,
      "6": 0.025390625,
      "56": 0.0380859375,
      "31": 0.0263671875,
      "8": 0.0205078125,
      "5": 0.0009765625,
      "46": 0.01171875,
      "50": 0.0029296875,
      "52": 0.0009765625,
      "3": 0.0078125,
      "44": 0.0078125,
      "11": 0.0009765625,
      "34": 0.0048828125,
      "62": 0.0361328125,
      "32": 0.017578125,
      "29": 0.0068359375,
      "19": 0.00390625,
      "20": 0.0029296875,
      "26": 0.001953125,
      "9": 0.0048828125,
      "39": 0.0048828125,
      "22": 0.0009765625,
      "17": 0.0009765625,
      "57": 0.0029296875,
      "23": 0.0009765625,
      "18": 0.0009765625,
      "40": 0.0009765625
    }
  }
}