{
  "laps": {
    "01_setup": 6.2e-05,
    "03_transpile": 0.037197,
    "04_submit": 0.000946,
    "05_run": 0.022503,
    "06_collect": 0.000133,
    "total": 0.060841
  },
  "meta": {
    "backend": "fake_jakarta",
    "n_qubits": 5,
    "depth_in": 19,
    "depth_transpiled": 28,
    "size_transpiled": 102,
    "quasi_dist": {
      "0": 0.26953125,
      "26": 0.0078125,
      "12": 0.041015625,
      "19": 0.0205078125,
      "7": 0.0380859375,
      "31": 0.03125,
      "16": 0.0283203125,
      "1": 0.0576171875,
      "2": 0.046875,
      "24": 0.005859375,
      "20": 0.0048828125,
      "25": 0.0166015625,
      "8": 0.09375,
      "14": 0.033203125,
      "17": 0.0263671875,
      "3": 0.03125,
      "18": 0.017578125,
      "30": 0.01953125,
      "4": 0.033203125,
      "6": 0.0244140625,
      "15": 0.0283203125,
      "28": 0.0380859375,
      "11": 0.015625,
      "22": 0.0166015625,
      "5": 0.0078125,
      "9": 0.017578125,
      "27": 0.0029296875,
      "13": 0.017578125,
      "29": 0.001953125,
      "10": 0.001953125,
      "21": 0.00390625
    }
  }
}