{
  "laps": {
    "01_setup": 6.8e-05,
    "02_cache_search": 9.3e-05,
    "04_submit": 0.000555,
    "05_run": 0.024171,
    "06_collect": 0.000124,
    "total": 0.025011
  },
  "meta": {
    "backend": "fake_jakarta",
    "n_qubits": 3,
    "depth_in": 5,
    "depth_transpiled": 11,
    "size_transpiled": 28,
    "quasi_dist": {
      "7": 0.14453125,
      "3": 0.146484375,
      "0": 0.1083984375,
      "2": 0.1220703125,
      "6": 0.1103515625,
      "4": 0.10546875,
      "1": 0.13671875,
      "5": 0.1259765625
    }
  }
}