{
  "01_setup": 0.000696,
  "03_transpile": 1.078664,
  "04_submit": 0.031593,
  "05_run": 0.352283,
  "06_collect": 0.006335,
  "total": 1.469571
}