{
  "laps": {
    "01_setup": 7.8e-05,
    "03_transpile": 0.098094,
    "04_submit": 0.002861,
    "05_run": 0.033108,
    "06_collect": 0.000561,
    "total": 0.134702
  },
  "meta": {
    "backend": "fake_jakarta",
    "n_qubits": 6,
    "depth_in": 68,
    "depth_transpiled": 173,
    "size_transpiled": 433,
    "quasi_dist": {
      "32": 0.0224609375,
      "55": 0.0009765625,
      "0": 0.271484375,
      "31": 0.0234375,
      "10": 0.0029296875,
      "33": 0.0009765625,
      "63": 0.03125,
      "16": 0.052734375,
      "61": 0.0068359375,
      "12": 0.017578125,
      "47": 0.0078125,
      "6": 0.0302734375,
      "34": 0.005859375,
      "11": 0.0029296875,
      "62": 0.0341796875,
      "17": 0.005859375,
      "38": 0.0009765625,
      "58": 0.00390625,
      "15": 0.0634765625,
      "45": 0.001953125,
      "4": 0.0107421875,
      "28": 0.0126953125,
      "59": 0.0009765625,
      "37": 0.0009765625,
      "14": 0.056640625,
      "30": 0.029296875,
      "7": 0.03515625,
      "48": 0.03515625,
      "5": 0.001953125,
      "46": 0.0068359375,
      "50": 0.0048828125,
      "1": 0.0087890625,
      "42": 0.0009765625,
      "56": 0.0478515625,
      "29": 0.0087890625,
      "53": 0.0009765625,
      "43": 0.0009765625,
      "2": 0.0048828125,
      "22": 0.001953125,
      "44": 0.0048828125,
      "3": 0.0087890625,
      "52": 0.0009765625,
      "20": 0.00390625,
      "24": 0.03125,
      "36": 0.0048828125,
      "60": 0.033203125,
      "13": 0.01171875,
      "8": 0.013671875,
      "39": 0.005859375,
      "25": 0.0029296875,
      "21": 0.001953125,
      "57": 0.0048828125,
      "18": 0.0009765625,
      "9": 0.0029296875,
      "23": 0.0029296875,
      "19": 0.001953125,
      "26": 0.0009765625,
      "40": 0.0029296875
    }
  }
}