{
  "laps": {
    "01_setup": 6.8e-05,
    "02_cache_search": 0.000116,
    "04_submit": 0.002927,
    "05_run": 0.021857,
    "06_collect": 9.7e-05,
    "total": 0.025065
  },
  "meta": {
    "backend": "fake_jakarta",
    "n_qubits": 6,
    "depth_in": 14,
    "depth_transpiled": 25,
    "size_transpiled": 35,
    "quasi_dist": {
      "63": 0.521484375,
      "0": 0.478515625
    }
  }
}