{
  "laps": {
    "01_setup": 0.00066,
    "02_cache_search": 0.000383,
    "03_transpile": 0.037659,
    "07_cache_write": 0.001365,
    "04_submit": 0.00073,
    "05_run": 0.022837,
    "06_collect": 6.8e-05,
    "total": 0.063702
  },
  "meta": {
    "backend": "fake_jakarta",
    "n_qubits": 6,
    "depth_in": 7,
    "depth_transpiled": 17,
    "size_transpiled": 27,
    "quasi_dist": {
      "0": 0.494140625,
      "63": 0.505859375
    }
  }
}