{
  "laps": {
    "01_setup": 7.5e-05,
    "02_cache_search": 0.000111,
    "04_submit": 0.002741,
    "05_run": 0.028053,
    "06_collect": 9.8e-05,
    "total": 0.031078
  },
  "meta": {
    "backend": "fake_jakarta",
    "n_qubits": 6,
    "depth_in": 7,
    "depth_transpiled": 17,
    "size_transpiled": 27,
    "quasi_dist": {
      "63": 0.4951171875,
      "0": 0.5048828125
    }
  }
}