{
  "laps": {
    "01_setup": 7.6e-05,
    "02_cache_search": 0.001517,
    "04_submit": 0.00513,
    "05_run": 0.050412,
    "06_collect": 0.001158,
    "total": 0.058293
  },
  "meta": {
    "backend": "fake_jakarta",
    "n_qubits": 6,
    "depth_in": 132,
    "depth_transpiled": 341,
    "size_transpiled": 833,
    "quasi_dist": {
      "54": 0.0048828125,
      "1": 0.0068359375,
      "28": 0.0419921875,
      "11": 0.0029296875,
      "62": 0.0615234375,
      "30": 0.0654296875,
      "13": 0.005859375,
      "60": 0.111328125,
      "52": 0.0029296875,
      "3": 0.0439453125,
      "48": 0.0107421875,
      "7": 0.0615234375,
      "56": 0.060546875,
      "31": 0.0556640625,
      "2": 0.046875,
      "38": 0.0029296875,
      "58": 0.0029296875,
      "15": 0.0595703125,
      "10": 0.0009765625,
      "63": 0.015625,
      "4": 0.013671875,
      "51": 0.009765625,
      "24": 0.01953125,
      "35": 0.0068359375,
      "12": 0.037109375,
      "47": 0.0009765625,
      "49": 0.0068359375,
      "6": 0.0439453125,
      "55": 0.0009765625,
      "0": 0.11328125,
      "26": 0.00390625,
      "46": 0.0009765625,
      "50": 0.001953125,
      "5": 0.0078125,
      "59": 0.0009765625,
      "14": 0.0224609375,
      "32": 0.00390625,
      "57": 0.0029296875,
      "17": 0.0048828125,
      "8": 0.0166015625,
      "18": 0.00390625,
      "29": 0.0009765625,
      "22": 0.0009765625,
      "16": 0.001953125,
      "27": 0.0029296875,
      "9": 0.00390625,
      "39": 0.0009765625
    }
  }
}