{
  "laps": {
    "01_setup": 9.3e-05,
    "03_transpile": 0.24138,
    "04_submit": 0.003589,
    "05_run": 0.039921,
    "06_collect": 0.000853,
    "total": 0.285836
  },
  "meta": {
    "backend": "fake_jakarta",
    "n_qubits": 5,
    "depth_in": 131,
    "depth_transpiled": 168,
    "size_transpiled": 606,
    "quasi_dist": {
      "18": 0.0263671875,
      "26": 0.04296875,
      "0": 0.0478515625,
      "25": 0.0732421875,
      "29": 0.044921875,
      "14": 0.0205078125,
      "19": 0.029296875,
      "9": 0.0390625,
      "24": 0.037109375,
      "4": 0.02734375,
      "31": 0.0234375,
      "20": 0.0283203125,
      "23": 0.0205078125,
      "28": 0.0419921875,
      "17": 0.0224609375,
      "11": 0.0263671875,
      "2": 0.02734375,
      "8": 0.01953125,
      "12": 0.0458984375,
      "15": 0.0244140625,
      "27": 0.0517578125,
      "30": 0.0205078125,
      "13": 0.052734375,
      "7": 0.0166015625,
      "1": 0.021484375,
      "10": 0.025390625,
      "5": 0.02734375,
      "22": 0.029296875,
      "21": 0.0302734375,
      "6": 0.029296875,
      "16": 0.0146484375,
      "3": 0.01171875
    }
  }
}