{
  "laps": {
    "01_setup": 7.5e-05,
    "02_cache_search": 9.8e-05,
    "04_submit": 0.000613,
    "05_run": 0.026383,
    "06_collect": 5.3e-05,
    "total": 0.027222
  },
  "meta": {
    "backend": "fake_jakarta",
    "n_qubits": 3,
    "depth_in": 5,
    "depth_transpiled": 11,
    "size_transpiled": 28,
    "quasi_dist": {
      "4": 0.1142578125,
      "6": 0.119140625,
      "7": 0.1298828125,
      "2": 0.1201171875,
      "0": 0.119140625,
      "5": 0.1279296875,
      "3": 0.1376953125,
      "1": 0.1318359375
    }
  }
}