{
  "laps": {
    "01_setup": 7.5e-05,
    "03_transpile": 0.021486,
    "04_submit": 0.000612,
    "05_run": 0.019528,
    "06_collect": 3.4e-05,
    "total": 0.041735
  },
  "meta": {
    "backend": "fake_jakarta",
    "n_qubits": 3,
    "depth_in": 5,
    "depth_transpiled": 7,
    "size_transpiled": 9,
    "quasi_dist": {
      "0": 0.5166015625,
      "7": 0.4833984375
    }
  }
}