{
  "laps": {
    "01_setup": 5.9e-05,
    "03_transpile": 0.021329,
    "04_submit": 0.000603,
    "05_run": 0.022131,
    "06_collect": 6e-05,
    "total": 0.044182
  },
  "meta": {
    "backend": "fake_jakarta",
    "n_qubits": 3,
    "depth_in": 11,
    "depth_transpiled": 13,
    "size_transpiled": 15,
    "quasi_dist": {
      "7": 0.498046875,
      "0": 0.501953125
    }
  }
}