{
  "laps": {
    "01_setup": 6.2e-05,
    "02_cache_search": 0.000125,
    "04_submit": 0.000809,
    "05_run": 0.019964,
    "06_collect": 0.000108,
    "total": 0.021068
  },
  "meta": {
    "backend": "fake_jakarta",
    "n_qubits": 7,
    "depth_in": 15,
    "depth_transpiled": 28,
    "size_transpiled": 39,
    "quasi_dist": {
      "0": 0.4970703125,
      "127": 0.5029296875
    }
  }
}