{
  "laps": {
    "01_setup": 6.3e-05,
    "03_transpile": 0.038539,
    "04_submit": 0.001116,
    "05_run": 0.02678,
    "06_collect": 0.000141,
    "total": 0.066639
  },
  "meta": {
    "backend": "fake_jakarta",
    "n_qubits": 3,
    "depth_in": 33,
    "depth_transpiled": 46,
    "size_transpiled": 98,
    "quasi_dist": {
      "5": 0.1044921875,
      "1": 0.1376953125,
      "0": 0.1591796875,
      "2": 0.1572265625,
      "6": 0.1328125,
      "7": 0.07421875,
      "3": 0.1494140625,
      "4": 0.0849609375
    }
  }
}