{
  "laps": {
    "01_setup": 9.8e-05,
    "03_transpile": 0.02735,
    "04_submit": 0.000841,
    "05_run": 0.02316,
    "06_collect": 6.8e-05,
    "total": 0.051517
  },
  "meta": {
    "backend": "fake_jakarta",
    "n_qubits": 6,
    "depth_in": 10,
    "depth_transpiled": 15,
    "size_transpiled": 20,
    "quasi_dist": {
      "0": 0.517578125,
      "63": 0.482421875
    }
  }
}