{
  "laps": {
    "01_setup": 6.1e-05,
    "03_transpile": 0.027608,
    "04_submit": 0.000661,
    "05_run": 0.021945,
    "06_collect": 4.1e-05,
    "total": 0.050316
  },
  "meta": {
    "backend": "fake_jakarta",
    "n_qubits": 5,
    "depth_in": 6,
    "depth_transpiled": 8,
    "size_transpiled": 12,
    "quasi_dist": {
      "31": 0.498046875,
      "0": 0.501953125
    }
  }
}