{
  "laps": {
    "01_setup": 6.8e-05,
    "03_transpile": 0.029446,
    "04_submit": 0.00092,
    "05_run": 0.024084,
    "06_collect": 0.000135,
    "total": 0.054653
  },
  "meta": {
    "backend": "fake_jakarta",
    "n_qubits": 6,
    "depth_in": 22,
    "depth_transpiled": 27,
    "size_transpiled": 32,
    "quasi_dist": {
      "0": 0.4921875,
      "63": 0.5078125
    }
  }
}