{
  "02a_tls_auth": 1.952838,
  "02b_backend_query": 0.244746,
  "03_transpile": 0.492656,
  "04_upload_to_cloud": 0.383481,
  "05_to_09_queue": 0.834871,
  "server_run": 3.387905,
  "downlink_return": -0.962733
}