{
  "02a_tls_auth": 1.677274,
  "02b_backend_query": 0.422739,
  "03_transpile": 0.574852,
  "04_upload_to_cloud": 0.347554,
  "05_to_09_queue": 0.882513,
  "server_run": 5.97956,
  "downlink_return": -0.817957
}