{
  "02a_tls_auth": 1.80923,
  "02b_backend_query": 0.21224,
  "03_transpile": 4.963551,
  "04_upload_to_cloud": 1.07726,
  "05_to_09_queue": 1.052924,
  "server_run": 6.240604,
  "downlink_return": -0.183117
}