{
  "sizes": [
    250
  ],
  "rounds": 5,
  "methods": [
    "FS+Pre+ttl+SE+ema",
    "FS+ttl+SE+ema",
    "FS+Pre",
    "FS",
    "NoCache"
  ],
  "interval_kind": "std",
  "aggregate": {
    "e2e_latency": {
      "FS+Pre+ttl+SE+ema": {
        "mean": [
          10.672514519998686
        ],
        "std": [
          2.138065856137055
        ],
        "min": [
          7.598668599999883
        ],
        "max": [
          13.61216650000324
        ]
      },
      "FS+ttl+SE+ema": {
        "mean": [
          12.174378439997872
        ],
        "std": [
          0.7803166004420214
        ],
        "min": [
          11.215127399998892
        ],
        "max": [
          13.180737999996836
        ]
      },
      "FS+Pre": {
        "mean": [
          9.726849499999707
        ],
        "std": [
          0.745361010483355
        ],
        "min": [
          8.902794599999197
        ],
        "max": [
          10.92745999999579
        ]
      },
      "FS": {
        "mean": [
          10.499098239999466
        ],
        "std": [
          1.5170029517242745
        ],
        "min": [
          8.7510004999981
        ],
        "max": [
          12.581571800002166
        ]
      },
      "NoCache": {
        "mean": [
          25.572781520000582
        ],
        "std": [
          1.340281067517757
        ],
        "min": [
          23.907906099998854
        ],
        "max": [
          27.525216100006674
        ]
      }
    },
    "final_cache_size": {
      "FS+Pre+ttl+SE+ema": {
        "mean": [
          63.6
        ],
        "std": [
          5.319774431308154
        ],
        "min": [
          58.0
        ],
        "max": [
          71.0
        ]
      },
      "FS+ttl+SE+ema": {
        "mean": [
          61.0
        ],
        "std": [
          3.6742346141747673
        ],
        "min": [
          57.0
        ],
        "max": [
          66.0
        ]
      },
      "FS+Pre": {
        "mean": [
          77.6
        ],
        "std": [
          4.61519230368573
        ],
        "min": [
          72.0
        ],
        "max": [
          83.0
        ]
      },
      "FS": {
        "mean": [
          77.6
        ],
        "std": [
          4.61519230368573
        ],
        "min": [
          72.0
        ],
        "max": [
          83.0
        ]
      },
      "NoCache": {
        "mean": [
          0.0
        ],
        "std": [
          0.0
        ],
        "min": [
          0.0
        ],
        "max": [
          0.0
        ]
      }
    },
    "final_hitrate": {
      "FS+Pre+ttl+SE+ema": {
        "mean": [
          0.6608
        ],
        "std": [
          0.02406657433038614
        ],
        "min": [
          0.636
        ],
        "max": [
          0.684
        ]
      },
      "FS+ttl+SE+ema": {
        "mean": [
          0.6376000000000001
        ],
        "std": [
          0.03118974190338871
        ],
        "min": [
          0.596
        ],
        "max": [
          0.668
        ]
      },
      "FS+Pre": {
        "mean": [
          0.7048
        ],
        "std": [
          0.017297398648351704
        ],
        "min": [
          0.684
        ],
        "max": [
          0.724
        ]
      },
      "FS": {
        "mean": [
          0.6895999999999999
        ],
        "std": [
          0.018460769214742885
        ],
        "min": [
          0.668
        ],
        "max": [
          0.712
        ]
      },
      "NoCache": {
        "mean": [
          0.0
        ],
        "std": [
          0.0
        ],
        "min": [
          0.0
        ],
        "max": [
          0.0
        ]
      }
    }
  },
  "raw": {
    "e2e_latency": {
      "FS+Pre+ttl+SE+ema": [
        [
          7.598668599999883,
          10.379447299996173,
          10.791130699989935,
          10.981159500004196,
          13.61216650000324
        ]
      ],
      "FS+ttl+SE+ema": [
        [
          11.640179700000317,
          13.180737999996836,
          11.215127399998892,
          12.640023899993594,
          12.195823199999722
        ]
      ],
      "FS+Pre": [
        [
          9.764968700001418,
          9.434985700000198,
          8.902794599999197,
          9.604038500001934,
          10.92745999999579
        ]
      ],
      "FS": [
        [
          10.992342900001177,
          8.7510004999981,
          9.302063300000555,
          10.868512699995335,
          12.581571800002166
        ]
      ],
      "NoCache": [
        [
          24.892608099993822,
          23.907906099998854,
          25.59317170000213,
          25.945005600001423,
          27.525216100006674
        ]
      ]
    },
    "final_cache_size": {
      "FS+Pre+ttl+SE+ema": [
        [
          59,
          71,
          58,
          64,
          66
        ]
      ],
      "FS+ttl+SE+ema": [
        [
          57,
          63,
          58,
          61,
          66
        ]
      ],
      "FS+Pre": [
        [
          74,
          81,
          72,
          78,
          83
        ]
      ],
      "FS": [
        [
          74,
          81,
          72,
          78,
          83
        ]
      ],
      "NoCache": [
        [
          0,
          0,
          0,
          0,
          0
        ]
      ]
    },
    "final_hitrate": {
      "FS+Pre+ttl+SE+ema": [
        [
          0.684,
          0.636,
          0.684,
          0.664,
          0.636
        ]
      ],
      "FS+ttl+SE+ema": [
        [
          0.668,
          0.596,
          0.668,
          0.636,
          0.62
        ]
      ],
      "FS+Pre": [
        [
          0.72,
          0.692,
          0.724,
          0.704,
          0.684
        ]
      ],
      "FS": [
        [
          0.704,
          0.676,
          0.712,
          0.688,
          0.668
        ]
      ],
      "NoCache": [
        [
          0.0,
          0.0,
          0.0,
          0.0,
          0.0
        ]
      ]
    }
  },
  "config": {
    "q_list": [
      5,
      7,
      11,
      13,
      15,
      17
    ],
    "d_list": [
      2,
      4,
      6
    ],
    "shots": 256,
    "hot_fraction": 0.25,
    "hot_boost": 8.0,
    "rps": 1.0,
    "rng_seed_base": 123,
    "lookahead": 8.0,
    "prob_th": 0.45,
    "max_compile": 3,
    "sliding_window_sec": 60.0,
    "min_samples": 2,
    "prewarm_every": 5
  },
  "plots": {
    "latency_png": "figs\\v18\\plots\\scaling_e2e_latency_mean_interval.png",
    "cache_png": "figs\\v18\\plots\\scaling_final_cache_size_mean_interval.png",
    "hitrate_png": "figs\\v18\\plots\\scaling_final_hitrate_mean_interval.png",
    "scatter_png": "figs\\v18\\plots\\scaling_latency_vs_cache_scatter_all_rounds.png"
  }
}