{
  "sizes": [
    50,
    100,
    150,
    200,
    300,
    350,
    400
  ],
  "methods": [
    "TransCache(Proposed)",
    "TransCache(Adaptive)",
    "FirstSeen",
    "ParamReuse",
    "FullCompilation"
  ],
  "e2e_latency": {
    "TransCache(Proposed)": [
      1.187156299361959,
      2.462048599263653,
      3.6356210007797927,
      4.200349102029577,
      7.1682852995581925,
      9.77379870112054,
      7.81293910020031
    ],
    "TransCache(Adaptive)": [
      1.5654781002085656,
      7.153616800671443,
      4.674810301978141,
      5.268676000414416,
      14.1665776995942,
      7.56513170292601,
      8.204794897232205
    ],
    "FirstSeen": [
      1.3770205001346767,
      5.306630600243807,
      3.5566340007353574,
      3.66797539871186,
      11.315024302341044,
      5.092836300609633,
      5.7628023030702025
    ],
    "ParamReuse": [
      2.084507201332599,
      8.497710598399863,
      8.738272298593074,
      9.242533101700246,
      40.11986580048688,
      20.97975749988109,
      18.821114500286058
    ],
    "FullCompilation": [
      2.9442386999726295,
      6.930379502475262,
      12.320905301952735,
      13.1401381008327,
      62.43715330329724,
      28.066537097329274,
      29.117648396408185
    ]
  },
  "final_cache_size": {
    "TransCache(Proposed)": [
      21,
      25,
      25,
      25,
      25,
      25,
      25
    ],
    "TransCache(Adaptive)": [
      10,
      19,
      22,
      27,
      37,
      42,
      42
    ],
    "FirstSeen": [
      21,
      28,
      41,
      45,
      46,
      50,
      53
    ],
    "ParamReuse": [
      13,
      16,
      24,
      25,
      24,
      28,
      31
    ],
    "FullCompilation": [
      0,
      0,
      0,
      0,
      0,
      0,
      0
    ]
  },
  "config": {
    "q_list": [
      5,
      7,
      11,
      13
    ],
    "d_list": [
      4,
      8
    ],
    "shots": 256,
    "hot_fraction": 0.25,
    "hot_boost": 8.0,
    "rps": 1.0,
    "rng_seed_base": 123,
    "lookahead": 8.0,
    "prob_th": 0.45,
    "max_compile": 3,
    "sliding_window_sec": 60.0,
    "min_samples": 2,
    "prewarm_every": 5
  },
  "plots": {
    "latency_png": "figs\\v15\\plots\\scaling_e2e_latency.png",
    "cache_png": "figs\\v15\\plots\\scaling_final_cache_size.png"
  }
}