{
  "01_setup": 0.000447,
  "03_transpile": 0.26486,
  "04_submit": 0.005991,
  "05_run": 0.152739,
  "06_collect": 0.001021,
  "total": 0.425058
}