{
  "laps": {
    "01_setup": 6.5e-05,
    "03_transpile": 0.023119,
    "04_submit": 0.000536,
    "05_run": 0.019787,
    "06_collect": 3.9e-05,
    "total": 0.043546
  },
  "meta": {
    "backend": "fake_jakarta",
    "n_qubits": 3,
    "depth_in": 5,
    "depth_transpiled": 7,
    "size_transpiled": 9,
    "quasi_dist": {
      "0": 0.490234375,
      "7": 0.509765625
    }
  }
}