{
  "laps": {
    "01_setup": 0.000158,
    "03_transpile": 0.036032,
    "04_submit": 0.001321,
    "05_run": 0.024926,
    "06_collect": 0.000111,
    "total": 0.062548
  },
  "meta": {
    "backend": "fake_jakarta",
    "n_qubits": 5,
    "depth_in": 11,
    "depth_transpiled": 18,
    "size_transpiled": 66,
    "quasi_dist": {
      "8": 0.0810546875,
      "0": 0.4296875,
      "2": 0.0830078125,
      "1": 0.068359375,
      "10": 0.01953125,
      "16": 0.0986328125,
      "5": 0.017578125,
      "4": 0.0888671875,
      "7": 0.001953125,
      "20": 0.0078125,
      "26": 0.001953125,
      "21": 0.001953125,
      "12": 0.013671875,
      "6": 0.009765625,
      "17": 0.01171875,
      "3": 0.017578125,
      "18": 0.0107421875,
      "19": 0.001953125,
      "24": 0.0107421875,
      "22": 0.0029296875,
      "9": 0.0078125,
      "28": 0.001953125,
      "11": 0.0029296875,
      "25": 0.0048828125,
      "14": 0.0009765625,
      "30": 0.0009765625,
      "27": 0.0009765625
    }
  }
}