{
  "laps": {
    "01_setup": 0.000112,
    "03_transpile": 0.037245,
    "04_submit": 0.001585,
    "05_run": 0.04131,
    "06_collect": 9.3e-05,
    "total": 0.080345
  },
  "meta": {
    "backend": "fake_jakarta",
    "n_qubits": 5,
    "depth_in": 6,
    "depth_transpiled": 8,
    "size_transpiled": 12,
    "quasi_dist": {
      "31": 0.505859375,
      "0": 0.494140625
    }
  }
}