{
  "laps": {
    "01_setup": 7.6e-05,
    "02_cache_search": 0.054807,
    "04_submit": 0.006043,
    "05_run": 0.061117,
    "06_collect": 0.001364,
    "total": 0.123407
  },
  "meta": {
    "backend": "fake_jakarta",
    "n_qubits": 6,
    "depth_in": 132,
    "depth_transpiled": 341,
    "size_transpiled": 833,
    "quasi_dist": {
      "9": 0.0029296875,
      "33": 0.00390625,
      "63": 0.01171875,
      "10": 0.00390625,
      "55": 0.0009765625,
      "0": 0.1025390625,
      "31": 0.060546875,
      "58": 0.0068359375,
      "15": 0.06640625,
      "47": 0.0009765625,
      "6": 0.041015625,
      "49": 0.0068359375,
      "28": 0.0458984375,
      "24": 0.0146484375,
      "52": 0.001953125,
      "3": 0.048828125,
      "36": 0.001953125,
      "13": 0.009765625,
      "60": 0.0966796875,
      "34": 0.001953125,
      "62": 0.0625,
      "11": 0.005859375,
      "32": 0.013671875,
      "7": 0.0654296875,
      "48": 0.0185546875,
      "30": 0.068359375,
      "61": 0.0009765625,
      "12": 0.0302734375,
      "35": 0.0107421875,
      "51": 0.009765625,
      "4": 0.017578125,
      "2": 0.0419921875,
      "56": 0.0458984375,
      "17": 0.001953125,
      "22": 0.0029296875,
      "59": 0.0009765625,
      "14": 0.0244140625,
      "8": 0.009765625,
      "16": 0.00390625,
      "46": 0.0009765625,
      "50": 0.0029296875,
      "5": 0.0078125,
      "57": 0.0009765625,
      "54": 0.001953125,
      "1": 0.0068359375,
      "23": 0.001953125,
      "26": 0.0048828125,
      "39": 0.0029296875,
      "18": 0.0009765625,
      "27": 0.0009765625,
      "29": 0.0009765625
    }
  }
}