{
  "01_setup": 0.000324,
  "02_cache_search": 0.002215,
  "03_transpile": 0.031903,
  "07_cache_write": 0.000758,
  "04_submit": 0.003651,
  "05_run": 0.115699,
  "06_collect": 0.000311,
  "total": 0.154861
}