{
  "laps": {
    "01_setup": 0.000151,
    "03_transpile": 0.119494,
    "04_submit": 0.001539,
    "05_run": 0.028185,
    "06_collect": 0.000232,
    "total": 0.149601
  },
  "meta": {
    "backend": "fake_jakarta",
    "n_qubits": 5,
    "depth_in": 19,
    "depth_transpiled": 28,
    "size_transpiled": 102,
    "quasi_dist": {
      "8": 0.080078125,
      "17": 0.037109375,
      "0": 0.283203125,
      "20": 0.0078125,
      "14": 0.0419921875,
      "16": 0.025390625,
      "1": 0.0556640625,
      "28": 0.0283203125,
      "4": 0.0458984375,
      "25": 0.0078125,
      "15": 0.033203125,
      "6": 0.01953125,
      "31": 0.04296875,
      "11": 0.01953125,
      "3": 0.0302734375,
      "9": 0.0068359375,
      "7": 0.0390625,
      "18": 0.015625,
      "12": 0.0361328125,
      "22": 0.0244140625,
      "2": 0.03125,
      "26": 0.0068359375,
      "5": 0.0107421875,
      "30": 0.0205078125,
      "27": 0.001953125,
      "13": 0.013671875,
      "24": 0.0068359375,
      "19": 0.0224609375,
      "21": 0.0029296875,
      "29": 0.0009765625,
      "23": 0.0009765625
    }
  }
}