{
  "01_setup": 0.000341,
  "03_transpile": 0.194089,
  "04_submit": 0.005133,
  "05_run": 0.116765,
  "06_collect": 0.001167,
  "total": 0.317495
}