{
  "laps": {
    "01_setup": 0.000106,
    "03_transpile": 0.033408,
    "04_submit": 0.004888,
    "05_run": 0.019318,
    "06_collect": 0.000109,
    "total": 0.057829
  },
  "meta": {
    "backend": "fake_jakarta",
    "n_qubits": 5,
    "depth_in": 11,
    "depth_transpiled": 18,
    "size_transpiled": 66,
    "quasi_dist": {
      "8": 0.083984375,
      "0": 0.44140625,
      "2": 0.0859375,
      "4": 0.068359375,
      "18": 0.0185546875,
      "16": 0.0859375,
      "24": 0.013671875,
      "20": 0.0078125,
      "3": 0.0146484375,
      "1": 0.0791015625,
      "9": 0.01953125,
      "19": 0.0009765625,
      "10": 0.0087890625,
      "6": 0.017578125,
      "5": 0.01171875,
      "17": 0.0146484375,
      "12": 0.0087890625,
      "28": 0.001953125,
      "22": 0.00390625,
      "21": 0.0009765625,
      "13": 0.001953125,
      "23": 0.0009765625,
      "26": 0.001953125,
      "7": 0.0029296875,
      "25": 0.0009765625,
      "14": 0.001953125,
      "11": 0.0009765625
    }
  }
}