{
  "01_setup": 0.000316,
  "02_cache_search": 0.002005,
  "03_transpile": 0.030805,
  "07_cache_write": 0.001116,
  "04_submit": 0.005162,
  "05_run": 0.100137,
  "06_collect": 0.000262,
  "total": 0.139803
}