{
  "01_setup": 0.000334,
  "02_cache_search": 0.005617,
  "03_transpile": 0.033656,
  "07_cache_write": 0.001362,
  "04_submit": 0.006294,
  "05_run": 0.118701,
  "06_collect": 0.000354,
  "total": 0.166318
}