{
  "laps": {
    "01_setup": 9.6e-05,
    "02_cache_search": 0.06604,
    "03_transpile": 0.502992,
    "07_cache_write": 0.012772,
    "04_submit": 0.009018,
    "05_run": 0.06962,
    "06_collect": 0.001649,
    "total": 0.662187
  },
  "meta": {
    "backend": "fake_jakarta",
    "n_qubits": 7,
    "depth_in": 63,
    "depth_transpiled": 724,
    "size_transpiled": 1413,
    "quasi_dist": {
      "0": 1.0
    }
  }
}