{
  "01_setup": 0.000387,
  "02_cache_search": 0.278076,
  "03_transpile": 0.869246,
  "07_cache_write": 0.017418,
  "04_submit": 0.237852,
  "05_run": 0.759903,
  "06_collect": 0.021752,
  "total": 2.184634
}