{
  "laps": {
    "01_setup": 0.000104,
    "03_transpile": 0.02901,
    "04_submit": 0.000807,
    "05_run": 0.024932,
    "06_collect": 7.4e-05,
    "total": 0.054927
  },
  "meta": {
    "backend": "fake_jakarta",
    "n_qubits": 3,
    "depth_in": 9,
    "depth_transpiled": 16,
    "size_transpiled": 38,
    "quasi_dist": {
      "1": 0.1181640625,
      "0": 0.62890625,
      "4": 0.099609375,
      "2": 0.10546875,
      "6": 0.0185546875,
      "5": 0.015625,
      "3": 0.0107421875,
      "7": 0.0029296875
    }
  }
}