{
  "01_setup": 0.000534,
  "02_cache_search": 0.023577,
  "03_transpile": 0.054361,
  "07_cache_write": 0.004384,
  "04_submit": 0.007359,
  "05_run": 0.135172,
  "06_collect": 0.001004,
  "total": 0.226391
}