{
  "01_setup": 0.00034,
  "03_transpile": 0.131629,
  "04_submit": 0.004166,
  "05_run": 0.11621,
  "06_collect": 0.000896,
  "total": 0.253241
}