{
  "laps": {
    "01_setup": 6.4e-05,
    "02_cache_search": 0.001355,
    "04_submit": 0.000621,
    "05_run": 0.019229,
    "06_collect": 3.9e-05,
    "total": 0.021308
  },
  "meta": {
    "backend": "fake_jakarta",
    "n_qubits": 3,
    "depth_in": 5,
    "depth_transpiled": 7,
    "size_transpiled": 9,
    "quasi_dist": {
      "7": 0.5126953125,
      "0": 0.4873046875
    }
  }
}