{
  "laps": {
    "01_setup": 0.000105,
    "02_cache_search": 0.002394,
    "03_transpile": 0.058222,
    "07_cache_write": 0.002833,
    "04_submit": 0.00129,
    "05_run": 0.039761,
    "06_collect": 0.000234,
    "total": 0.104839
  },
  "meta": {
    "backend": "fake_jakarta",
    "n_qubits": 6,
    "depth_in": 20,
    "depth_transpiled": 47,
    "size_transpiled": 133,
    "quasi_dist": {
      "45": 0.0009765625,
      "51": 0.005859375,
      "4": 0.0419921875,
      "8": 0.04296875,
      "0": 0.2119140625,
      "32": 0.0361328125,
      "43": 0.001953125,
      "2": 0.03515625,
      "19": 0.0068359375,
      "10": 0.0029296875,
      "33": 0.005859375,
      "63": 0.029296875,
      "14": 0.017578125,
      "37": 0.005859375,
      "7": 0.02734375,
      "47": 0.0009765625,
      "49": 0.0078125,
      "6": 0.0244140625,
      "16": 0.05859375,
      "52": 0.001953125,
      "3": 0.0205078125,
      "44": 0.005859375,
      "24": 0.029296875,
      "17": 0.0126953125,
      "61": 0.0029296875,
      "35": 0.0224609375,
      "12": 0.021484375,
      "27": 0.015625,
      "54": 0.0078125,
      "1": 0.044921875,
      "42": 0.001953125,
      "36": 0.0009765625,
      "60": 0.017578125,
      "13": 0.0087890625,
      "30": 0.0234375,
      "5": 0.005859375,
      "46": 0.01171875,
      "50": 0.0078125,
      "38": 0.021484375,
      "15": 0.013671875,
      "58": 0.0048828125,
      "11": 0.0009765625,
      "34": 0.00390625,
      "62": 0.0087890625,
      "56": 0.015625,
      "18": 0.0107421875,
      "25": 0.017578125,
      "41": 0.005859375,
      "28": 0.0224609375,
      "39": 0.0048828125,
      "40": 0.00390625,
      "29": 0.01171875,
      "26": 0.0048828125,
      "22": 0.0029296875,
      "23": 0.00390625,
      "57": 0.005859375,
      "9": 0.0048828125,
      "20": 0.001953125,
      "31": 0.0009765625
    }
  }
}