{
  "laps": {
    "01_setup": 6.1e-05,
    "02_cache_search": 0.019193,
    "04_submit": 0.002546,
    "05_run": 0.113244,
    "06_collect": 0.000535,
    "total": 0.135579
  },
  "meta": {
    "backend": "fake_jakarta",
    "n_qubits": 3,
    "depth_in": 129,
    "depth_transpiled": 166,
    "size_transpiled": 338,
    "quasi_dist": {
      "0": 0.5712890625,
      "2": 0.169921875,
      "1": 0.1494140625,
      "3": 0.0537109375,
      "4": 0.017578125,
      "6": 0.0234375,
      "5": 0.0126953125,
      "7": 0.001953125
    }
  }
}