{
  "01_setup": 0.000481,
  "02_cache_search": 0.016586,
  "03_transpile": 0.147818,
  "07_cache_write": 0.005598,
  "04_submit": 0.086336,
  "05_run": 0.185128,
  "06_collect": 0.002875,
  "total": 0.444822
}