{
  "laps": {
    "01_setup": 0.000105,
    "03_transpile": 0.065214,
    "04_submit": 0.00234,
    "05_run": 0.035333,
    "06_collect": 0.000549,
    "total": 0.103541
  },
  "meta": {
    "backend": "fake_jakarta",
    "n_qubits": 3,
    "depth_in": 65,
    "depth_transpiled": 86,
    "size_transpiled": 178,
    "quasi_dist": {
      "0": 0.80859375,
      "1": 0.05859375,
      "3": 0.0341796875,
      "6": 0.0576171875,
      "7": 0.0078125,
      "2": 0.03125,
      "4": 0.001953125
    }
  }
}