{
  "laps": {
    "01_setup": 0.000133,
    "02_cache_search": 0.003383,
    "04_submit": 0.001135,
    "05_run": 0.0429,
    "06_collect": 0.000148,
    "total": 0.047699
  },
  "meta": {
    "backend": "fake_jakarta",
    "n_qubits": 6,
    "depth_in": 10,
    "depth_transpiled": 15,
    "size_transpiled": 20,
    "quasi_dist": {
      "63": 0.48828125,
      "0": 0.51171875
    }
  }
}