{
  "laps": {
    "01_setup": 5.9e-05,
    "02_cache_search": 0.011297,
    "04_submit": 0.001493,
    "05_run": 0.025656,
    "06_collect": 0.000354,
    "total": 0.038859
  },
  "meta": {
    "backend": "fake_jakarta",
    "n_qubits": 3,
    "depth_in": 65,
    "depth_transpiled": 86,
    "size_transpiled": 178,
    "quasi_dist": {
      "0": 0.7890625,
      "2": 0.0244140625,
      "1": 0.060546875,
      "4": 0.001953125,
      "3": 0.041015625,
      "6": 0.072265625,
      "7": 0.0068359375,
      "5": 0.00390625
    }
  }
}