{
  "laps": {
    "01_setup": 0.000111,
    "02_cache_search": 0.117313,
    "04_submit": 0.037152,
    "05_run": 0.306766,
    "06_collect": 0.005666,
    "total": 0.467008
  },
  "meta": {
    "backend": "fake_jakarta",
    "n_qubits": 7,
    "depth_in": 231,
    "depth_transpiled": 2800,
    "size_transpiled": 5759,
    "quasi_dist": {
      "0": 1.0
    }
  }
}