{
  "laps": {
    "01_setup": 6.7e-05,
    "02_cache_search": 0.073247,
    "04_submit": 0.002238,
    "05_run": 0.030976,
    "06_collect": 0.000533,
    "total": 0.107061
  },
  "meta": {
    "backend": "fake_jakarta",
    "n_qubits": 5,
    "depth_in": 67,
    "depth_transpiled": 88,
    "size_transpiled": 318,
    "quasi_dist": {
      "31": 0.0224609375,
      "0": 0.4267578125,
      "11": 0.0029296875,
      "28": 0.08984375,
      "15": 0.029296875,
      "6": 0.0380859375,
      "12": 0.0537109375,
      "1": 0.052734375,
      "7": 0.0224609375,
      "20": 0.009765625,
      "14": 0.0595703125,
      "25": 0.021484375,
      "13": 0.01953125,
      "22": 0.0107421875,
      "16": 0.0048828125,
      "24": 0.0478515625,
      "17": 0.0048828125,
      "18": 0.005859375,
      "26": 0.0078125,
      "29": 0.0166015625,
      "23": 0.0029296875,
      "3": 0.0126953125,
      "30": 0.0068359375,
      "2": 0.0068359375,
      "19": 0.0107421875,
      "8": 0.001953125,
      "4": 0.001953125,
      "21": 0.001953125,
      "10": 0.001953125,
      "5": 0.00390625,
      "9": 0.0009765625
    }
  }
}