{
  "laps": {
    "01_setup": 7.8e-05,
    "02_cache_search": 0.003968,
    "04_submit": 0.000787,
    "05_run": 0.046596,
    "06_collect": 0.000133,
    "total": 0.051562
  },
  "meta": {
    "backend": "fake_jakarta",
    "n_qubits": 5,
    "depth_in": 9,
    "depth_transpiled": 11,
    "size_transpiled": 15,
    "quasi_dist": {
      "0": 0.5048828125,
      "31": 0.4951171875
    }
  }
}