{
  "laps": {
    "01_setup": 8e-05,
    "03_transpile": 0.04611,
    "04_submit": 0.001577,
    "05_run": 0.06409,
    "06_collect": 0.000339,
    "total": 0.112196
  },
  "meta": {
    "backend": "fake_jakarta",
    "n_qubits": 5,
    "depth_in": 19,
    "depth_transpiled": 28,
    "size_transpiled": 102,
    "quasi_dist": {
      "7": 0.033203125,
      "22": 0.025390625,
      "8": 0.0634765625,
      "0": 0.2470703125,
      "16": 0.03125,
      "4": 0.05078125,
      "11": 0.0244140625,
      "15": 0.0322265625,
      "5": 0.0048828125,
      "3": 0.0390625,
      "2": 0.046875,
      "28": 0.033203125,
      "31": 0.03125,
      "25": 0.0185546875,
      "1": 0.04296875,
      "26": 0.0126953125,
      "14": 0.044921875,
      "19": 0.0205078125,
      "13": 0.0205078125,
      "12": 0.0361328125,
      "17": 0.033203125,
      "6": 0.0283203125,
      "30": 0.01953125,
      "24": 0.009765625,
      "21": 0.0029296875,
      "9": 0.009765625,
      "20": 0.013671875,
      "18": 0.0166015625,
      "27": 0.00390625,
      "10": 0.001953125,
      "23": 0.0009765625
    }
  }
}