{
  "laps": {
    "01_setup": 8.7e-05,
    "03_transpile": 0.027516,
    "04_submit": 0.000655,
    "05_run": 0.021656,
    "06_collect": 6.8e-05,
    "total": 0.049982
  },
  "meta": {
    "backend": "fake_jakarta",
    "n_qubits": 3,
    "depth_in": 11,
    "depth_transpiled": 13,
    "size_transpiled": 15,
    "quasi_dist": {
      "0": 0.5205078125,
      "7": 0.4794921875
    }
  }
}