{
  "laps": {
    "01_setup": 7.2e-05,
    "02_cache_search": 0.066877,
    "04_submit": 0.002861,
    "05_run": 0.032659,
    "06_collect": 0.000462,
    "total": 0.102931
  },
  "meta": {
    "backend": "fake_jakarta",
    "n_qubits": 5,
    "depth_in": 67,
    "depth_transpiled": 88,
    "size_transpiled": 318,
    "quasi_dist": {
      "28": 0.0986328125,
      "5": 0.0048828125,
      "14": 0.0654296875,
      "0": 0.419921875,
      "7": 0.0361328125,
      "31": 0.015625,
      "12": 0.0478515625,
      "30": 0.0087890625,
      "13": 0.0224609375,
      "3": 0.0263671875,
      "25": 0.01171875,
      "26": 0.00390625,
      "6": 0.0341796875,
      "24": 0.0458984375,
      "15": 0.0234375,
      "19": 0.013671875,
      "22": 0.0185546875,
      "4": 0.001953125,
      "1": 0.048828125,
      "2": 0.0078125,
      "29": 0.01171875,
      "20": 0.0126953125,
      "18": 0.005859375,
      "8": 0.001953125,
      "21": 0.0009765625,
      "10": 0.0029296875,
      "23": 0.0029296875,
      "16": 0.001953125,
      "27": 0.0009765625,
      "11": 0.001953125
    }
  }
}