{
  "laps": {
    "01_setup": 8.4e-05,
    "02_cache_search": 0.061584,
    "04_submit": 0.000868,
    "05_run": 0.030317,
    "06_collect": 7.1e-05,
    "total": 0.092924
  },
  "meta": {
    "backend": "fake_jakarta",
    "n_qubits": 3,
    "depth_in": 11,
    "depth_transpiled": 13,
    "size_transpiled": 15,
    "quasi_dist": {
      "7": 0.4765625,
      "0": 0.5234375
    }
  }
}