{
  "laps": {
    "01_setup": 9.7e-05,
    "03_transpile": 0.176861,
    "04_submit": 0.002964,
    "05_run": 0.035474,
    "06_collect": 0.000556,
    "total": 0.215952
  },
  "meta": {
    "backend": "fake_jakarta",
    "n_qubits": 3,
    "depth_in": 129,
    "depth_transpiled": 166,
    "size_transpiled": 338,
    "quasi_dist": {
      "0": 0.59765625,
      "2": 0.1533203125,
      "3": 0.0546875,
      "1": 0.1513671875,
      "5": 0.009765625,
      "6": 0.0205078125,
      "4": 0.01171875,
      "7": 0.0009765625
    }
  }
}