{
  "laps": {
    "01_setup": 0.000109,
    "02_cache_search": 0.00696,
    "03_transpile": 0.022688,
    "07_cache_write": 0.011922,
    "04_submit": 0.00088,
    "05_run": 0.030496,
    "06_collect": 9.6e-05,
    "total": 0.073151
  },
  "meta": {
    "backend": "fake_jakarta",
    "n_qubits": 3,
    "depth_in": 11,
    "depth_transpiled": 13,
    "size_transpiled": 15,
    "quasi_dist": {
      "0": 0.51953125,
      "7": 0.48046875
    }
  }
}