{
  "laps": {
    "01_setup": 0.000125,
    "02_cache_search": 0.003371,
    "04_submit": 0.00113,
    "05_run": 0.039491,
    "06_collect": 0.000142,
    "total": 0.044259
  },
  "meta": {
    "backend": "fake_jakarta",
    "n_qubits": 6,
    "depth_in": 10,
    "depth_transpiled": 15,
    "size_transpiled": 20,
    "quasi_dist": {
      "0": 0.51953125,
      "63": 0.48046875
    }
  }
}