{
  "laps": {
    "01_setup": 6.4e-05,
    "03_transpile": 0.026836,
    "04_submit": 0.000756,
    "05_run": 0.02099,
    "06_collect": 6.7e-05,
    "total": 0.048713
  },
  "meta": {
    "backend": "fake_jakarta",
    "n_qubits": 3,
    "depth_in": 9,
    "depth_transpiled": 16,
    "size_transpiled": 38,
    "quasi_dist": {
      "4": 0.119140625,
      "0": 0.619140625,
      "1": 0.1025390625,
      "2": 0.1123046875,
      "6": 0.017578125,
      "3": 0.0146484375,
      "5": 0.0126953125,
      "7": 0.001953125
    }
  }
}