{
  "01_setup": 0.000397,
  "02_cache_search": 0.005559,
  "03_transpile": 0.039315,
  "07_cache_write": 0.001302,
  "04_submit": 0.004734,
  "05_run": 0.128574,
  "06_collect": 0.000675,
  "total": 0.180556
}