{
  "laps": {
    "01_setup": 6.3e-05,
    "03_transpile": 0.032837,
    "04_submit": 0.000879,
    "05_run": 0.028353,
    "06_collect": 6.7e-05,
    "total": 0.062199
  },
  "meta": {
    "backend": "fake_jakarta",
    "n_qubits": 6,
    "depth_in": 8,
    "depth_transpiled": 18,
    "size_transpiled": 28,
    "quasi_dist": {
      "0": 0.5029296875,
      "63": 0.4970703125
    }
  }
}