{
  "laps": {
    "01_setup": 6.4e-05,
    "03_transpile": 0.036049,
    "04_submit": 0.000903,
    "05_run": 0.029648,
    "06_collect": 0.000137,
    "total": 0.066801
  },
  "meta": {
    "backend": "fake_jakarta",
    "n_qubits": 6,
    "depth_in": 12,
    "depth_transpiled": 26,
    "size_transpiled": 83,
    "quasi_dist": {
      "0": 0.38671875,
      "9": 0.009765625,
      "54": 0.001953125,
      "42": 0.0029296875,
      "1": 0.0625,
      "16": 0.0703125,
      "2": 0.0732421875,
      "51": 0.001953125,
      "45": 0.0009765625,
      "4": 0.0703125,
      "52": 0.001953125,
      "3": 0.009765625,
      "44": 0.00390625,
      "18": 0.0126953125,
      "32": 0.0625,
      "10": 0.0087890625,
      "33": 0.0146484375,
      "8": 0.064453125,
      "50": 0.001953125,
      "5": 0.01171875,
      "24": 0.0078125,
      "17": 0.0126953125,
      "19": 0.0048828125,
      "7": 0.0009765625,
      "48": 0.0078125,
      "36": 0.017578125,
      "37": 0.0029296875,
      "14": 0.001953125,
      "20": 0.0107421875,
      "35": 0.0029296875,
      "12": 0.01171875,
      "25": 0.001953125,
      "6": 0.009765625,
      "49": 0.0029296875,
      "26": 0.0009765625,
      "39": 0.0009765625,
      "30": 0.0009765625,
      "56": 0.0048828125,
      "40": 0.005859375,
      "34": 0.0078125,
      "11": 0.001953125,
      "38": 0.0009765625,
      "41": 0.001953125,
      "22": 0.001953125,
      "28": 0.001953125
    }
  }
}