{
  "laps": {
    "01_setup": 7e-05,
    "03_transpile": 0.038933,
    "04_submit": 0.000925,
    "05_run": 0.023273,
    "06_collect": 0.00016,
    "total": 0.063361
  },
  "meta": {
    "backend": "fake_jakarta",
    "n_qubits": 7,
    "depth_in": 23,
    "depth_transpiled": 36,
    "size_transpiled": 47,
    "quasi_dist": {
      "127": 0.5068359375,
      "0": 0.4931640625
    }
  }
}