{
  "01_setup": 0.000443,
  "03_transpile": 0.129524,
  "04_submit": 0.004514,
  "05_run": 0.125824,
  "06_collect": 0.000353,
  "total": 0.260658
}