{
  "laps": {
    "01_setup": 6.9e-05,
    "02_cache_search": 0.094601,
    "04_submit": 0.003653,
    "05_run": 0.04153,
    "06_collect": 0.000892,
    "total": 0.140745
  },
  "meta": {
    "backend": "fake_jakarta",
    "n_qubits": 5,
    "depth_in": 131,
    "depth_transpiled": 168,
    "size_transpiled": 606,
    "quasi_dist": {
      "27": 0.037109375,
      "12": 0.056640625,
      "17": 0.0185546875,
      "8": 0.0244140625,
      "0": 0.04296875,
      "26": 0.0244140625,
      "25": 0.0615234375,
      "20": 0.0341796875,
      "30": 0.015625,
      "24": 0.033203125,
      "13": 0.0419921875,
      "28": 0.0419921875,
      "3": 0.0146484375,
      "15": 0.0283203125,
      "16": 0.0146484375,
      "6": 0.0283203125,
      "21": 0.033203125,
      "22": 0.03125,
      "4": 0.0361328125,
      "10": 0.029296875,
      "11": 0.033203125,
      "29": 0.04296875,
      "2": 0.02734375,
      "14": 0.0263671875,
      "9": 0.0341796875,
      "19": 0.0478515625,
      "5": 0.025390625,
      "18": 0.0361328125,
      "31": 0.0263671875,
      "1": 0.0166015625,
      "23": 0.0166015625,
      "7": 0.0185546875
    }
  }
}