{
  "laps": {
    "01_setup": 9.6e-05,
    "03_transpile": 0.046982,
    "04_submit": 0.001546,
    "05_run": 0.046109,
    "06_collect": 0.000297,
    "total": 0.09503
  },
  "meta": {
    "backend": "fake_jakarta",
    "n_qubits": 3,
    "depth_in": 33,
    "depth_transpiled": 46,
    "size_transpiled": 98,
    "quasi_dist": {
      "0": 0.1474609375,
      "2": 0.140625,
      "3": 0.1787109375,
      "6": 0.1318359375,
      "5": 0.083984375,
      "1": 0.15234375,
      "7": 0.0712890625,
      "4": 0.09375
    }
  }
}