{
  "laps": {
    "01_setup": 6.9e-05,
    "02_cache_search": 0.021138,
    "04_submit": 0.001659,
    "05_run": 0.025963,
    "06_collect": 0.000249,
    "total": 0.049078
  },
  "meta": {
    "backend": "fake_jakarta",
    "n_qubits": 7,
    "depth_in": 23,
    "depth_transpiled": 36,
    "size_transpiled": 47,
    "quasi_dist": {
      "0": 0.50390625,
      "127": 0.49609375
    }
  }
}