{
  "laps": {
    "01_setup": 7.2e-05,
    "02_cache_search": 0.008727,
    "03_transpile": 0.034116,
    "07_cache_write": 0.012962,
    "04_submit": 0.004395,
    "05_run": 0.019229,
    "06_collect": 0.000236,
    "total": 0.079737
  },
  "meta": {
    "backend": "fake_jakarta",
    "n_qubits": 6,
    "depth_in": 38,
    "depth_transpiled": 43,
    "size_transpiled": 48,
    "quasi_dist": {
      "63": 0.52734375,
      "0": 0.47265625
    }
  }
}