{
  "01_setup": 0.000545,
  "03_transpile": 1.216145,
  "04_submit": 0.038553,
  "05_run": 0.280609,
  "06_collect": 0.007412,
  "total": 1.543264
}