{
  "01_setup": 0.00098,
  "03_transpile": 2.559566,
  "04_submit": 0.114876,
  "05_run": 0.439238,
  "06_collect": 0.011557,
  "total": 3.126217
}