{
  "laps": {
    "01_setup": 6.2e-05,
    "02_cache_search": 0.000842,
    "04_submit": 0.000525,
    "05_run": 0.022471,
    "06_collect": 6.3e-05,
    "total": 0.023963
  },
  "meta": {
    "backend": "fake_jakarta",
    "n_qubits": 6,
    "depth_in": 8,
    "depth_transpiled": 13,
    "size_transpiled": 18,
    "quasi_dist": {
      "63": 0.5185546875,
      "0": 0.4814453125
    }
  }
}