{
  "laps": {
    "01_setup": 0.000105,
    "03_transpile": 0.102756,
    "04_submit": 0.00269,
    "05_run": 0.036691,
    "06_collect": 0.000542,
    "total": 0.142784
  },
  "meta": {
    "backend": "fake_jakarta",
    "n_qubits": 3,
    "depth_in": 129,
    "depth_transpiled": 166,
    "size_transpiled": 338,
    "quasi_dist": {
      "0": 0.609375,
      "2": 0.1552734375,
      "1": 0.142578125,
      "4": 0.0126953125,
      "3": 0.0458984375,
      "5": 0.0107421875,
      "6": 0.0234375
    }
  }
}