{
  "laps": {
    "01_setup": 7e-05,
    "02_cache_search": 0.000486,
    "04_submit": 0.000757,
    "05_run": 0.024066,
    "06_collect": 6.5e-05,
    "total": 0.025444
  },
  "meta": {
    "backend": "fake_jakarta",
    "n_qubits": 6,
    "depth_in": 7,
    "depth_transpiled": 17,
    "size_transpiled": 27,
    "quasi_dist": {
      "63": 0.5166015625,
      "0": 0.4833984375
    }
  }
}