{
  "laps": {
    "01_setup": 6.7e-05,
    "02_cache_search": 0.0677,
    "04_submit": 0.000737,
    "05_run": 0.021097,
    "06_collect": 0.000129,
    "total": 0.08973
  },
  "meta": {
    "backend": "fake_jakarta",
    "n_qubits": 3,
    "depth_in": 19,
    "depth_transpiled": 21,
    "size_transpiled": 23,
    "quasi_dist": {
      "7": 0.5068359375,
      "0": 0.4931640625
    }
  }
}