{
  "laps": {
    "01_setup": 6.9e-05,
    "03_transpile": 0.1051,
    "04_submit": 0.003971,
    "05_run": 0.042894,
    "06_collect": 0.000821,
    "total": 0.152855
  },
  "meta": {
    "backend": "fake_jakarta",
    "n_qubits": 3,
    "depth_in": 129,
    "depth_transpiled": 166,
    "size_transpiled": 338,
    "quasi_dist": {
      "1": 0.1474609375,
      "0": 0.58984375,
      "2": 0.1640625,
      "4": 0.0185546875,
      "6": 0.0205078125,
      "7": 0.0009765625,
      "3": 0.0439453125,
      "5": 0.0146484375
    }
  }
}