{
  "laps": {
    "01_setup": 0.000142,
    "02_cache_search": 0.004353,
    "03_transpile": 0.049044,
    "07_cache_write": 0.00843,
    "04_submit": 0.001032,
    "05_run": 0.053181,
    "06_collect": 0.00016,
    "total": 0.116342
  },
  "meta": {
    "backend": "fake_jakarta",
    "n_qubits": 5,
    "depth_in": 9,
    "depth_transpiled": 11,
    "size_transpiled": 15,
    "quasi_dist": {
      "0": 0.505859375,
      "31": 0.494140625
    }
  }
}