{
  "laps": {
    "01_setup": 6.4e-05,
    "02_cache_search": 0.001322,
    "04_submit": 0.000677,
    "05_run": 0.019003,
    "06_collect": 3.8e-05,
    "total": 0.021104
  },
  "meta": {
    "backend": "fake_jakarta",
    "n_qubits": 3,
    "depth_in": 5,
    "depth_transpiled": 7,
    "size_transpiled": 9,
    "quasi_dist": {
      "0": 0.5302734375,
      "7": 0.4697265625
    }
  }
}