{
  "01_setup": 0.000371,
  "02_cache_search": 0.107618,
  "03_transpile": 0.028223,
  "07_cache_write": 0.014392,
  "04_submit": 0.005356,
  "05_run": 0.142453,
  "06_collect": 0.000483,
  "total": 0.298896
}