{
  "laps": {
    "01_setup": 6.1e-05,
    "03_transpile": 0.023853,
    "04_submit": 0.000592,
    "05_run": 0.020258,
    "06_collect": 5e-05,
    "total": 0.044814
  },
  "meta": {
    "backend": "fake_jakarta",
    "n_qubits": 3,
    "depth_in": 5,
    "depth_transpiled": 11,
    "size_transpiled": 28,
    "quasi_dist": {
      "4": 0.123046875,
      "6": 0.1220703125,
      "3": 0.142578125,
      "5": 0.1240234375,
      "0": 0.1123046875,
      "2": 0.1142578125,
      "1": 0.123046875,
      "7": 0.138671875
    }
  }
}