{
  "laps": {
    "01_setup": 9.3e-05,
    "03_transpile": 0.280831,
    "04_submit": 0.010383,
    "05_run": 0.130179,
    "06_collect": 0.001597,
    "total": 0.423083
  },
  "meta": {
    "backend": "fake_jakarta",
    "n_qubits": 6,
    "depth_in": 132,
    "depth_transpiled": 341,
    "size_transpiled": 833,
    "quasi_dist": {
      "55": 0.0009765625,
      "0": 0.1181640625,
      "13": 0.0107421875,
      "60": 0.11328125,
      "51": 0.0068359375,
      "4": 0.025390625,
      "34": 0.001953125,
      "11": 0.0048828125,
      "62": 0.056640625,
      "63": 0.021484375,
      "10": 0.001953125,
      "33": 0.005859375,
      "54": 0.0078125,
      "1": 0.01171875,
      "42": 0.0009765625,
      "49": 0.005859375,
      "47": 0.0009765625,
      "6": 0.025390625,
      "48": 0.0234375,
      "7": 0.06640625,
      "38": 0.001953125,
      "58": 0.001953125,
      "15": 0.048828125,
      "56": 0.0595703125,
      "2": 0.0361328125,
      "59": 0.001953125,
      "14": 0.0185546875,
      "24": 0.01953125,
      "18": 0.005859375,
      "17": 0.00390625,
      "28": 0.0498046875,
      "31": 0.0537109375,
      "12": 0.0322265625,
      "35": 0.009765625,
      "52": 0.0048828125,
      "3": 0.0400390625,
      "30": 0.056640625,
      "57": 0.0029296875,
      "9": 0.001953125,
      "8": 0.0087890625,
      "32": 0.0068359375,
      "46": 0.0009765625,
      "50": 0.0029296875,
      "5": 0.00390625,
      "27": 0.0029296875,
      "23": 0.0009765625,
      "26": 0.005859375,
      "41": 0.0009765625,
      "29": 0.0029296875,
      "25": 0.0009765625,
      "16": 0.0009765625
    }
  }
}