{
  "laps": {
    "01_setup": 0.000117,
    "02_cache_search": 0.06306,
    "04_submit": 0.000834,
    "05_run": 0.022233,
    "06_collect": 0.000154,
    "total": 0.086398
  },
  "meta": {
    "backend": "fake_jakarta",
    "n_qubits": 7,
    "depth_in": 15,
    "depth_transpiled": 29,
    "size_transpiled": 40,
    "quasi_dist": {
      "0": 0.4921875,
      "127": 0.5078125
    }
  }
}