{
  "laps": {
    "01_setup": 9.4e-05,
    "03_transpile": 0.056952,
    "04_submit": 0.001251,
    "05_run": 0.031606,
    "06_collect": 0.000108,
    "total": 0.090011
  },
  "meta": {
    "backend": "fake_jakarta",
    "n_qubits": 7,
    "depth_in": 11,
    "depth_transpiled": 24,
    "size_transpiled": 35,
    "quasi_dist": {
      "0": 0.509765625,
      "127": 0.490234375
    }
  }
}