{
  "laps": {
    "01_setup": 6.4e-05,
    "02_cache_search": 0.004474,
    "04_submit": 0.000629,
    "05_run": 0.02741,
    "06_collect": 8.6e-05,
    "total": 0.032663
  },
  "meta": {
    "backend": "fake_jakarta",
    "n_qubits": 7,
    "depth_in": 11,
    "depth_transpiled": 24,
    "size_transpiled": 35,
    "quasi_dist": {
      "0": 0.4951171875,
      "127": 0.5048828125
    }
  }
}