{
  "01_setup": 0.00041,
  "03_transpile": 4.498761,
  "04_submit": 0.195153,
  "05_run": 0.872962,
  "06_collect": 0.023461,
  "total": 5.590747
}