{
  "laps": {
    "01_setup": 7.2e-05,
    "03_transpile": 0.047002,
    "04_submit": 0.001206,
    "05_run": 0.026823,
    "06_collect": 0.000175,
    "total": 0.075278
  },
  "meta": {
    "backend": "fake_jakarta",
    "n_qubits": 6,
    "depth_in": 22,
    "depth_transpiled": 33,
    "size_transpiled": 43,
    "quasi_dist": {
      "63": 0.490234375,
      "0": 0.509765625
    }
  }
}