{
  "laps": {
    "01_setup": 0.000102,
    "03_transpile": 0.043406,
    "04_submit": 0.00097,
    "05_run": 0.031004,
    "06_collect": 0.000176,
    "total": 0.075658
  },
  "meta": {
    "backend": "fake_jakarta",
    "n_qubits": 3,
    "depth_in": 17,
    "depth_transpiled": 26,
    "size_transpiled": 58,
    "quasi_dist": {
      "3": 0.1748046875,
      "0": 0.431640625,
      "1": 0.08203125,
      "5": 0.0380859375,
      "4": 0.0888671875,
      "6": 0.0888671875,
      "2": 0.064453125,
      "7": 0.03125
    }
  }
}