{
  "laps": {
    "01_setup": 7.6e-05,
    "03_transpile": 0.029627,
    "04_submit": 0.004041,
    "05_run": 0.028561,
    "06_collect": 0.000114,
    "total": 0.062419
  },
  "meta": {
    "backend": "fake_jakarta",
    "n_qubits": 5,
    "depth_in": 7,
    "depth_transpiled": 9,
    "size_transpiled": 13,
    "quasi_dist": {
      "31": 0.490234375,
      "0": 0.509765625
    }
  }
}