{
  "laps": {
    "01_setup": 6.6e-05,
    "03_transpile": 0.057002,
    "04_submit": 0.001197,
    "05_run": 0.038188,
    "06_collect": 0.000196,
    "total": 0.096649
  },
  "meta": {
    "backend": "fake_jakarta",
    "n_qubits": 6,
    "depth_in": 14,
    "depth_transpiled": 25,
    "size_transpiled": 35,
    "quasi_dist": {
      "63": 0.4990234375,
      "0": 0.5009765625
    }
  }
}