{
  "01_setup": 0.000417,
  "03_transpile": 0.202351,
  "04_submit": 0.005619,
  "05_run": 0.171926,
  "06_collect": 0.000905,
  "total": 0.381218
}