{
  "laps": {
    "01_setup": 0.000107,
    "03_transpile": 0.041113,
    "04_submit": 0.001568,
    "05_run": 0.033451,
    "06_collect": 0.000155,
    "total": 0.076394
  },
  "meta": {
    "backend": "fake_jakarta",
    "n_qubits": 3,
    "depth_in": 17,
    "depth_transpiled": 26,
    "size_transpiled": 58,
    "quasi_dist": {
      "0": 0.41796875,
      "1": 0.08203125,
      "2": 0.0478515625,
      "4": 0.083984375,
      "3": 0.1875,
      "5": 0.0419921875,
      "6": 0.1181640625,
      "7": 0.0205078125
    }
  }
}