{
  "laps": {
    "01_setup": 6.1e-05,
    "02_cache_search": 0.017758,
    "04_submit": 0.001082,
    "05_run": 0.100883,
    "06_collect": 0.000238,
    "total": 0.120022
  },
  "meta": {
    "backend": "fake_jakarta",
    "n_qubits": 3,
    "depth_in": 35,
    "depth_transpiled": 37,
    "size_transpiled": 39,
    "quasi_dist": {
      "0": 0.4853515625,
      "7": 0.5146484375
    }
  }
}