{
  "laps": {
    "01_setup": 9.7e-05,
    "03_transpile": 0.143408,
    "04_submit": 0.004097,
    "05_run": 0.045231,
    "06_collect": 0.001407,
    "total": 0.19424
  },
  "meta": {
    "backend": "fake_jakarta",
    "n_qubits": 5,
    "depth_in": 131,
    "depth_transpiled": 168,
    "size_transpiled": 606,
    "quasi_dist": {
      "25": 0.05078125,
      "0": 0.04296875,
      "21": 0.025390625,
      "12": 0.0576171875,
      "20": 0.03515625,
      "9": 0.0380859375,
      "24": 0.041015625,
      "6": 0.0390625,
      "14": 0.03515625,
      "26": 0.0263671875,
      "31": 0.0263671875,
      "15": 0.0263671875,
      "18": 0.0244140625,
      "28": 0.0263671875,
      "1": 0.029296875,
      "23": 0.01953125,
      "8": 0.021484375,
      "27": 0.0361328125,
      "11": 0.0283203125,
      "10": 0.021484375,
      "2": 0.033203125,
      "17": 0.01953125,
      "7": 0.0224609375,
      "13": 0.052734375,
      "5": 0.0234375,
      "29": 0.04296875,
      "22": 0.0263671875,
      "16": 0.021484375,
      "4": 0.0390625,
      "19": 0.0390625,
      "30": 0.015625,
      "3": 0.0126953125
    }
  }
}