{
  "laps": {
    "01_setup": 9.4e-05,
    "02_cache_search": 0.076757,
    "04_submit": 0.001387,
    "05_run": 0.025889,
    "06_collect": 0.00026,
    "total": 0.104387
  },
  "meta": {
    "backend": "fake_jakarta",
    "n_qubits": 3,
    "depth_in": 65,
    "depth_transpiled": 86,
    "size_transpiled": 178,
    "quasi_dist": {
      "0": 0.8134765625,
      "6": 0.0634765625,
      "3": 0.03515625,
      "5": 0.005859375,
      "1": 0.0439453125,
      "4": 0.0078125,
      "2": 0.0224609375,
      "7": 0.0078125
    }
  }
}