{
  "01_setup": 0.00055,
  "03_transpile": 0.460608,
  "04_submit": 0.013589,
  "05_run": 0.18031,
  "06_collect": 0.002363,
  "total": 0.65742
}