{
  "laps": {
    "01_setup": 0.000121,
    "02_cache_search": 0.002866,
    "04_submit": 0.001072,
    "05_run": 0.034659,
    "06_collect": 0.000137,
    "total": 0.038855
  },
  "meta": {
    "backend": "fake_jakarta",
    "n_qubits": 6,
    "depth_in": 10,
    "depth_transpiled": 15,
    "size_transpiled": 20,
    "quasi_dist": {
      "0": 0.5078125,
      "63": 0.4921875
    }
  }
}