{
  "laps": {
    "01_setup": 6.4e-05,
    "03_transpile": 0.102676,
    "04_submit": 0.000657,
    "05_run": 0.029325,
    "06_collect": 0.000152,
    "total": 0.132874
  },
  "meta": {
    "backend": "fake_jakarta",
    "n_qubits": 5,
    "depth_in": 13,
    "depth_transpiled": 15,
    "size_transpiled": 19,
    "quasi_dist": {
      "0": 0.490234375,
      "31": 0.509765625
    }
  }
}