{
  "01_setup": 0.000403,
  "02_cache_search": 0.63419,
  "03_transpile": 0.218473,
  "07_cache_write": 0.14489,
  "04_submit": 0.032953,
  "05_run": 0.28532,
  "06_collect": 0.006903,
  "total": 1.323132
}