{
  "01_setup": 0.000452,
  "02_cache_search": 0.016066,
  "03_transpile": 0.043333,
  "07_cache_write": 0.004193,
  "04_submit": 0.009925,
  "05_run": 0.132148,
  "06_collect": 0.00088,
  "total": 0.206997
}