{
  "laps": {
    "01_setup": 0.000103,
    "03_transpile": 0.156266,
    "04_submit": 0.001484,
    "05_run": 0.035746,
    "06_collect": 0.000468,
    "total": 0.194067
  },
  "meta": {
    "backend": "fake_jakarta",
    "n_qubits": 3,
    "depth_in": 65,
    "depth_transpiled": 86,
    "size_transpiled": 178,
    "quasi_dist": {
      "3": 0.037109375,
      "0": 0.7919921875,
      "2": 0.021484375,
      "1": 0.0654296875,
      "6": 0.0751953125,
      "4": 0.001953125,
      "5": 0.0048828125,
      "7": 0.001953125
    }
  }
}