{
  "laps": {
    "01_setup": 0.000105,
    "03_transpile": 0.080497,
    "04_submit": 0.001476,
    "05_run": 0.05988,
    "06_collect": 0.000295,
    "total": 0.142253
  },
  "meta": {
    "backend": "fake_jakarta",
    "n_qubits": 3,
    "depth_in": 33,
    "depth_transpiled": 46,
    "size_transpiled": 98,
    "quasi_dist": {
      "5": 0.1015625,
      "7": 0.0771484375,
      "3": 0.18359375,
      "0": 0.1240234375,
      "2": 0.1611328125,
      "4": 0.091796875,
      "1": 0.138671875,
      "6": 0.1220703125
    }
  }
}