{
  "laps": {
    "01_setup": 0.000117,
    "02_cache_search": 0.001196,
    "04_submit": 0.000901,
    "05_run": 0.038264,
    "06_collect": 9.6e-05,
    "total": 0.040574
  },
  "meta": {
    "backend": "fake_jakarta",
    "n_qubits": 5,
    "depth_in": 6,
    "depth_transpiled": 8,
    "size_transpiled": 12,
    "quasi_dist": {
      "31": 0.470703125,
      "0": 0.529296875
    }
  }
}