{
  "01_setup": 0.000429,
  "02_cache_search": 0.086978,
  "03_transpile": 0.022688,
  "07_cache_write": 0.011922,
  "04_submit": 0.007513,
  "05_run": 0.127336,
  "06_collect": 0.000418,
  "total": 0.257284
}