{
  "laps": {
    "01_setup": 9.2e-05,
    "03_transpile": 0.20433,
    "04_submit": 0.003388,
    "05_run": 0.043222,
    "06_collect": 0.000969,
    "total": 0.252001
  },
  "meta": {
    "backend": "fake_jakarta",
    "n_qubits": 5,
    "depth_in": 131,
    "depth_transpiled": 168,
    "size_transpiled": 606,
    "quasi_dist": {
      "14": 0.033203125,
      "20": 0.0263671875,
      "29": 0.0517578125,
      "18": 0.025390625,
      "31": 0.037109375,
      "19": 0.029296875,
      "2": 0.02734375,
      "1": 0.017578125,
      "27": 0.041015625,
      "28": 0.033203125,
      "8": 0.025390625,
      "0": 0.04296875,
      "9": 0.04296875,
      "11": 0.0283203125,
      "5": 0.0234375,
      "26": 0.0341796875,
      "21": 0.0341796875,
      "15": 0.0244140625,
      "12": 0.0615234375,
      "6": 0.037109375,
      "25": 0.0595703125,
      "4": 0.0263671875,
      "16": 0.0166015625,
      "22": 0.0263671875,
      "13": 0.044921875,
      "24": 0.033203125,
      "10": 0.0224609375,
      "23": 0.0205078125,
      "7": 0.02734375,
      "17": 0.0205078125,
      "30": 0.017578125,
      "3": 0.0078125
    }
  }
}