{
  "laps": {
    "01_setup": 8.1e-05,
    "02_cache_search": 0.064891,
    "04_submit": 0.003646,
    "05_run": 0.018215,
    "06_collect": 0.000131,
    "total": 0.086964
  },
  "meta": {
    "backend": "fake_jakarta",
    "n_qubits": 3,
    "depth_in": 19,
    "depth_transpiled": 21,
    "size_transpiled": 23,
    "quasi_dist": {
      "0": 0.5068359375,
      "7": 0.4931640625
    }
  }
}