{
  "01_setup": 0.000544,
  "02_cache_search": 0.089345,
  "03_transpile": 0.036319,
  "07_cache_write": 0.003774,
  "04_submit": 0.003662,
  "05_run": 0.141998,
  "06_collect": 0.000716,
  "total": 0.276358
}