{
  "laps": {
    "01_setup": 9.4e-05,
    "02_cache_search": 0.1049,
    "04_submit": 0.002446,
    "05_run": 0.034939,
    "06_collect": 0.000598,
    "total": 0.142977
  },
  "meta": {
    "backend": "fake_jakarta",
    "n_qubits": 3,
    "depth_in": 129,
    "depth_transpiled": 166,
    "size_transpiled": 338,
    "quasi_dist": {
      "0": 0.59375,
      "5": 0.0185546875,
      "2": 0.1640625,
      "4": 0.015625,
      "1": 0.1376953125,
      "3": 0.0478515625,
      "6": 0.0185546875,
      "7": 0.00390625
    }
  }
}