{
  "laps": {
    "01_setup": 9.2e-05,
    "02_cache_search": 0.009228,
    "03_transpile": 0.028223,
    "07_cache_write": 0.014392,
    "04_submit": 0.000862,
    "05_run": 0.029264,
    "06_collect": 9.3e-05,
    "total": 0.082154
  },
  "meta": {
    "backend": "fake_jakarta",
    "n_qubits": 5,
    "depth_in": 13,
    "depth_transpiled": 15,
    "size_transpiled": 19,
    "quasi_dist": {
      "31": 0.4970703125,
      "0": 0.5029296875
    }
  }
}