{
  "laps": {
    "01_setup": 8.6e-05,
    "03_transpile": 0.188409,
    "04_submit": 0.005319,
    "05_run": 0.058529,
    "06_collect": 0.001407,
    "total": 0.25375
  },
  "meta": {
    "backend": "fake_jakarta",
    "n_qubits": 6,
    "depth_in": 132,
    "depth_transpiled": 341,
    "size_transpiled": 833,
    "quasi_dist": {
      "55": 0.00390625,
      "0": 0.115234375,
      "8": 0.0146484375,
      "56": 0.0361328125,
      "48": 0.01953125,
      "7": 0.046875,
      "30": 0.072265625,
      "13": 0.005859375,
      "60": 0.0927734375,
      "38": 0.0009765625,
      "58": 0.005859375,
      "15": 0.06640625,
      "47": 0.0009765625,
      "49": 0.0087890625,
      "6": 0.0478515625,
      "2": 0.037109375,
      "45": 0.0009765625,
      "51": 0.0078125,
      "4": 0.0322265625,
      "35": 0.0107421875,
      "12": 0.0283203125,
      "5": 0.005859375,
      "24": 0.017578125,
      "52": 0.0048828125,
      "3": 0.046875,
      "34": 0.0078125,
      "11": 0.00390625,
      "62": 0.0537109375,
      "31": 0.05859375,
      "18": 0.0068359375,
      "28": 0.037109375,
      "54": 0.0009765625,
      "1": 0.009765625,
      "22": 0.001953125,
      "37": 0.0009765625,
      "59": 0.00390625,
      "14": 0.02734375,
      "32": 0.0087890625,
      "27": 0.0048828125,
      "33": 0.00390625,
      "63": 0.017578125,
      "16": 0.00390625,
      "17": 0.0029296875,
      "26": 0.005859375,
      "57": 0.001953125,
      "39": 0.00390625,
      "29": 0.001953125,
      "23": 0.0009765625
    }
  }
}