{
  "01_setup": 0.00037,
  "03_transpile": 0.184932,
  "04_submit": 0.004881,
  "05_run": 0.123423,
  "06_collect": 0.000472,
  "total": 0.314078
}