{
  "01_setup": 0.000373,
  "03_transpile": 0.139226,
  "04_submit": 0.006748,
  "05_run": 0.111468,
  "06_collect": 0.000355,
  "total": 0.25817
}