{
  "01_setup": 0.000379,
  "02_cache_search": 0.002225,
  "03_transpile": 0.043244,
  "07_cache_write": 0.000753,
  "04_submit": 0.008132,
  "05_run": 0.144411,
  "06_collect": 0.000614,
  "total": 0.199758
}