{
  "laps": {
    "01_setup": 7.3e-05,
    "03_transpile": 0.052491,
    "04_submit": 0.001869,
    "05_run": 0.026149,
    "06_collect": 0.000332,
    "total": 0.080914
  },
  "meta": {
    "backend": "fake_jakarta",
    "n_qubits": 5,
    "depth_in": 35,
    "depth_transpiled": 48,
    "size_transpiled": 174,
    "quasi_dist": {
      "14": 0.0712890625,
      "29": 0.029296875,
      "0": 0.1044921875,
      "10": 0.0029296875,
      "16": 0.04296875,
      "24": 0.0732421875,
      "6": 0.06640625,
      "27": 0.0146484375,
      "17": 0.017578125,
      "1": 0.0244140625,
      "30": 0.04296875,
      "28": 0.0771484375,
      "26": 0.009765625,
      "12": 0.0791015625,
      "3": 0.0283203125,
      "2": 0.03515625,
      "9": 0.0107421875,
      "11": 0.015625,
      "8": 0.044921875,
      "15": 0.0302734375,
      "7": 0.0361328125,
      "4": 0.05078125,
      "5": 0.0234375,
      "18": 0.0126953125,
      "13": 0.0166015625,
      "20": 0.0048828125,
      "21": 0.0048828125,
      "31": 0.0078125,
      "22": 0.005859375,
      "23": 0.0107421875,
      "25": 0.0048828125
    }
  }
}