{
  "laps": {
    "01_setup": 7.2e-05,
    "02_cache_search": 0.001329,
    "04_submit": 0.000961,
    "05_run": 0.023768,
    "06_collect": 0.000132,
    "total": 0.026262
  },
  "meta": {
    "backend": "fake_jakarta",
    "n_qubits": 6,
    "depth_in": 12,
    "depth_transpiled": 26,
    "size_transpiled": 83,
    "quasi_dist": {
      "18": 0.0107421875,
      "32": 0.0771484375,
      "40": 0.013671875,
      "0": 0.3837890625,
      "16": 0.0625,
      "33": 0.01171875,
      "10": 0.0126953125,
      "42": 0.001953125,
      "1": 0.06640625,
      "24": 0.0107421875,
      "2": 0.0673828125,
      "52": 0.001953125,
      "44": 0.001953125,
      "3": 0.01171875,
      "8": 0.0751953125,
      "7": 0.0009765625,
      "48": 0.009765625,
      "13": 0.0009765625,
      "36": 0.009765625,
      "11": 0.0009765625,
      "34": 0.013671875,
      "17": 0.0107421875,
      "49": 0.001953125,
      "6": 0.009765625,
      "4": 0.0625,
      "20": 0.01171875,
      "9": 0.005859375,
      "41": 0.0009765625,
      "23": 0.0009765625,
      "56": 0.001953125,
      "50": 0.00390625,
      "5": 0.01171875,
      "38": 0.0009765625,
      "19": 0.0029296875,
      "35": 0.001953125,
      "12": 0.013671875,
      "29": 0.0009765625,
      "26": 0.001953125,
      "25": 0.001953125,
      "14": 0.0009765625,
      "37": 0.001953125,
      "22": 0.0009765625,
      "21": 0.001953125,
      "39": 0.0009765625,
      "28": 0.0009765625
    }
  }
}