{
  "01_setup": 0.000413,
  "02_cache_search": 0.083063,
  "03_transpile": 0.062983,
  "07_cache_write": 0.009892,
  "04_submit": 0.009929,
  "05_run": 0.153515,
  "06_collect": 0.00165,
  "total": 0.321445
}