{
  "01_setup": 0.000418,
  "02_cache_search": 0.099322,
  "03_transpile": 0.045515,
  "07_cache_write": 0.080632,
  "04_submit": 0.006519,
  "05_run": 0.154207,
  "06_collect": 0.001363,
  "total": 0.387976
}