{
  "01_setup": 0.000532,
  "03_transpile": 0.167513,
  "04_submit": 0.009338,
  "05_run": 0.133755,
  "06_collect": 0.001409,
  "total": 0.312547
}