{
  "laps": {
    "01_setup": 0.000117,
    "02_cache_search": 0.070977,
    "04_submit": 0.001419,
    "05_run": 0.041006,
    "06_collect": 0.000285,
    "total": 0.113804
  },
  "meta": {
    "backend": "fake_jakarta",
    "n_qubits": 5,
    "depth_in": 35,
    "depth_transpiled": 48,
    "size_transpiled": 174,
    "quasi_dist": {
      "7": 0.0419921875,
      "22": 0.0087890625,
      "12": 0.0732421875,
      "30": 0.0400390625,
      "6": 0.0869140625,
      "10": 0.0068359375,
      "1": 0.029296875,
      "0": 0.115234375,
      "16": 0.0400390625,
      "3": 0.0244140625,
      "27": 0.0107421875,
      "24": 0.080078125,
      "11": 0.01171875,
      "5": 0.0263671875,
      "2": 0.0478515625,
      "14": 0.0693359375,
      "28": 0.0693359375,
      "29": 0.0185546875,
      "9": 0.0107421875,
      "31": 0.009765625,
      "8": 0.0439453125,
      "23": 0.0068359375,
      "25": 0.0029296875,
      "17": 0.0146484375,
      "4": 0.046875,
      "18": 0.0107421875,
      "21": 0.0068359375,
      "15": 0.0244140625,
      "13": 0.009765625,
      "20": 0.0068359375,
      "26": 0.00390625,
      "19": 0.0009765625
    }
  }
}