{
  "laps": {
    "01_setup": 9.9e-05,
    "02_cache_search": 0.002008,
    "03_transpile": 0.032891,
    "07_cache_write": 0.002491,
    "04_submit": 0.001104,
    "05_run": 0.023727,
    "06_collect": 0.000108,
    "total": 0.062428
  },
  "meta": {
    "backend": "fake_jakarta",
    "n_qubits": 5,
    "depth_in": 11,
    "depth_transpiled": 18,
    "size_transpiled": 66,
    "quasi_dist": {
      "4": 0.0771484375,
      "8": 0.078125,
      "0": 0.4619140625,
      "2": 0.072265625,
      "16": 0.076171875,
      "1": 0.076171875,
      "5": 0.01953125,
      "12": 0.01953125,
      "25": 0.0029296875,
      "24": 0.009765625,
      "21": 0.001953125,
      "9": 0.0107421875,
      "6": 0.0146484375,
      "26": 0.005859375,
      "10": 0.009765625,
      "17": 0.015625,
      "19": 0.0029296875,
      "18": 0.009765625,
      "3": 0.0087890625,
      "20": 0.0146484375,
      "11": 0.001953125,
      "28": 0.0029296875,
      "13": 0.0009765625,
      "14": 0.0029296875,
      "22": 0.0029296875
    }
  }
}