{
  "01_setup": 0.000483,
  "03_transpile": 0.266538,
  "04_submit": 0.005828,
  "05_run": 0.18652,
  "06_collect": 0.000516,
  "total": 0.459885
}