{
  "01_setup": 0.000446,
  "03_transpile": 0.571856,
  "04_submit": 0.014691,
  "05_run": 0.186489,
  "06_collect": 0.003655,
  "total": 0.777137
}