{
  "laps": {
    "01_setup": 0.000105,
    "03_transpile": 0.028705,
    "04_submit": 0.000866,
    "05_run": 0.028087,
    "06_collect": 0.000134,
    "total": 0.057897
  },
  "meta": {
    "backend": "fake_jakarta",
    "n_qubits": 5,
    "depth_in": 13,
    "depth_transpiled": 15,
    "size_transpiled": 19,
    "quasi_dist": {
      "31": 0.5244140625,
      "0": 0.4755859375
    }
  }
}