{
  "laps": {
    "01_setup": 6.2e-05,
    "02_cache_search": 0.002319,
    "04_submit": 0.000596,
    "05_run": 0.021498,
    "06_collect": 7.5e-05,
    "total": 0.02455
  },
  "meta": {
    "backend": "fake_jakarta",
    "n_qubits": 7,
    "depth_in": 9,
    "depth_transpiled": 22,
    "size_transpiled": 33,
    "quasi_dist": {
      "0": 0.48046875,
      "127": 0.51953125
    }
  }
}