{
  "laps": {
    "01_setup": 6.9e-05,
    "02_cache_search": 0.003224,
    "04_submit": 0.000693,
    "05_run": 0.028329,
    "06_collect": 0.000141,
    "total": 0.032456
  },
  "meta": {
    "backend": "fake_jakarta",
    "n_qubits": 3,
    "depth_in": 17,
    "depth_transpiled": 26,
    "size_transpiled": 58,
    "quasi_dist": {
      "4": 0.083984375,
      "0": 0.4765625,
      "6": 0.109375,
      "3": 0.13671875,
      "7": 0.01953125,
      "2": 0.044921875,
      "5": 0.0498046875,
      "1": 0.0791015625
    }
  }
}