{
  "01_setup": 0.000371,
  "02_cache_search": 0.2347,
  "03_transpile": 0.028991,
  "07_cache_write": 0.112242,
  "04_submit": 0.009784,
  "05_run": 0.191817,
  "06_collect": 0.001213,
  "total": 0.579118
}