{
  "laps": {
    "01_setup": 6.8e-05,
    "02_cache_search": 0.001189,
    "04_submit": 0.000887,
    "05_run": 0.027283,
    "06_collect": 0.000151,
    "total": 0.029578
  },
  "meta": {
    "backend": "fake_jakarta",
    "n_qubits": 6,
    "depth_in": 12,
    "depth_transpiled": 26,
    "size_transpiled": 83,
    "quasi_dist": {
      "4": 0.0712890625,
      "40": 0.01171875,
      "8": 0.05859375,
      "0": 0.37109375,
      "32": 0.06640625,
      "2": 0.0673828125,
      "42": 0.0009765625,
      "54": 0.0009765625,
      "1": 0.0732421875,
      "38": 0.0048828125,
      "16": 0.06640625,
      "33": 0.01171875,
      "10": 0.0107421875,
      "20": 0.0087890625,
      "35": 0.0029296875,
      "12": 0.0126953125,
      "9": 0.0166015625,
      "50": 0.001953125,
      "5": 0.01171875,
      "49": 0.0009765625,
      "6": 0.0107421875,
      "18": 0.0166015625,
      "52": 0.0009765625,
      "3": 0.009765625,
      "44": 0.005859375,
      "37": 0.0009765625,
      "14": 0.0029296875,
      "19": 0.0029296875,
      "13": 0.0029296875,
      "36": 0.0126953125,
      "11": 0.001953125,
      "34": 0.0146484375,
      "17": 0.0068359375,
      "26": 0.001953125,
      "24": 0.0126953125,
      "21": 0.001953125,
      "7": 0.0029296875,
      "48": 0.009765625,
      "30": 0.0009765625,
      "28": 0.0009765625,
      "22": 0.0009765625,
      "25": 0.001953125,
      "56": 0.001953125,
      "57": 0.0009765625,
      "41": 0.0009765625,
      "39": 0.0009765625
    }
  }
}