{
  "laps": {
    "01_setup": 0.000121,
    "03_transpile": 0.078086,
    "04_submit": 0.001504,
    "05_run": 0.066842,
    "06_collect": 0.000356,
    "total": 0.146909
  },
  "meta": {
    "backend": "fake_jakarta",
    "n_qubits": 5,
    "depth_in": 19,
    "depth_transpiled": 28,
    "size_transpiled": 102,
    "quasi_dist": {
      "17": 0.013671875,
      "0": 0.28125,
      "16": 0.0400390625,
      "1": 0.041015625,
      "3": 0.05078125,
      "15": 0.029296875,
      "31": 0.0380859375,
      "7": 0.04296875,
      "29": 0.0029296875,
      "13": 0.0244140625,
      "14": 0.046875,
      "12": 0.029296875,
      "20": 0.0087890625,
      "30": 0.017578125,
      "2": 0.04296875,
      "9": 0.009765625,
      "19": 0.017578125,
      "4": 0.033203125,
      "28": 0.0322265625,
      "8": 0.076171875,
      "6": 0.02734375,
      "25": 0.017578125,
      "18": 0.009765625,
      "11": 0.021484375,
      "5": 0.00390625,
      "21": 0.00390625,
      "24": 0.0068359375,
      "22": 0.01953125,
      "10": 0.0029296875,
      "26": 0.0048828125,
      "27": 0.001953125,
      "23": 0.0009765625
    }
  }
}