{
  "laps": {
    "01_setup": 0.000157,
    "02_cache_search": 0.11926,
    "04_submit": 0.001129,
    "05_run": 0.037913,
    "06_collect": 0.000227,
    "total": 0.158686
  },
  "meta": {
    "backend": "fake_jakarta",
    "n_qubits": 5,
    "depth_in": 21,
    "depth_transpiled": 23,
    "size_transpiled": 27,
    "quasi_dist": {
      "31": 0.5146484375,
      "0": 0.4853515625
    }
  }
}