{
  "laps": {
    "01_setup": 7.5e-05,
    "03_transpile": 0.032603,
    "04_submit": 0.000624,
    "05_run": 0.020773,
    "06_collect": 5.8e-05,
    "total": 0.054133
  },
  "meta": {
    "backend": "fake_jakarta",
    "n_qubits": 6,
    "depth_in": 7,
    "depth_transpiled": 17,
    "size_transpiled": 27,
    "quasi_dist": {
      "63": 0.5048828125,
      "0": 0.4951171875
    }
  }
}