{
  "laps": {
    "01_setup": 9.8e-05,
    "02_cache_search": 0.001028,
    "04_submit": 0.000948,
    "05_run": 0.024269,
    "06_collect": 0.000128,
    "total": 0.026471
  },
  "meta": {
    "backend": "fake_jakarta",
    "n_qubits": 6,
    "depth_in": 12,
    "depth_transpiled": 26,
    "size_transpiled": 83,
    "quasi_dist": {
      "20": 0.01171875,
      "16": 0.0556640625,
      "8": 0.072265625,
      "32": 0.08203125,
      "26": 0.0009765625,
      "0": 0.400390625,
      "21": 0.001953125,
      "2": 0.06640625,
      "48": 0.0107421875,
      "7": 0.0029296875,
      "11": 0.001953125,
      "34": 0.013671875,
      "45": 0.001953125,
      "4": 0.05859375,
      "42": 0.0009765625,
      "1": 0.06640625,
      "18": 0.01171875,
      "36": 0.0068359375,
      "13": 0.0029296875,
      "50": 0.0009765625,
      "5": 0.009765625,
      "10": 0.01171875,
      "33": 0.009765625,
      "52": 0.001953125,
      "44": 0.00390625,
      "3": 0.0146484375,
      "49": 0.001953125,
      "6": 0.0126953125,
      "58": 0.0009765625,
      "15": 0.0009765625,
      "38": 0.0029296875,
      "24": 0.0087890625,
      "9": 0.01171875,
      "14": 0.0009765625,
      "37": 0.001953125,
      "22": 0.0009765625,
      "28": 0.001953125,
      "17": 0.0078125,
      "40": 0.0078125,
      "12": 0.0048828125,
      "35": 0.0009765625,
      "29": 0.0029296875,
      "23": 0.0009765625,
      "41": 0.00390625,
      "19": 0.0009765625,
      "25": 0.0009765625
    }
  }
}