{
  "laps": {
    "01_setup": 7.9e-05,
    "02_cache_search": 0.014151,
    "04_submit": 0.00594,
    "05_run": 0.060281,
    "06_collect": 0.001336,
    "total": 0.081787
  },
  "meta": {
    "backend": "fake_jakarta",
    "n_qubits": 6,
    "depth_in": 132,
    "depth_transpiled": 341,
    "size_transpiled": 833,
    "quasi_dist": {
      "52": 0.0029296875,
      "3": 0.0498046875,
      "56": 0.0537109375,
      "31": 0.048828125,
      "2": 0.041015625,
      "11": 0.0009765625,
      "34": 0.0048828125,
      "62": 0.0693359375,
      "38": 0.001953125,
      "58": 0.0048828125,
      "15": 0.0537109375,
      "24": 0.0126953125,
      "51": 0.0048828125,
      "45": 0.0009765625,
      "4": 0.0283203125,
      "28": 0.0498046875,
      "13": 0.01171875,
      "60": 0.091796875,
      "8": 0.0185546875,
      "49": 0.0068359375,
      "6": 0.0400390625,
      "30": 0.0576171875,
      "55": 0.001953125,
      "0": 0.1279296875,
      "5": 0.00390625,
      "46": 0.001953125,
      "50": 0.0048828125,
      "10": 0.00390625,
      "63": 0.0166015625,
      "33": 0.0048828125,
      "12": 0.029296875,
      "35": 0.009765625,
      "17": 0.00390625,
      "7": 0.052734375,
      "48": 0.0234375,
      "32": 0.005859375,
      "9": 0.0029296875,
      "59": 0.00390625,
      "14": 0.0224609375,
      "26": 0.005859375,
      "29": 0.001953125,
      "39": 0.0009765625,
      "54": 0.0009765625,
      "1": 0.005859375,
      "40": 0.0009765625,
      "18": 0.001953125,
      "22": 0.001953125,
      "20": 0.0009765625,
      "57": 0.0009765625,
      "27": 0.0009765625,
      "25": 0.0009765625
    }
  }
}