{
  "laps": {
    "01_setup": 6.8e-05,
    "03_transpile": 0.13304,
    "04_submit": 0.002146,
    "05_run": 0.030667,
    "06_collect": 0.000553,
    "total": 0.166474
  },
  "meta": {
    "backend": "fake_jakarta",
    "n_qubits": 5,
    "depth_in": 67,
    "depth_transpiled": 88,
    "size_transpiled": 318,
    "quasi_dist": {
      "1": 0.0400390625,
      "26": 0.0087890625,
      "0": 0.44921875,
      "14": 0.0634765625,
      "20": 0.0107421875,
      "6": 0.0390625,
      "7": 0.0146484375,
      "12": 0.0546875,
      "18": 0.013671875,
      "28": 0.0927734375,
      "13": 0.025390625,
      "16": 0.0029296875,
      "15": 0.01953125,
      "3": 0.0263671875,
      "19": 0.0087890625,
      "27": 0.0029296875,
      "2": 0.0087890625,
      "22": 0.0087890625,
      "29": 0.015625,
      "25": 0.013671875,
      "24": 0.0302734375,
      "8": 0.001953125,
      "31": 0.0166015625,
      "10": 0.0068359375,
      "5": 0.0048828125,
      "4": 0.0029296875,
      "30": 0.0068359375,
      "11": 0.0009765625,
      "21": 0.0029296875,
      "17": 0.0048828125,
      "23": 0.0009765625
    }
  }
}