{
  "01_setup": 0.000491,
  "02_cache_search": 0.336024,
  "03_transpile": 0.253741,
  "07_cache_write": 0.12293,
  "04_submit": 0.200315,
  "05_run": 0.274445,
  "06_collect": 0.005889,
  "total": 1.193835
}