{
  "laps": {
    "01_setup": 6.2e-05,
    "02_cache_search": 0.000439,
    "04_submit": 0.000736,
    "05_run": 0.023778,
    "06_collect": 6.6e-05,
    "total": 0.025081
  },
  "meta": {
    "backend": "fake_jakarta",
    "n_qubits": 6,
    "depth_in": 7,
    "depth_transpiled": 17,
    "size_transpiled": 27,
    "quasi_dist": {
      "0": 0.494140625,
      "63": 0.505859375
    }
  }
}