{
  "laps": {
    "01_setup": 0.000102,
    "03_transpile": 0.870563,
    "04_submit": 0.059505,
    "05_run": 0.156539,
    "06_collect": 0.004469,
    "total": 1.091178
  },
  "meta": {
    "backend": "fake_jakarta",
    "n_qubits": 6,
    "depth_in": 198,
    "depth_transpiled": 1986,
    "size_transpiled": 3906,
    "quasi_dist": {
      "0": 1.0
    }
  }
}