{
  "01_setup": 0.000402,
  "02_cache_search": 0.339647,
  "03_transpile": 0.11276,
  "07_cache_write": 0.029793,
  "04_submit": 0.093497,
  "05_run": 0.255446,
  "06_collect": 0.002863,
  "total": 0.834408
}