{
  "laps": {
    "01_setup": 6.7e-05,
    "02_cache_search": 0.003851,
    "04_submit": 0.000739,
    "05_run": 0.026111,
    "06_collect": 0.000103,
    "total": 0.030871
  },
  "meta": {
    "backend": "fake_jakarta",
    "n_qubits": 3,
    "depth_in": 17,
    "depth_transpiled": 26,
    "size_transpiled": 58,
    "quasi_dist": {
      "3": 0.181640625,
      "0": 0.4560546875,
      "4": 0.0791015625,
      "5": 0.041015625,
      "6": 0.0966796875,
      "1": 0.0732421875,
      "2": 0.05078125,
      "7": 0.021484375
    }
  }
}