{
  "laps": {
    "01_setup": 6.9e-05,
    "02_cache_search": 0.047349,
    "04_submit": 0.001073,
    "05_run": 0.026429,
    "06_collect": 0.000161,
    "total": 0.075081
  },
  "meta": {
    "backend": "fake_jakarta",
    "n_qubits": 6,
    "depth_in": 22,
    "depth_transpiled": 27,
    "size_transpiled": 32,
    "quasi_dist": {
      "0": 0.4638671875,
      "63": 0.5361328125
    }
  }
}