{
  "laps": {
    "01_setup": 8.2e-05,
    "02_cache_search": 0.00558,
    "04_submit": 0.000658,
    "05_run": 0.021896,
    "06_collect": 8.5e-05,
    "total": 0.028301
  },
  "meta": {
    "backend": "fake_jakarta",
    "n_qubits": 3,
    "depth_in": 11,
    "depth_transpiled": 13,
    "size_transpiled": 15,
    "quasi_dist": {
      "0": 0.4921875,
      "7": 0.5078125
    }
  }
}