{
  "01_setup": 0.000373,
  "02_cache_search": 0.231092,
  "03_transpile": 0.083377,
  "07_cache_write": 0.010347,
  "04_submit": 0.011687,
  "05_run": 0.167788,
  "06_collect": 0.002933,
  "total": 0.507597
}