{
  "01_setup": 0.000396,
  "02_cache_search": 0.143879,
  "03_transpile": 0.036412,
  "07_cache_write": 0.01484,
  "04_submit": 0.003984,
  "05_run": 0.118123,
  "06_collect": 0.001074,
  "total": 0.318708
}