{
  "laps": {
    "01_setup": 0.000186,
    "02_cache_search": 0.005426,
    "03_transpile": 0.054361,
    "07_cache_write": 0.004384,
    "04_submit": 0.001146,
    "05_run": 0.026935,
    "06_collect": 0.00021,
    "total": 0.092648
  },
  "meta": {
    "backend": "fake_jakarta",
    "n_qubits": 3,
    "depth_in": 15,
    "depth_transpiled": 76,
    "size_transpiled": 98,
    "quasi_dist": {
      "0": 1.0
    }
  }
}