{
  "01_setup": 0.000382,
  "02_cache_search": 0.013421,
  "03_transpile": 0.037501,
  "07_cache_write": 0.003152,
  "04_submit": 0.003921,
  "05_run": 0.115376,
  "06_collect": 0.00039,
  "total": 0.174143
}