{
  "laps": {
    "01_setup": 9.7e-05,
    "02_cache_search": 0.14193,
    "04_submit": 0.001658,
    "05_run": 0.034148,
    "06_collect": 0.000333,
    "total": 0.178166
  },
  "meta": {
    "backend": "fake_jakarta",
    "n_qubits": 5,
    "depth_in": 37,
    "depth_transpiled": 39,
    "size_transpiled": 43,
    "quasi_dist": {
      "0": 0.5126953125,
      "31": 0.4873046875
    }
  }
}