{
  "laps": {
    "01_setup": 0.000104,
    "02_cache_search": 0.088593,
    "03_transpile": 0.052956,
    "07_cache_write": 0.021641,
    "04_submit": 0.001471,
    "05_run": 0.030226,
    "06_collect": 0.0002,
    "total": 0.195191
  },
  "meta": {
    "backend": "fake_jakarta",
    "n_qubits": 7,
    "depth_in": 23,
    "depth_transpiled": 36,
    "size_transpiled": 47,
    "quasi_dist": {
      "0": 0.498046875,
      "127": 0.501953125
    }
  }
}