{
  "laps": {
    "01_setup": 5.5e-05,
    "02_cache_search": 0.000395,
    "04_submit": 0.000872,
    "05_run": 0.019077,
    "06_collect": 5.2e-05,
    "total": 0.020451
  },
  "meta": {
    "backend": "fake_jakarta",
    "n_qubits": 3,
    "depth_in": 6,
    "depth_transpiled": 23,
    "size_transpiled": 26,
    "quasi_dist": {
      "3": 0.11328125,
      "1": 0.1376953125,
      "6": 0.1240234375,
      "2": 0.1171875,
      "7": 0.15625,
      "4": 0.115234375,
      "5": 0.1259765625,
      "0": 0.1103515625
    }
  }
}