{
  "01_setup": 0.00044,
  "03_transpile": 2.470338,
  "04_submit": 0.044147,
  "05_run": 0.36212,
  "06_collect": 0.010058,
  "total": 2.887103
}