{
  "01_setup": 0.000596,
  "03_transpile": 1.123052,
  "04_submit": 0.078758,
  "05_run": 0.376759,
  "06_collect": 0.007977,
  "total": 1.587142
}