{
  "laps": {
    "01_setup": 6.9e-05,
    "03_transpile": 0.03507,
    "04_submit": 0.000859,
    "05_run": 0.02333,
    "06_collect": 0.00014,
    "total": 0.059468
  },
  "meta": {
    "backend": "fake_jakarta",
    "n_qubits": 3,
    "depth_in": 17,
    "depth_transpiled": 26,
    "size_transpiled": 58,
    "quasi_dist": {
      "4": 0.0869140625,
      "6": 0.0859375,
      "3": 0.1884765625,
      "0": 0.4404296875,
      "1": 0.0849609375,
      "5": 0.0439453125,
      "2": 0.056640625,
      "7": 0.0126953125
    }
  }
}