{
  "laps": {
    "01_setup": 6.7e-05,
    "02_cache_search": 0.112836,
    "03_transpile": 0.04774,
    "07_cache_write": 0.148552,
    "04_submit": 0.001496,
    "05_run": 0.027111,
    "06_collect": 0.000283,
    "total": 0.338085
  },
  "meta": {
    "backend": "fake_jakarta",
    "n_qubits": 7,
    "depth_in": 39,
    "depth_transpiled": 53,
    "size_transpiled": 64,
    "quasi_dist": {
      "0": 0.505859375,
      "127": 0.494140625
    }
  }
}