{
  "laps": {
    "01_setup": 6.4e-05,
    "02_cache_search": 0.000953,
    "04_submit": 0.000956,
    "05_run": 0.025658,
    "06_collect": 0.000134,
    "total": 0.027765
  },
  "meta": {
    "backend": "fake_jakarta",
    "n_qubits": 6,
    "depth_in": 12,
    "depth_transpiled": 26,
    "size_transpiled": 83,
    "quasi_dist": {
      "8": 0.0595703125,
      "32": 0.0673828125,
      "55": 0.0009765625,
      "0": 0.36328125,
      "42": 0.0009765625,
      "1": 0.0693359375,
      "33": 0.0166015625,
      "10": 0.0166015625,
      "51": 0.0009765625,
      "4": 0.0771484375,
      "11": 0.0009765625,
      "34": 0.01171875,
      "7": 0.0029296875,
      "48": 0.0126953125,
      "16": 0.0732421875,
      "50": 0.00390625,
      "5": 0.0068359375,
      "9": 0.013671875,
      "24": 0.013671875,
      "49": 0.00390625,
      "6": 0.0078125,
      "40": 0.01171875,
      "2": 0.0634765625,
      "53": 0.0009765625,
      "28": 0.001953125,
      "21": 0.0029296875,
      "52": 0.0009765625,
      "44": 0.00390625,
      "3": 0.0146484375,
      "35": 0.0009765625,
      "12": 0.009765625,
      "17": 0.013671875,
      "26": 0.0048828125,
      "22": 0.0029296875,
      "41": 0.001953125,
      "20": 0.0107421875,
      "56": 0.001953125,
      "38": 0.001953125,
      "14": 0.0009765625,
      "37": 0.001953125,
      "18": 0.0087890625,
      "13": 0.0009765625,
      "36": 0.009765625,
      "25": 0.0029296875,
      "23": 0.0009765625
    }
  }
}