{
  "laps": {
    "01_setup": 8.8e-05,
    "03_transpile": 0.032943,
    "04_submit": 0.00078,
    "05_run": 0.026227,
    "06_collect": 7.3e-05,
    "total": 0.060111
  },
  "meta": {
    "backend": "fake_jakarta",
    "n_qubits": 3,
    "depth_in": 11,
    "depth_transpiled": 13,
    "size_transpiled": 15,
    "quasi_dist": {
      "7": 0.521484375,
      "0": 0.478515625
    }
  }
}