{
  "laps": {
    "01_setup": 7e-05,
    "02_cache_search": 0.002992,
    "04_submit": 0.000493,
    "05_run": 0.022773,
    "06_collect": 7.5e-05,
    "total": 0.026403
  },
  "meta": {
    "backend": "fake_jakarta",
    "n_qubits": 3,
    "depth_in": 7,
    "depth_transpiled": 9,
    "size_transpiled": 11,
    "quasi_dist": {
      "0": 0.4931640625,
      "7": 0.5068359375
    }
  }
}