{
  "laps": {
    "01_setup": 6.7e-05,
    "02_cache_search": 0.010312,
    "04_submit": 0.000752,
    "05_run": 0.022054,
    "06_collect": 0.000137,
    "total": 0.033322
  },
  "meta": {
    "backend": "fake_jakarta",
    "n_qubits": 3,
    "depth_in": 19,
    "depth_transpiled": 21,
    "size_transpiled": 23,
    "quasi_dist": {
      "7": 0.4853515625,
      "0": 0.5146484375
    }
  }
}