{
  "laps": {
    "01_setup": 7.1e-05,
    "02_cache_search": 0.003164,
    "03_transpile": 0.074781,
    "07_cache_write": 0.006407,
    "04_submit": 0.003538,
    "05_run": 0.081327,
    "06_collect": 0.000727,
    "total": 0.170015
  },
  "meta": {
    "backend": "fake_jakarta",
    "n_qubits": 6,
    "depth_in": 36,
    "depth_transpiled": 89,
    "size_transpiled": 233,
    "quasi_dist": {
      "41": 0.001953125,
      "26": 0.01171875,
      "55": 0.009765625,
      "0": 0.1689453125,
      "28": 0.056640625,
      "30": 0.0361328125,
      "61": 0.009765625,
      "12": 0.03515625,
      "35": 0.0078125,
      "52": 0.0009765625,
      "3": 0.0234375,
      "38": 0.005859375,
      "15": 0.0703125,
      "58": 0.0146484375,
      "36": 0.005859375,
      "13": 0.005859375,
      "60": 0.03515625,
      "16": 0.025390625,
      "20": 0.0126953125,
      "11": 0.0068359375,
      "62": 0.021484375,
      "63": 0.005859375,
      "10": 0.009765625,
      "33": 0.0078125,
      "7": 0.0224609375,
      "48": 0.0263671875,
      "57": 0.0107421875,
      "31": 0.021484375,
      "19": 0.013671875,
      "54": 0.01171875,
      "1": 0.04296875,
      "56": 0.068359375,
      "40": 0.013671875,
      "49": 0.0009765625,
      "6": 0.0224609375,
      "47": 0.017578125,
      "8": 0.01171875,
      "24": 0.017578125,
      "37": 0.001953125,
      "14": 0.03515625,
      "4": 0.009765625,
      "29": 0.0087890625,
      "5": 0.009765625,
      "39": 0.0087890625,
      "18": 0.001953125,
      "32": 0.0087890625,
      "53": 0.0009765625,
      "2": 0.0126953125,
      "9": 0.00390625,
      "25": 0.0048828125,
      "27": 0.0009765625
    }
  }
}