{
  "laps": {
    "01_setup": 0.000106,
    "03_transpile": 0.072129,
    "04_submit": 0.003304,
    "05_run": 0.033864,
    "06_collect": 0.000372,
    "total": 0.109775
  },
  "meta": {
    "backend": "fake_jakarta",
    "n_qubits": 5,
    "depth_in": 35,
    "depth_transpiled": 48,
    "size_transpiled": 174,
    "quasi_dist": {
      "6": 0.0810546875,
      "14": 0.07421875,
      "7": 0.0322265625,
      "28": 0.0654296875,
      "0": 0.1181640625,
      "12": 0.080078125,
      "18": 0.013671875,
      "27": 0.0146484375,
      "29": 0.025390625,
      "3": 0.0263671875,
      "24": 0.0791015625,
      "30": 0.0556640625,
      "31": 0.0068359375,
      "4": 0.0390625,
      "22": 0.005859375,
      "1": 0.0244140625,
      "25": 0.0048828125,
      "8": 0.044921875,
      "5": 0.029296875,
      "23": 0.0068359375,
      "2": 0.048828125,
      "16": 0.03515625,
      "15": 0.033203125,
      "13": 0.0107421875,
      "26": 0.0048828125,
      "9": 0.0126953125,
      "10": 0.0009765625,
      "20": 0.0078125,
      "11": 0.0107421875,
      "21": 0.001953125,
      "17": 0.0048828125
    }
  }
}