{
  "laps": {
    "01_setup": 7.2e-05,
    "02_cache_search": 0.010852,
    "04_submit": 0.005596,
    "05_run": 0.055904,
    "06_collect": 0.001314,
    "total": 0.073738
  },
  "meta": {
    "backend": "fake_jakarta",
    "n_qubits": 6,
    "depth_in": 132,
    "depth_transpiled": 341,
    "size_transpiled": 833,
    "quasi_dist": {
      "53": 0.0009765625,
      "2": 0.037109375,
      "34": 0.001953125,
      "11": 0.00390625,
      "62": 0.0712890625,
      "30": 0.060546875,
      "56": 0.0478515625,
      "48": 0.0166015625,
      "7": 0.052734375,
      "59": 0.0009765625,
      "37": 0.0009765625,
      "14": 0.0341796875,
      "52": 0.0009765625,
      "3": 0.0439453125,
      "55": 0.001953125,
      "0": 0.1259765625,
      "8": 0.0146484375,
      "38": 0.00390625,
      "15": 0.064453125,
      "58": 0.0078125,
      "10": 0.0009765625,
      "33": 0.0029296875,
      "63": 0.0205078125,
      "31": 0.056640625,
      "36": 0.0009765625,
      "13": 0.0078125,
      "60": 0.0966796875,
      "49": 0.0048828125,
      "6": 0.0341796875,
      "28": 0.0478515625,
      "29": 0.0029296875,
      "35": 0.013671875,
      "12": 0.029296875,
      "24": 0.01953125,
      "50": 0.0029296875,
      "5": 0.0048828125,
      "39": 0.001953125,
      "51": 0.00390625,
      "4": 0.013671875,
      "45": 0.001953125,
      "32": 0.0087890625,
      "1": 0.0107421875,
      "17": 0.0029296875,
      "26": 0.00390625,
      "16": 0.001953125,
      "27": 0.001953125,
      "18": 0.0029296875,
      "57": 0.001953125,
      "22": 0.001953125,
      "9": 0.001953125
    }
  }
}