{
  "laps": {
    "01_setup": 5.8e-05,
    "03_transpile": 0.0443,
    "04_submit": 0.001238,
    "05_run": 0.021816,
    "06_collect": 0.000236,
    "total": 0.067648
  },
  "meta": {
    "backend": "fake_jakarta",
    "n_qubits": 7,
    "depth_in": 39,
    "depth_transpiled": 53,
    "size_transpiled": 64,
    "quasi_dist": {
      "127": 0.5029296875,
      "0": 0.4970703125
    }
  }
}