{
  "laps": {
    "01_setup": 6.2e-05,
    "02_cache_search": 0.072301,
    "04_submit": 0.001035,
    "05_run": 0.029452,
    "06_collect": 9.8e-05,
    "total": 0.102948
  },
  "meta": {
    "backend": "fake_jakarta",
    "n_qubits": 5,
    "depth_in": 13,
    "depth_transpiled": 15,
    "size_transpiled": 19,
    "quasi_dist": {
      "0": 0.478515625,
      "31": 0.521484375
    }
  }
}