{
  "laps": {
    "01_setup": 6.5e-05,
    "03_transpile": 0.029951,
    "04_submit": 0.000936,
    "05_run": 0.024507,
    "06_collect": 7.2e-05,
    "total": 0.055531
  },
  "meta": {
    "backend": "fake_jakarta",
    "n_qubits": 7,
    "depth_in": 8,
    "depth_transpiled": 22,
    "size_transpiled": 33,
    "quasi_dist": {
      "127": 0.5068359375,
      "0": 0.4931640625
    }
  }
}