{
  "01_setup": 0.000406,
  "03_transpile": 0.174543,
  "04_submit": 0.004134,
  "05_run": 0.12705,
  "06_collect": 0.000328,
  "total": 0.306461
}