{
  "laps": {
    "01_setup": 9.9e-05,
    "02_cache_search": 0.092055,
    "03_transpile": 0.253741,
    "07_cache_write": 0.12293,
    "04_submit": 0.009155,
    "05_run": 0.060589,
    "06_collect": 0.001162,
    "total": 0.539731
  },
  "meta": {
    "backend": "fake_jakarta",
    "n_qubits": 3,
    "depth_in": 99,
    "depth_transpiled": 632,
    "size_transpiled": 866,
    "quasi_dist": {
      "0": 1.0
    }
  }
}