{
  "laps": {
    "01_setup": 8.7e-05,
    "02_cache_search": 0.00242,
    "04_submit": 0.000729,
    "05_run": 0.022716,
    "06_collect": 7.4e-05,
    "total": 0.026026
  },
  "meta": {
    "backend": "fake_jakarta",
    "n_qubits": 7,
    "depth_in": 9,
    "depth_transpiled": 22,
    "size_transpiled": 33,
    "quasi_dist": {
      "0": 0.5068359375,
      "127": 0.4931640625
    }
  }
}