{
  "laps": {
    "01_setup": 0.000107,
    "02_cache_search": 0.093074,
    "03_transpile": 1.427975,
    "07_cache_write": 0.034582,
    "04_submit": 0.036036,
    "05_run": 0.22223,
    "06_collect": 0.005422,
    "total": 1.819426
  },
  "meta": {
    "backend": "fake_jakarta",
    "n_qubits": 7,
    "depth_in": 119,
    "depth_transpiled": 1414,
    "size_transpiled": 2848,
    "quasi_dist": {
      "0": 1.0
    }
  }
}