{
  "laps": {
    "01_setup": 0.00017,
    "03_transpile": 0.141766,
    "04_submit": 0.003968,
    "05_run": 0.049552,
    "06_collect": 0.001064,
    "total": 0.19652
  },
  "meta": {
    "backend": "fake_jakarta",
    "n_qubits": 5,
    "depth_in": 131,
    "depth_transpiled": 168,
    "size_transpiled": 606,
    "quasi_dist": {
      "0": 0.0537109375,
      "25": 0.056640625,
      "15": 0.0244140625,
      "6": 0.03125,
      "24": 0.0341796875,
      "16": 0.017578125,
      "21": 0.037109375,
      "13": 0.056640625,
      "31": 0.021484375,
      "12": 0.0595703125,
      "26": 0.0400390625,
      "20": 0.0283203125,
      "5": 0.0205078125,
      "2": 0.03515625,
      "8": 0.0244140625,
      "1": 0.01953125,
      "18": 0.0322265625,
      "27": 0.037109375,
      "7": 0.0224609375,
      "28": 0.025390625,
      "14": 0.03515625,
      "30": 0.0146484375,
      "11": 0.0263671875,
      "29": 0.0361328125,
      "22": 0.029296875,
      "23": 0.0283203125,
      "9": 0.041015625,
      "17": 0.017578125,
      "19": 0.0322265625,
      "4": 0.029296875,
      "3": 0.00390625,
      "10": 0.0283203125
    }
  }
}