{
  "laps": {
    "01_setup": 7.2e-05,
    "03_transpile": 0.024644,
    "04_submit": 0.00084,
    "05_run": 0.025316,
    "06_collect": 0.000161,
    "total": 0.051033
  },
  "meta": {
    "backend": "fake_jakarta",
    "n_qubits": 3,
    "depth_in": 35,
    "depth_transpiled": 37,
    "size_transpiled": 39,
    "quasi_dist": {
      "0": 0.486328125,
      "7": 0.513671875
    }
  }
}