{
  "laps": {
    "01_setup": 0.000147,
    "02_cache_search": 0.004374,
    "04_submit": 0.001119,
    "05_run": 0.03301,
    "06_collect": 0.000307,
    "total": 0.038957
  },
  "meta": {
    "backend": "fake_jakarta",
    "n_qubits": 5,
    "depth_in": 19,
    "depth_transpiled": 28,
    "size_transpiled": 102,
    "quasi_dist": {
      "8": 0.068359375,
      "0": 0.2490234375,
      "7": 0.04296875,
      "30": 0.01953125,
      "18": 0.017578125,
      "27": 0.00390625,
      "14": 0.05078125,
      "15": 0.0283203125,
      "5": 0.0068359375,
      "3": 0.041015625,
      "11": 0.0205078125,
      "31": 0.03515625,
      "6": 0.017578125,
      "19": 0.0244140625,
      "2": 0.0498046875,
      "13": 0.0205078125,
      "12": 0.0390625,
      "4": 0.0361328125,
      "17": 0.0244140625,
      "1": 0.052734375,
      "20": 0.0107421875,
      "16": 0.0234375,
      "25": 0.0234375,
      "28": 0.033203125,
      "22": 0.0283203125,
      "26": 0.0068359375,
      "10": 0.00390625,
      "24": 0.0068359375,
      "29": 0.0029296875,
      "9": 0.0078125,
      "21": 0.0029296875,
      "23": 0.0009765625
    }
  }
}