{
  "laps": {
    "01_setup": 7.3e-05,
    "02_cache_search": 0.090651,
    "04_submit": 0.004108,
    "05_run": 0.034714,
    "06_collect": 0.000589,
    "total": 0.130135
  },
  "meta": {
    "backend": "fake_jakarta",
    "n_qubits": 3,
    "depth_in": 129,
    "depth_transpiled": 166,
    "size_transpiled": 338,
    "quasi_dist": {
      "0": 0.55078125,
      "6": 0.021484375,
      "3": 0.056640625,
      "2": 0.1767578125,
      "4": 0.015625,
      "5": 0.0146484375,
      "1": 0.16015625,
      "7": 0.00390625
    }
  }
}