{
  "01_setup": 0.000462,
  "03_transpile": 0.170855,
  "04_submit": 0.009081,
  "05_run": 0.115553,
  "06_collect": 0.00056,
  "total": 0.296511
}