{
  "01_setup": 0.00033,
  "03_transpile": 0.109777,
  "04_submit": 0.003604,
  "05_run": 0.102627,
  "06_collect": 0.000198,
  "total": 0.216536
}