{
  "laps": {
    "01_setup": 7e-05,
    "03_transpile": 0.027493,
    "04_submit": 0.001143,
    "05_run": 0.027808,
    "06_collect": 0.000182,
    "total": 0.056696
  },
  "meta": {
    "backend": "fake_jakarta",
    "n_qubits": 5,
    "depth_in": 21,
    "depth_transpiled": 23,
    "size_transpiled": 27,
    "quasi_dist": {
      "31": 0.4951171875,
      "0": 0.5048828125
    }
  }
}