{
  "laps": {
    "01_setup": 6.1e-05,
    "02_cache_search": 0.001833,
    "04_submit": 0.000792,
    "05_run": 0.021573,
    "06_collect": 0.000107,
    "total": 0.024366
  },
  "meta": {
    "backend": "fake_jakarta",
    "n_qubits": 5,
    "depth_in": 11,
    "depth_transpiled": 18,
    "size_transpiled": 66,
    "quasi_dist": {
      "8": 0.0791015625,
      "0": 0.439453125,
      "4": 0.08984375,
      "19": 0.0009765625,
      "2": 0.0693359375,
      "12": 0.0126953125,
      "14": 0.0029296875,
      "16": 0.0703125,
      "1": 0.0673828125,
      "18": 0.017578125,
      "21": 0.0029296875,
      "3": 0.0166015625,
      "6": 0.0107421875,
      "10": 0.0234375,
      "9": 0.013671875,
      "5": 0.017578125,
      "24": 0.0126953125,
      "17": 0.0126953125,
      "22": 0.001953125,
      "20": 0.01953125,
      "11": 0.0029296875,
      "28": 0.0048828125,
      "25": 0.0048828125,
      "26": 0.0009765625,
      "15": 0.0009765625,
      "13": 0.0029296875,
      "23": 0.0009765625
    }
  }
}