{
  "laps": {
    "01_setup": 0.000112,
    "03_transpile": 0.03342,
    "04_submit": 0.001241,
    "05_run": 0.023324,
    "06_collect": 6.5e-05,
    "total": 0.058162
  },
  "meta": {
    "backend": "fake_jakarta",
    "n_qubits": 3,
    "depth_in": 7,
    "depth_transpiled": 9,
    "size_transpiled": 11,
    "quasi_dist": {
      "7": 0.5078125,
      "0": 0.4921875
    }
  }
}