{
  "01_setup": 0.000553,
  "03_transpile": 6.459679,
  "04_submit": 0.111268,
  "05_run": 0.831493,
  "06_collect": 0.028775,
  "total": 7.431768
}