{
  "laps": {
    "01_setup": 9.8e-05,
    "02_cache_search": 0.0069,
    "04_submit": 0.001241,
    "05_run": 0.044519,
    "06_collect": 0.000286,
    "total": 0.053044
  },
  "meta": {
    "backend": "fake_jakarta",
    "n_qubits": 5,
    "depth_in": 19,
    "depth_transpiled": 28,
    "size_transpiled": 102,
    "quasi_dist": {
      "3": 0.04296875,
      "16": 0.0263671875,
      "0": 0.27734375,
      "20": 0.0185546875,
      "19": 0.0224609375,
      "28": 0.033203125,
      "11": 0.015625,
      "6": 0.025390625,
      "7": 0.037109375,
      "2": 0.044921875,
      "14": 0.04296875,
      "12": 0.03515625,
      "9": 0.01171875,
      "31": 0.0380859375,
      "1": 0.072265625,
      "8": 0.06640625,
      "13": 0.013671875,
      "30": 0.015625,
      "15": 0.0341796875,
      "24": 0.0107421875,
      "22": 0.01171875,
      "18": 0.01171875,
      "4": 0.0400390625,
      "25": 0.0068359375,
      "5": 0.0068359375,
      "10": 0.0029296875,
      "26": 0.0068359375,
      "17": 0.017578125,
      "23": 0.001953125,
      "27": 0.0048828125,
      "29": 0.0009765625,
      "21": 0.0029296875
    }
  }
}