{
  "01_setup": 0.000403,
  "02_cache_search": 0.111797,
  "03_transpile": 0.506235,
  "07_cache_write": 0.011229,
  "04_submit": 0.097945,
  "05_run": 0.477027,
  "06_collect": 0.012444,
  "total": 1.21708
}