{
  "laps": {
    "01_setup": 0.000143,
    "03_transpile": 0.09309,
    "04_submit": 0.003166,
    "05_run": 0.049755,
    "06_collect": 0.000162,
    "total": 0.146316
  },
  "meta": {
    "backend": "fake_jakarta",
    "n_qubits": 3,
    "depth_in": 33,
    "depth_transpiled": 46,
    "size_transpiled": 98,
    "quasi_dist": {
      "5": 0.0966796875,
      "0": 0.1572265625,
      "7": 0.0830078125,
      "2": 0.130859375,
      "3": 0.16015625,
      "1": 0.1630859375,
      "6": 0.1201171875,
      "4": 0.0888671875
    }
  }
}