{
  "01_setup": 0.000338,
  "03_transpile": 0.104646,
  "04_submit": 0.00299,
  "05_run": 0.112774,
  "06_collect": 0.00022,
  "total": 0.220968
}