{
  "01_setup": 0.000579,
  "03_transpile": 0.492894,
  "04_submit": 0.013375,
  "05_run": 0.234706,
  "06_collect": 0.002101,
  "total": 0.743655
}