{
  "01_setup": 0.000384,
  "03_transpile": 0.684334,
  "04_submit": 0.015838,
  "05_run": 0.19481,
  "06_collect": 0.00322,
  "total": 0.898586
}