{
  "01_setup": 0.000326,
  "02_cache_search": 0.001666,
  "03_transpile": 0.023217,
  "07_cache_write": 0.000655,
  "04_submit": 0.002983,
  "05_run": 0.104902,
  "06_collect": 0.00027,
  "total": 0.134019
}