{
  "laps": {
    "01_setup": 6.6e-05,
    "03_transpile": 0.038984,
    "04_submit": 0.000782,
    "05_run": 0.024696,
    "06_collect": 8e-05,
    "total": 0.064608
  },
  "meta": {
    "backend": "fake_jakarta",
    "n_qubits": 7,
    "depth_in": 9,
    "depth_transpiled": 22,
    "size_transpiled": 33,
    "quasi_dist": {
      "0": 0.458984375,
      "127": 0.541015625
    }
  }
}