{
  "01_setup": 0.000409,
  "03_transpile": 0.257786,
  "04_submit": 0.007473,
  "05_run": 0.13066,
  "06_collect": 0.001336,
  "total": 0.397664
}