{
  "laps": {
    "01_setup": 0.000146,
    "03_transpile": 0.032796,
    "04_submit": 0.000634,
    "05_run": 0.024333,
    "06_collect": 5.3e-05,
    "total": 0.057962
  },
  "meta": {
    "backend": "fake_jakarta",
    "n_qubits": 5,
    "depth_in": 7,
    "depth_transpiled": 9,
    "size_transpiled": 13,
    "quasi_dist": {
      "31": 0.49609375,
      "0": 0.50390625
    }
  }
}