{
  "01_setup": 0.00042,
  "02_cache_search": 0.39181,
  "03_transpile": 0.052956,
  "07_cache_write": 0.021641,
  "04_submit": 0.006482,
  "05_run": 0.137878,
  "06_collect": 0.000971,
  "total": 0.612158
}