{
  "laps": {
    "01_setup": 0.000101,
    "02_cache_search": 0.062606,
    "04_submit": 0.000684,
    "05_run": 0.021259,
    "06_collect": 5.5e-05,
    "total": 0.084705
  },
  "meta": {
    "backend": "fake_jakarta",
    "n_qubits": 5,
    "depth_in": 7,
    "depth_transpiled": 9,
    "size_transpiled": 13,
    "quasi_dist": {
      "31": 0.484375,
      "0": 0.515625
    }
  }
}