{
  "laps": {
    "01_setup": 9.5e-05,
    "02_cache_search": 0.00106,
    "03_transpile": 0.039315,
    "07_cache_write": 0.001302,
    "04_submit": 0.000982,
    "05_run": 0.027596,
    "06_collect": 0.00013,
    "total": 0.07048
  },
  "meta": {
    "backend": "fake_jakarta",
    "n_qubits": 6,
    "depth_in": 12,
    "depth_transpiled": 26,
    "size_transpiled": 83,
    "quasi_dist": {
      "8": 0.064453125,
      "0": 0.3642578125,
      "32": 0.0673828125,
      "60": 0.0009765625,
      "36": 0.009765625,
      "13": 0.00390625,
      "51": 0.001953125,
      "4": 0.0712890625,
      "2": 0.07421875,
      "50": 0.001953125,
      "5": 0.01171875,
      "20": 0.015625,
      "41": 0.0009765625,
      "33": 0.0087890625,
      "10": 0.009765625,
      "35": 0.0029296875,
      "12": 0.0146484375,
      "42": 0.001953125,
      "1": 0.0654296875,
      "16": 0.072265625,
      "9": 0.01171875,
      "47": 0.0009765625,
      "49": 0.00390625,
      "6": 0.0126953125,
      "40": 0.009765625,
      "11": 0.0009765625,
      "34": 0.0107421875,
      "7": 0.001953125,
      "48": 0.0078125,
      "17": 0.0107421875,
      "18": 0.0146484375,
      "44": 0.001953125,
      "52": 0.0048828125,
      "3": 0.0068359375,
      "24": 0.015625,
      "21": 0.0009765625,
      "19": 0.00390625,
      "22": 0.0029296875,
      "28": 0.0029296875,
      "56": 0.0029296875,
      "23": 0.0009765625,
      "26": 0.001953125,
      "39": 0.0009765625,
      "37": 0.0009765625,
      "25": 0.001953125
    }
  }
}