{
  "laps": {
    "01_setup": 7.7e-05,
    "03_transpile": 0.036521,
    "04_submit": 0.001185,
    "05_run": 0.036268,
    "06_collect": 0.000138,
    "total": 0.074189
  },
  "meta": {
    "backend": "fake_jakarta",
    "n_qubits": 5,
    "depth_in": 13,
    "depth_transpiled": 15,
    "size_transpiled": 19,
    "quasi_dist": {
      "0": 0.490234375,
      "31": 0.509765625
    }
  }
}