{
  "laps": {
    "01_setup": 8.1e-05,
    "03_transpile": 0.048628,
    "04_submit": 0.001108,
    "05_run": 0.025296,
    "06_collect": 9e-05,
    "total": 0.075203
  },
  "meta": {
    "backend": "fake_jakarta",
    "n_qubits": 6,
    "depth_in": 10,
    "depth_transpiled": 20,
    "size_transpiled": 30,
    "quasi_dist": {
      "0": 0.48046875,
      "63": 0.51953125
    }
  }
}