{
  "laps": {
    "01_setup": 9.2e-05,
    "03_transpile": 0.037616,
    "04_submit": 0.000985,
    "05_run": 0.029945,
    "06_collect": 0.000164,
    "total": 0.068802
  },
  "meta": {
    "backend": "fake_jakarta",
    "n_qubits": 7,
    "depth_in": 15,
    "depth_transpiled": 29,
    "size_transpiled": 40,
    "quasi_dist": {
      "0": 0.48046875,
      "127": 0.51953125
    }
  }
}