{
  "laps": {
    "01_setup": 6.9e-05,
    "03_transpile": 0.04693,
    "04_submit": 0.001349,
    "05_run": 0.02695,
    "06_collect": 0.000243,
    "total": 0.075541
  },
  "meta": {
    "backend": "fake_jakarta",
    "n_qubits": 6,
    "depth_in": 38,
    "depth_transpiled": 43,
    "size_transpiled": 48,
    "quasi_dist": {
      "0": 0.4765625,
      "63": 0.5234375
    }
  }
}