{
  "laps": {
    "01_setup": 0.000112,
    "02_cache_search": 0.001207,
    "04_submit": 0.000923,
    "05_run": 0.043129,
    "06_collect": 8.9e-05,
    "total": 0.04546
  },
  "meta": {
    "backend": "fake_jakarta",
    "n_qubits": 5,
    "depth_in": 6,
    "depth_transpiled": 8,
    "size_transpiled": 12,
    "quasi_dist": {
      "0": 0.49609375,
      "31": 0.50390625
    }
  }
}