{
  "laps": {
    "01_setup": 8.1e-05,
    "03_transpile": 0.054272,
    "04_submit": 0.001396,
    "05_run": 0.029586,
    "06_collect": 0.000363,
    "total": 0.085698
  },
  "meta": {
    "backend": "fake_jakarta",
    "n_qubits": 3,
    "depth_in": 65,
    "depth_transpiled": 86,
    "size_transpiled": 178,
    "quasi_dist": {
      "0": 0.8037109375,
      "1": 0.0546875,
      "3": 0.0361328125,
      "6": 0.072265625,
      "7": 0.005859375,
      "2": 0.025390625,
      "5": 0.0009765625,
      "4": 0.0009765625
    }
  }
}