{
  "laps": {
    "01_setup": 0.000122,
    "03_transpile": 0.07194,
    "04_submit": 0.001377,
    "05_run": 0.045013,
    "06_collect": 0.000157,
    "total": 0.118609
  },
  "meta": {
    "backend": "fake_jakarta",
    "n_qubits": 5,
    "depth_in": 10,
    "depth_transpiled": 48,
    "size_transpiled": 78,
    "quasi_dist": {
      "25": 0.0341796875,
      "26": 0.0341796875,
      "28": 0.0341796875,
      "2": 0.033203125,
      "9": 0.025390625,
      "14": 0.0361328125,
      "3": 0.03125,
      "21": 0.0302734375,
      "5": 0.03515625,
      "0": 0.03125,
      "27": 0.0302734375,
      "11": 0.0302734375,
      "1": 0.0234375,
      "29": 0.03515625,
      "10": 0.0380859375,
      "18": 0.0234375,
      "13": 0.0341796875,
      "23": 0.025390625,
      "17": 0.0322265625,
      "30": 0.021484375,
      "7": 0.0439453125,
      "31": 0.0302734375,
      "19": 0.0341796875,
      "24": 0.025390625,
      "6": 0.0341796875,
      "4": 0.02734375,
      "16": 0.0361328125,
      "20": 0.033203125,
      "22": 0.03125,
      "15": 0.0322265625,
      "12": 0.0263671875,
      "8": 0.0263671875
    }
  }
}