{
  "laps": {
    "01_setup": 8.6e-05,
    "02_cache_search": 0.008102,
    "04_submit": 0.001323,
    "05_run": 0.033075,
    "06_collect": 0.00012,
    "total": 0.042706
  },
  "meta": {
    "backend": "fake_jakarta",
    "n_qubits": 5,
    "depth_in": 13,
    "depth_transpiled": 15,
    "size_transpiled": 19,
    "quasi_dist": {
      "0": 0.5224609375,
      "31": 0.4775390625
    }
  }
}