{
  "laps": {
    "01_setup": 6.7e-05,
    "03_transpile": 0.039722,
    "04_submit": 0.000822,
    "05_run": 0.027916,
    "06_collect": 0.000144,
    "total": 0.068671
  },
  "meta": {
    "backend": "fake_jakarta",
    "n_qubits": 3,
    "depth_in": 19,
    "depth_transpiled": 21,
    "size_transpiled": 23,
    "quasi_dist": {
      "0": 0.484375,
      "7": 0.515625
    }
  }
}