{
  "01_setup": 0.000531,
  "02_cache_search": 0.205931,
  "03_transpile": 0.294356,
  "07_cache_write": 0.01554,
  "04_submit": 0.035177,
  "05_run": 0.356974,
  "06_collect": 0.006351,
  "total": 0.91486
}