{
  "laps": {
    "01_setup": 6.3e-05,
    "03_transpile": 0.031174,
    "04_submit": 0.000707,
    "05_run": 0.020951,
    "06_collect": 7.2e-05,
    "total": 0.052967
  },
  "meta": {
    "backend": "fake_jakarta",
    "n_qubits": 7,
    "depth_in": 8,
    "depth_transpiled": 22,
    "size_transpiled": 33,
    "quasi_dist": {
      "127": 0.505859375,
      "0": 0.494140625
    }
  }
}