{
  "laps": {
    "01_setup": 0.000123,
    "03_transpile": 1.111488,
    "04_submit": 0.020553,
    "05_run": 0.127141,
    "06_collect": 0.005137,
    "total": 1.264442
  },
  "meta": {
    "backend": "fake_jakarta",
    "n_qubits": 5,
    "depth_in": 165,
    "depth_transpiled": 1715,
    "size_transpiled": 2770,
    "quasi_dist": {
      "0": 1.0
    }
  }
}