{
  "laps": {
    "01_setup": 8.5e-05,
    "03_transpile": 0.033615,
    "04_submit": 0.001024,
    "05_run": 0.023429,
    "06_collect": 0.000115,
    "total": 0.058268
  },
  "meta": {
    "backend": "fake_jakarta",
    "n_qubits": 6,
    "depth_in": 14,
    "depth_transpiled": 19,
    "size_transpiled": 24,
    "quasi_dist": {
      "0": 0.4912109375,
      "63": 0.5087890625
    }
  }
}