{
  "laps": {
    "01_setup": 6.7e-05,
    "02_cache_search": 0.000374,
    "03_transpile": 0.023217,
    "07_cache_write": 0.000655,
    "04_submit": 0.000638,
    "05_run": 0.021995,
    "06_collect": 5.9e-05,
    "total": 0.047005
  },
  "meta": {
    "backend": "fake_jakarta",
    "n_qubits": 3,
    "depth_in": 5,
    "depth_transpiled": 11,
    "size_transpiled": 28,
    "quasi_dist": {
      "2": 0.1279296875,
      "7": 0.103515625,
      "3": 0.1220703125,
      "5": 0.1279296875,
      "4": 0.1318359375,
      "0": 0.1376953125,
      "1": 0.13671875,
      "6": 0.1123046875
    }
  }
}