{
  "01_setup": 0.000473,
  "03_transpile": 1.180751,
  "04_submit": 0.036914,
  "05_run": 0.337148,
  "06_collect": 0.005589,
  "total": 1.560875
}