{
  "laps": {
    "01_setup": 7.1e-05,
    "02_cache_search": 0.093501,
    "04_submit": 0.001019,
    "05_run": 0.026138,
    "06_collect": 0.000171,
    "total": 0.1209
  },
  "meta": {
    "backend": "fake_jakarta",
    "n_qubits": 7,
    "depth_in": 23,
    "depth_transpiled": 36,
    "size_transpiled": 47,
    "quasi_dist": {
      "0": 0.517578125,
      "127": 0.482421875
    }
  }
}