{
  "laps": {
    "01_setup": 6.9e-05,
    "03_transpile": 0.023974,
    "04_submit": 0.000819,
    "05_run": 0.024628,
    "06_collect": 0.000137,
    "total": 0.049627
  },
  "meta": {
    "backend": "fake_jakarta",
    "n_qubits": 3,
    "depth_in": 19,
    "depth_transpiled": 21,
    "size_transpiled": 23,
    "quasi_dist": {
      "7": 0.4794921875,
      "0": 0.5205078125
    }
  }
}