{
  "01_setup": 0.000332,
  "02_cache_search": 0.114692,
  "03_transpile": 0.034116,
  "07_cache_write": 0.012962,
  "04_submit": 0.009289,
  "05_run": 0.112927,
  "06_collect": 0.001217,
  "total": 0.285535
}