{
  "01_setup": 0.000407,
  "03_transpile": 0.12761,
  "04_submit": 0.006711,
  "05_run": 0.12127,
  "06_collect": 0.000326,
  "total": 0.256324
}