{
  "laps": {
    "01_setup": 6.5e-05,
    "02_cache_search": 0.010029,
    "03_transpile": 0.08929,
    "07_cache_write": 0.021544,
    "04_submit": 0.0015,
    "05_run": 0.031143,
    "06_collect": 0.000385,
    "total": 0.153956
  },
  "meta": {
    "backend": "fake_jakarta",
    "n_qubits": 3,
    "depth_in": 65,
    "depth_transpiled": 86,
    "size_transpiled": 178,
    "quasi_dist": {
      "0": 0.7919921875,
      "1": 0.0546875,
      "6": 0.0693359375,
      "5": 0.0048828125,
      "3": 0.0390625,
      "7": 0.0068359375,
      "2": 0.0322265625,
      "4": 0.0009765625
    }
  }
}