{
  "laps": {
    "01_setup": 0.000125,
    "02_cache_search": 0.002866,
    "03_transpile": 0.048413,
    "07_cache_write": 0.003912,
    "04_submit": 0.000933,
    "05_run": 0.044688,
    "06_collect": 0.000102,
    "total": 0.101039
  },
  "meta": {
    "backend": "fake_jakarta",
    "n_qubits": 6,
    "depth_in": 10,
    "depth_transpiled": 15,
    "size_transpiled": 20,
    "quasi_dist": {
      "63": 0.4873046875,
      "0": 0.5126953125
    }
  }
}