{
  "laps": {
    "01_setup": 6.5e-05,
    "03_transpile": 0.042286,
    "04_submit": 0.001272,
    "05_run": 0.023588,
    "06_collect": 0.000264,
    "total": 0.067475
  },
  "meta": {
    "backend": "fake_jakarta",
    "n_qubits": 7,
    "depth_in": 39,
    "depth_transpiled": 52,
    "size_transpiled": 63,
    "quasi_dist": {
      "0": 0.4775390625,
      "127": 0.5224609375
    }
  }
}