{
  "01_setup": 0.000447,
  "03_transpile": 0.217396,
  "04_submit": 0.006122,
  "05_run": 0.204884,
  "06_collect": 0.000856,
  "total": 0.429705
}