{
  "01_setup": 0.000454,
  "03_transpile": 0.396349,
  "04_submit": 0.008967,
  "05_run": 0.159657,
  "06_collect": 0.002177,
  "total": 0.567604
}