{
  "laps": {
    "01_setup": 6.4e-05,
    "02_cache_search": 0.00693,
    "04_submit": 0.000685,
    "05_run": 0.025425,
    "06_collect": 0.000163,
    "total": 0.033267
  },
  "meta": {
    "backend": "fake_jakarta",
    "n_qubits": 7,
    "depth_in": 15,
    "depth_transpiled": 29,
    "size_transpiled": 40,
    "quasi_dist": {
      "0": 0.4814453125,
      "127": 0.5185546875
    }
  }
}