{
  "laps": {
    "01_setup": 0.000121,
    "02_cache_search": 0.256459,
    "03_transpile": 1.290412,
    "07_cache_write": 0.130616,
    "04_submit": 0.018153,
    "05_run": 0.122872,
    "06_collect": 0.003377,
    "total": 1.82201
  },
  "meta": {
    "backend": "fake_jakarta",
    "n_qubits": 5,
    "depth_in": 165,
    "depth_transpiled": 1701,
    "size_transpiled": 2856,
    "quasi_dist": {
      "0": 1.0
    }
  }
}