{
  "laps": {
    "01_setup": 0.000122,
    "03_transpile": 0.054641,
    "04_submit": 0.002021,
    "05_run": 0.0275,
    "06_collect": 0.000277,
    "total": 0.084561
  },
  "meta": {
    "backend": "fake_jakarta",
    "n_qubits": 5,
    "depth_in": 35,
    "depth_transpiled": 48,
    "size_transpiled": 174,
    "quasi_dist": {
      "12": 0.0888671875,
      "28": 0.0654296875,
      "2": 0.041015625,
      "7": 0.029296875,
      "0": 0.1181640625,
      "6": 0.0810546875,
      "15": 0.0322265625,
      "14": 0.0947265625,
      "8": 0.048828125,
      "24": 0.0771484375,
      "30": 0.03515625,
      "1": 0.0263671875,
      "21": 0.00390625,
      "16": 0.03125,
      "4": 0.0458984375,
      "3": 0.01953125,
      "5": 0.0244140625,
      "11": 0.017578125,
      "27": 0.0146484375,
      "9": 0.009765625,
      "29": 0.0205078125,
      "18": 0.013671875,
      "26": 0.0029296875,
      "22": 0.0068359375,
      "13": 0.0068359375,
      "25": 0.0048828125,
      "17": 0.01171875,
      "19": 0.0009765625,
      "31": 0.0107421875,
      "23": 0.0078125,
      "10": 0.005859375,
      "20": 0.001953125
    }
  }
}