{
  "laps": {
    "01_setup": 7.2e-05,
    "02_cache_search": 0.001802,
    "04_submit": 0.000712,
    "05_run": 0.024195,
    "06_collect": 6.6e-05,
    "total": 0.026847
  },
  "meta": {
    "backend": "fake_jakarta",
    "n_qubits": 3,
    "depth_in": 9,
    "depth_transpiled": 16,
    "size_transpiled": 38,
    "quasi_dist": {
      "0": 0.619140625,
      "2": 0.109375,
      "1": 0.119140625,
      "4": 0.0869140625,
      "5": 0.021484375,
      "3": 0.017578125,
      "6": 0.021484375,
      "7": 0.0048828125
    }
  }
}