{
  "laps": {
    "01_setup": 8.6e-05,
    "02_cache_search": 0.003342,
    "03_transpile": 0.293502,
    "07_cache_write": 0.005684,
    "04_submit": 0.009869,
    "05_run": 0.050002,
    "06_collect": 0.001124,
    "total": 0.363609
  },
  "meta": {
    "backend": "fake_jakarta",
    "n_qubits": 6,
    "depth_in": 54,
    "depth_transpiled": 512,
    "size_transpiled": 971,
    "quasi_dist": {
      "0": 1.0
    }
  }
}