{
  "laps": {
    "01_setup": 7e-05,
    "03_transpile": 0.030133,
    "04_submit": 0.000735,
    "05_run": 0.019382,
    "06_collect": 5.2e-05,
    "total": 0.050372
  },
  "meta": {
    "backend": "fake_jakarta",
    "n_qubits": 3,
    "depth_in": 6,
    "depth_transpiled": 23,
    "size_transpiled": 26,
    "quasi_dist": {
      "3": 0.13671875,
      "2": 0.1103515625,
      "4": 0.1328125,
      "6": 0.1328125,
      "0": 0.119140625,
      "7": 0.1083984375,
      "5": 0.1240234375,
      "1": 0.1357421875
    }
  }
}