{
  "laps": {
    "01_setup": 8.5e-05,
    "02_cache_search": 0.000436,
    "04_submit": 0.001063,
    "05_run": 0.019396,
    "06_collect": 5.1e-05,
    "total": 0.021031
  },
  "meta": {
    "backend": "fake_jakarta",
    "n_qubits": 3,
    "depth_in": 6,
    "depth_transpiled": 23,
    "size_transpiled": 26,
    "quasi_dist": {
      "3": 0.1201171875,
      "2": 0.1337890625,
      "5": 0.1318359375,
      "1": 0.1357421875,
      "0": 0.1171875,
      "6": 0.11328125,
      "4": 0.1171875,
      "7": 0.130859375
    }
  }
}