{
  "laps": {
    "01_setup": 9.8e-05,
    "02_cache_search": 0.062901,
    "04_submit": 0.000993,
    "05_run": 0.024786,
    "06_collect": 9.1e-05,
    "total": 0.088869
  },
  "meta": {
    "backend": "fake_jakarta",
    "n_qubits": 3,
    "depth_in": 7,
    "depth_transpiled": 9,
    "size_transpiled": 11,
    "quasi_dist": {
      "0": 0.4658203125,
      "7": 0.5341796875
    }
  }
}