{
  "laps": {
    "01_setup": 6.8e-05,
    "03_transpile": 0.034952,
    "04_submit": 0.000872,
    "05_run": 0.022396,
    "06_collect": 7.6e-05,
    "total": 0.058364
  },
  "meta": {
    "backend": "fake_jakarta",
    "n_qubits": 7,
    "depth_in": 9,
    "depth_transpiled": 22,
    "size_transpiled": 33,
    "quasi_dist": {
      "127": 0.51953125,
      "0": 0.48046875
    }
  }
}