{
  "01_setup": 0.000379,
  "02_cache_search": 0.006717,
  "03_transpile": 0.024412,
  "07_cache_write": 0.001265,
  "04_submit": 0.003825,
  "05_run": 0.169964,
  "06_collect": 0.000429,
  "total": 0.206991
}