{
  "laps": {
    "01_setup": 9.3e-05,
    "03_transpile": 0.041555,
    "04_submit": 0.000959,
    "05_run": 0.025684,
    "06_collect": 0.000119,
    "total": 0.06841
  },
  "meta": {
    "backend": "fake_jakarta",
    "n_qubits": 7,
    "depth_in": 15,
    "depth_transpiled": 28,
    "size_transpiled": 39,
    "quasi_dist": {
      "0": 0.509765625,
      "127": 0.490234375
    }
  }
}