{
  "01_setup": 0.000436,
  "02_cache_search": 0.595485,
  "03_transpile": 0.038311,
  "07_cache_write": 0.051121,
  "04_submit": 0.006969,
  "05_run": 0.150668,
  "06_collect": 0.001653,
  "total": 0.844643
}