{
  "01_setup": 0.000371,
  "03_transpile": 0.439278,
  "04_submit": 0.010782,
  "05_run": 0.16288,
  "06_collect": 0.002716,
  "total": 0.616027
}