{
  "01_setup": 0.00039,
  "02_cache_search": 0.177192,
  "03_transpile": 0.076032,
  "07_cache_write": 0.087597,
  "04_submit": 0.011714,
  "05_run": 0.168549,
  "06_collect": 0.002748,
  "total": 0.524222
}