{
  "laps": {
    "01_setup": 6.1e-05,
    "03_transpile": 0.028656,
    "04_submit": 0.001201,
    "05_run": 0.020896,
    "06_collect": 5.6e-05,
    "total": 0.05087
  },
  "meta": {
    "backend": "fake_jakarta",
    "n_qubits": 3,
    "depth_in": 6,
    "depth_transpiled": 23,
    "size_transpiled": 26,
    "quasi_dist": {
      "7": 0.1435546875,
      "6": 0.1220703125,
      "4": 0.111328125,
      "5": 0.1220703125,
      "3": 0.1171875,
      "2": 0.1279296875,
      "1": 0.1298828125,
      "0": 0.1259765625
    }
  }
}