{
  "laps": {
    "01_setup": 6.5e-05,
    "03_transpile": 0.112077,
    "04_submit": 0.002774,
    "05_run": 0.034355,
    "06_collect": 0.000588,
    "total": 0.149859
  },
  "meta": {
    "backend": "fake_jakarta",
    "n_qubits": 6,
    "depth_in": 68,
    "depth_transpiled": 173,
    "size_transpiled": 433,
    "quasi_dist": {
      "52": 0.001953125,
      "3": 0.013671875,
      "44": 0.0068359375,
      "63": 0.033203125,
      "24": 0.0341796875,
      "14": 0.052734375,
      "31": 0.0224609375,
      "56": 0.0380859375,
      "55": 0.0009765625,
      "0": 0.2607421875,
      "58": 0.0048828125,
      "15": 0.05078125,
      "61": 0.005859375,
      "12": 0.0234375,
      "29": 0.0068359375,
      "49": 0.0009765625,
      "47": 0.0126953125,
      "6": 0.03125,
      "48": 0.0341796875,
      "7": 0.044921875,
      "16": 0.056640625,
      "11": 0.0009765625,
      "34": 0.00390625,
      "62": 0.0341796875,
      "30": 0.04296875,
      "1": 0.00390625,
      "36": 0.00390625,
      "60": 0.037109375,
      "13": 0.01171875,
      "22": 0.001953125,
      "32": 0.03125,
      "5": 0.0048828125,
      "50": 0.0048828125,
      "46": 0.009765625,
      "40": 0.005859375,
      "45": 0.001953125,
      "4": 0.01171875,
      "23": 0.005859375,
      "39": 0.0048828125,
      "2": 0.001953125,
      "26": 0.0009765625,
      "28": 0.01171875,
      "8": 0.015625,
      "17": 0.0009765625,
      "20": 0.0009765625,
      "9": 0.00390625,
      "19": 0.001953125,
      "41": 0.0009765625,
      "25": 0.001953125
    }
  }
}