{
  "laps": {
    "01_setup": 8.8e-05,
    "03_transpile": 0.145285,
    "04_submit": 0.003794,
    "05_run": 0.044518,
    "06_collect": 0.000948,
    "total": 0.194633
  },
  "meta": {
    "backend": "fake_jakarta",
    "n_qubits": 5,
    "depth_in": 131,
    "depth_transpiled": 168,
    "size_transpiled": 606,
    "quasi_dist": {
      "23": 0.0244140625,
      "6": 0.0322265625,
      "24": 0.037109375,
      "9": 0.037109375,
      "1": 0.025390625,
      "31": 0.0166015625,
      "27": 0.0361328125,
      "12": 0.0634765625,
      "13": 0.068359375,
      "10": 0.02734375,
      "21": 0.029296875,
      "19": 0.029296875,
      "5": 0.0263671875,
      "14": 0.0322265625,
      "29": 0.0390625,
      "20": 0.0263671875,
      "0": 0.033203125,
      "25": 0.0693359375,
      "4": 0.029296875,
      "7": 0.021484375,
      "28": 0.029296875,
      "17": 0.01953125,
      "15": 0.03125,
      "11": 0.029296875,
      "2": 0.033203125,
      "22": 0.03125,
      "30": 0.015625,
      "16": 0.0126953125,
      "8": 0.0205078125,
      "18": 0.033203125,
      "26": 0.0361328125,
      "3": 0.00390625
    }
  }
}