{
  "laps": {
    "01_setup": 9.8e-05,
    "03_transpile": 0.067762,
    "04_submit": 0.002386,
    "05_run": 0.032537,
    "06_collect": 0.000521,
    "total": 0.103304
  },
  "meta": {
    "backend": "fake_jakarta",
    "n_qubits": 3,
    "depth_in": 65,
    "depth_transpiled": 86,
    "size_transpiled": 178,
    "quasi_dist": {
      "0": 0.7724609375,
      "6": 0.083984375,
      "1": 0.052734375,
      "3": 0.046875,
      "2": 0.029296875,
      "7": 0.0068359375,
      "4": 0.005859375,
      "5": 0.001953125
    }
  }
}