{
  "laps": {
    "01_setup": 6.1e-05,
    "03_transpile": 0.026241,
    "04_submit": 0.000872,
    "05_run": 0.021642,
    "06_collect": 0.000231,
    "total": 0.049047
  },
  "meta": {
    "backend": "fake_jakarta",
    "n_qubits": 3,
    "depth_in": 35,
    "depth_transpiled": 37,
    "size_transpiled": 39,
    "quasi_dist": {
      "7": 0.4775390625,
      "0": 0.5224609375
    }
  }
}