{
  "laps": {
    "01_setup": 6.1e-05,
    "02_cache_search": 0.0013,
    "04_submit": 0.000612,
    "05_run": 0.021447,
    "06_collect": 7.3e-05,
    "total": 0.023493
  },
  "meta": {
    "backend": "fake_jakarta",
    "n_qubits": 3,
    "depth_in": 9,
    "depth_transpiled": 16,
    "size_transpiled": 38,
    "quasi_dist": {
      "0": 0.60546875,
      "1": 0.1025390625,
      "4": 0.1201171875,
      "3": 0.017578125,
      "2": 0.1162109375,
      "5": 0.015625,
      "6": 0.017578125,
      "7": 0.0048828125
    }
  }
}