{
  "01_setup": 0.000353,
  "03_transpile": 0.17981,
  "04_submit": 0.004252,
  "05_run": 0.117627,
  "06_collect": 0.000405,
  "total": 0.302447
}