{
  "laps": {
    "01_setup": 7.5e-05,
    "02_cache_search": 0.000363,
    "03_transpile": 0.020841,
    "07_cache_write": 0.000514,
    "04_submit": 0.000622,
    "05_run": 0.020276,
    "06_collect": 3.7e-05,
    "total": 0.042728
  },
  "meta": {
    "backend": "fake_jakarta",
    "n_qubits": 3,
    "depth_in": 4,
    "depth_transpiled": 6,
    "size_transpiled": 8,
    "quasi_dist": {
      "7": 0.5029296875,
      "0": 0.4970703125
    }
  }
}