{
  "laps": {
    "01_setup": 6.5e-05,
    "03_transpile": 0.024767,
    "04_submit": 0.003905,
    "05_run": 0.019263,
    "06_collect": 0.000102,
    "total": 0.048102
  },
  "meta": {
    "backend": "fake_jakarta",
    "n_qubits": 3,
    "depth_in": 19,
    "depth_transpiled": 21,
    "size_transpiled": 23,
    "quasi_dist": {
      "0": 0.494140625,
      "7": 0.505859375
    }
  }
}