{
  "laps": {
    "01_setup": 5.8e-05,
    "02_cache_search": 0.001309,
    "04_submit": 0.000568,
    "05_run": 0.025012,
    "06_collect": 7e-05,
    "total": 0.027017
  },
  "meta": {
    "backend": "fake_jakarta",
    "n_qubits": 7,
    "depth_in": 8,
    "depth_transpiled": 22,
    "size_transpiled": 33,
    "quasi_dist": {
      "127": 0.5009765625,
      "0": 0.4990234375
    }
  }
}