{
  "01_setup": 0.00039,
  "03_transpile": 0.209233,
  "04_submit": 0.004706,
  "05_run": 0.137859,
  "06_collect": 0.000644,
  "total": 0.352832
}