{
  "01_setup": 0.00064,
  "03_transpile": 0.283807,
  "04_submit": 0.010728,
  "05_run": 0.280044,
  "06_collect": 0.001934,
  "total": 0.577153
}