{
  "01_setup": 0.000327,
  "03_transpile": 0.152605,
  "04_submit": 0.003829,
  "05_run": 0.111428,
  "06_collect": 0.000359,
  "total": 0.268548
}