{
  "01_setup": 0.000469,
  "02_cache_search": 0.102781,
  "03_transpile": 0.067569,
  "07_cache_write": 0.012096,
  "04_submit": 0.009388,
  "05_run": 0.198443,
  "06_collect": 0.001853,
  "total": 0.392599
}