{
  "laps": {
    "01_setup": 8e-05,
    "03_transpile": 0.044152,
    "04_submit": 0.001485,
    "05_run": 0.025729,
    "06_collect": 0.000385,
    "total": 0.071831
  },
  "meta": {
    "backend": "fake_jakarta",
    "n_qubits": 7,
    "depth_in": 23,
    "depth_transpiled": 36,
    "size_transpiled": 47,
    "quasi_dist": {
      "0": 0.4912109375,
      "127": 0.5087890625
    }
  }
}