{
  "laps": {
    "01_setup": 9e-05,
    "02_cache_search": 0.009658,
    "04_submit": 0.002123,
    "05_run": 0.035354,
    "06_collect": 0.000292,
    "total": 0.047517
  },
  "meta": {
    "backend": "fake_jakarta",
    "n_qubits": 5,
    "depth_in": 35,
    "depth_transpiled": 48,
    "size_transpiled": 174,
    "quasi_dist": {
      "28": 0.0751953125,
      "2": 0.048828125,
      "4": 0.0517578125,
      "30": 0.0439453125,
      "13": 0.0146484375,
      "31": 0.0107421875,
      "14": 0.083984375,
      "6": 0.0869140625,
      "21": 0.0068359375,
      "0": 0.111328125,
      "20": 0.005859375,
      "7": 0.03515625,
      "5": 0.0166015625,
      "11": 0.0126953125,
      "16": 0.0361328125,
      "24": 0.0615234375,
      "8": 0.0595703125,
      "15": 0.0283203125,
      "12": 0.0888671875,
      "1": 0.017578125,
      "3": 0.0166015625,
      "29": 0.017578125,
      "9": 0.009765625,
      "23": 0.0068359375,
      "27": 0.0107421875,
      "22": 0.009765625,
      "25": 0.00390625,
      "18": 0.009765625,
      "26": 0.009765625,
      "10": 0.001953125,
      "17": 0.0068359375
    }
  }
}