{
  "laps": {
    "01_setup": 6e-05,
    "03_transpile": 0.048684,
    "04_submit": 0.002011,
    "05_run": 0.051007,
    "06_collect": 0.000452,
    "total": 0.102214
  },
  "meta": {
    "backend": "fake_jakarta",
    "n_qubits": 5,
    "depth_in": 35,
    "depth_transpiled": 48,
    "size_transpiled": 174,
    "quasi_dist": {
      "12": 0.080078125,
      "24": 0.0703125,
      "0": 0.1259765625,
      "8": 0.0458984375,
      "28": 0.0810546875,
      "14": 0.0859375,
      "7": 0.037109375,
      "6": 0.078125,
      "1": 0.0224609375,
      "31": 0.009765625,
      "13": 0.0107421875,
      "30": 0.0537109375,
      "25": 0.0107421875,
      "4": 0.0419921875,
      "2": 0.03515625,
      "9": 0.009765625,
      "17": 0.0146484375,
      "26": 0.005859375,
      "15": 0.0283203125,
      "27": 0.009765625,
      "16": 0.0390625,
      "3": 0.0205078125,
      "5": 0.0234375,
      "21": 0.0078125,
      "11": 0.0126953125,
      "29": 0.0185546875,
      "18": 0.005859375,
      "22": 0.0029296875,
      "23": 0.001953125,
      "10": 0.0078125,
      "20": 0.001953125
    }
  }
}