{
  "01_setup": 0.000612,
  "02_cache_search": 0.595047,
  "03_transpile": 1.427975,
  "07_cache_write": 0.034582,
  "04_submit": 0.147594,
  "05_run": 1.003389,
  "06_collect": 0.023575,
  "total": 3.232774
}