{
  "01_setup": 0.000526,
  "02_cache_search": 0.644891,
  "03_transpile": 1.946212,
  "07_cache_write": 0.140188,
  "04_submit": 0.179447,
  "05_run": 1.425577,
  "06_collect": 0.030445,
  "total": 4.367286
}