{
  "laps": {
    "01_setup": 6.8e-05,
    "02_cache_search": 0.003133,
    "04_submit": 0.0011,
    "05_run": 0.028166,
    "06_collect": 0.000117,
    "total": 0.032584
  },
  "meta": {
    "backend": "fake_jakarta",
    "n_qubits": 6,
    "depth_in": 14,
    "depth_transpiled": 19,
    "size_transpiled": 24,
    "quasi_dist": {
      "63": 0.486328125,
      "0": 0.513671875
    }
  }
}