{
  "laps": {
    "01_setup": 0.000118,
    "03_transpile": 0.243545,
    "04_submit": 0.006334,
    "05_run": 0.057025,
    "06_collect": 0.002145,
    "total": 0.309167
  },
  "meta": {
    "backend": "fake_jakarta",
    "n_qubits": 6,
    "depth_in": 132,
    "depth_transpiled": 341,
    "size_transpiled": 833,
    "quasi_dist": {
      "2": 0.0361328125,
      "56": 0.0390625,
      "31": 0.052734375,
      "48": 0.0185546875,
      "7": 0.0537109375,
      "45": 0.001953125,
      "51": 0.009765625,
      "4": 0.0283203125,
      "36": 0.0009765625,
      "13": 0.0087890625,
      "60": 0.1044921875,
      "52": 0.0009765625,
      "3": 0.05078125,
      "10": 0.0029296875,
      "33": 0.0068359375,
      "63": 0.0166015625,
      "59": 0.001953125,
      "14": 0.02734375,
      "37": 0.0009765625,
      "49": 0.00390625,
      "6": 0.0400390625,
      "30": 0.0576171875,
      "28": 0.0439453125,
      "0": 0.146484375,
      "34": 0.0029296875,
      "11": 0.0029296875,
      "62": 0.0576171875,
      "39": 0.0048828125,
      "58": 0.0029296875,
      "38": 0.0009765625,
      "15": 0.046875,
      "22": 0.00390625,
      "9": 0.0048828125,
      "50": 0.001953125,
      "5": 0.0078125,
      "54": 0.0048828125,
      "1": 0.0126953125,
      "57": 0.005859375,
      "23": 0.0009765625,
      "35": 0.009765625,
      "12": 0.0234375,
      "8": 0.01171875,
      "32": 0.00390625,
      "24": 0.0244140625,
      "18": 0.0029296875,
      "26": 0.0029296875,
      "16": 0.001953125,
      "27": 0.001953125
    }
  }
}