{
  "laps": {
    "01_setup": 9.8e-05,
    "02_cache_search": 0.021228,
    "03_transpile": 0.028991,
    "07_cache_write": 0.112242,
    "04_submit": 0.003253,
    "05_run": 0.022665,
    "06_collect": 0.000248,
    "total": 0.188725
  },
  "meta": {
    "backend": "fake_jakarta",
    "n_qubits": 3,
    "depth_in": 35,
    "depth_transpiled": 37,
    "size_transpiled": 39,
    "quasi_dist": {
      "0": 0.4775390625,
      "7": 0.5224609375
    }
  }
}