{
  "laps": {
    "01_setup": 7.3e-05,
    "02_cache_search": 0.09376,
    "04_submit": 0.003758,
    "05_run": 0.041927,
    "06_collect": 0.00096,
    "total": 0.140478
  },
  "meta": {
    "backend": "fake_jakarta",
    "n_qubits": 5,
    "depth_in": 131,
    "depth_transpiled": 168,
    "size_transpiled": 606,
    "quasi_dist": {
      "24": 0.0478515625,
      "16": 0.0205078125,
      "7": 0.015625,
      "22": 0.0361328125,
      "11": 0.02734375,
      "19": 0.0263671875,
      "26": 0.03515625,
      "0": 0.0439453125,
      "5": 0.02734375,
      "21": 0.029296875,
      "18": 0.0244140625,
      "12": 0.056640625,
      "14": 0.0244140625,
      "6": 0.0322265625,
      "17": 0.025390625,
      "27": 0.0283203125,
      "2": 0.044921875,
      "29": 0.041015625,
      "4": 0.0263671875,
      "15": 0.0263671875,
      "25": 0.0595703125,
      "13": 0.064453125,
      "3": 0.0107421875,
      "9": 0.037109375,
      "30": 0.015625,
      "23": 0.025390625,
      "20": 0.02734375,
      "10": 0.015625,
      "31": 0.02734375,
      "8": 0.0205078125,
      "28": 0.033203125,
      "1": 0.0234375
    }
  }
}