{
  "laps": {
    "01_setup": 0.000143,
    "03_transpile": 0.119202,
    "04_submit": 0.001927,
    "05_run": 0.033234,
    "06_collect": 0.000389,
    "total": 0.154895
  },
  "meta": {
    "backend": "fake_jakarta",
    "n_qubits": 6,
    "depth_in": 36,
    "depth_transpiled": 89,
    "size_transpiled": 233,
    "quasi_dist": {
      "58": 0.013671875,
      "15": 0.078125,
      "38": 0.0048828125,
      "49": 0.0009765625,
      "47": 0.0078125,
      "6": 0.0224609375,
      "55": 0.0166015625,
      "0": 0.14453125,
      "56": 0.078125,
      "39": 0.013671875,
      "30": 0.0302734375,
      "10": 0.0146484375,
      "33": 0.0107421875,
      "63": 0.0048828125,
      "16": 0.0185546875,
      "32": 0.0126953125,
      "7": 0.0185546875,
      "48": 0.0283203125,
      "44": 0.0009765625,
      "52": 0.00390625,
      "3": 0.0322265625,
      "28": 0.052734375,
      "59": 0.001953125,
      "37": 0.00390625,
      "14": 0.037109375,
      "20": 0.0126953125,
      "35": 0.00390625,
      "61": 0.0126953125,
      "12": 0.0263671875,
      "19": 0.0146484375,
      "54": 0.001953125,
      "1": 0.0302734375,
      "43": 0.0029296875,
      "2": 0.0185546875,
      "9": 0.0048828125,
      "36": 0.0078125,
      "13": 0.0029296875,
      "60": 0.0419921875,
      "24": 0.0302734375,
      "51": 0.0009765625,
      "4": 0.01953125,
      "31": 0.0263671875,
      "57": 0.009765625,
      "11": 0.0078125,
      "62": 0.0166015625,
      "40": 0.0078125,
      "8": 0.0126953125,
      "5": 0.0068359375,
      "46": 0.0009765625,
      "25": 0.005859375,
      "29": 0.009765625,
      "26": 0.009765625,
      "17": 0.0009765625
    }
  }
}