{
  "01_setup": 0.000389,
  "03_transpile": 1.533433,
  "04_submit": 0.035673,
  "05_run": 0.30269,
  "06_collect": 0.006213,
  "total": 1.878398
}