{
  "laps": {
    "01_setup": 8.5e-05,
    "02_cache_search": 0.005991,
    "04_submit": 0.003098,
    "05_run": 0.050624,
    "06_collect": 0.000732,
    "total": 0.06053
  },
  "meta": {
    "backend": "fake_jakarta",
    "n_qubits": 6,
    "depth_in": 68,
    "depth_transpiled": 173,
    "size_transpiled": 433,
    "quasi_dist": {
      "24": 0.03515625,
      "55": 0.0009765625,
      "0": 0.2509765625,
      "32": 0.03125,
      "30": 0.0478515625,
      "7": 0.048828125,
      "48": 0.0283203125,
      "56": 0.0380859375,
      "31": 0.0224609375,
      "38": 0.001953125,
      "58": 0.0078125,
      "15": 0.0498046875,
      "59": 0.0009765625,
      "37": 0.001953125,
      "14": 0.056640625,
      "60": 0.0341796875,
      "13": 0.01171875,
      "22": 0.0029296875,
      "35": 0.0009765625,
      "61": 0.01171875,
      "12": 0.01953125,
      "28": 0.021484375,
      "47": 0.013671875,
      "6": 0.0244140625,
      "10": 0.0009765625,
      "63": 0.0341796875,
      "16": 0.0478515625,
      "52": 0.0009765625,
      "44": 0.005859375,
      "3": 0.01171875,
      "40": 0.0048828125,
      "8": 0.0224609375,
      "39": 0.0078125,
      "34": 0.0048828125,
      "62": 0.0380859375,
      "25": 0.00390625,
      "19": 0.0029296875,
      "1": 0.009765625,
      "5": 0.0029296875,
      "46": 0.0048828125,
      "50": 0.001953125,
      "57": 0.0029296875,
      "43": 0.0009765625,
      "2": 0.0029296875,
      "4": 0.005859375,
      "45": 0.0009765625,
      "9": 0.0009765625,
      "29": 0.0068359375,
      "20": 0.001953125,
      "23": 0.001953125,
      "17": 0.00390625,
      "26": 0.0009765625
    }
  }
}