{
  "laps": {
    "01_setup": 7.7e-05,
    "03_transpile": 0.147838,
    "04_submit": 0.004484,
    "05_run": 0.062559,
    "06_collect": 0.001892,
    "total": 0.21685
  },
  "meta": {
    "backend": "fake_jakarta",
    "n_qubits": 5,
    "depth_in": 131,
    "depth_transpiled": 168,
    "size_transpiled": 606,
    "quasi_dist": {
      "0": 0.029296875,
      "13": 0.083984375,
      "4": 0.029296875,
      "31": 0.03125,
      "22": 0.0263671875,
      "20": 0.029296875,
      "19": 0.029296875,
      "9": 0.0302734375,
      "5": 0.0205078125,
      "28": 0.03515625,
      "6": 0.0361328125,
      "27": 0.0390625,
      "7": 0.01953125,
      "21": 0.0419921875,
      "25": 0.048828125,
      "2": 0.02734375,
      "14": 0.037109375,
      "26": 0.0478515625,
      "12": 0.0654296875,
      "24": 0.04296875,
      "8": 0.02734375,
      "16": 0.021484375,
      "18": 0.03125,
      "17": 0.0166015625,
      "10": 0.029296875,
      "11": 0.025390625,
      "15": 0.015625,
      "29": 0.03125,
      "23": 0.013671875,
      "3": 0.01171875,
      "1": 0.0146484375,
      "30": 0.0107421875
    }
  }
}