{
  "laps": {
    "01_setup": 6e-05,
    "02_cache_search": 0.004593,
    "04_submit": 0.000661,
    "05_run": 0.022665,
    "06_collect": 0.000119,
    "total": 0.028098
  },
  "meta": {
    "backend": "fake_jakarta",
    "n_qubits": 7,
    "depth_in": 11,
    "depth_transpiled": 24,
    "size_transpiled": 35,
    "quasi_dist": {
      "127": 0.4951171875,
      "0": 0.5048828125
    }
  }
}