{
  "laps": {
    "01_setup": 6.6e-05,
    "02_cache_search": 0.001001,
    "04_submit": 0.000592,
    "05_run": 0.026157,
    "06_collect": 6.8e-05,
    "total": 0.027884
  },
  "meta": {
    "backend": "fake_jakarta",
    "n_qubits": 7,
    "depth_in": 8,
    "depth_transpiled": 22,
    "size_transpiled": 33,
    "quasi_dist": {
      "0": 0.4716796875,
      "127": 0.5283203125
    }
  }
}