{
  "01_setup": 0.000452,
  "03_transpile": 9.545107,
  "04_submit": 0.324596,
  "05_run": 1.157859,
  "06_collect": 0.032282,
  "total": 11.060296
}