{
  "01_setup": 0.000524,
  "03_transpile": 0.782627,
  "04_submit": 0.019731,
  "05_run": 0.245082,
  "06_collect": 0.00628,
  "total": 1.054244
}