{
  "laps": {
    "01_setup": 7.2e-05,
    "03_transpile": 0.029592,
    "04_submit": 0.000715,
    "05_run": 0.026398,
    "06_collect": 9.6e-05,
    "total": 0.056873
  },
  "meta": {
    "backend": "fake_jakarta",
    "n_qubits": 3,
    "depth_in": 11,
    "depth_transpiled": 13,
    "size_transpiled": 15,
    "quasi_dist": {
      "7": 0.48828125,
      "0": 0.51171875
    }
  }
}