{
  "laps": {
    "01_setup": 6.3e-05,
    "03_transpile": 0.031182,
    "04_submit": 0.000792,
    "05_run": 0.02021,
    "06_collect": 5.7e-05,
    "total": 0.052304
  },
  "meta": {
    "backend": "fake_jakarta",
    "n_qubits": 6,
    "depth_in": 7,
    "depth_transpiled": 17,
    "size_transpiled": 27,
    "quasi_dist": {
      "0": 0.4892578125,
      "63": 0.5107421875
    }
  }
}