{
  "01_bootstrap": 1.066607,
  "02a_tls_auth": 1.855807,
  "02b_backend_query": 0.868983,
  "03_transpile": 1.276007,
  "04_upload_to_cloud": 0.505972,
  "05_to_09_queue": 3230.912435,
  "server_run": 7.715663,
  "downlink_return": 1584.595369
}