{
  "02a_tls_auth": 1.701545,
  "02b_backend_query": 0.375687,
  "03_transpile": 1.491014,
  "04_upload_to_cloud": 0.344216,
  "05_to_09_queue": 9.87994,
  "server_run": 2.878714,
  "downlink_return": -0.016691
}