size,method,e2e_latency,final_cache_size
150,FullComp,10.024054500740021,0
150,Braket,5.39098600205034,37
150,CCache,4.2683533013332635,66
150,TransCache,4.126186699606478,61
