{
  "01_setup": 0.000769,
  "03_transpile": 0.360657,
  "total": 0.361426
}