{
  "01_setup": 0.000386,
  "02_cache_search": 0.006533,
  "03_transpile": 0.074904,
  "07_cache_write": 0.001603,
  "total": 0.083426
}