{
  "01_setup": 0.000376,
  "02_cache_search": 0.002854,
  "03_transpile": 0.066631,
  "07_cache_write": 0.004331,
  "total": 0.074192
}