{
  "01_setup": 0.000426,
  "03_transpile": 1.438195,
  "total": 1.438621
}