{
  "01_setup": 0.000496,
  "03_transpile": 0.653394,
  "total": 0.65389
}