{
  "01_setup": 0.000469,
  "03_transpile": 49.788589,
  "total": 49.789058
}