{
  "01_setup": 0.000438,
  "02_cache_search": 0.120432,
  "03_transpile": 6.481512,
  "07_cache_write": 0.059326,
  "total": 6.661708
}