{
  "01_setup": 0.000426,
  "03_transpile": 0.151813,
  "total": 0.152239
}