{
  "01_setup": 0.00039,
  "02_cache_search": 0.0031,
  "03_transpile": 0.11324,
  "07_cache_write": 0.006885,
  "total": 0.123615
}