{
  "01_setup": 0.000482,
  "03_transpile": 0.175629,
  "total": 0.176111
}