{
  "01_setup": 0.000504,
  "03_transpile": 0.253655,
  "total": 0.254159
}