{
  "01_setup": 0.000464,
  "03_transpile": 0.415905,
  "total": 0.416369
}