{
  "01_setup": 0.000528,
  "03_transpile": 0.167919,
  "total": 0.168447
}