{
  "01_setup": 0.000435,
  "03_transpile": 0.188431,
  "total": 0.188866
}