{
  "01_setup": 0.000432,
  "02_cache_search": 0.015672,
  "03_transpile": 0.168242,
  "07_cache_write": 0.012005,
  "total": 0.196351
}