{
  "01_setup": 0.000462,
  "02_cache_search": 0.164096,
  "03_transpile": 9.883493,
  "07_cache_write": 0.151257,
  "total": 10.199308
}