{
  "01_setup": 0.000477,
  "03_transpile": 0.560771,
  "total": 0.561248
}