{
  "01_setup": 0.000422,
  "02_cache_search": 0.006335,
  "03_transpile": 0.09095,
  "07_cache_write": 0.012321,
  "total": 0.110028
}