{
  "01_setup": 0.000493,
  "03_transpile": 2.567342,
  "total": 2.567835
}