{
  "01_setup": 0.000459,
  "02_cache_search": 0.0143,
  "03_transpile": 0.146181,
  "07_cache_write": 0.068364,
  "total": 0.229304
}