{
  "01_setup": 0.000499,
  "03_transpile": 1.379734,
  "total": 1.380233
}