{
  "01_setup": 0.000499,
  "03_transpile": 0.211502,
  "total": 0.212001
}