{
  "01_setup": 0.000405,
  "03_transpile": 1.304147,
  "total": 1.304552
}