{
  "01_setup": 0.000463,
  "03_transpile": 0.455268,
  "total": 0.455731
}