{
  "01_setup": 0.000468,
  "03_transpile": 4.401667,
  "total": 4.402135
}