{
  "01_setup": 0.000495,
  "02_cache_search": 0.018835,
  "03_transpile": 0.237216,
  "07_cache_write": 0.010778,
  "total": 0.267324
}