{
  "01_setup": 0.000628,
  "02_cache_search": 0.026235,
  "03_transpile": 0.271508,
  "07_cache_write": 0.008477,
  "total": 0.306848
}