{
  "01_setup": 0.000385,
  "02_cache_search": 0.00464,
  "03_transpile": 0.071326,
  "07_cache_write": 0.040344,
  "total": 0.116695
}