{
  "01_setup": 0.000555,
  "02_cache_search": 0.006999,
  "03_transpile": 0.137013,
  "07_cache_write": 0.011516,
  "total": 0.156083
}