{
  "01_setup": 0.000536,
  "03_transpile": 2.040469,
  "total": 2.041005
}