{
  "01_setup": 0.000542,
  "03_transpile": 2.280741,
  "total": 2.281283
}