{
  "01_setup": 0.000391,
  "03_transpile": 0.185566,
  "total": 0.185957
}