{
  "01_setup": 0.000551,
  "02_cache_search": 0.021702,
  "03_transpile": 0.220576,
  "07_cache_write": 0.014564,
  "total": 0.257393
}