{
  "01_setup": 0.000446,
  "03_transpile": 10.962822,
  "total": 10.963268
}