{
  "01_setup": 0.000453,
  "03_transpile": 0.533582,
  "total": 0.534035
}