{
  "01_setup": 0.000302,
  "02_cache_search": 0.001271,
  "03_transpile": 0.04057,
  "07_cache_write": 0.00067,
  "total": 0.042813
}