{
  "01_setup": 0.000495,
  "03_transpile": 1.053354,
  "total": 1.053849
}