{
  "01_setup": 0.000391,
  "02_cache_search": 0.003367,
  "03_transpile": 0.052386,
  "07_cache_write": 0.000895,
  "total": 0.057039
}