{
  "01_setup": 0.000441,
  "03_transpile": 0.315622,
  "total": 0.316063
}