{
  "01_setup": 0.000495,
  "03_transpile": 0.588825,
  "total": 0.58932
}