{
  "01_setup": 0.000419,
  "02_cache_search": 0.009036,
  "03_transpile": 0.111695,
  "07_cache_write": 0.003515,
  "total": 0.124665
}