{
  "01_setup": 0.000605,
  "03_transpile": 0.284117,
  "total": 0.284722
}