{
  "01_setup": 0.000675,
  "03_transpile": 305.498356,
  "total": 305.499031
}