{
  "01_setup": 0.000445,
  "02_cache_search": 0.013174,
  "03_transpile": 0.257899,
  "07_cache_write": 0.00329,
  "total": 0.274808
}