{
  "01_setup": 0.000471,
  "02_cache_search": 0.003793,
  "03_transpile": 0.055767,
  "07_cache_write": 0.00227,
  "total": 0.062301
}