{
  "01_setup": 0.000587,
  "03_transpile": 0.389766,
  "total": 0.390353
}