{
  "01_setup": 0.000403,
  "02_cache_search": 0.052873,
  "03_transpile": 0.981412,
  "07_cache_write": 0.025179,
  "total": 1.059867
}