{
  "01_setup": 0.000547,
  "03_transpile": 74.451273,
  "total": 74.45182
}