{
  "01_setup": 0.000418,
  "02_cache_search": 0.000779,
  "03_transpile": 0.031397,
  "07_cache_write": 0.000777,
  "total": 0.033371
}