{
  "01_setup": 0.000397,
  "02_cache_search": 0.01336,
  "03_transpile": 0.190934,
  "07_cache_write": 0.006537,
  "total": 0.211228
}