{
  "01_setup": 0.00059,
  "02_cache_search": 0.013303,
  "03_transpile": 0.120416,
  "07_cache_write": 0.003129,
  "total": 0.137438
}