{
  "01_setup": 0.00038,
  "02_cache_search": 0.010538,
  "03_transpile": 0.122882,
  "07_cache_write": 0.003789,
  "total": 0.137589
}