{
  "01_setup": 0.000433,
  "03_transpile": 0.150385,
  "total": 0.150818
}