{
  "01_setup": 0.000468,
  "03_transpile": 0.225229,
  "total": 0.225697
}