{
  "01_setup": 0.000534,
  "03_transpile": 0.3638,
  "total": 0.364334
}