{
  "01_setup": 0.000515,
  "03_transpile": 0.446008,
  "total": 0.446523
}