{
  "01_setup": 0.000603,
  "03_transpile": 0.496014,
  "total": 0.496617
}