{
  "01_setup": 0.000703,
  "03_transpile": 0.197888,
  "total": 0.198591
}