{
  "01_setup": 0.000341,
  "02_cache_search": 0.001695,
  "03_transpile": 0.04477,
  "07_cache_write": 0.001386,
  "total": 0.048192
}