{
  "01_setup": 0.000427,
  "02_cache_search": 0.004957,
  "03_transpile": 0.074961,
  "07_cache_write": 0.008276,
  "total": 0.088621
}