{
  "01_setup": 0.000574,
  "03_transpile": 1.214427,
  "total": 1.215001
}