{
  "01_setup": 0.00044,
  "03_transpile": 1.282246,
  "total": 1.282686
}