{
  "01_setup": 0.000387,
  "02_cache_search": 0.014525,
  "03_transpile": 0.397161,
  "07_cache_write": 0.004273,
  "total": 0.416346
}