{
  "laps": {
    "01_setup": 0.000147,
    "02_cache_search": 0.221645,
    "03_transpile": 40.873382,
    "07_cache_write": 0.129935,
    "total": 41.225109
  },
  "meta": {
    "backend": "AerSV",
    "n_qubits": 96,
    "depth_in": 480,
    "depth_transpiled": 480,
    "size_transpiled": 18720
  }
}