{
  "01_setup": 0.000361,
  "02_cache_search": 0.002721,
  "03_transpile": 0.046664,
  "07_cache_write": 0.001065,
  "total": 0.050811
}