{
  "01_setup": 0.000361,
  "02_cache_search": 0.001444,
  "03_transpile": 0.038009,
  "07_cache_write": 0.000643,
  "total": 0.040457
}