{
  "01_setup": 0.000378,
  "02_cache_search": 0.007131,
  "03_transpile": 0.086564,
  "07_cache_write": 0.004789,
  "total": 0.098862
}