{
  "01_setup": 0.000805,
  "03_transpile": 0.339991,
  "total": 0.340796
}