{
  "01_setup": 0.000506,
  "02_cache_search": 0.001915,
  "03_transpile": 0.040953,
  "07_cache_write": 0.001314,
  "total": 0.044688
}