{
  "01_setup": 0.000395,
  "02_cache_search": 0.001035,
  "03_transpile": 0.035088,
  "07_cache_write": 0.001027,
  "total": 0.037545
}