{
  "01_setup": 0.000446,
  "03_transpile": 0.246012,
  "total": 0.246458
}