{
  "01_setup": 0.000424,
  "02_cache_search": 0.001787,
  "03_transpile": 0.051771,
  "07_cache_write": 0.001646,
  "total": 0.055628
}