{
  "01_setup": 0.000494,
  "02_cache_search": 0.012781,
  "03_transpile": 0.126786,
  "07_cache_write": 0.013985,
  "total": 0.154046
}