{
  "laps": {
    "01_setup": 7.8e-05,
    "03_transpile": 0.041403,
    "04_submit": 0.001173,
    "05_run": 0.02694,
    "06_collect": 0.00015,
    "total": 0.069744
  },
  "meta": {
    "backend": "fake_jakarta",
    "n_qubits": 6,
    "depth_in": 12,
    "depth_transpiled": 26,
    "size_transpiled": 83,
    "quasi_dist": {
      "32": 0.060546875,
      "8": 0.076171875,
      "0": 0.3857421875,
      "44": 0.001953125,
      "3": 0.0087890625,
      "52": 0.00390625,
      "11": 0.0009765625,
      "34": 0.0146484375,
      "2": 0.0673828125,
      "45": 0.0009765625,
      "4": 0.0751953125,
      "16": 0.0634765625,
      "40": 0.009765625,
      "54": 0.0009765625,
      "42": 0.00390625,
      "1": 0.052734375,
      "35": 0.0009765625,
      "12": 0.0126953125,
      "49": 0.001953125,
      "6": 0.01171875,
      "19": 0.0029296875,
      "46": 0.0009765625,
      "50": 0.001953125,
      "5": 0.009765625,
      "24": 0.009765625,
      "18": 0.0078125,
      "7": 0.0009765625,
      "48": 0.0107421875,
      "22": 0.0009765625,
      "9": 0.0068359375,
      "58": 0.001953125,
      "38": 0.0048828125,
      "15": 0.0009765625,
      "10": 0.01171875,
      "33": 0.0126953125,
      "60": 0.0009765625,
      "36": 0.0126953125,
      "20": 0.021484375,
      "25": 0.00390625,
      "17": 0.0078125,
      "56": 0.001953125,
      "14": 0.0009765625,
      "37": 0.0048828125,
      "23": 0.0009765625,
      "41": 0.0009765625,
      "21": 0.001953125,
      "28": 0.0009765625,
      "26": 0.0009765625
    }
  }
}