{
  "01_setup": 0.000334,
  "03_transpile": 0.213964,
  "07_cache_write": 0.015424,
  "04_submit": 0.0041,
  "05_run": 0.108828,
  "06_collect": 0.000399,
  "total": 0.343049
}