{
  "01_setup": 0.000341,
  "03_transpile": 0.338937,
  "04_submit": 0.006066,
  "05_run": 0.163942,
  "06_collect": 0.000867,
  "total": 0.510153
}