{
  "laps": {
    "01_setup": 6.5e-05,
    "03_transpile": 0.031019,
    "04_submit": 0.000807,
    "05_run": 0.020692,
    "06_collect": 0.000107,
    "total": 0.05269
  },
  "meta": {
    "backend": "fake_jakarta",
    "n_qubits": 6,
    "depth_in": 10,
    "depth_transpiled": 20,
    "size_transpiled": 30,
    "quasi_dist": {
      "0": 0.5048828125,
      "63": 0.4951171875
    }
  }
}