{
  "01_setup": 0.0003,
  "03_transpile": 0.192649,
  "07_cache_write": 0.01468,
  "04_submit": 0.006004,
  "05_run": 0.108862,
  "06_collect": 0.000269,
  "total": 0.322764
}