{
  "01_setup": 0.000353,
  "03_transpile": 0.188394,
  "04_submit": 0.019049,
  "05_run": 0.188151,
  "06_collect": 0.00299,
  "total": 0.398937
}