{
  "laps": {
    "01_setup": 6.6e-05,
    "03_transpile": 0.032875,
    "04_submit": 0.000816,
    "05_run": 0.02076,
    "06_collect": 9.8e-05,
    "total": 0.054615
  },
  "meta": {
    "backend": "fake_jakarta",
    "n_qubits": 6,
    "depth_in": 14,
    "depth_transpiled": 25,
    "size_transpiled": 35,
    "quasi_dist": {
      "0": 0.51171875,
      "63": 0.48828125
    }
  }
}