{
  "laps": {
    "01_setup": 6.1e-05,
    "03_transpile": 0.051892,
    "04_submit": 0.00093,
    "05_run": 0.022928,
    "06_collect": 7.3e-05,
    "total": 0.075884
  },
  "meta": {
    "backend": "fake_jakarta",
    "n_qubits": 6,
    "depth_in": 10,
    "depth_transpiled": 20,
    "size_transpiled": 30,
    "quasi_dist": {
      "63": 0.5166015625,
      "0": 0.4833984375
    }
  }
}