{
  "01_setup": 0.000336,
  "03_transpile": 0.199182,
  "07_cache_write": 0.063988,
  "04_submit": 0.011745,
  "05_run": 0.105522,
  "06_collect": 0.000786,
  "total": 0.381559
}