{
  "laps": {
    "01_setup": 0.000112,
    "03_transpile": 0.067855,
    "04_submit": 0.005051,
    "05_run": 0.050712,
    "06_collect": 0.001194,
    "total": 0.124924
  },
  "meta": {
    "backend": "fake_jakarta",
    "n_qubits": 6,
    "depth_in": 132,
    "depth_transpiled": 341,
    "size_transpiled": 833,
    "quasi_dist": {
      "8": 0.0126953125,
      "55": 0.001953125,
      "0": 0.1328125,
      "31": 0.056640625,
      "11": 0.0029296875,
      "34": 0.0029296875,
      "62": 0.0654296875,
      "2": 0.0361328125,
      "52": 0.0009765625,
      "3": 0.03515625,
      "13": 0.0078125,
      "60": 0.0908203125,
      "51": 0.01171875,
      "4": 0.015625,
      "39": 0.00390625,
      "5": 0.0087890625,
      "56": 0.05078125,
      "12": 0.0234375,
      "35": 0.0126953125,
      "48": 0.0224609375,
      "7": 0.0537109375,
      "24": 0.0126953125,
      "30": 0.0791015625,
      "32": 0.009765625,
      "33": 0.0029296875,
      "63": 0.0224609375,
      "10": 0.00390625,
      "38": 0.0009765625,
      "58": 0.0068359375,
      "15": 0.05859375,
      "59": 0.001953125,
      "14": 0.02734375,
      "54": 0.0009765625,
      "1": 0.015625,
      "28": 0.0400390625,
      "47": 0.001953125,
      "6": 0.0322265625,
      "49": 0.0078125,
      "9": 0.001953125,
      "18": 0.005859375,
      "26": 0.0048828125,
      "17": 0.001953125,
      "16": 0.001953125,
      "57": 0.0009765625,
      "22": 0.00390625,
      "29": 0.0029296875,
      "27": 0.0009765625
    }
  }
}