{
  "laps": {
    "01_setup": 0.000102,
    "03_transpile": 0.12022,
    "04_submit": 0.003047,
    "05_run": 0.045335,
    "06_collect": 0.0007,
    "total": 0.169404
  },
  "meta": {
    "backend": "fake_jakarta",
    "n_qubits": 6,
    "depth_in": 68,
    "depth_transpiled": 173,
    "size_transpiled": 433,
    "quasi_dist": {
      "8": 0.02734375,
      "55": 0.0009765625,
      "0": 0.26953125,
      "7": 0.0537109375,
      "48": 0.04296875,
      "16": 0.0517578125,
      "36": 0.0009765625,
      "13": 0.01171875,
      "60": 0.0322265625,
      "11": 0.0029296875,
      "34": 0.0048828125,
      "62": 0.0341796875,
      "50": 0.0009765625,
      "46": 0.00390625,
      "5": 0.00390625,
      "31": 0.0234375,
      "21": 0.001953125,
      "49": 0.0009765625,
      "47": 0.009765625,
      "6": 0.0380859375,
      "25": 0.005859375,
      "38": 0.001953125,
      "58": 0.00390625,
      "15": 0.0654296875,
      "30": 0.029296875,
      "10": 0.0009765625,
      "63": 0.01953125,
      "14": 0.0634765625,
      "24": 0.033203125,
      "45": 0.0009765625,
      "4": 0.0087890625,
      "42": 0.0009765625,
      "1": 0.0087890625,
      "54": 0.0009765625,
      "20": 0.0029296875,
      "56": 0.0380859375,
      "32": 0.0234375,
      "9": 0.001953125,
      "52": 0.0009765625,
      "3": 0.0107421875,
      "44": 0.0029296875,
      "61": 0.0048828125,
      "12": 0.0166015625,
      "29": 0.00390625,
      "23": 0.001953125,
      "28": 0.0146484375,
      "22": 0.0029296875,
      "17": 0.00390625,
      "40": 0.001953125,
      "39": 0.0029296875,
      "19": 0.001953125,
      "2": 0.001953125,
      "26": 0.0009765625
    }
  }
}