{
  "laps": {
    "01_setup": 6.3e-05,
    "03_transpile": 0.034787,
    "04_submit": 0.000895,
    "05_run": 0.021395,
    "06_collect": 0.000149,
    "total": 0.057289
  },
  "meta": {
    "backend": "fake_jakarta",
    "n_qubits": 6,
    "depth_in": 22,
    "depth_transpiled": 33,
    "size_transpiled": 43,
    "quasi_dist": {
      "0": 0.5166015625,
      "63": 0.4833984375
    }
  }
}