{
  "01_setup": 0.000332,
  "03_transpile": 0.172866,
  "04_submit": 0.011036,
  "05_run": 0.151393,
  "06_collect": 0.001568,
  "total": 0.337195
}