{
  "laps": {
    "01_setup": 7.9e-05,
    "03_transpile": 0.012666,
    "04_submit": 0.002873,
    "05_run": 0.035751,
    "06_collect": 0.000611,
    "total": 0.05198
  },
  "meta": {
    "backend": "fake_jakarta",
    "n_qubits": 6,
    "depth_in": 68,
    "depth_transpiled": 173,
    "size_transpiled": 433,
    "quasi_dist": {
      "32": 0.025390625,
      "55": 0.00390625,
      "0": 0.2666015625,
      "63": 0.03515625,
      "10": 0.005859375,
      "5": 0.0009765625,
      "50": 0.0068359375,
      "46": 0.00390625,
      "14": 0.0634765625,
      "38": 0.0009765625,
      "58": 0.0048828125,
      "15": 0.0615234375,
      "56": 0.03515625,
      "61": 0.00390625,
      "12": 0.0244140625,
      "8": 0.029296875,
      "11": 0.0009765625,
      "62": 0.0390625,
      "31": 0.0146484375,
      "28": 0.0146484375,
      "30": 0.0361328125,
      "48": 0.0302734375,
      "7": 0.0498046875,
      "24": 0.037109375,
      "49": 0.0009765625,
      "47": 0.0068359375,
      "6": 0.033203125,
      "36": 0.001953125,
      "60": 0.03515625,
      "13": 0.0107421875,
      "25": 0.0048828125,
      "16": 0.04296875,
      "29": 0.0087890625,
      "4": 0.01171875,
      "39": 0.0078125,
      "19": 0.0009765625,
      "3": 0.005859375,
      "44": 0.00390625,
      "20": 0.0048828125,
      "17": 0.0029296875,
      "23": 0.001953125,
      "18": 0.0009765625,
      "53": 0.0009765625,
      "2": 0.0087890625,
      "40": 0.0029296875,
      "9": 0.001953125,
      "26": 0.001953125,
      "57": 0.0009765625,
      "22": 0.0009765625
    }
  }
}