{
  "laps": {
    "01_setup": 7.1e-05,
    "03_transpile": 0.028186,
    "04_submit": 0.00086,
    "05_run": 0.023035,
    "06_collect": 6.7e-05,
    "total": 0.052219
  },
  "meta": {
    "backend": "fake_jakarta",
    "n_qubits": 6,
    "depth_in": 8,
    "depth_transpiled": 13,
    "size_transpiled": 18,
    "quasi_dist": {
      "0": 0.4970703125,
      "63": 0.5029296875
    }
  }
}