{
  "laps": {
    "01_setup": 0.000123,
    "03_transpile": 0.010677,
    "04_submit": 0.001747,
    "05_run": 0.028177,
    "06_collect": 0.000128,
    "total": 0.040852
  },
  "meta": {
    "backend": "fake_jakarta",
    "n_qubits": 6,
    "depth_in": 12,
    "depth_transpiled": 26,
    "size_transpiled": 83,
    "quasi_dist": {
      "45": 0.0009765625,
      "51": 0.0009765625,
      "4": 0.068359375,
      "8": 0.06640625,
      "0": 0.388671875,
      "32": 0.0712890625,
      "2": 0.0751953125,
      "24": 0.0146484375,
      "54": 0.0009765625,
      "1": 0.076171875,
      "14": 0.0009765625,
      "37": 0.001953125,
      "16": 0.0595703125,
      "11": 0.001953125,
      "34": 0.017578125,
      "40": 0.01171875,
      "17": 0.0126953125,
      "39": 0.0009765625,
      "46": 0.0009765625,
      "50": 0.001953125,
      "5": 0.0068359375,
      "18": 0.0126953125,
      "44": 0.001953125,
      "52": 0.0009765625,
      "3": 0.009765625,
      "9": 0.01171875,
      "6": 0.0107421875,
      "36": 0.005859375,
      "13": 0.0009765625,
      "10": 0.0087890625,
      "33": 0.013671875,
      "20": 0.01171875,
      "12": 0.0087890625,
      "7": 0.001953125,
      "48": 0.00390625,
      "23": 0.0009765625,
      "41": 0.0029296875,
      "22": 0.00390625,
      "57": 0.0009765625,
      "19": 0.0029296875,
      "26": 0.0009765625,
      "28": 0.0009765625,
      "15": 0.0009765625,
      "25": 0.0009765625
    }
  }
}