{
  "01_setup": 0.000298,
  "03_transpile": 0.210245,
  "07_cache_write": 0.016126,
  "04_submit": 0.004134,
  "05_run": 0.107154,
  "06_collect": 0.000467,
  "total": 0.338424
}