{
  "laps": {
    "01_setup": 6.3e-05,
    "03_transpile": 0.011846,
    "04_submit": 0.003881,
    "05_run": 0.018977,
    "06_collect": 0.000147,
    "total": 0.034914
  },
  "meta": {
    "backend": "fake_jakarta",
    "n_qubits": 6,
    "depth_in": 22,
    "depth_transpiled": 33,
    "size_transpiled": 43,
    "quasi_dist": {
      "63": 0.482421875,
      "0": 0.517578125
    }
  }
}