{
  "laps": {
    "01_setup": 0.000102,
    "03_transpile": 0.012301,
    "04_submit": 0.003041,
    "05_run": 0.082853,
    "06_collect": 0.000578,
    "total": 0.098875
  },
  "meta": {
    "backend": "fake_jakarta",
    "n_qubits": 6,
    "depth_in": 68,
    "depth_transpiled": 173,
    "size_transpiled": 433,
    "quasi_dist": {
      "0": 0.265625,
      "14": 0.0615234375,
      "30": 0.041015625,
      "13": 0.01171875,
      "36": 0.001953125,
      "60": 0.0439453125,
      "56": 0.041015625,
      "48": 0.0400390625,
      "7": 0.0458984375,
      "28": 0.009765625,
      "24": 0.0322265625,
      "31": 0.0244140625,
      "32": 0.021484375,
      "40": 0.0029296875,
      "58": 0.0087890625,
      "38": 0.0009765625,
      "15": 0.052734375,
      "47": 0.0087890625,
      "49": 0.0009765625,
      "6": 0.03125,
      "11": 0.0029296875,
      "34": 0.0078125,
      "62": 0.0302734375,
      "44": 0.005859375,
      "3": 0.009765625,
      "52": 0.00390625,
      "29": 0.005859375,
      "16": 0.044921875,
      "10": 0.001953125,
      "63": 0.0341796875,
      "8": 0.0224609375,
      "61": 0.00390625,
      "12": 0.02734375,
      "54": 0.0009765625,
      "1": 0.00390625,
      "46": 0.0068359375,
      "5": 0.0048828125,
      "50": 0.005859375,
      "39": 0.00390625,
      "23": 0.0029296875,
      "17": 0.0029296875,
      "20": 0.0029296875,
      "45": 0.0009765625,
      "4": 0.0048828125,
      "22": 0.0009765625,
      "2": 0.00390625,
      "25": 0.0029296875,
      "57": 0.0009765625,
      "19": 0.001953125
    }
  }
}