{
  "01_setup": 0.000337,
  "03_transpile": 0.207627,
  "07_cache_write": 0.059867,
  "04_submit": 0.011457,
  "05_run": 0.138067,
  "06_collect": 0.001669,
  "total": 0.419024
}