{
  "laps": {
    "01_setup": 9.3e-05,
    "03_transpile": 0.144359,
    "04_submit": 0.003237,
    "05_run": 0.0444,
    "06_collect": 0.000741,
    "total": 0.19283
  },
  "meta": {
    "backend": "fake_jakarta",
    "n_qubits": 6,
    "depth_in": 68,
    "depth_transpiled": 173,
    "size_transpiled": 433,
    "quasi_dist": {
      "58": 0.0078125,
      "38": 0.0029296875,
      "15": 0.0595703125,
      "49": 0.0009765625,
      "47": 0.009765625,
      "6": 0.0302734375,
      "8": 0.0263671875,
      "36": 0.001953125,
      "13": 0.009765625,
      "60": 0.041015625,
      "59": 0.001953125,
      "37": 0.001953125,
      "14": 0.056640625,
      "63": 0.0400390625,
      "10": 0.0029296875,
      "61": 0.009765625,
      "12": 0.033203125,
      "45": 0.0009765625,
      "4": 0.00390625,
      "55": 0.0009765625,
      "0": 0.23046875,
      "24": 0.0244140625,
      "16": 0.060546875,
      "48": 0.03515625,
      "7": 0.0283203125,
      "30": 0.0400390625,
      "28": 0.01171875,
      "11": 0.001953125,
      "34": 0.005859375,
      "62": 0.0380859375,
      "46": 0.0078125,
      "50": 0.005859375,
      "5": 0.0048828125,
      "32": 0.0234375,
      "31": 0.0185546875,
      "56": 0.046875,
      "3": 0.0107421875,
      "52": 0.0029296875,
      "44": 0.0068359375,
      "40": 0.00390625,
      "39": 0.0048828125,
      "25": 0.0078125,
      "29": 0.00390625,
      "26": 0.0009765625,
      "42": 0.0009765625,
      "54": 0.0009765625,
      "1": 0.009765625,
      "43": 0.001953125,
      "2": 0.0029296875,
      "20": 0.0009765625,
      "22": 0.0048828125,
      "57": 0.0029296875,
      "23": 0.0029296875,
      "19": 0.0009765625,
      "17": 0.001953125
    }
  }
}