{
  "laps": {
    "01_setup": 6e-05,
    "03_transpile": 0.065428,
    "04_submit": 0.001355,
    "05_run": 0.022679,
    "06_collect": 0.000245,
    "total": 0.089767
  },
  "meta": {
    "backend": "fake_jakarta",
    "n_qubits": 6,
    "depth_in": 38,
    "depth_transpiled": 49,
    "size_transpiled": 59,
    "quasi_dist": {
      "63": 0.484375,
      "0": 0.515625
    }
  }
}