{
  "laps": {
    "01_setup": 0.000104,
    "03_transpile": 0.061429,
    "04_submit": 0.014314,
    "05_run": 0.087331,
    "06_collect": 0.00236,
    "total": 0.165538
  },
  "meta": {
    "backend": "fake_jakarta",
    "n_qubits": 6,
    "depth_in": 102,
    "depth_transpiled": 1006,
    "size_transpiled": 1951,
    "quasi_dist": {
      "0": 1.0
    }
  }
}