{
  "laps": {
    "01_setup": 6e-05,
    "03_transpile": 0.03387,
    "04_submit": 0.000996,
    "05_run": 0.022596,
    "06_collect": 0.000151,
    "total": 0.057673
  },
  "meta": {
    "backend": "fake_jakarta",
    "n_qubits": 6,
    "depth_in": 22,
    "depth_transpiled": 33,
    "size_transpiled": 43,
    "quasi_dist": {
      "0": 0.49609375,
      "63": 0.50390625
    }
  }
}