{
  "laps": {
    "01_setup": 6.8e-05,
    "03_transpile": 0.033247,
    "04_submit": 0.001039,
    "05_run": 0.022233,
    "06_collect": 0.000149,
    "total": 0.056736
  },
  "meta": {
    "backend": "fake_jakarta",
    "n_qubits": 6,
    "depth_in": 22,
    "depth_transpiled": 33,
    "size_transpiled": 43,
    "quasi_dist": {
      "0": 0.4697265625,
      "63": 0.5302734375
    }
  }
}