{
  "01_setup": 0.000484,
  "03_transpile": 0.524425,
  "07_cache_write": 0.019251,
  "04_submit": 0.025069,
  "05_run": 0.252267,
  "06_collect": 0.006018,
  "total": 0.827514
}