{
  "01_setup": 0.000319,
  "03_transpile": 0.146794,
  "04_submit": 0.003341,
  "05_run": 0.106194,
  "06_collect": 0.000283,
  "total": 0.256931
}