{
  "laps": {
    "01_setup": 7.3e-05,
    "03_transpile": 0.025286,
    "04_submit": 0.000566,
    "05_run": 0.021433,
    "06_collect": 5.5e-05,
    "total": 0.047413
  },
  "meta": {
    "backend": "fake_jakarta",
    "n_qubits": 6,
    "depth_in": 7,
    "depth_transpiled": 12,
    "size_transpiled": 17,
    "quasi_dist": {
      "63": 0.5302734375,
      "0": 0.4697265625
    }
  }
}