{
  "laps": {
    "01_setup": 9.7e-05,
    "03_transpile": 0.039307,
    "04_submit": 0.000968,
    "05_run": 0.025622,
    "06_collect": 0.000155,
    "total": 0.066149
  },
  "meta": {
    "backend": "fake_jakarta",
    "n_qubits": 6,
    "depth_in": 12,
    "depth_transpiled": 26,
    "size_transpiled": 83,
    "quasi_dist": {
      "33": 0.0126953125,
      "10": 0.0107421875,
      "16": 0.0546875,
      "8": 0.05859375,
      "32": 0.052734375,
      "0": 0.4052734375,
      "2": 0.0771484375,
      "60": 0.0009765625,
      "13": 0.001953125,
      "36": 0.013671875,
      "51": 0.0029296875,
      "4": 0.0556640625,
      "42": 0.001953125,
      "1": 0.0732421875,
      "44": 0.001953125,
      "52": 0.00390625,
      "3": 0.0107421875,
      "35": 0.0009765625,
      "12": 0.01171875,
      "50": 0.0009765625,
      "5": 0.015625,
      "17": 0.0146484375,
      "7": 0.0009765625,
      "48": 0.0126953125,
      "20": 0.0087890625,
      "22": 0.0029296875,
      "24": 0.009765625,
      "18": 0.0146484375,
      "29": 0.0009765625,
      "49": 0.0029296875,
      "6": 0.0107421875,
      "58": 0.0009765625,
      "38": 0.001953125,
      "37": 0.0029296875,
      "11": 0.0009765625,
      "34": 0.0146484375,
      "40": 0.0126953125,
      "28": 0.0029296875,
      "9": 0.0087890625,
      "21": 0.0029296875,
      "23": 0.0009765625,
      "25": 0.001953125,
      "26": 0.0009765625
    }
  }
}