{
  "laps": {
    "01_setup": 7.1e-05,
    "03_transpile": 0.037655,
    "04_submit": 0.001145,
    "05_run": 0.025484,
    "06_collect": 0.000142,
    "total": 0.064497
  },
  "meta": {
    "backend": "fake_jakarta",
    "n_qubits": 6,
    "depth_in": 12,
    "depth_transpiled": 26,
    "size_transpiled": 83,
    "quasi_dist": {
      "16": 0.0712890625,
      "42": 0.0009765625,
      "1": 0.0615234375,
      "51": 0.0009765625,
      "4": 0.068359375,
      "11": 0.001953125,
      "34": 0.0126953125,
      "32": 0.0849609375,
      "40": 0.0107421875,
      "0": 0.390625,
      "20": 0.01171875,
      "49": 0.001953125,
      "6": 0.0107421875,
      "8": 0.048828125,
      "43": 0.0009765625,
      "2": 0.064453125,
      "10": 0.01171875,
      "33": 0.013671875,
      "7": 0.0009765625,
      "48": 0.015625,
      "24": 0.0166015625,
      "9": 0.01171875,
      "46": 0.0009765625,
      "50": 0.001953125,
      "5": 0.0087890625,
      "17": 0.013671875,
      "60": 0.0009765625,
      "13": 0.0009765625,
      "36": 0.01171875,
      "35": 0.0009765625,
      "12": 0.0087890625,
      "56": 0.00390625,
      "44": 0.00390625,
      "3": 0.0068359375,
      "14": 0.001953125,
      "37": 0.001953125,
      "41": 0.0029296875,
      "38": 0.0029296875,
      "26": 0.001953125,
      "18": 0.00390625,
      "19": 0.0009765625,
      "25": 0.001953125,
      "28": 0.001953125,
      "22": 0.0029296875
    }
  }
}