{
  "laps": {
    "01_setup": 0.000202,
    "03_transpile": 0.067932,
    "04_submit": 0.001112,
    "05_run": 0.029053,
    "06_collect": 0.000153,
    "total": 0.098452
  },
  "meta": {
    "backend": "fake_jakarta",
    "n_qubits": 6,
    "depth_in": 12,
    "depth_transpiled": 26,
    "size_transpiled": 83,
    "quasi_dist": {
      "4": 0.0595703125,
      "13": 0.001953125,
      "36": 0.0087890625,
      "32": 0.07421875,
      "8": 0.07421875,
      "0": 0.4013671875,
      "2": 0.0595703125,
      "9": 0.01171875,
      "18": 0.01953125,
      "19": 0.0029296875,
      "61": 0.0009765625,
      "35": 0.0029296875,
      "12": 0.009765625,
      "16": 0.052734375,
      "54": 0.001953125,
      "42": 0.001953125,
      "1": 0.068359375,
      "17": 0.015625,
      "52": 0.001953125,
      "44": 0.001953125,
      "3": 0.0068359375,
      "33": 0.01171875,
      "10": 0.0087890625,
      "49": 0.001953125,
      "6": 0.0078125,
      "50": 0.0009765625,
      "5": 0.005859375,
      "7": 0.001953125,
      "48": 0.0107421875,
      "11": 0.001953125,
      "34": 0.009765625,
      "28": 0.001953125,
      "24": 0.0166015625,
      "20": 0.0126953125,
      "37": 0.0009765625,
      "14": 0.001953125,
      "22": 0.0009765625,
      "56": 0.00390625,
      "30": 0.0009765625,
      "21": 0.0029296875,
      "29": 0.0029296875,
      "25": 0.0029296875,
      "38": 0.0009765625,
      "15": 0.0009765625,
      "26": 0.001953125,
      "23": 0.0009765625,
      "40": 0.005859375
    }
  }
}