{
  "laps": {
    "01_setup": 0.000104,
    "03_transpile": 0.172884,
    "04_submit": 0.005035,
    "05_run": 0.048644,
    "06_collect": 0.001153,
    "total": 0.22782
  },
  "meta": {
    "backend": "fake_jakarta",
    "n_qubits": 6,
    "depth_in": 132,
    "depth_transpiled": 341,
    "size_transpiled": 833,
    "quasi_dist": {
      "54": 0.0029296875,
      "1": 0.0087890625,
      "31": 0.0673828125,
      "30": 0.0615234375,
      "35": 0.0087890625,
      "12": 0.03125,
      "52": 0.0029296875,
      "3": 0.0400390625,
      "0": 0.12890625,
      "28": 0.048828125,
      "34": 0.001953125,
      "11": 0.00390625,
      "62": 0.060546875,
      "22": 0.0009765625,
      "2": 0.046875,
      "38": 0.0029296875,
      "58": 0.0068359375,
      "15": 0.060546875,
      "49": 0.00390625,
      "6": 0.029296875,
      "48": 0.015625,
      "7": 0.0595703125,
      "8": 0.01171875,
      "56": 0.044921875,
      "24": 0.0166015625,
      "32": 0.009765625,
      "16": 0.0029296875,
      "13": 0.00390625,
      "60": 0.109375,
      "10": 0.001953125,
      "33": 0.0087890625,
      "63": 0.013671875,
      "51": 0.005859375,
      "4": 0.025390625,
      "27": 0.0029296875,
      "57": 0.001953125,
      "14": 0.0185546875,
      "9": 0.001953125,
      "18": 0.00390625,
      "50": 0.001953125,
      "46": 0.0029296875,
      "5": 0.0068359375,
      "26": 0.0048828125,
      "39": 0.0009765625,
      "23": 0.001953125,
      "17": 0.0009765625,
      "20": 0.0009765625
    }
  }
}