{
  "01_setup": 0.000374,
  "03_transpile": 2.537264,
  "04_submit": 0.155274,
  "05_run": 0.479816,
  "06_collect": 0.0125,
  "total": 3.185228
}