{
  "laps": {
    "01_setup": 6.4e-05,
    "03_transpile": 0.177523,
    "04_submit": 0.005855,
    "05_run": 0.053411,
    "06_collect": 0.001308,
    "total": 0.238161
  },
  "meta": {
    "backend": "fake_jakarta",
    "n_qubits": 6,
    "depth_in": 132,
    "depth_transpiled": 341,
    "size_transpiled": 833,
    "quasi_dist": {
      "56": 0.05078125,
      "7": 0.06640625,
      "48": 0.017578125,
      "31": 0.0576171875,
      "51": 0.0087890625,
      "45": 0.001953125,
      "4": 0.0283203125,
      "60": 0.10546875,
      "13": 0.0068359375,
      "11": 0.0048828125,
      "34": 0.0029296875,
      "62": 0.056640625,
      "52": 0.0009765625,
      "3": 0.037109375,
      "58": 0.001953125,
      "38": 0.001953125,
      "15": 0.0576171875,
      "26": 0.001953125,
      "61": 0.0009765625,
      "35": 0.00390625,
      "12": 0.037109375,
      "28": 0.0439453125,
      "59": 0.001953125,
      "14": 0.0244140625,
      "47": 0.0009765625,
      "6": 0.0302734375,
      "49": 0.0068359375,
      "54": 0.005859375,
      "1": 0.0146484375,
      "30": 0.068359375,
      "24": 0.0146484375,
      "55": 0.0029296875,
      "0": 0.1181640625,
      "2": 0.0341796875,
      "33": 0.00390625,
      "10": 0.0068359375,
      "63": 0.015625,
      "27": 0.0029296875,
      "22": 0.001953125,
      "16": 0.0029296875,
      "32": 0.0078125,
      "18": 0.005859375,
      "46": 0.0009765625,
      "50": 0.0048828125,
      "5": 0.0029296875,
      "8": 0.0107421875,
      "39": 0.0029296875,
      "57": 0.00390625,
      "9": 0.0029296875,
      "20": 0.0009765625,
      "17": 0.0029296875
    }
  }
}