{
  "laps": {
    "01_setup": 6e-05,
    "03_transpile": 0.055262,
    "04_submit": 0.000834,
    "05_run": 0.021149,
    "06_collect": 7.7e-05,
    "total": 0.077382
  },
  "meta": {
    "backend": "fake_jakarta",
    "n_qubits": 6,
    "depth_in": 10,
    "depth_transpiled": 20,
    "size_transpiled": 30,
    "quasi_dist": {
      "0": 0.49609375,
      "63": 0.50390625
    }
  }
}