{
  "laps": {
    "01_setup": 0.000113,
    "03_transpile": 0.043636,
    "04_submit": 0.001415,
    "05_run": 0.02646,
    "06_collect": 0.000133,
    "total": 0.071757
  },
  "meta": {
    "backend": "fake_jakarta",
    "n_qubits": 6,
    "depth_in": 12,
    "depth_transpiled": 26,
    "size_transpiled": 83,
    "quasi_dist": {
      "40": 0.0078125,
      "8": 0.0615234375,
      "0": 0.3974609375,
      "28": 0.001953125,
      "44": 0.00390625,
      "3": 0.0146484375,
      "35": 0.0029296875,
      "12": 0.01171875,
      "16": 0.0634765625,
      "45": 0.0009765625,
      "4": 0.0810546875,
      "2": 0.0654296875,
      "42": 0.0029296875,
      "1": 0.0615234375,
      "32": 0.0693359375,
      "49": 0.0009765625,
      "6": 0.0126953125,
      "5": 0.015625,
      "50": 0.0009765625,
      "10": 0.009765625,
      "33": 0.0126953125,
      "17": 0.0078125,
      "25": 0.001953125,
      "18": 0.01171875,
      "13": 0.0009765625,
      "36": 0.01171875,
      "38": 0.001953125,
      "19": 0.00390625,
      "26": 0.001953125,
      "9": 0.0107421875,
      "23": 0.0009765625,
      "20": 0.0078125,
      "11": 0.0009765625,
      "34": 0.0146484375,
      "24": 0.009765625,
      "21": 0.0029296875,
      "22": 0.0009765625,
      "41": 0.001953125,
      "14": 0.001953125,
      "37": 0.0009765625,
      "48": 0.0009765625,
      "7": 0.0009765625,
      "57": 0.001953125,
      "56": 0.0009765625
    }
  }
}