{
  "01_setup": 0.000325,
  "03_transpile": 0.186132,
  "04_submit": 0.006097,
  "05_run": 0.109841,
  "06_collect": 0.001196,
  "total": 0.303591
}