{
  "laps": {
    "01_setup": 9.2e-05,
    "03_transpile": 0.011407,
    "04_submit": 0.000927,
    "05_run": 0.020274,
    "06_collect": 7.7e-05,
    "total": 0.032777
  },
  "meta": {
    "backend": "fake_jakarta",
    "n_qubits": 6,
    "depth_in": 10,
    "depth_transpiled": 20,
    "size_transpiled": 30,
    "quasi_dist": {
      "63": 0.5283203125,
      "0": 0.4716796875
    }
  }
}