{
  "laps": {
    "01_setup": 9e-05,
    "03_transpile": 0.015029,
    "04_submit": 0.00198,
    "05_run": 0.028921,
    "06_collect": 9e-05,
    "total": 0.04611
  },
  "meta": {
    "backend": "fake_jakarta",
    "n_qubits": 6,
    "depth_in": 8,
    "depth_transpiled": 18,
    "size_transpiled": 28,
    "quasi_dist": {
      "0": 0.486328125,
      "63": 0.513671875
    }
  }
}