{
  "laps": {
    "01_setup": 6.1e-05,
    "03_transpile": 0.048465,
    "04_submit": 0.001305,
    "05_run": 0.024373,
    "06_collect": 0.000191,
    "total": 0.074395
  },
  "meta": {
    "backend": "fake_jakarta",
    "n_qubits": 6,
    "depth_in": 20,
    "depth_transpiled": 47,
    "size_transpiled": 133,
    "quasi_dist": {
      "58": 0.0087890625,
      "38": 0.0126953125,
      "15": 0.015625,
      "49": 0.0068359375,
      "47": 0.001953125,
      "6": 0.0224609375,
      "44": 0.0048828125,
      "52": 0.0009765625,
      "3": 0.0244140625,
      "16": 0.0517578125,
      "42": 0.001953125,
      "54": 0.009765625,
      "1": 0.0615234375,
      "55": 0.00390625,
      "0": 0.19921875,
      "45": 0.001953125,
      "51": 0.0048828125,
      "4": 0.0400390625,
      "56": 0.01171875,
      "24": 0.0302734375,
      "53": 0.0009765625,
      "2": 0.0458984375,
      "34": 0.0029296875,
      "62": 0.009765625,
      "11": 0.01171875,
      "36": 0.0009765625,
      "13": 0.0048828125,
      "60": 0.0263671875,
      "61": 0.001953125,
      "12": 0.01953125,
      "35": 0.0205078125,
      "8": 0.041015625,
      "32": 0.0419921875,
      "48": 0.001953125,
      "7": 0.03125,
      "20": 0.0068359375,
      "28": 0.0166015625,
      "10": 0.0029296875,
      "33": 0.0048828125,
      "63": 0.03125,
      "26": 0.0068359375,
      "18": 0.0048828125,
      "30": 0.029296875,
      "29": 0.001953125,
      "39": 0.0048828125,
      "23": 0.0068359375,
      "27": 0.0166015625,
      "46": 0.0068359375,
      "50": 0.009765625,
      "5": 0.00390625,
      "37": 0.00390625,
      "14": 0.0146484375,
      "19": 0.01171875,
      "41": 0.001953125,
      "25": 0.01171875,
      "22": 0.005859375,
      "9": 0.005859375,
      "17": 0.005859375,
      "57": 0.001953125,
      "40": 0.0029296875,
      "31": 0.001953125
    }
  }
}