{
  "laps": {
    "01_setup": 6.6e-05,
    "03_transpile": 0.056061,
    "04_submit": 0.001306,
    "05_run": 0.02324,
    "06_collect": 0.000268,
    "total": 0.080941
  },
  "meta": {
    "backend": "fake_jakarta",
    "n_qubits": 6,
    "depth_in": 38,
    "depth_transpiled": 49,
    "size_transpiled": 59,
    "quasi_dist": {
      "63": 0.5078125,
      "0": 0.4921875
    }
  }
}