{
  "laps": {
    "01_setup": 5.7e-05,
    "03_transpile": 0.051085,
    "04_submit": 0.000805,
    "05_run": 0.020298,
    "06_collect": 8.7e-05,
    "total": 0.072332
  },
  "meta": {
    "backend": "fake_jakarta",
    "n_qubits": 6,
    "depth_in": 14,
    "depth_transpiled": 19,
    "size_transpiled": 24,
    "quasi_dist": {
      "0": 0.48828125,
      "63": 0.51171875
    }
  }
}