{
  "laps": {
    "01_setup": 7.7e-05,
    "03_transpile": 0.119611,
    "04_submit": 0.003416,
    "05_run": 0.041295,
    "06_collect": 0.000734,
    "total": 0.165133
  },
  "meta": {
    "backend": "fake_jakarta",
    "n_qubits": 6,
    "depth_in": 68,
    "depth_transpiled": 173,
    "size_transpiled": 433,
    "quasi_dist": {
      "10": 0.0029296875,
      "63": 0.025390625,
      "24": 0.044921875,
      "56": 0.056640625,
      "8": 0.02734375,
      "55": 0.001953125,
      "0": 0.2490234375,
      "29": 0.00390625,
      "59": 0.0009765625,
      "14": 0.0556640625,
      "38": 0.001953125,
      "58": 0.0078125,
      "15": 0.0537109375,
      "48": 0.0380859375,
      "7": 0.04296875,
      "30": 0.046875,
      "36": 0.00390625,
      "60": 0.03515625,
      "13": 0.009765625,
      "31": 0.0146484375,
      "11": 0.00390625,
      "34": 0.00390625,
      "62": 0.0400390625,
      "49": 0.0009765625,
      "6": 0.03515625,
      "47": 0.0078125,
      "28": 0.0166015625,
      "52": 0.001953125,
      "44": 0.009765625,
      "3": 0.0087890625,
      "32": 0.029296875,
      "20": 0.0009765625,
      "57": 0.0029296875,
      "9": 0.0009765625,
      "16": 0.0380859375,
      "40": 0.0087890625,
      "50": 0.005859375,
      "5": 0.001953125,
      "46": 0.00390625,
      "22": 0.005859375,
      "61": 0.001953125,
      "12": 0.0166015625,
      "2": 0.00390625,
      "1": 0.0048828125,
      "17": 0.0029296875,
      "39": 0.00390625,
      "45": 0.001953125,
      "4": 0.0087890625,
      "26": 0.0009765625,
      "25": 0.0029296875
    }
  }
}