{
  "laps": {
    "01_setup": 5.8e-05,
    "03_transpile": 0.0302,
    "04_submit": 0.000721,
    "05_run": 0.021742,
    "06_collect": 0.000102,
    "total": 0.052823
  },
  "meta": {
    "backend": "fake_jakarta",
    "n_qubits": 6,
    "depth_in": 14,
    "depth_transpiled": 25,
    "size_transpiled": 35,
    "quasi_dist": {
      "0": 0.48828125,
      "63": 0.51171875
    }
  }
}