{
  "laps": {
    "01_setup": 6.1e-05,
    "03_transpile": 0.01099,
    "04_submit": 0.00075,
    "05_run": 0.02131,
    "06_collect": 9.7e-05,
    "total": 0.033208
  },
  "meta": {
    "backend": "fake_jakarta",
    "n_qubits": 6,
    "depth_in": 14,
    "depth_transpiled": 19,
    "size_transpiled": 24,
    "quasi_dist": {
      "0": 0.51953125,
      "63": 0.48046875
    }
  }
}