{
  "01_setup": 0.000389,
  "03_transpile": 0.196545,
  "04_submit": 0.004824,
  "05_run": 0.124217,
  "06_collect": 0.00049,
  "total": 0.326465
}