{
  "laps": {
    "01_setup": 0.000135,
    "03_transpile": 0.068894,
    "04_submit": 0.00093,
    "05_run": 0.022795,
    "06_collect": 7.9e-05,
    "total": 0.092833
  },
  "meta": {
    "backend": "fake_jakarta",
    "n_qubits": 6,
    "depth_in": 8,
    "depth_transpiled": 18,
    "size_transpiled": 28,
    "quasi_dist": {
      "0": 0.515625,
      "63": 0.484375
    }
  }
}