{
  "laps": {
    "01_setup": 0.000114,
    "03_transpile": 0.259535,
    "07_cache_write": 0.019251,
    "04_submit": 0.005018,
    "05_run": 0.04923,
    "06_collect": 0.001277,
    "total": 0.334425
  },
  "meta": {
    "backend": "fake_jakarta",
    "n_qubits": 6,
    "depth_in": 132,
    "depth_transpiled": 341,
    "size_transpiled": 833,
    "quasi_dist": {
      "38": 0.001953125,
      "58": 0.005859375,
      "15": 0.0625,
      "37": 0.0009765625,
      "59": 0.0009765625,
      "14": 0.029296875,
      "31": 0.05859375,
      "24": 0.0185546875,
      "55": 0.0029296875,
      "0": 0.138671875,
      "36": 0.0029296875,
      "13": 0.005859375,
      "60": 0.08984375,
      "2": 0.0380859375,
      "28": 0.048828125,
      "56": 0.04296875,
      "3": 0.0478515625,
      "52": 0.001953125,
      "48": 0.0185546875,
      "7": 0.048828125,
      "10": 0.001953125,
      "33": 0.0029296875,
      "63": 0.013671875,
      "11": 0.001953125,
      "62": 0.05859375,
      "16": 0.001953125,
      "35": 0.01171875,
      "12": 0.0244140625,
      "30": 0.0595703125,
      "51": 0.0087890625,
      "4": 0.0361328125,
      "49": 0.0068359375,
      "47": 0.0009765625,
      "6": 0.0458984375,
      "54": 0.001953125,
      "1": 0.009765625,
      "32": 0.005859375,
      "26": 0.0068359375,
      "5": 0.0029296875,
      "50": 0.001953125,
      "46": 0.001953125,
      "8": 0.013671875,
      "18": 0.0009765625,
      "57": 0.001953125,
      "17": 0.0029296875,
      "9": 0.0009765625,
      "39": 0.0009765625,
      "23": 0.0009765625,
      "22": 0.0009765625,
      "27": 0.0009765625,
      "29": 0.0029296875
    }
  }
}