{
  "01_setup": 0.000501,
  "03_transpile": 0.661711,
  "04_submit": 0.016322,
  "05_run": 0.218287,
  "06_collect": 0.003608,
  "total": 0.900429
}