{
  "laps": {
    "01_setup": 6e-05,
    "03_transpile": 0.031388,
    "04_submit": 0.000795,
    "05_run": 0.020299,
    "06_collect": 5.5e-05,
    "total": 0.052597
  },
  "meta": {
    "backend": "fake_jakarta",
    "n_qubits": 6,
    "depth_in": 7,
    "depth_transpiled": 17,
    "size_transpiled": 27,
    "quasi_dist": {
      "63": 0.49609375,
      "0": 0.50390625
    }
  }
}