{
  "laps": {
    "01_setup": 6.8e-05,
    "03_transpile": 0.001659,
    "04_submit": 0.000754,
    "05_run": 0.022853,
    "06_collect": 8.5e-05,
    "total": 0.025419
  },
  "meta": {
    "backend": "fake_jakarta",
    "n_qubits": 6,
    "depth_in": 11,
    "depth_transpiled": 16,
    "size_transpiled": 21,
    "quasi_dist": {
      "0": 0.4990234375,
      "63": 0.5009765625
    }
  }
}