{
  "01_setup": 0.000359,
  "03_transpile": 0.985817,
  "04_submit": 0.023183,
  "05_run": 0.249996,
  "06_collect": 0.003583,
  "total": 1.262938
}