{
  "laps": {
    "01_setup": 6.4e-05,
    "03_transpile": 0.029529,
    "04_submit": 0.000825,
    "05_run": 0.02332,
    "06_collect": 8.3e-05,
    "total": 0.053821
  },
  "meta": {
    "backend": "fake_jakarta",
    "n_qubits": 6,
    "depth_in": 11,
    "depth_transpiled": 22,
    "size_transpiled": 32,
    "quasi_dist": {
      "63": 0.5380859375,
      "0": 0.4619140625
    }
  }
}