{
  "laps": {
    "01_setup": 7e-05,
    "03_transpile": 0.052093,
    "04_submit": 0.001403,
    "05_run": 0.028718,
    "06_collect": 0.000231,
    "total": 0.082515
  },
  "meta": {
    "backend": "fake_jakarta",
    "n_qubits": 6,
    "depth_in": 24,
    "depth_transpiled": 64,
    "size_transpiled": 161,
    "quasi_dist": {
      "9": 0.0107421875,
      "40": 0.0078125,
      "0": 0.236328125,
      "56": 0.02734375,
      "48": 0.01953125,
      "7": 0.03125,
      "23": 0.00390625,
      "38": 0.0068359375,
      "58": 0.0107421875,
      "15": 0.0380859375,
      "51": 0.0078125,
      "45": 0.0029296875,
      "4": 0.013671875,
      "24": 0.01953125,
      "36": 0.0009765625,
      "60": 0.05078125,
      "13": 0.015625,
      "59": 0.0048828125,
      "14": 0.0400390625,
      "28": 0.044921875,
      "27": 0.0107421875,
      "41": 0.001953125,
      "22": 0.013671875,
      "53": 0.0009765625,
      "2": 0.017578125,
      "33": 0.0048828125,
      "10": 0.00390625,
      "63": 0.0146484375,
      "29": 0.0244140625,
      "30": 0.0576171875,
      "26": 0.021484375,
      "44": 0.00390625,
      "52": 0.01171875,
      "3": 0.0341796875,
      "47": 0.0009765625,
      "49": 0.0009765625,
      "6": 0.009765625,
      "12": 0.0009765625,
      "61": 0.0126953125,
      "20": 0.013671875,
      "1": 0.01171875,
      "54": 0.001953125,
      "42": 0.0009765625,
      "19": 0.0029296875,
      "31": 0.0234375,
      "50": 0.001953125,
      "5": 0.00390625,
      "8": 0.0263671875,
      "11": 0.005859375,
      "62": 0.0205078125,
      "17": 0.0068359375,
      "16": 0.0068359375,
      "21": 0.0068359375,
      "32": 0.009765625,
      "25": 0.00390625,
      "18": 0.0068359375,
      "57": 0.00390625,
      "39": 0.0009765625
    }
  }
}