{
  "laps": {
    "01_setup": 7.2e-05,
    "03_transpile": 0.001466,
    "04_submit": 0.000823,
    "05_run": 0.026081,
    "06_collect": 9.5e-05,
    "total": 0.028537
  },
  "meta": {
    "backend": "fake_jakarta",
    "n_qubits": 6,
    "depth_in": 11,
    "depth_transpiled": 16,
    "size_transpiled": 21,
    "quasi_dist": {
      "63": 0.5244140625,
      "0": 0.4755859375
    }
  }
}