{
  "laps": {
    "01_setup": 7.3e-05,
    "03_transpile": 0.027978,
    "04_submit": 0.000761,
    "05_run": 0.023935,
    "06_collect": 8.3e-05,
    "total": 0.05283
  },
  "meta": {
    "backend": "fake_jakarta",
    "n_qubits": 6,
    "depth_in": 11,
    "depth_transpiled": 16,
    "size_transpiled": 21,
    "quasi_dist": {
      "63": 0.4736328125,
      "0": 0.5263671875
    }
  }
}