{
  "laps": {
    "01_setup": 0.000222,
    "03_transpile": 0.002114,
    "04_submit": 0.001269,
    "05_run": 0.026045,
    "06_collect": 0.000236,
    "total": 0.029886
  },
  "meta": {
    "backend": "fake_jakarta",
    "n_qubits": 6,
    "depth_in": 24,
    "depth_transpiled": 61,
    "size_transpiled": 162,
    "quasi_dist": {
      "51": 0.0107421875,
      "4": 0.0185546875,
      "0": 0.236328125,
      "26": 0.0146484375,
      "38": 0.00390625,
      "58": 0.015625,
      "15": 0.029296875,
      "56": 0.017578125,
      "20": 0.01171875,
      "44": 0.0029296875,
      "52": 0.0244140625,
      "3": 0.0185546875,
      "33": 0.0048828125,
      "63": 0.0146484375,
      "10": 0.00390625,
      "43": 0.0009765625,
      "53": 0.0029296875,
      "2": 0.01171875,
      "28": 0.0546875,
      "8": 0.03125,
      "13": 0.013671875,
      "60": 0.052734375,
      "29": 0.013671875,
      "59": 0.00390625,
      "14": 0.037109375,
      "19": 0.0048828125,
      "32": 0.013671875,
      "48": 0.0185546875,
      "7": 0.0439453125,
      "11": 0.0107421875,
      "62": 0.025390625,
      "31": 0.0400390625,
      "61": 0.0126953125,
      "23": 0.005859375,
      "9": 0.01171875,
      "24": 0.0126953125,
      "18": 0.0087890625,
      "30": 0.060546875,
      "40": 0.009765625,
      "25": 0.005859375,
      "1": 0.0078125,
      "16": 0.005859375,
      "47": 0.00390625,
      "6": 0.009765625,
      "21": 0.0048828125,
      "22": 0.0107421875,
      "57": 0.005859375,
      "17": 0.0048828125,
      "41": 0.0009765625,
      "46": 0.0009765625,
      "5": 0.0009765625,
      "50": 0.00390625,
      "39": 0.0009765625,
      "27": 0.0029296875
    }
  }
}