{
  "laps": {
    "01_setup": 6.7e-05,
    "03_transpile": 0.026732,
    "04_submit": 0.000761,
    "05_run": 0.022006,
    "06_collect": 7.6e-05,
    "total": 0.049642
  },
  "meta": {
    "backend": "fake_jakarta",
    "n_qubits": 6,
    "depth_in": 11,
    "depth_transpiled": 16,
    "size_transpiled": 21,
    "quasi_dist": {
      "0": 0.505859375,
      "63": 0.494140625
    }
  }
}