{
  "laps": {
    "01_setup": 0.000113,
    "03_transpile": 0.127054,
    "04_submit": 0.002195,
    "05_run": 0.028862,
    "06_collect": 0.000247,
    "total": 0.158471
  },
  "meta": {
    "backend": "fake_jakarta",
    "n_qubits": 6,
    "depth_in": 24,
    "depth_transpiled": 66,
    "size_transpiled": 170,
    "quasi_dist": {
      "44": 0.0068359375,
      "52": 0.0185546875,
      "3": 0.03515625,
      "40": 0.0107421875,
      "9": 0.005859375,
      "28": 0.0419921875,
      "30": 0.056640625,
      "60": 0.0458984375,
      "13": 0.015625,
      "23": 0.005859375,
      "38": 0.0078125,
      "15": 0.0419921875,
      "58": 0.0146484375,
      "48": 0.0205078125,
      "7": 0.0361328125,
      "0": 0.251953125,
      "25": 0.0087890625,
      "47": 0.0029296875,
      "6": 0.0068359375,
      "51": 0.0068359375,
      "4": 0.0166015625,
      "45": 0.0029296875,
      "62": 0.021484375,
      "11": 0.0048828125,
      "56": 0.0234375,
      "12": 0.0009765625,
      "61": 0.015625,
      "31": 0.0302734375,
      "32": 0.00390625,
      "22": 0.01953125,
      "63": 0.0244140625,
      "33": 0.0048828125,
      "10": 0.0048828125,
      "29": 0.0185546875,
      "14": 0.0302734375,
      "59": 0.0078125,
      "26": 0.0107421875,
      "18": 0.0087890625,
      "2": 0.0126953125,
      "53": 0.0009765625,
      "24": 0.013671875,
      "21": 0.0029296875,
      "8": 0.03125,
      "20": 0.0068359375,
      "19": 0.0009765625,
      "39": 0.0009765625,
      "50": 0.0048828125,
      "5": 0.001953125,
      "27": 0.0087890625,
      "17": 0.0029296875,
      "16": 0.00390625,
      "57": 0.0068359375,
      "42": 0.0009765625,
      "1": 0.0078125
    }
  }
}