{
  "01_setup": 0.000359,
  "03_transpile": 0.175616,
  "04_submit": 0.00377,
  "05_run": 0.115139,
  "06_collect": 0.000396,
  "total": 0.29528
}