{
  "laps": {
    "01_setup": 6.8e-05,
    "03_transpile": 0.001385,
    "04_submit": 0.000635,
    "05_run": 0.027965,
    "06_collect": 8e-05,
    "total": 0.030133
  },
  "meta": {
    "backend": "fake_jakarta",
    "n_qubits": 6,
    "depth_in": 11,
    "depth_transpiled": 16,
    "size_transpiled": 21,
    "quasi_dist": {
      "0": 0.5126953125,
      "63": 0.4873046875
    }
  }
}