{
  "sizes": [
    50,
    100,
    150,
    200,
    300,
    350,
    400,
    450,
    500
  ],
  "methods": [
    "TransCache(Proposed)",
    "TransCache(Adaptive)",
    "FirstSeen",
    "ParamReuse",
    "FullCompilation"
  ],
  "e2e_latency": {
    "TransCache(Proposed)": [
      1.190886199241504,
      2.2968673016875982,
      8.74995409976691,
      10.96818770072423,
      14.70428250147961,
      15.009386600926518,
      18.986181602347642,
      19.738192902179435,
      23.027288400102407
    ],
    "TransCache(Adaptive)": [
      1.551870800089091,
      5.945126899285242,
      10.67713160160929,
      10.96948159695603,
      15.715040997136384,
      18.314195204060525,
      19.739652294898406,
      20.105015000794083,
      22.97815350163728
    ],
    "FirstSeen": [
      1.370988299138844,
      5.403092600638047,
      9.000294296769425,
      8.419631001306698,
      12.09608959988691,
      11.95151710161008,
      13.587306800298393,
      14.965412100311369,
      14.539577097631991
    ],
    "ParamReuse": [
      2.0611073998734355,
      13.263293300522491,
      21.087013800861314,
      20.54980499879457,
      42.22759159980342,
      49.473996200598776,
      47.78535219933838,
      44.117854504147545,
      39.75203030370176
    ],
    "FullCompilation": [
      2.8363749012351036,
      16.29961719829589,
      29.78300060192123,
      29.838231500936672,
      62.53261090279557,
      63.00373070407659,
      68.34476729575545,
      75.26270449720323,
      69.84074500645511
    ]
  },
  "final_cache_size": {
    "TransCache(Proposed)": [
      21,
      25,
      25,
      25,
      25,
      25,
      25,
      25,
      25
    ],
    "TransCache(Adaptive)": [
      10,
      19,
      21,
      25,
      34,
      37,
      37,
      39,
      43
    ],
    "FirstSeen": [
      21,
      28,
      41,
      45,
      46,
      50,
      53,
      54,
      56
    ],
    "ParamReuse": [
      13,
      16,
      24,
      25,
      24,
      28,
      31,
      30,
      32
    ],
    "FullCompilation": [
      0,
      0,
      0,
      0,
      0,
      0,
      0,
      0,
      0
    ]
  },
  "config": {
    "q_list": [
      5,
      7,
      11,
      13
    ],
    "d_list": [
      4,
      8
    ],
    "shots": 256,
    "hot_fraction": 0.25,
    "hot_boost": 8.0,
    "rps": 1.0,
    "rng_seed_base": 123,
    "lookahead": 8.0,
    "prob_th": 0.45,
    "max_compile": 3,
    "sliding_window_sec": 60.0,
    "min_samples": 2,
    "prewarm_every": 5
  },
  "plots": {
    "latency_png": "figs\\v15\\plots\\scaling_e2e_latency.png",
    "cache_png": "figs\\v15\\plots\\scaling_final_cache_size.png"
  }
}