{
  "01_setup": 0.000378,
  "03_transpile": 0.200271,
  "04_submit": 0.003779,
  "05_run": 0.118208,
  "06_collect": 0.000304,
  "total": 0.32294
}