{
  "laps": {
    "01_setup": 6.9e-05,
    "03_transpile": 0.032614,
    "04_submit": 0.001002,
    "05_run": 0.024137,
    "06_collect": 6.3e-05,
    "total": 0.057885
  },
  "meta": {
    "backend": "fake_jakarta",
    "n_qubits": 6,
    "depth_in": 8,
    "depth_transpiled": 18,
    "size_transpiled": 28,
    "quasi_dist": {
      "0": 0.51953125,
      "63": 0.48046875
    }
  }
}