{
  "laps": {
    "01_setup": 7.3e-05,
    "03_transpile": 0.039135,
    "04_submit": 0.001076,
    "05_run": 0.025234,
    "06_collect": 0.000164,
    "total": 0.065682
  },
  "meta": {
    "backend": "fake_jakarta",
    "n_qubits": 7,
    "depth_in": 15,
    "depth_transpiled": 29,
    "size_transpiled": 40,
    "quasi_dist": {
      "0": 0.5048828125,
      "127": 0.4951171875
    }
  }
}