{
  "laps": {
    "01_setup": 8.5e-05,
    "02_cache_search": 0.00064,
    "03_transpile": 0.05255,
    "07_cache_write": 0.103976,
    "04_submit": 0.001915,
    "05_run": 0.025364,
    "06_collect": 0.000284,
    "total": 0.184814
  },
  "meta": {
    "backend": "fake_jakarta",
    "n_qubits": 7,
    "depth_in": 39,
    "depth_transpiled": 52,
    "size_transpiled": 63,
    "quasi_dist": {
      "127": 0.5078125,
      "0": 0.4921875
    }
  }
}