{
  "01_setup": 0.000308,
  "02_cache_search": 0.000621,
  "03_transpile": 0.020561,
  "07_cache_write": 0.002598,
  "04_submit": 0.0028,
  "05_run": 0.100924,
  "06_collect": 0.000203,
  "total": 0.128015
}