{
  "01_setup": 0.000515,
  "03_transpile": 0.206386,
  "04_submit": 0.00458,
  "05_run": 0.157048,
  "06_collect": 0.000558,
  "total": 0.369087
}