{
  "laps": {
    "01_setup": 0.000204,
    "03_transpile": 0.058834,
    "04_submit": 0.001237,
    "05_run": 0.036105,
    "06_collect": 0.000179,
    "total": 0.096559
  },
  "meta": {
    "backend": "fake_jakarta",
    "n_qubits": 7,
    "depth_in": 15,
    "depth_transpiled": 29,
    "size_transpiled": 40,
    "quasi_dist": {
      "0": 0.50390625,
      "127": 0.49609375
    }
  }
}