{
  "laps": {
    "01_setup": 6.2e-05,
    "03_transpile": 0.027884,
    "04_submit": 0.000823,
    "05_run": 0.021498,
    "06_collect": 7.3e-05,
    "total": 0.05034
  },
  "meta": {
    "backend": "fake_jakarta",
    "n_qubits": 3,
    "depth_in": 9,
    "depth_transpiled": 16,
    "size_transpiled": 38,
    "quasi_dist": {
      "2": 0.1015625,
      "0": 0.6630859375,
      "4": 0.09765625,
      "1": 0.08203125,
      "6": 0.015625,
      "3": 0.021484375,
      "5": 0.0166015625,
      "7": 0.001953125
    }
  }
}