{
  "laps": {
    "01_setup": 0.00011,
    "03_transpile": 0.038946,
    "04_submit": 0.000764,
    "05_run": 0.028823,
    "06_collect": 9.7e-05,
    "total": 0.06874
  },
  "meta": {
    "backend": "fake_jakarta",
    "n_qubits": 3,
    "depth_in": 7,
    "depth_transpiled": 9,
    "size_transpiled": 11,
    "quasi_dist": {
      "7": 0.5048828125,
      "0": 0.4951171875
    }
  }
}