{
  "laps": {
    "01_setup": 9.5e-05,
    "02_cache_search": 0.000151,
    "04_submit": 0.001161,
    "05_run": 0.044154,
    "06_collect": 0.00021,
    "total": 0.045771
  },
  "meta": {
    "backend": "fake_jakarta",
    "n_qubits": 7,
    "depth_in": 15,
    "depth_transpiled": 29,
    "size_transpiled": 40,
    "quasi_dist": {
      "0": 0.49609375,
      "127": 0.50390625
    }
  }
}