{
  "01_setup": 0.000446,
  "03_transpile": 1.075471,
  "04_submit": 0.032066,
  "05_run": 0.430202,
  "06_collect": 0.007664,
  "total": 1.545849
}