{
  "laps": {
    "01_setup": 6.2e-05,
    "02_cache_search": 0.000348,
    "04_submit": 0.001024,
    "05_run": 0.022586,
    "06_collect": 0.000244,
    "total": 0.024264
  },
  "meta": {
    "backend": "fake_jakarta",
    "n_qubits": 3,
    "depth_in": 35,
    "depth_transpiled": 37,
    "size_transpiled": 39,
    "quasi_dist": {
      "0": 0.4951171875,
      "7": 0.5048828125
    }
  }
}