{
  "laps": {
    "01_setup": 8.3e-05,
    "02_cache_search": 0.000849,
    "04_submit": 0.00335,
    "05_run": 0.067561,
    "06_collect": 0.001128,
    "total": 0.072971
  },
  "meta": {
    "backend": "fake_jakarta",
    "n_qubits": 6,
    "depth_in": 68,
    "depth_transpiled": 173,
    "size_transpiled": 433,
    "quasi_dist": {
      "16": 0.03515625,
      "31": 0.0224609375,
      "56": 0.0361328125,
      "7": 0.041015625,
      "48": 0.03125,
      "61": 0.0078125,
      "12": 0.01953125,
      "38": 0.0009765625,
      "58": 0.00390625,
      "15": 0.0615234375,
      "11": 0.0009765625,
      "34": 0.0029296875,
      "62": 0.041015625,
      "30": 0.052734375,
      "55": 0.0009765625,
      "0": 0.2568359375,
      "14": 0.05078125,
      "36": 0.0048828125,
      "13": 0.013671875,
      "60": 0.0458984375,
      "52": 0.0048828125,
      "44": 0.0078125,
      "3": 0.013671875,
      "8": 0.021484375,
      "28": 0.015625,
      "24": 0.033203125,
      "22": 0.0029296875,
      "10": 0.001953125,
      "63": 0.0390625,
      "6": 0.0234375,
      "49": 0.001953125,
      "47": 0.001953125,
      "26": 0.00390625,
      "54": 0.001953125,
      "1": 0.0087890625,
      "51": 0.0009765625,
      "4": 0.009765625,
      "45": 0.0029296875,
      "40": 0.005859375,
      "32": 0.0185546875,
      "5": 0.0068359375,
      "46": 0.0048828125,
      "50": 0.00390625,
      "39": 0.0068359375,
      "29": 0.0048828125,
      "19": 0.001953125,
      "17": 0.00390625,
      "2": 0.0078125,
      "20": 0.001953125,
      "23": 0.0009765625,
      "18": 0.0009765625,
      "21": 0.0029296875,
      "25": 0.0009765625
    }
  }
}