{
  "laps": {
    "01_setup": 0.000193,
    "02_cache_search": 0.000461,
    "04_submit": 0.001664,
    "05_run": 0.029811,
    "06_collect": 0.000294,
    "total": 0.032423
  },
  "meta": {
    "backend": "fake_jakarta",
    "n_qubits": 5,
    "depth_in": 37,
    "depth_transpiled": 39,
    "size_transpiled": 43,
    "quasi_dist": {
      "0": 0.4951171875,
      "31": 0.5048828125
    }
  }
}