{
  "laps": {
    "01_setup": 0.000126,
    "03_transpile": 0.027605,
    "04_submit": 0.00057,
    "05_run": 0.02527,
    "06_collect": 7.4e-05,
    "total": 0.053645
  },
  "meta": {
    "backend": "fake_jakarta",
    "n_qubits": 6,
    "depth_in": 8,
    "depth_transpiled": 13,
    "size_transpiled": 18,
    "quasi_dist": {
      "63": 0.5146484375,
      "0": 0.4853515625
    }
  }
}