{
  "01_setup": 0.000447,
  "02_cache_search": 0.000838,
  "03_transpile": 0.035109,
  "07_cache_write": 0.008422,
  "04_submit": 0.003585,
  "05_run": 0.114745,
  "06_collect": 0.000476,
  "total": 0.163622
}