{
  "laps": {
    "01_setup": 7.2e-05,
    "02_cache_search": 8.5e-05,
    "04_submit": 0.000642,
    "05_run": 0.019258,
    "06_collect": 3.7e-05,
    "total": 0.020094
  },
  "meta": {
    "backend": "fake_jakarta",
    "n_qubits": 3,
    "depth_in": 5,
    "depth_transpiled": 7,
    "size_transpiled": 9,
    "quasi_dist": {
      "0": 0.4951171875,
      "7": 0.5048828125
    }
  }
}