{
  "laps": {
    "01_setup": 6e-05,
    "02_cache_search": 0.000314,
    "03_transpile": 0.020561,
    "07_cache_write": 0.002598,
    "04_submit": 0.00054,
    "05_run": 0.024325,
    "06_collect": 4.1e-05,
    "total": 0.048439
  },
  "meta": {
    "backend": "fake_jakarta",
    "n_qubits": 3,
    "depth_in": 5,
    "depth_transpiled": 7,
    "size_transpiled": 9,
    "quasi_dist": {
      "0": 0.5048828125,
      "7": 0.4951171875
    }
  }
}