{
  "laps": {
    "01_setup": 6.9e-05,
    "02_cache_search": 0.000146,
    "04_submit": 0.00085,
    "05_run": 0.024655,
    "06_collect": 0.000121,
    "total": 0.025841
  },
  "meta": {
    "backend": "fake_jakarta",
    "n_qubits": 5,
    "depth_in": 10,
    "depth_transpiled": 57,
    "size_transpiled": 77,
    "quasi_dist": {
      "30": 0.0341796875,
      "21": 0.0322265625,
      "18": 0.0224609375,
      "27": 0.0400390625,
      "12": 0.0361328125,
      "26": 0.0322265625,
      "17": 0.021484375,
      "8": 0.0400390625,
      "2": 0.037109375,
      "31": 0.029296875,
      "24": 0.037109375,
      "13": 0.0302734375,
      "9": 0.03125,
      "29": 0.03125,
      "4": 0.0400390625,
      "19": 0.033203125,
      "22": 0.03125,
      "10": 0.029296875,
      "11": 0.03125,
      "0": 0.025390625,
      "1": 0.025390625,
      "5": 0.0380859375,
      "6": 0.0244140625,
      "25": 0.033203125,
      "3": 0.0361328125,
      "16": 0.0234375,
      "14": 0.0361328125,
      "28": 0.0283203125,
      "20": 0.0322265625,
      "23": 0.0283203125,
      "15": 0.025390625,
      "7": 0.0234375
    }
  }
}