{
  "laps": {
    "01_setup": 0.000125,
    "03_transpile": 0.039677,
    "04_submit": 0.000847,
    "05_run": 0.025231,
    "06_collect": 0.000131,
    "total": 0.066011
  },
  "meta": {
    "backend": "fake_jakarta",
    "n_qubits": 5,
    "depth_in": 21,
    "depth_transpiled": 23,
    "size_transpiled": 27,
    "quasi_dist": {
      "31": 0.5283203125,
      "0": 0.4716796875
    }
  }
}