{
  "laps": {
    "01_setup": 8.5e-05,
    "02_cache_search": 0.000372,
    "03_transpile": 0.053084,
    "07_cache_write": 0.019372,
    "04_submit": 0.002191,
    "05_run": 0.0399,
    "06_collect": 0.00029,
    "total": 0.115294
  },
  "meta": {
    "backend": "fake_jakarta",
    "n_qubits": 5,
    "depth_in": 35,
    "depth_transpiled": 48,
    "size_transpiled": 174,
    "quasi_dist": {
      "7": 0.0322265625,
      "24": 0.064453125,
      "16": 0.0263671875,
      "0": 0.1162109375,
      "27": 0.0107421875,
      "12": 0.091796875,
      "2": 0.048828125,
      "15": 0.0283203125,
      "6": 0.0771484375,
      "4": 0.0439453125,
      "14": 0.0888671875,
      "28": 0.07421875,
      "5": 0.0263671875,
      "26": 0.0048828125,
      "10": 0.0087890625,
      "8": 0.0419921875,
      "20": 0.0068359375,
      "3": 0.025390625,
      "22": 0.0107421875,
      "30": 0.0498046875,
      "23": 0.009765625,
      "31": 0.0087890625,
      "13": 0.017578125,
      "11": 0.009765625,
      "25": 0.0029296875,
      "18": 0.0068359375,
      "1": 0.021484375,
      "29": 0.021484375,
      "17": 0.009765625,
      "21": 0.0078125,
      "9": 0.005859375
    }
  }
}