{
  "laps": {
    "01_setup": 7.4e-05,
    "02_cache_search": 0.000153,
    "04_submit": 0.000753,
    "05_run": 0.032054,
    "06_collect": 0.000158,
    "total": 0.033192
  },
  "meta": {
    "backend": "fake_jakarta",
    "n_qubits": 3,
    "depth_in": 19,
    "depth_transpiled": 21,
    "size_transpiled": 23,
    "quasi_dist": {
      "0": 0.5205078125,
      "7": 0.4794921875
    }
  }
}