{
  "laps": {
    "01_setup": 6.8e-05,
    "02_cache_search": 9.7e-05,
    "04_submit": 0.000571,
    "05_run": 0.023218,
    "06_collect": 6.5e-05,
    "total": 0.024019
  },
  "meta": {
    "backend": "fake_jakarta",
    "n_qubits": 3,
    "depth_in": 5,
    "depth_transpiled": 11,
    "size_transpiled": 28,
    "quasi_dist": {
      "4": 0.1396484375,
      "3": 0.1298828125,
      "5": 0.119140625,
      "2": 0.1171875,
      "1": 0.1337890625,
      "6": 0.1201171875,
      "7": 0.1171875,
      "0": 0.123046875
    }
  }
}