{
  "laps": {
    "01_setup": 7.6e-05,
    "02_cache_search": 0.000191,
    "04_submit": 0.001134,
    "05_run": 0.036389,
    "06_collect": 0.00021,
    "total": 0.038
  },
  "meta": {
    "backend": "fake_jakarta",
    "n_qubits": 6,
    "depth_in": 22,
    "depth_transpiled": 27,
    "size_transpiled": 32,
    "quasi_dist": {
      "63": 0.50390625,
      "0": 0.49609375
    }
  }
}