{
  "laps": {
    "01_setup": 7.6e-05,
    "02_cache_search": 0.000188,
    "04_submit": 0.001265,
    "05_run": 0.031113,
    "06_collect": 0.00022,
    "total": 0.032862
  },
  "meta": {
    "backend": "fake_jakarta",
    "n_qubits": 7,
    "depth_in": 23,
    "depth_transpiled": 36,
    "size_transpiled": 47,
    "quasi_dist": {
      "0": 0.5029296875,
      "127": 0.4970703125
    }
  }
}