{
  "laps": {
    "01_setup": 6.8e-05,
    "03_transpile": 0.054503,
    "04_submit": 0.001555,
    "05_run": 0.026005,
    "06_collect": 0.000119,
    "total": 0.08225
  },
  "meta": {
    "backend": "fake_jakarta",
    "n_qubits": 5,
    "depth_in": 10,
    "depth_transpiled": 52,
    "size_transpiled": 77,
    "quasi_dist": {
      "30": 0.0263671875,
      "13": 0.02734375,
      "25": 0.0341796875,
      "8": 0.037109375,
      "12": 0.0283203125,
      "1": 0.0380859375,
      "20": 0.0361328125,
      "22": 0.0302734375,
      "11": 0.0322265625,
      "28": 0.0361328125,
      "29": 0.02734375,
      "17": 0.0390625,
      "6": 0.0361328125,
      "27": 0.025390625,
      "0": 0.029296875,
      "4": 0.029296875,
      "14": 0.0380859375,
      "18": 0.0341796875,
      "7": 0.03125,
      "31": 0.02734375,
      "15": 0.0263671875,
      "21": 0.033203125,
      "3": 0.0380859375,
      "2": 0.021484375,
      "19": 0.033203125,
      "16": 0.037109375,
      "10": 0.01953125,
      "5": 0.02734375,
      "23": 0.0341796875,
      "24": 0.0341796875,
      "9": 0.021484375,
      "26": 0.0302734375
    }
  }
}