{
  "01_setup": 0.000353,
  "02_cache_search": 0.001028,
  "03_transpile": 0.034098,
  "07_cache_write": 0.008529,
  "04_submit": 0.003494,
  "05_run": 0.117523,
  "06_collect": 0.000482,
  "total": 0.165507
}