{
  "laps": {
    "01_setup": 0.000146,
    "03_transpile": 0.797606,
    "04_submit": 0.014568,
    "05_run": 0.114599,
    "06_collect": 0.002304,
    "total": 0.929223
  },
  "meta": {
    "backend": "fake_jakarta",
    "n_qubits": 6,
    "depth_in": 102,
    "depth_transpiled": 1007,
    "size_transpiled": 1947,
    "quasi_dist": {
      "0": 1.0
    }
  }
}