{
  "01_setup": 0.000748,
  "03_transpile": 0.328398,
  "04_submit": 0.008059,
  "05_run": 0.211394,
  "06_collect": 0.001435,
  "total": 0.550034
}