{
  "01_setup": 0.000428,
  "02_cache_search": 0.002252,
  "03_transpile": 0.156732,
  "07_cache_write": 0.025056,
  "04_submit": 0.015421,
  "05_run": 0.213035,
  "06_collect": 0.003333,
  "total": 0.416257
}