{
  "01_setup": 0.000412,
  "03_transpile": 0.12082,
  "04_submit": 0.003147,
  "05_run": 0.109951,
  "06_collect": 0.000268,
  "total": 0.234598
}