{
  "01_setup": 0.000422,
  "03_transpile": 0.780644,
  "04_submit": 0.015352,
  "05_run": 0.197211,
  "06_collect": 0.002866,
  "total": 0.996495
}