{
  "laps": {
    "01_setup": 7.1e-05,
    "02_cache_search": 0.000581,
    "03_transpile": 0.034098,
    "07_cache_write": 0.008529,
    "04_submit": 0.001059,
    "05_run": 0.021546,
    "06_collect": 9.5e-05,
    "total": 0.065979
  },
  "meta": {
    "backend": "fake_jakarta",
    "n_qubits": 6,
    "depth_in": 10,
    "depth_transpiled": 20,
    "size_transpiled": 30,
    "quasi_dist": {
      "0": 0.5048828125,
      "63": 0.4951171875
    }
  }
}