{
  "laps": {
    "01_setup": 5.8e-05,
    "03_transpile": 0.033792,
    "04_submit": 0.000799,
    "05_run": 0.025725,
    "06_collect": 0.00016,
    "total": 0.060534
  },
  "meta": {
    "backend": "fake_jakarta",
    "n_qubits": 3,
    "depth_in": 17,
    "depth_transpiled": 26,
    "size_transpiled": 58,
    "quasi_dist": {
      "3": 0.1845703125,
      "1": 0.076171875,
      "7": 0.0224609375,
      "4": 0.0791015625,
      "2": 0.0439453125,
      "0": 0.4443359375,
      "6": 0.103515625,
      "5": 0.0458984375
    }
  }
}