{
  "01_setup": 0.000446,
  "02_cache_search": 0.001458,
  "03_transpile": 0.0415,
  "07_cache_write": 0.005597,
  "04_submit": 0.007125,
  "05_run": 0.197364,
  "06_collect": 0.001253,
  "total": 0.254743
}