{
  "01_setup": 0.000422,
  "03_transpile": 1.527217,
  "04_submit": 0.034045,
  "05_run": 0.273887,
  "06_collect": 0.006062,
  "total": 1.841633
}