{
  "01_setup": 0.000327,
  "02_cache_search": 0.000839,
  "03_transpile": 0.031091,
  "07_cache_write": 0.016453,
  "04_submit": 0.003176,
  "05_run": 0.109346,
  "06_collect": 0.000926,
  "total": 0.162158
}