{
  "laps": {
    "01_setup": 7.1e-05,
    "03_transpile": 0.042131,
    "04_submit": 0.001327,
    "05_run": 0.031334,
    "06_collect": 0.000331,
    "total": 0.075194
  },
  "meta": {
    "backend": "fake_jakarta",
    "n_qubits": 7,
    "depth_in": 39,
    "depth_transpiled": 52,
    "size_transpiled": 63,
    "quasi_dist": {
      "0": 0.517578125,
      "127": 0.482421875
    }
  }
}