{
  "laps": {
    "01_setup": 6.2e-05,
    "03_transpile": 0.021185,
    "04_submit": 0.000459,
    "05_run": 0.019207,
    "06_collect": 3.3e-05,
    "total": 0.040946
  },
  "meta": {
    "backend": "fake_jakarta",
    "n_qubits": 3,
    "depth_in": 4,
    "depth_transpiled": 6,
    "size_transpiled": 8,
    "quasi_dist": {
      "7": 0.505859375,
      "0": 0.494140625
    }
  }
}