{
  "01_setup": 0.000388,
  "02_cache_search": 0.000804,
  "03_transpile": 0.031525,
  "07_cache_write": 0.004042,
  "04_submit": 0.004094,
  "05_run": 0.121489,
  "06_collect": 0.000554,
  "total": 0.162896
}