{
  "laps": {
    "01_setup": 8.3e-05,
    "02_cache_search": 0.000108,
    "04_submit": 0.000591,
    "05_run": 0.020717,
    "06_collect": 0.000101,
    "total": 0.0216
  },
  "meta": {
    "backend": "fake_jakarta",
    "n_qubits": 6,
    "depth_in": 10,
    "depth_transpiled": 20,
    "size_transpiled": 30,
    "quasi_dist": {
      "0": 0.51171875,
      "63": 0.48828125
    }
  }
}