{
  "laps": {
    "01_setup": 7.8e-05,
    "02_cache_search": 0.001275,
    "03_transpile": 0.099882,
    "07_cache_write": 0.047271,
    "04_submit": 0.003903,
    "05_run": 0.043355,
    "06_collect": 0.000612,
    "total": 0.196376
  },
  "meta": {
    "backend": "fake_jakarta",
    "n_qubits": 3,
    "depth_in": 129,
    "depth_transpiled": 166,
    "size_transpiled": 338,
    "quasi_dist": {
      "1": 0.1640625,
      "0": 0.5703125,
      "4": 0.0146484375,
      "2": 0.166015625,
      "6": 0.0166015625,
      "5": 0.01953125,
      "3": 0.0458984375,
      "7": 0.0029296875
    }
  }
}