{
  "laps": {
    "01_setup": 8.1e-05,
    "03_transpile": 0.052801,
    "04_submit": 0.001706,
    "05_run": 0.035094,
    "06_collect": 0.00023,
    "total": 0.089912
  },
  "meta": {
    "backend": "fake_jakarta",
    "n_qubits": 3,
    "depth_in": 33,
    "depth_transpiled": 46,
    "size_transpiled": 98,
    "quasi_dist": {
      "1": 0.1357421875,
      "0": 0.1416015625,
      "3": 0.154296875,
      "6": 0.150390625,
      "4": 0.08203125,
      "2": 0.150390625,
      "5": 0.1044921875,
      "7": 0.0810546875
    }
  }
}