{
  "laps": {
    "01_setup": 7.8e-05,
    "02_cache_search": 0.000612,
    "03_transpile": 0.08775,
    "07_cache_write": 0.023077,
    "04_submit": 0.001864,
    "05_run": 0.036221,
    "06_collect": 0.000666,
    "total": 0.150268
  },
  "meta": {
    "backend": "fake_jakarta",
    "n_qubits": 6,
    "depth_in": 36,
    "depth_transpiled": 89,
    "size_transpiled": 233,
    "quasi_dist": {
      "24": 0.0283203125,
      "57": 0.017578125,
      "31": 0.029296875,
      "32": 0.0087890625,
      "0": 0.1708984375,
      "55": 0.013671875,
      "19": 0.009765625,
      "30": 0.0283203125,
      "38": 0.0068359375,
      "58": 0.013671875,
      "15": 0.0634765625,
      "56": 0.076171875,
      "28": 0.0625,
      "59": 0.0048828125,
      "37": 0.001953125,
      "14": 0.0302734375,
      "3": 0.0302734375,
      "52": 0.001953125,
      "47": 0.0146484375,
      "6": 0.0283203125,
      "9": 0.0078125,
      "61": 0.0068359375,
      "35": 0.0048828125,
      "12": 0.0478515625,
      "8": 0.0078125,
      "13": 0.0048828125,
      "60": 0.0283203125,
      "36": 0.0078125,
      "1": 0.0361328125,
      "54": 0.009765625,
      "16": 0.0166015625,
      "20": 0.009765625,
      "27": 0.0029296875,
      "7": 0.01953125,
      "48": 0.0224609375,
      "40": 0.0166015625,
      "51": 0.0009765625,
      "4": 0.0126953125,
      "43": 0.001953125,
      "2": 0.009765625,
      "62": 0.013671875,
      "11": 0.0068359375,
      "25": 0.00390625,
      "33": 0.0107421875,
      "10": 0.0087890625,
      "63": 0.00390625,
      "26": 0.009765625,
      "29": 0.01171875,
      "5": 0.0068359375,
      "18": 0.0009765625,
      "39": 0.00390625,
      "17": 0.0009765625,
      "22": 0.0009765625
    }
  }
}