{
  "laps": {
    "01_setup": 0.000124,
    "02_cache_search": 0.002275,
    "03_transpile": 1.163857,
    "07_cache_write": 0.046106,
    "04_submit": 0.019011,
    "05_run": 0.224059,
    "06_collect": 0.003461,
    "total": 1.458893
  },
  "meta": {
    "backend": "fake_jakarta",
    "n_qubits": 7,
    "depth_in": 119,
    "depth_transpiled": 1419,
    "size_transpiled": 2849,
    "quasi_dist": {
      "0": 1.0
    }
  }
}