{
  "01_setup": 0.00037,
  "03_transpile": 0.15829,
  "04_submit": 0.004322,
  "05_run": 0.122669,
  "06_collect": 0.000566,
  "total": 0.286217
}