{
  "laps": {
    "01_setup": 0.000134,
    "03_transpile": 0.042127,
    "04_submit": 0.000953,
    "05_run": 0.026515,
    "06_collect": 3.3e-05,
    "total": 0.069762
  },
  "meta": {
    "backend": "fake_jakarta",
    "n_qubits": 3,
    "depth_in": 4,
    "depth_transpiled": 6,
    "size_transpiled": 8,
    "quasi_dist": {
      "0": 0.51953125,
      "7": 0.48046875
    }
  }
}