{
  "01_setup": 0.000391,
  "03_transpile": 0.178048,
  "04_submit": 0.007176,
  "05_run": 0.12047,
  "06_collect": 0.000292,
  "total": 0.306377
}