{
  "laps": {
    "01_setup": 8.8e-05,
    "03_transpile": 0.159397,
    "04_submit": 0.004806,
    "05_run": 0.044877,
    "06_collect": 0.001174,
    "total": 0.210342
  },
  "meta": {
    "backend": "fake_jakarta",
    "n_qubits": 6,
    "depth_in": 68,
    "depth_transpiled": 173,
    "size_transpiled": 433,
    "quasi_dist": {
      "6": 0.0263671875,
      "47": 0.0107421875,
      "48": 0.02734375,
      "7": 0.03515625,
      "56": 0.041015625,
      "12": 0.0322265625,
      "61": 0.0087890625,
      "8": 0.0166015625,
      "55": 0.0009765625,
      "0": 0.271484375,
      "34": 0.0068359375,
      "62": 0.02734375,
      "14": 0.060546875,
      "30": 0.0439453125,
      "58": 0.005859375,
      "38": 0.0029296875,
      "15": 0.05859375,
      "3": 0.0146484375,
      "44": 0.0048828125,
      "16": 0.0478515625,
      "63": 0.029296875,
      "10": 0.001953125,
      "13": 0.0087890625,
      "60": 0.0400390625,
      "36": 0.00390625,
      "28": 0.0205078125,
      "46": 0.00390625,
      "5": 0.00390625,
      "50": 0.0048828125,
      "57": 0.00390625,
      "29": 0.005859375,
      "32": 0.0234375,
      "9": 0.0029296875,
      "20": 0.00390625,
      "40": 0.005859375,
      "24": 0.0322265625,
      "22": 0.00390625,
      "42": 0.0009765625,
      "54": 0.0009765625,
      "1": 0.005859375,
      "39": 0.005859375,
      "45": 0.0009765625,
      "4": 0.0068359375,
      "31": 0.0224609375,
      "2": 0.0029296875,
      "26": 0.00390625,
      "25": 0.0009765625,
      "27": 0.0009765625,
      "17": 0.0009765625,
      "18": 0.0009765625,
      "19": 0.001953125
    }
  }
}