{
  "laps": {
    "01_setup": 6.5e-05,
    "02_cache_search": 0.00021,
    "04_submit": 0.000806,
    "05_run": 0.026325,
    "06_collect": 0.000146,
    "total": 0.027552
  },
  "meta": {
    "backend": "fake_jakarta",
    "n_qubits": 5,
    "depth_in": 19,
    "depth_transpiled": 28,
    "size_transpiled": 102,
    "quasi_dist": {
      "0": 0.28515625,
      "14": 0.052734375,
      "19": 0.02734375,
      "28": 0.0341796875,
      "2": 0.046875,
      "16": 0.0234375,
      "1": 0.041015625,
      "3": 0.0390625,
      "24": 0.01171875,
      "8": 0.0595703125,
      "26": 0.0087890625,
      "31": 0.0439453125,
      "13": 0.01171875,
      "12": 0.037109375,
      "7": 0.0458984375,
      "22": 0.015625,
      "11": 0.0234375,
      "6": 0.0302734375,
      "21": 0.0048828125,
      "4": 0.048828125,
      "29": 0.001953125,
      "27": 0.00390625,
      "15": 0.0224609375,
      "17": 0.0185546875,
      "30": 0.0166015625,
      "5": 0.00390625,
      "18": 0.0166015625,
      "25": 0.013671875,
      "9": 0.00390625,
      "10": 0.0029296875,
      "20": 0.00390625
    }
  }
}