{
  "laps": {
    "01_setup": 0.000102,
    "03_transpile": 0.079873,
    "04_submit": 0.000779,
    "05_run": 0.022935,
    "06_collect": 5.9e-05,
    "total": 0.103748
  },
  "meta": {
    "backend": "fake_jakarta",
    "n_qubits": 6,
    "depth_in": 7,
    "depth_transpiled": 17,
    "size_transpiled": 27,
    "quasi_dist": {
      "63": 0.5048828125,
      "0": 0.4951171875
    }
  }
}