{
  "laps": {
    "01_setup": 7.2e-05,
    "02_cache_search": 0.000583,
    "03_transpile": 0.276344,
    "07_cache_write": 0.011753,
    "04_submit": 0.005138,
    "05_run": 0.123136,
    "06_collect": 0.000931,
    "total": 0.417957
  },
  "meta": {
    "backend": "fake_jakarta",
    "n_qubits": 7,
    "depth_in": 35,
    "depth_transpiled": 315,
    "size_transpiled": 696,
    "quasi_dist": {
      "0": 1.0
    }
  }
}