{
  "01_setup": 0.000314,
  "02_cache_search": 0.000639,
  "03_transpile": 0.035003,
  "07_cache_write": 0.003225,
  "04_submit": 0.003546,
  "05_run": 0.106581,
  "06_collect": 0.000368,
  "total": 0.149676
}