{
  "laps": {
    "01_setup": 0.000104,
    "03_transpile": 0.020822,
    "04_submit": 0.000708,
    "05_run": 0.022077,
    "06_collect": 4.3e-05,
    "total": 0.043754
  },
  "meta": {
    "backend": "fake_jakarta",
    "n_qubits": 3,
    "depth_in": 5,
    "depth_transpiled": 7,
    "size_transpiled": 9,
    "quasi_dist": {
      "0": 0.4541015625,
      "7": 0.5458984375
    }
  }
}