{
  "01_setup": 0.000477,
  "03_transpile": 1.453069,
  "04_submit": 0.028304,
  "05_run": 0.31237,
  "06_collect": 0.004434,
  "total": 1.798654
}