{
  "laps": {
    "01_setup": 7.9e-05,
    "02_cache_search": 0.000423,
    "04_submit": 0.001492,
    "05_run": 0.037592,
    "06_collect": 0.000386,
    "total": 0.039972
  },
  "meta": {
    "backend": "fake_jakarta",
    "n_qubits": 3,
    "depth_in": 65,
    "depth_transpiled": 86,
    "size_transpiled": 178,
    "quasi_dist": {
      "0": 0.8193359375,
      "1": 0.046875,
      "6": 0.056640625,
      "4": 0.0029296875,
      "2": 0.0380859375,
      "3": 0.0302734375,
      "5": 0.0029296875,
      "7": 0.0029296875
    }
  }
}