{
  "01_setup": 0.000506,
  "03_transpile": 2.764771,
  "04_submit": 0.048489,
  "05_run": 0.375238,
  "06_collect": 0.009597,
  "total": 3.198601
}