{
  "laps": {
    "01_setup": 6.9e-05,
    "02_cache_search": 0.000583,
    "03_transpile": 0.027978,
    "07_cache_write": 0.012428,
    "04_submit": 0.000701,
    "05_run": 0.024698,
    "06_collect": 0.000117,
    "total": 0.066574
  },
  "meta": {
    "backend": "fake_jakarta",
    "n_qubits": 5,
    "depth_in": 13,
    "depth_transpiled": 15,
    "size_transpiled": 19,
    "quasi_dist": {
      "31": 0.5283203125,
      "0": 0.4716796875
    }
  }
}