{
  "laps": {
    "01_setup": 8.3e-05,
    "03_transpile": 0.050993,
    "04_submit": 0.000948,
    "05_run": 0.025284,
    "06_collect": 7.4e-05,
    "total": 0.077382
  },
  "meta": {
    "backend": "fake_jakarta",
    "n_qubits": 7,
    "depth_in": 9,
    "depth_transpiled": 22,
    "size_transpiled": 33,
    "quasi_dist": {
      "127": 0.501953125,
      "0": 0.498046875
    }
  }
}