{
  "01_setup": 0.000546,
  "03_transpile": 0.170117,
  "04_submit": 0.0054,
  "05_run": 0.183567,
  "06_collect": 0.001003,
  "total": 0.360633
}