{
  "laps": {
    "01_setup": 8.6e-05,
    "03_transpile": 0.086992,
    "04_submit": 0.003306,
    "05_run": 0.032218,
    "06_collect": 0.000443,
    "total": 0.123045
  },
  "meta": {
    "backend": "fake_jakarta",
    "n_qubits": 5,
    "depth_in": 67,
    "depth_transpiled": 88,
    "size_transpiled": 318,
    "quasi_dist": {
      "0": 0.4521484375,
      "3": 0.01953125,
      "12": 0.0498046875,
      "20": 0.013671875,
      "14": 0.0654296875,
      "31": 0.0263671875,
      "2": 0.0068359375,
      "1": 0.04296875,
      "24": 0.0380859375,
      "18": 0.009765625,
      "28": 0.0771484375,
      "6": 0.025390625,
      "7": 0.037109375,
      "22": 0.005859375,
      "26": 0.009765625,
      "15": 0.01953125,
      "30": 0.0087890625,
      "4": 0.005859375,
      "19": 0.01171875,
      "25": 0.0146484375,
      "29": 0.01171875,
      "13": 0.0234375,
      "27": 0.001953125,
      "16": 0.0087890625,
      "10": 0.0029296875,
      "5": 0.001953125,
      "8": 0.00390625,
      "23": 0.00390625,
      "21": 0.0009765625
    }
  }
}