{
  "laps": {
    "01_setup": 6.6e-05,
    "02_cache_search": 0.001758,
    "04_submit": 0.005319,
    "05_run": 0.053463,
    "06_collect": 0.001182,
    "total": 0.061788
  },
  "meta": {
    "backend": "fake_jakarta",
    "n_qubits": 6,
    "depth_in": 132,
    "depth_transpiled": 341,
    "size_transpiled": 833,
    "quasi_dist": {
      "30": 0.0693359375,
      "36": 0.0009765625,
      "60": 0.0947265625,
      "13": 0.0107421875,
      "51": 0.0078125,
      "45": 0.0009765625,
      "4": 0.0234375,
      "56": 0.0517578125,
      "52": 0.0029296875,
      "3": 0.0439453125,
      "14": 0.0283203125,
      "24": 0.0166015625,
      "38": 0.0029296875,
      "58": 0.005859375,
      "15": 0.0439453125,
      "26": 0.0078125,
      "28": 0.0380859375,
      "7": 0.0625,
      "48": 0.029296875,
      "55": 0.0009765625,
      "0": 0.1416015625,
      "12": 0.0224609375,
      "35": 0.009765625,
      "34": 0.0048828125,
      "62": 0.0478515625,
      "17": 0.00390625,
      "54": 0.001953125,
      "1": 0.015625,
      "47": 0.0009765625,
      "49": 0.0048828125,
      "6": 0.0283203125,
      "2": 0.041015625,
      "5": 0.00390625,
      "50": 0.005859375,
      "31": 0.0595703125,
      "33": 0.0048828125,
      "63": 0.01953125,
      "8": 0.0146484375,
      "32": 0.005859375,
      "18": 0.001953125,
      "57": 0.00390625,
      "16": 0.00390625,
      "27": 0.0029296875,
      "21": 0.0009765625,
      "9": 0.001953125,
      "29": 0.001953125,
      "39": 0.001953125
    }
  }
}