{
  "laps": {
    "01_setup": 6.7e-05,
    "03_transpile": 0.027086,
    "04_submit": 0.000912,
    "05_run": 0.031577,
    "06_collect": 0.000218,
    "total": 0.05986
  },
  "meta": {
    "backend": "fake_jakarta",
    "n_qubits": 3,
    "depth_in": 19,
    "depth_transpiled": 21,
    "size_transpiled": 23,
    "quasi_dist": {
      "0": 0.498046875,
      "7": 0.501953125
    }
  }
}