{
  "laps": {
    "01_setup": 9e-05,
    "03_transpile": 0.124677,
    "04_submit": 0.005138,
    "05_run": 0.052842,
    "06_collect": 0.00078,
    "total": 0.183527
  },
  "meta": {
    "backend": "fake_jakarta",
    "n_qubits": 6,
    "depth_in": 68,
    "depth_transpiled": 173,
    "size_transpiled": 433,
    "quasi_dist": {
      "58": 0.0107421875,
      "15": 0.056640625,
      "7": 0.0419921875,
      "48": 0.0419921875,
      "16": 0.046875,
      "28": 0.0107421875,
      "11": 0.0009765625,
      "34": 0.005859375,
      "62": 0.03125,
      "13": 0.0126953125,
      "60": 0.0283203125,
      "0": 0.2587890625,
      "47": 0.0078125,
      "49": 0.001953125,
      "6": 0.03515625,
      "32": 0.0205078125,
      "31": 0.0224609375,
      "59": 0.0009765625,
      "14": 0.0625,
      "10": 0.00390625,
      "63": 0.0302734375,
      "8": 0.013671875,
      "22": 0.0009765625,
      "46": 0.0048828125,
      "5": 0.00390625,
      "50": 0.0029296875,
      "30": 0.052734375,
      "20": 0.00390625,
      "35": 0.0009765625,
      "61": 0.009765625,
      "12": 0.021484375,
      "56": 0.0419921875,
      "57": 0.0029296875,
      "39": 0.0029296875,
      "40": 0.0029296875,
      "44": 0.0048828125,
      "3": 0.009765625,
      "52": 0.001953125,
      "24": 0.0400390625,
      "23": 0.0029296875,
      "19": 0.00390625,
      "1": 0.005859375,
      "42": 0.0009765625,
      "54": 0.001953125,
      "53": 0.0009765625,
      "2": 0.00390625,
      "29": 0.00390625,
      "45": 0.0029296875,
      "4": 0.009765625,
      "25": 0.00390625,
      "26": 0.0009765625,
      "17": 0.001953125,
      "9": 0.0009765625
    }
  }
}