{
  "laps": {
    "01_setup": 6.8e-05,
    "02_cache_search": 0.00024,
    "04_submit": 0.004904,
    "05_run": 0.023595,
    "06_collect": 0.000265,
    "total": 0.029072
  },
  "meta": {
    "backend": "fake_jakarta",
    "n_qubits": 3,
    "depth_in": 35,
    "depth_transpiled": 37,
    "size_transpiled": 39,
    "quasi_dist": {
      "7": 0.5009765625,
      "0": 0.4990234375
    }
  }
}