{
  "laps": {
    "01_setup": 0.000122,
    "02_cache_search": 0.001715,
    "03_transpile": 0.506679,
    "07_cache_write": 0.13396,
    "04_submit": 0.012314,
    "05_run": 0.088522,
    "06_collect": 0.002227,
    "total": 0.745539
  },
  "meta": {
    "backend": "fake_jakarta",
    "n_qubits": 6,
    "depth_in": 102,
    "depth_transpiled": 1001,
    "size_transpiled": 1958,
    "quasi_dist": {
      "0": 1.0
    }
  }
}