{
  "laps": {
    "01_setup": 8e-05,
    "02_cache_search": 0.001524,
    "04_submit": 0.005135,
    "05_run": 0.052782,
    "06_collect": 0.001118,
    "total": 0.060639
  },
  "meta": {
    "backend": "fake_jakarta",
    "n_qubits": 6,
    "depth_in": 132,
    "depth_transpiled": 341,
    "size_transpiled": 833,
    "quasi_dist": {
      "30": 0.0615234375,
      "58": 0.0048828125,
      "15": 0.0615234375,
      "31": 0.06640625,
      "56": 0.0458984375,
      "52": 0.00390625,
      "3": 0.0458984375,
      "34": 0.0009765625,
      "11": 0.001953125,
      "62": 0.052734375,
      "55": 0.001953125,
      "0": 0.13671875,
      "18": 0.0029296875,
      "13": 0.0078125,
      "60": 0.10546875,
      "49": 0.005859375,
      "6": 0.0380859375,
      "10": 0.0029296875,
      "33": 0.0068359375,
      "63": 0.01953125,
      "61": 0.0009765625,
      "35": 0.0078125,
      "12": 0.033203125,
      "48": 0.02734375,
      "7": 0.0546875,
      "2": 0.0322265625,
      "28": 0.0439453125,
      "14": 0.021484375,
      "39": 0.0048828125,
      "45": 0.0009765625,
      "4": 0.01953125,
      "51": 0.005859375,
      "32": 0.005859375,
      "8": 0.009765625,
      "54": 0.0009765625,
      "42": 0.0009765625,
      "1": 0.0078125,
      "22": 0.00390625,
      "46": 0.0009765625,
      "50": 0.00390625,
      "5": 0.0029296875,
      "9": 0.0029296875,
      "24": 0.0146484375,
      "26": 0.005859375,
      "29": 0.00390625,
      "16": 0.0048828125,
      "27": 0.0029296875,
      "17": 0.0009765625
    }
  }
}