{
  "laps": {
    "01_setup": 6.1e-05,
    "03_transpile": 0.023131,
    "04_submit": 0.000582,
    "05_run": 0.01888,
    "06_collect": 3.8e-05,
    "total": 0.042692
  },
  "meta": {
    "backend": "fake_jakarta",
    "n_qubits": 3,
    "depth_in": 5,
    "depth_transpiled": 7,
    "size_transpiled": 9,
    "quasi_dist": {
      "7": 0.5322265625,
      "0": 0.4677734375
    }
  }
}