{
  "laps": {
    "01_setup": 0.000172,
    "03_transpile": 0.032719,
    "04_submit": 0.000828,
    "05_run": 0.040038,
    "06_collect": 8.3e-05,
    "total": 0.07384
  },
  "meta": {
    "backend": "fake_jakarta",
    "n_qubits": 3,
    "depth_in": 7,
    "depth_transpiled": 9,
    "size_transpiled": 11,
    "quasi_dist": {
      "7": 0.5205078125,
      "0": 0.4794921875
    }
  }
}