{
  "laps": {
    "01_setup": 6.7e-05,
    "03_transpile": 0.020723,
    "04_submit": 0.000755,
    "05_run": 0.023954,
    "06_collect": 3.8e-05,
    "total": 0.045537
  },
  "meta": {
    "backend": "fake_jakarta",
    "n_qubits": 3,
    "depth_in": 5,
    "depth_transpiled": 7,
    "size_transpiled": 9,
    "quasi_dist": {
      "7": 0.5126953125,
      "0": 0.4873046875
    }
  }
}