{
  "laps": {
    "01_setup": 8.7e-05,
    "03_transpile": 0.037057,
    "04_submit": 0.00078,
    "05_run": 0.027048,
    "06_collect": 0.000114,
    "total": 0.065086
  },
  "meta": {
    "backend": "fake_jakarta",
    "n_qubits": 7,
    "depth_in": 9,
    "depth_transpiled": 22,
    "size_transpiled": 33,
    "quasi_dist": {
      "127": 0.4951171875,
      "0": 0.5048828125
    }
  }
}