{
  "laps": {
    "01_setup": 0.000102,
    "03_transpile": 0.023242,
    "04_submit": 0.004764,
    "05_run": 0.020249,
    "06_collect": 0.000106,
    "total": 0.048463
  },
  "meta": {
    "backend": "fake_jakarta",
    "n_qubits": 5,
    "depth_in": 9,
    "depth_transpiled": 11,
    "size_transpiled": 15,
    "quasi_dist": {
      "0": 0.50390625,
      "31": 0.49609375
    }
  }
}