{
  "laps": {
    "01_setup": 6.9e-05,
    "02_cache_search": 0.000386,
    "04_submit": 0.001447,
    "05_run": 0.031501,
    "06_collect": 0.000523,
    "total": 0.033926
  },
  "meta": {
    "backend": "fake_jakarta",
    "n_qubits": 5,
    "depth_in": 35,
    "depth_transpiled": 48,
    "size_transpiled": 174,
    "quasi_dist": {
      "12": 0.0791015625,
      "0": 0.1240234375,
      "25": 0.0078125,
      "1": 0.0224609375,
      "10": 0.0009765625,
      "24": 0.076171875,
      "2": 0.041015625,
      "28": 0.080078125,
      "31": 0.01171875,
      "8": 0.041015625,
      "5": 0.0263671875,
      "15": 0.037109375,
      "6": 0.0751953125,
      "20": 0.00390625,
      "3": 0.02734375,
      "14": 0.0849609375,
      "7": 0.037109375,
      "30": 0.0458984375,
      "26": 0.0068359375,
      "16": 0.033203125,
      "4": 0.041015625,
      "11": 0.0048828125,
      "9": 0.0087890625,
      "23": 0.0048828125,
      "21": 0.00390625,
      "17": 0.0087890625,
      "29": 0.0283203125,
      "18": 0.0068359375,
      "27": 0.0146484375,
      "22": 0.0107421875,
      "13": 0.0048828125
    }
  }
}