{
  "laps": {
    "01_setup": 0.000114,
    "03_transpile": 0.063919,
    "04_submit": 0.001416,
    "05_run": 0.033433,
    "06_collect": 0.000383,
    "total": 0.099265
  },
  "meta": {
    "backend": "fake_jakarta",
    "n_qubits": 3,
    "depth_in": 65,
    "depth_transpiled": 86,
    "size_transpiled": 178,
    "quasi_dist": {
      "0": 0.8046875,
      "2": 0.0224609375,
      "3": 0.0322265625,
      "5": 0.0048828125,
      "1": 0.060546875,
      "6": 0.06640625,
      "4": 0.0029296875,
      "7": 0.005859375
    }
  }
}