{
  "laps": {
    "01_setup": 7.1e-05,
    "02_cache_search": 0.000311,
    "04_submit": 0.009253,
    "05_run": 0.026466,
    "06_collect": 0.000359,
    "total": 0.03646
  },
  "meta": {
    "backend": "fake_jakarta",
    "n_qubits": 7,
    "depth_in": 39,
    "depth_transpiled": 52,
    "size_transpiled": 63,
    "quasi_dist": {
      "127": 0.4794921875,
      "0": 0.5205078125
    }
  }
}