{
  "laps": {
    "01_setup": 8.6e-05,
    "02_cache_search": 0.000874,
    "03_transpile": 0.030282,
    "07_cache_write": 0.707487,
    "04_submit": 0.002513,
    "05_run": 0.033682,
    "06_collect": 0.000133,
    "total": 0.775057
  },
  "meta": {
    "backend": "fake_jakarta",
    "n_qubits": 5,
    "depth_in": 21,
    "depth_transpiled": 23,
    "size_transpiled": 27,
    "quasi_dist": {
      "31": 0.4990234375,
      "0": 0.5009765625
    }
  }
}