{
  "01_setup": 0.000391,
  "02_cache_search": 0.000781,
  "03_transpile": 0.044689,
  "07_cache_write": 0.059617,
  "04_submit": 0.005781,
  "05_run": 0.132857,
  "06_collect": 0.000902,
  "total": 0.245018
}