{
  "laps": {
    "01_setup": 8.9e-05,
    "03_transpile": 0.054619,
    "04_submit": 0.001172,
    "05_run": 0.032626,
    "06_collect": 5.8e-05,
    "total": 0.088564
  },
  "meta": {
    "backend": "fake_jakarta",
    "n_qubits": 3,
    "depth_in": 5,
    "depth_transpiled": 11,
    "size_transpiled": 28,
    "quasi_dist": {
      "0": 0.11328125,
      "7": 0.1220703125,
      "4": 0.1220703125,
      "6": 0.119140625,
      "5": 0.1259765625,
      "3": 0.1357421875,
      "1": 0.140625,
      "2": 0.12109375
    }
  }
}