{
  "laps": {
    "01_setup": 6.8e-05,
    "02_cache_search": 0.000128,
    "04_submit": 0.000641,
    "05_run": 0.02442,
    "06_collect": 7.8e-05,
    "total": 0.025335
  },
  "meta": {
    "backend": "fake_jakarta",
    "n_qubits": 6,
    "depth_in": 10,
    "depth_transpiled": 20,
    "size_transpiled": 30,
    "quasi_dist": {
      "63": 0.505859375,
      "0": 0.494140625
    }
  }
}