{
  "laps": {
    "01_setup": 7.8e-05,
    "03_transpile": 0.050477,
    "04_submit": 0.001321,
    "05_run": 0.031921,
    "06_collect": 0.00047,
    "total": 0.084267
  },
  "meta": {
    "backend": "fake_jakarta",
    "n_qubits": 7,
    "depth_in": 39,
    "depth_transpiled": 53,
    "size_transpiled": 64,
    "quasi_dist": {
      "0": 0.5009765625,
      "127": 0.4990234375
    }
  }
}