{
  "01_setup": 0.000389,
  "02_cache_search": 0.002086,
  "03_transpile": 0.05255,
  "07_cache_write": 0.103976,
  "04_submit": 0.015983,
  "05_run": 0.12891,
  "06_collect": 0.001631,
  "total": 0.305525
}