{
  "laps": {
    "01_setup": 0.000144,
    "03_transpile": 0.027992,
    "04_submit": 0.001209,
    "05_run": 0.024,
    "06_collect": 9.2e-05,
    "total": 0.053437
  },
  "meta": {
    "backend": "fake_jakarta",
    "n_qubits": 6,
    "depth_in": 10,
    "depth_transpiled": 15,
    "size_transpiled": 20,
    "quasi_dist": {
      "0": 0.5068359375,
      "63": 0.4931640625
    }
  }
}