{
  "laps": {
    "01_setup": 6.7e-05,
    "03_transpile": 0.034478,
    "04_submit": 0.000693,
    "05_run": 0.025236,
    "06_collect": 0.000125,
    "total": 0.060599
  },
  "meta": {
    "backend": "fake_jakarta",
    "n_qubits": 7,
    "depth_in": 11,
    "depth_transpiled": 24,
    "size_transpiled": 35,
    "quasi_dist": {
      "127": 0.5419921875,
      "0": 0.4580078125
    }
  }
}