{
  "01_setup": 0.000356,
  "03_transpile": 0.420514,
  "04_submit": 0.010571,
  "05_run": 0.133297,
  "06_collect": 0.001169,
  "total": 0.565907
}