{
  "01_setup": 0.000483,
  "02_cache_search": 0.00835,
  "03_transpile": 0.506679,
  "07_cache_write": 0.13396,
  "04_submit": 0.068811,
  "05_run": 0.465748,
  "06_collect": 0.012536,
  "total": 1.196567
}