{
  "laps": {
    "01_setup": 0.000152,
    "02_cache_search": 0.000136,
    "04_submit": 0.001801,
    "05_run": 0.036307,
    "06_collect": 0.000106,
    "total": 0.038502
  },
  "meta": {
    "backend": "fake_jakarta",
    "n_qubits": 5,
    "depth_in": 6,
    "depth_transpiled": 8,
    "size_transpiled": 12,
    "quasi_dist": {
      "31": 0.4970703125,
      "0": 0.5029296875
    }
  }
}