{
  "01_setup": 0.000387,
  "03_transpile": 0.229922,
  "04_submit": 0.009066,
  "05_run": 0.129875,
  "06_collect": 0.000893,
  "total": 0.370143
}