{
  "01_setup": 0.000387,
  "03_transpile": 0.123192,
  "04_submit": 0.003651,
  "05_run": 0.109876,
  "06_collect": 0.000457,
  "total": 0.237563
}