{
  "laps": {
    "01_setup": 9.6e-05,
    "03_transpile": 0.033968,
    "04_submit": 0.000721,
    "05_run": 0.032973,
    "06_collect": 8.7e-05,
    "total": 0.067845
  },
  "meta": {
    "backend": "fake_jakarta",
    "n_qubits": 3,
    "depth_in": 7,
    "depth_transpiled": 9,
    "size_transpiled": 11,
    "quasi_dist": {
      "0": 0.4990234375,
      "7": 0.5009765625
    }
  }
}