{
  "laps": {
    "01_setup": 7.7e-05,
    "02_cache_search": 0.000357,
    "04_submit": 0.001694,
    "05_run": 0.035338,
    "06_collect": 0.000431,
    "total": 0.037897
  },
  "meta": {
    "backend": "fake_jakarta",
    "n_qubits": 6,
    "depth_in": 38,
    "depth_transpiled": 49,
    "size_transpiled": 59,
    "quasi_dist": {
      "63": 0.4931640625,
      "0": 0.5068359375
    }
  }
}