{
  "laps": {
    "01_setup": 0.000127,
    "03_transpile": 0.057654,
    "04_submit": 0.001656,
    "05_run": 0.026271,
    "06_collect": 0.000275,
    "total": 0.085983
  },
  "meta": {
    "backend": "fake_jakarta",
    "n_qubits": 7,
    "depth_in": 39,
    "depth_transpiled": 52,
    "size_transpiled": 63,
    "quasi_dist": {
      "127": 0.4873046875,
      "0": 0.5126953125
    }
  }
}