{
  "laps": {
    "01_setup": 7.7e-05,
    "02_cache_search": 0.000315,
    "04_submit": 0.001834,
    "05_run": 0.034648,
    "06_collect": 0.000357,
    "total": 0.037231
  },
  "meta": {
    "backend": "fake_jakarta",
    "n_qubits": 6,
    "depth_in": 38,
    "depth_transpiled": 49,
    "size_transpiled": 59,
    "quasi_dist": {
      "63": 0.5107421875,
      "0": 0.4892578125
    }
  }
}