{
  "laps": {
    "01_setup": 6.6e-05,
    "03_transpile": 0.030367,
    "04_submit": 0.001208,
    "05_run": 0.024848,
    "06_collect": 0.000102,
    "total": 0.056591
  },
  "meta": {
    "backend": "fake_jakarta",
    "n_qubits": 5,
    "depth_in": 11,
    "depth_transpiled": 18,
    "size_transpiled": 66,
    "quasi_dist": {
      "16": 0.0771484375,
      "1": 0.0810546875,
      "8": 0.0830078125,
      "0": 0.4326171875,
      "2": 0.0849609375,
      "4": 0.0810546875,
      "3": 0.0126953125,
      "12": 0.0224609375,
      "18": 0.013671875,
      "6": 0.0185546875,
      "22": 0.0048828125,
      "24": 0.015625,
      "5": 0.0107421875,
      "20": 0.01171875,
      "10": 0.01171875,
      "17": 0.0087890625,
      "28": 0.0029296875,
      "11": 0.0048828125,
      "21": 0.00390625,
      "30": 0.0009765625,
      "9": 0.0087890625,
      "15": 0.0009765625,
      "25": 0.001953125,
      "7": 0.001953125,
      "26": 0.0009765625,
      "14": 0.0009765625,
      "19": 0.0009765625
    }
  }
}