{
  "laps": {
    "01_setup": 8.2e-05,
    "03_transpile": 0.094831,
    "04_submit": 0.005115,
    "05_run": 0.03768,
    "06_collect": 0.000675,
    "total": 0.138383
  },
  "meta": {
    "backend": "fake_jakarta",
    "n_qubits": 3,
    "depth_in": 129,
    "depth_transpiled": 166,
    "size_transpiled": 338,
    "quasi_dist": {
      "0": 0.599609375,
      "2": 0.1611328125,
      "1": 0.1591796875,
      "6": 0.0205078125,
      "3": 0.0263671875,
      "5": 0.015625,
      "4": 0.0166015625,
      "7": 0.0009765625
    }
  }
}