{
  "laps": {
    "01_setup": 6.6e-05,
    "03_transpile": 0.025408,
    "04_submit": 0.000666,
    "05_run": 0.023203,
    "06_collect": 6.8e-05,
    "total": 0.049411
  },
  "meta": {
    "backend": "fake_jakarta",
    "n_qubits": 3,
    "depth_in": 9,
    "depth_transpiled": 16,
    "size_transpiled": 38,
    "quasi_dist": {
      "0": 0.640625,
      "4": 0.1142578125,
      "1": 0.09375,
      "2": 0.1083984375,
      "5": 0.01171875,
      "7": 0.0029296875,
      "6": 0.013671875,
      "3": 0.0146484375
    }
  }
}