{
  "laps": {
    "01_setup": 7.1e-05,
    "03_transpile": 0.025143,
    "04_submit": 0.000694,
    "05_run": 0.023345,
    "06_collect": 5.7e-05,
    "total": 0.04931
  },
  "meta": {
    "backend": "fake_jakarta",
    "n_qubits": 6,
    "depth_in": 7,
    "depth_transpiled": 12,
    "size_transpiled": 17,
    "quasi_dist": {
      "63": 0.5068359375,
      "0": 0.4931640625
    }
  }
}