{
  "laps": {
    "01_setup": 7.1e-05,
    "02_cache_search": 0.000674,
    "04_submit": 0.002131,
    "05_run": 0.036842,
    "06_collect": 0.00047,
    "total": 0.040188
  },
  "meta": {
    "backend": "fake_jakarta",
    "n_qubits": 5,
    "depth_in": 67,
    "depth_transpiled": 88,
    "size_transpiled": 318,
    "quasi_dist": {
      "0": 0.4072265625,
      "31": 0.0283203125,
      "6": 0.0380859375,
      "3": 0.029296875,
      "12": 0.05859375,
      "19": 0.0087890625,
      "28": 0.0791015625,
      "1": 0.046875,
      "14": 0.06640625,
      "25": 0.01171875,
      "24": 0.037109375,
      "18": 0.0107421875,
      "13": 0.0224609375,
      "15": 0.0224609375,
      "5": 0.0068359375,
      "22": 0.0146484375,
      "27": 0.0029296875,
      "20": 0.0087890625,
      "29": 0.017578125,
      "2": 0.0087890625,
      "17": 0.0068359375,
      "26": 0.0068359375,
      "7": 0.0263671875,
      "16": 0.009765625,
      "30": 0.0087890625,
      "11": 0.00390625,
      "21": 0.0029296875,
      "10": 0.0029296875,
      "8": 0.001953125,
      "23": 0.001953125,
      "4": 0.0009765625
    }
  }
}