{
  "laps": {
    "01_setup": 0.000147,
    "03_transpile": 1.618549,
    "04_submit": 0.177683,
    "05_run": 0.16834,
    "06_collect": 0.003719,
    "total": 1.968438
  },
  "meta": {
    "backend": "fake_jakarta",
    "n_qubits": 5,
    "depth_in": 165,
    "depth_transpiled": 1697,
    "size_transpiled": 2825,
    "quasi_dist": {
      "0": 1.0
    }
  }
}