{
  "01_setup": 0.000326,
  "02_cache_search": 0.001511,
  "03_transpile": 0.061651,
  "07_cache_write": 0.074974,
  "04_submit": 0.011181,
  "05_run": 0.146973,
  "06_collect": 0.001543,
  "total": 0.298159
}