{
  "laps": {
    "01_setup": 7.5e-05,
    "03_transpile": 0.207657,
    "04_submit": 0.005058,
    "05_run": 0.054767,
    "06_collect": 0.001279,
    "total": 0.268836
  },
  "meta": {
    "backend": "fake_jakarta",
    "n_qubits": 6,
    "depth_in": 132,
    "depth_transpiled": 341,
    "size_transpiled": 833,
    "quasi_dist": {
      "30": 0.0712890625,
      "13": 0.00390625,
      "60": 0.091796875,
      "52": 0.005859375,
      "3": 0.046875,
      "0": 0.1181640625,
      "2": 0.04296875,
      "24": 0.0185546875,
      "58": 0.00390625,
      "15": 0.0478515625,
      "4": 0.0283203125,
      "51": 0.0078125,
      "17": 0.005859375,
      "28": 0.046875,
      "39": 0.0029296875,
      "11": 0.0009765625,
      "34": 0.001953125,
      "62": 0.064453125,
      "8": 0.0126953125,
      "56": 0.0537109375,
      "35": 0.01171875,
      "12": 0.03515625,
      "6": 0.0283203125,
      "49": 0.0048828125,
      "46": 0.0009765625,
      "50": 0.0029296875,
      "5": 0.0068359375,
      "37": 0.001953125,
      "14": 0.0263671875,
      "31": 0.0576171875,
      "7": 0.052734375,
      "48": 0.021484375,
      "32": 0.009765625,
      "10": 0.0009765625,
      "33": 0.00390625,
      "63": 0.017578125,
      "26": 0.0048828125,
      "1": 0.0087890625,
      "54": 0.0048828125,
      "29": 0.0048828125,
      "27": 0.0029296875,
      "20": 0.0009765625,
      "9": 0.0048828125,
      "21": 0.0009765625,
      "16": 0.001953125,
      "18": 0.00390625,
      "57": 0.0009765625
    }
  }
}