{
  "laps": {
    "01_setup": 7.1e-05,
    "03_transpile": 0.025609,
    "04_submit": 0.000985,
    "05_run": 0.023065,
    "06_collect": 9.8e-05,
    "total": 0.049828
  },
  "meta": {
    "backend": "fake_jakarta",
    "n_qubits": 3,
    "depth_in": 19,
    "depth_transpiled": 21,
    "size_transpiled": 23,
    "quasi_dist": {
      "0": 0.5234375,
      "7": 0.4765625
    }
  }
}