{
  "laps": {
    "01_setup": 8.4e-05,
    "02_cache_search": 0.000257,
    "04_submit": 0.001401,
    "05_run": 0.024368,
    "06_collect": 0.00024,
    "total": 0.02635
  },
  "meta": {
    "backend": "fake_jakarta",
    "n_qubits": 6,
    "depth_in": 38,
    "depth_transpiled": 49,
    "size_transpiled": 59,
    "quasi_dist": {
      "0": 0.529296875,
      "63": 0.470703125
    }
  }
}