{
  "01_setup": 0.000437,
  "02_cache_search": 0.00068,
  "03_transpile": 0.040553,
  "07_cache_write": 0.002441,
  "04_submit": 0.004327,
  "05_run": 0.123175,
  "06_collect": 0.000603,
  "total": 0.172216
}