{
  "laps": {
    "01_setup": 8.4e-05,
    "03_transpile": 0.036023,
    "04_submit": 0.000912,
    "05_run": 0.025668,
    "06_collect": 0.000131,
    "total": 0.062818
  },
  "meta": {
    "backend": "fake_jakarta",
    "n_qubits": 3,
    "depth_in": 19,
    "depth_transpiled": 21,
    "size_transpiled": 23,
    "quasi_dist": {
      "7": 0.498046875,
      "0": 0.501953125
    }
  }
}