{
  "laps": {
    "01_setup": 6.9e-05,
    "02_cache_search": 0.000167,
    "04_submit": 0.0008,
    "05_run": 0.030088,
    "06_collect": 0.000176,
    "total": 0.0313
  },
  "meta": {
    "backend": "fake_jakarta",
    "n_qubits": 6,
    "depth_in": 12,
    "depth_transpiled": 26,
    "size_transpiled": 83,
    "quasi_dist": {
      "24": 0.013671875,
      "42": 0.0009765625,
      "54": 0.0009765625,
      "1": 0.080078125,
      "16": 0.076171875,
      "8": 0.0751953125,
      "0": 0.3798828125,
      "18": 0.0107421875,
      "35": 0.0029296875,
      "12": 0.0146484375,
      "43": 0.0009765625,
      "2": 0.06640625,
      "25": 0.00390625,
      "9": 0.0068359375,
      "45": 0.0009765625,
      "4": 0.0537109375,
      "13": 0.0009765625,
      "36": 0.0068359375,
      "49": 0.0009765625,
      "6": 0.009765625,
      "44": 0.0009765625,
      "52": 0.0009765625,
      "3": 0.013671875,
      "32": 0.064453125,
      "33": 0.0126953125,
      "10": 0.0078125,
      "34": 0.01953125,
      "56": 0.0029296875,
      "40": 0.009765625,
      "50": 0.0009765625,
      "5": 0.0068359375,
      "17": 0.0078125,
      "37": 0.0009765625,
      "14": 0.00390625,
      "48": 0.013671875,
      "7": 0.001953125,
      "20": 0.01171875,
      "19": 0.0029296875,
      "26": 0.00390625,
      "23": 0.001953125,
      "21": 0.0009765625,
      "41": 0.0029296875
    }
  }
}