{
  "laps": {
    "01_setup": 7.5e-05,
    "03_transpile": 0.057838,
    "04_submit": 0.002388,
    "05_run": 0.034654,
    "06_collect": 0.00035,
    "total": 0.095305
  },
  "meta": {
    "backend": "fake_jakarta",
    "n_qubits": 5,
    "depth_in": 35,
    "depth_transpiled": 48,
    "size_transpiled": 174,
    "quasi_dist": {
      "0": 0.123046875,
      "8": 0.0498046875,
      "5": 0.02734375,
      "22": 0.005859375,
      "4": 0.0439453125,
      "30": 0.046875,
      "28": 0.099609375,
      "24": 0.0732421875,
      "16": 0.033203125,
      "10": 0.0078125,
      "27": 0.009765625,
      "9": 0.0107421875,
      "6": 0.06640625,
      "25": 0.0078125,
      "31": 0.01171875,
      "21": 0.00390625,
      "14": 0.083984375,
      "1": 0.0283203125,
      "2": 0.0400390625,
      "23": 0.0029296875,
      "7": 0.0322265625,
      "29": 0.0185546875,
      "15": 0.03125,
      "12": 0.06640625,
      "26": 0.0107421875,
      "13": 0.005859375,
      "3": 0.0205078125,
      "18": 0.01171875,
      "17": 0.0107421875,
      "20": 0.0029296875,
      "11": 0.0126953125
    }
  }
}