{
  "laps": {
    "01_setup": 6.7e-05,
    "02_cache_search": 0.00087,
    "04_submit": 0.002792,
    "05_run": 0.023519,
    "06_collect": 0.000216,
    "total": 0.027464
  },
  "meta": {
    "backend": "fake_jakarta",
    "n_qubits": 5,
    "depth_in": 19,
    "depth_transpiled": 28,
    "size_transpiled": 102,
    "quasi_dist": {
      "14": 0.0361328125,
      "17": 0.0224609375,
      "8": 0.076171875,
      "0": 0.2607421875,
      "22": 0.0224609375,
      "7": 0.04296875,
      "31": 0.0419921875,
      "30": 0.0205078125,
      "16": 0.0302734375,
      "13": 0.0234375,
      "12": 0.0341796875,
      "4": 0.0439453125,
      "1": 0.044921875,
      "21": 0.0078125,
      "3": 0.0458984375,
      "6": 0.03125,
      "19": 0.0205078125,
      "28": 0.0361328125,
      "9": 0.0126953125,
      "11": 0.0166015625,
      "26": 0.0146484375,
      "18": 0.0146484375,
      "25": 0.0107421875,
      "2": 0.03515625,
      "15": 0.029296875,
      "24": 0.0048828125,
      "20": 0.0107421875,
      "27": 0.001953125,
      "29": 0.001953125,
      "10": 0.001953125,
      "5": 0.0029296875
    }
  }
}