{
  "laps": {
    "01_setup": 7.3e-05,
    "03_transpile": 0.026757,
    "04_submit": 0.000998,
    "05_run": 0.024419,
    "06_collect": 9.6e-05,
    "total": 0.052343
  },
  "meta": {
    "backend": "fake_jakarta",
    "n_qubits": 6,
    "depth_in": 14,
    "depth_transpiled": 19,
    "size_transpiled": 24,
    "quasi_dist": {
      "63": 0.505859375,
      "0": 0.494140625
    }
  }
}