{
  "laps": {
    "01_setup": 7.7e-05,
    "03_transpile": 0.290131,
    "04_submit": 0.00401,
    "05_run": 0.051266,
    "06_collect": 0.00085,
    "total": 0.346334
  },
  "meta": {
    "backend": "fake_jakarta",
    "n_qubits": 5,
    "depth_in": 131,
    "depth_transpiled": 168,
    "size_transpiled": 606,
    "quasi_dist": {
      "6": 0.0341796875,
      "27": 0.0400390625,
      "28": 0.0322265625,
      "22": 0.0380859375,
      "8": 0.025390625,
      "25": 0.0576171875,
      "9": 0.0341796875,
      "29": 0.037109375,
      "4": 0.0263671875,
      "11": 0.0302734375,
      "15": 0.025390625,
      "16": 0.021484375,
      "21": 0.0400390625,
      "23": 0.0166015625,
      "14": 0.0283203125,
      "10": 0.0302734375,
      "19": 0.0400390625,
      "18": 0.0224609375,
      "26": 0.037109375,
      "20": 0.02734375,
      "31": 0.0244140625,
      "0": 0.0400390625,
      "13": 0.0556640625,
      "24": 0.046875,
      "2": 0.0263671875,
      "17": 0.02734375,
      "12": 0.0517578125,
      "5": 0.0244140625,
      "1": 0.017578125,
      "30": 0.01171875,
      "7": 0.0205078125,
      "3": 0.0087890625
    }
  }
}