{
  "laps": {
    "01_setup": 7.1e-05,
    "03_transpile": 0.031681,
    "04_submit": 0.000779,
    "05_run": 0.022305,
    "06_collect": 0.000133,
    "total": 0.054969
  },
  "meta": {
    "backend": "fake_jakarta",
    "n_qubits": 3,
    "depth_in": 17,
    "depth_transpiled": 26,
    "size_transpiled": 58,
    "quasi_dist": {
      "0": 0.431640625,
      "3": 0.16796875,
      "7": 0.0244140625,
      "5": 0.046875,
      "1": 0.087890625,
      "4": 0.072265625,
      "6": 0.11328125,
      "2": 0.0556640625
    }
  }
}