{
  "01_setup": 0.000576,
  "03_transpile": 0.166483,
  "04_submit": 0.004299,
  "05_run": 0.162521,
  "06_collect": 0.000415,
  "total": 0.334294
}