{
  "01_setup": 0.00036,
  "03_transpile": 0.450992,
  "04_submit": 0.020159,
  "05_run": 0.175209,
  "06_collect": 0.002382,
  "total": 0.649102
}