{
  "laps": {
    "01_setup": 0.000156,
    "02_cache_search": 0.000639,
    "04_submit": 0.00181,
    "05_run": 0.059826,
    "06_collect": 0.000359,
    "total": 0.06279
  },
  "meta": {
    "backend": "fake_jakarta",
    "n_qubits": 7,
    "depth_in": 23,
    "depth_transpiled": 36,
    "size_transpiled": 47,
    "quasi_dist": {
      "0": 0.4736328125,
      "127": 0.5263671875
    }
  }
}