{
  "01_setup": 0.000597,
  "02_cache_search": 0.004231,
  "03_transpile": 0.087651,
  "07_cache_write": 0.019508,
  "04_submit": 0.017347,
  "05_run": 0.215784,
  "06_collect": 0.003402,
  "total": 0.34852
}