{
  "laps": {
    "01_setup": 0.000312,
    "03_transpile": 0.040037,
    "04_submit": 0.001281,
    "05_run": 0.025897,
    "06_collect": 0.000421,
    "total": 0.067948
  },
  "meta": {
    "backend": "fake_jakarta",
    "n_qubits": 6,
    "depth_in": 38,
    "depth_transpiled": 43,
    "size_transpiled": 48,
    "quasi_dist": {
      "0": 0.505859375,
      "63": 0.494140625
    }
  }
}