{
  "01_setup": 0.000527,
  "02_cache_search": 0.00802,
  "03_transpile": 0.367862,
  "07_cache_write": 0.054342,
  "04_submit": 0.026656,
  "05_run": 0.273548,
  "06_collect": 0.006966,
  "total": 0.737921
}