{
  "laps": {
    "01_setup": 9.2e-05,
    "02_cache_search": 0.000169,
    "04_submit": 0.000825,
    "05_run": 0.022788,
    "06_collect": 0.000105,
    "total": 0.023979
  },
  "meta": {
    "backend": "fake_jakarta",
    "n_qubits": 5,
    "depth_in": 11,
    "depth_transpiled": 18,
    "size_transpiled": 66,
    "quasi_dist": {
      "8": 0.0810546875,
      "0": 0.4658203125,
      "2": 0.0830078125,
      "20": 0.017578125,
      "5": 0.0087890625,
      "1": 0.080078125,
      "16": 0.078125,
      "9": 0.013671875,
      "4": 0.0654296875,
      "18": 0.0078125,
      "6": 0.0107421875,
      "3": 0.017578125,
      "12": 0.015625,
      "10": 0.0087890625,
      "24": 0.0126953125,
      "11": 0.0029296875,
      "26": 0.0029296875,
      "15": 0.0009765625,
      "17": 0.013671875,
      "13": 0.0029296875,
      "19": 0.0029296875,
      "25": 0.001953125,
      "22": 0.0029296875,
      "14": 0.001953125
    }
  }
}