{
  "laps": {
    "01_setup": 7e-05,
    "03_transpile": 0.028031,
    "04_submit": 0.001197,
    "05_run": 0.025496,
    "06_collect": 0.000206,
    "total": 0.055
  },
  "meta": {
    "backend": "fake_jakarta",
    "n_qubits": 5,
    "depth_in": 37,
    "depth_transpiled": 39,
    "size_transpiled": 43,
    "quasi_dist": {
      "31": 0.4990234375,
      "0": 0.5009765625
    }
  }
}