{
  "01_setup": 0.000879,
  "03_transpile": 0.369344,
  "04_submit": 0.015567,
  "05_run": 0.146526,
  "06_collect": 0.001371,
  "total": 0.533687
}