{
  "01_setup": 0.000416,
  "03_transpile": 0.590824,
  "04_submit": 0.014346,
  "05_run": 0.203089,
  "06_collect": 0.002957,
  "total": 0.811632
}