{
  "01_setup": 0.000361,
  "03_transpile": 0.168809,
  "04_submit": 0.007408,
  "05_run": 0.11093,
  "06_collect": 0.000413,
  "total": 0.287921
}