{
  "laps": {
    "01_setup": 9e-05,
    "03_transpile": 0.122206,
    "04_submit": 0.003434,
    "05_run": 0.052943,
    "06_collect": 0.000601,
    "total": 0.179274
  },
  "meta": {
    "backend": "fake_jakarta",
    "n_qubits": 6,
    "depth_in": 68,
    "depth_transpiled": 173,
    "size_transpiled": 433,
    "quasi_dist": {
      "50": 0.001953125,
      "46": 0.0068359375,
      "5": 0.0068359375,
      "37": 0.0009765625,
      "14": 0.06640625,
      "59": 0.0029296875,
      "32": 0.0205078125,
      "55": 0.0029296875,
      "0": 0.2333984375,
      "56": 0.0341796875,
      "24": 0.0341796875,
      "11": 0.0009765625,
      "34": 0.00390625,
      "62": 0.0341796875,
      "36": 0.001953125,
      "13": 0.0087890625,
      "60": 0.04296875,
      "16": 0.052734375,
      "10": 0.0029296875,
      "63": 0.0263671875,
      "35": 0.0009765625,
      "61": 0.0078125,
      "12": 0.029296875,
      "4": 0.005859375,
      "45": 0.0029296875,
      "49": 0.0009765625,
      "47": 0.01171875,
      "6": 0.03125,
      "25": 0.0048828125,
      "7": 0.0380859375,
      "48": 0.0361328125,
      "28": 0.0166015625,
      "38": 0.0009765625,
      "58": 0.0048828125,
      "15": 0.0615234375,
      "52": 0.0009765625,
      "44": 0.009765625,
      "3": 0.0048828125,
      "30": 0.048828125,
      "31": 0.0224609375,
      "8": 0.02734375,
      "42": 0.0009765625,
      "1": 0.005859375,
      "29": 0.0048828125,
      "17": 0.005859375,
      "19": 0.0029296875,
      "39": 0.00390625,
      "26": 0.00390625,
      "40": 0.00390625,
      "9": 0.00390625,
      "43": 0.0009765625,
      "2": 0.0048828125,
      "57": 0.0009765625,
      "20": 0.0009765625,
      "23": 0.0009765625,
      "18": 0.0009765625
    }
  }
}