{
  "laps": {
    "01_setup": 0.000119,
    "02_cache_search": 0.000352,
    "03_transpile": 0.071893,
    "07_cache_write": 0.011678,
    "04_submit": 0.001388,
    "05_run": 0.029384,
    "06_collect": 0.00039,
    "total": 0.115204
  },
  "meta": {
    "backend": "fake_jakarta",
    "n_qubits": 6,
    "depth_in": 20,
    "depth_transpiled": 47,
    "size_transpiled": 133,
    "quasi_dist": {
      "45": 0.0009765625,
      "4": 0.046875,
      "51": 0.0048828125,
      "16": 0.052734375,
      "38": 0.013671875,
      "58": 0.0078125,
      "15": 0.0126953125,
      "8": 0.0302734375,
      "55": 0.0029296875,
      "0": 0.2041015625,
      "32": 0.0390625,
      "52": 0.0048828125,
      "3": 0.0322265625,
      "44": 0.01171875,
      "56": 0.0185546875,
      "53": 0.0009765625,
      "2": 0.0400390625,
      "43": 0.001953125,
      "5": 0.00390625,
      "50": 0.0068359375,
      "46": 0.01171875,
      "6": 0.0234375,
      "47": 0.005859375,
      "49": 0.009765625,
      "19": 0.0078125,
      "42": 0.0009765625,
      "54": 0.005859375,
      "1": 0.0546875,
      "29": 0.0078125,
      "61": 0.00390625,
      "12": 0.0224609375,
      "35": 0.0087890625,
      "24": 0.03515625,
      "36": 0.00390625,
      "13": 0.0078125,
      "60": 0.01953125,
      "40": 0.001953125,
      "30": 0.03125,
      "48": 0.00390625,
      "7": 0.0263671875,
      "57": 0.0107421875,
      "23": 0.0107421875,
      "37": 0.0009765625,
      "59": 0.0009765625,
      "14": 0.0166015625,
      "22": 0.00390625,
      "10": 0.0009765625,
      "33": 0.00390625,
      "63": 0.0302734375,
      "25": 0.0107421875,
      "39": 0.0068359375,
      "28": 0.0126953125,
      "20": 0.0048828125,
      "62": 0.005859375,
      "11": 0.005859375,
      "27": 0.0166015625,
      "41": 0.0068359375,
      "31": 0.001953125,
      "26": 0.0048828125,
      "9": 0.005859375,
      "17": 0.0048828125,
      "18": 0.0029296875
    }
  }
}