{
  "01_setup": 0.000586,
  "02_cache_search": 0.001793,
  "03_transpile": 0.030282,
  "07_cache_write": 0.707487,
  "04_submit": 0.010165,
  "05_run": 0.139891,
  "06_collect": 0.001256,
  "total": 0.89146
}