{
  "laps": {
    "01_setup": 0.000214,
    "03_transpile": 0.038183,
    "04_submit": 0.000932,
    "05_run": 0.024636,
    "06_collect": 0.000174,
    "total": 0.064139
  },
  "meta": {
    "backend": "fake_jakarta",
    "n_qubits": 6,
    "depth_in": 12,
    "depth_transpiled": 26,
    "size_transpiled": 83,
    "quasi_dist": {
      "54": 0.0009765625,
      "42": 0.0009765625,
      "1": 0.0693359375,
      "32": 0.0625,
      "17": 0.013671875,
      "0": 0.39453125,
      "51": 0.001953125,
      "4": 0.068359375,
      "52": 0.0029296875,
      "44": 0.001953125,
      "3": 0.0146484375,
      "2": 0.0595703125,
      "8": 0.0615234375,
      "49": 0.0029296875,
      "6": 0.0185546875,
      "33": 0.01171875,
      "10": 0.013671875,
      "16": 0.0625,
      "15": 0.0009765625,
      "38": 0.0029296875,
      "13": 0.001953125,
      "36": 0.01171875,
      "22": 0.00390625,
      "24": 0.009765625,
      "5": 0.0107421875,
      "50": 0.0009765625,
      "61": 0.0009765625,
      "12": 0.0185546875,
      "7": 0.0009765625,
      "48": 0.005859375,
      "9": 0.0107421875,
      "11": 0.001953125,
      "34": 0.0068359375,
      "20": 0.0146484375,
      "40": 0.01171875,
      "41": 0.001953125,
      "28": 0.001953125,
      "18": 0.0107421875,
      "25": 0.00390625,
      "19": 0.001953125,
      "23": 0.0009765625,
      "37": 0.0009765625
    }
  }
}