{
  "laps": {
    "01_setup": 0.000129,
    "02_cache_search": 0.003076,
    "03_transpile": 0.923855,
    "07_cache_write": 0.19918,
    "04_submit": 0.026888,
    "05_run": 0.164921,
    "06_collect": 0.004673,
    "total": 1.322722
  },
  "meta": {
    "backend": "fake_jakarta",
    "n_qubits": 6,
    "depth_in": 198,
    "depth_transpiled": 1995,
    "size_transpiled": 3916,
    "quasi_dist": {
      "0": 1.0
    }
  }
}