{
  "laps": {
    "01_setup": 7.7e-05,
    "03_transpile": 0.05299,
    "04_submit": 0.00136,
    "05_run": 0.028976,
    "06_collect": 0.0003,
    "total": 0.083703
  },
  "meta": {
    "backend": "fake_jakarta",
    "n_qubits": 7,
    "depth_in": 39,
    "depth_transpiled": 53,
    "size_transpiled": 64,
    "quasi_dist": {
      "127": 0.51171875,
      "0": 0.48828125
    }
  }
}