{
  "01_setup": 0.000359,
  "02_cache_search": 0.000808,
  "03_transpile": 0.026774,
  "07_cache_write": 0.006129,
  "04_submit": 0.003073,
  "05_run": 0.108254,
  "06_collect": 0.000292,
  "total": 0.145689
}