{
  "laps": {
    "01_setup": 8.6e-05,
    "03_transpile": 0.031245,
    "04_submit": 0.000906,
    "05_run": 0.025904,
    "06_collect": 0.00015,
    "total": 0.058291
  },
  "meta": {
    "backend": "fake_jakarta",
    "n_qubits": 3,
    "depth_in": 19,
    "depth_transpiled": 21,
    "size_transpiled": 23,
    "quasi_dist": {
      "7": 0.5009765625,
      "0": 0.4990234375
    }
  }
}