{
  "laps": {
    "01_setup": 6.3e-05,
    "02_cache_search": 0.000228,
    "04_submit": 0.000978,
    "05_run": 0.02513,
    "06_collect": 0.000288,
    "total": 0.026687
  },
  "meta": {
    "backend": "fake_jakarta",
    "n_qubits": 3,
    "depth_in": 33,
    "depth_transpiled": 46,
    "size_transpiled": 98,
    "quasi_dist": {
      "1": 0.140625,
      "3": 0.16796875,
      "4": 0.08984375,
      "5": 0.095703125,
      "7": 0.078125,
      "0": 0.1513671875,
      "6": 0.1181640625,
      "2": 0.158203125
    }
  }
}