{
  "01_setup": 0.000462,
  "03_transpile": 0.147896,
  "04_submit": 0.012341,
  "05_run": 0.126427,
  "06_collect": 0.001263,
  "total": 0.288389
}