{
  "laps": {
    "01_setup": 7.6e-05,
    "03_transpile": 0.052651,
    "04_submit": 0.001524,
    "05_run": 0.03038,
    "06_collect": 0.000274,
    "total": 0.084905
  },
  "meta": {
    "backend": "fake_jakarta",
    "n_qubits": 5,
    "depth_in": 35,
    "depth_transpiled": 48,
    "size_transpiled": 174,
    "quasi_dist": {
      "30": 0.037109375,
      "2": 0.0400390625,
      "6": 0.078125,
      "7": 0.0283203125,
      "14": 0.080078125,
      "25": 0.0068359375,
      "8": 0.04296875,
      "12": 0.1044921875,
      "24": 0.083984375,
      "21": 0.0029296875,
      "15": 0.033203125,
      "28": 0.0830078125,
      "3": 0.0234375,
      "0": 0.1142578125,
      "1": 0.0302734375,
      "5": 0.01953125,
      "9": 0.0078125,
      "26": 0.0078125,
      "13": 0.01171875,
      "16": 0.03515625,
      "4": 0.0390625,
      "10": 0.005859375,
      "29": 0.021484375,
      "11": 0.0126953125,
      "18": 0.0078125,
      "22": 0.0048828125,
      "17": 0.009765625,
      "27": 0.013671875,
      "20": 0.0009765625,
      "23": 0.0068359375,
      "31": 0.005859375
    }
  }
}