{
  "01_setup": 0.000622,
  "03_transpile": 0.972851,
  "04_submit": 0.098501,
  "05_run": 0.266535,
  "06_collect": 0.003438,
  "total": 1.341947
}