{
  "01_setup": 0.000376,
  "03_transpile": 0.145572,
  "04_submit": 0.013272,
  "05_run": 0.127447,
  "06_collect": 0.001281,
  "total": 0.287948
}