{
  "laps": {
    "01_setup": 7.2e-05,
    "02_cache_search": 0.001037,
    "03_transpile": 0.371514,
    "07_cache_write": 0.053623,
    "04_submit": 0.008255,
    "05_run": 0.055512,
    "06_collect": 0.001161,
    "total": 0.491174
  },
  "meta": {
    "backend": "fake_jakarta",
    "n_qubits": 3,
    "depth_in": 99,
    "depth_transpiled": 631,
    "size_transpiled": 894,
    "quasi_dist": {
      "0": 1.0
    }
  }
}