{
  "laps": {
    "01_setup": 8.9e-05,
    "02_cache_search": 0.000149,
    "04_submit": 0.000911,
    "05_run": 0.032304,
    "06_collect": 0.000173,
    "total": 0.033626
  },
  "meta": {
    "backend": "fake_jakarta",
    "n_qubits": 7,
    "depth_in": 15,
    "depth_transpiled": 29,
    "size_transpiled": 40,
    "quasi_dist": {
      "127": 0.501953125,
      "0": 0.498046875
    }
  }
}