{
  "laps": {
    "01_setup": 0.0001,
    "02_cache_search": 0.000159,
    "04_submit": 0.001108,
    "05_run": 0.036183,
    "06_collect": 0.000181,
    "total": 0.037731
  },
  "meta": {
    "backend": "fake_jakarta",
    "n_qubits": 7,
    "depth_in": 15,
    "depth_transpiled": 29,
    "size_transpiled": 40,
    "quasi_dist": {
      "0": 0.501953125,
      "127": 0.498046875
    }
  }
}