{
  "01_setup": 0.000428,
  "02_cache_search": 0.000915,
  "03_transpile": 0.041326,
  "07_cache_write": 0.086515,
  "04_submit": 0.006776,
  "05_run": 0.161045,
  "06_collect": 0.000925,
  "total": 0.29793
}