{
  "01_setup": 0.00053,
  "02_cache_search": 0.012245,
  "03_transpile": 1.163857,
  "07_cache_write": 0.046106,
  "04_submit": 0.225487,
  "05_run": 0.779156,
  "06_collect": 0.0198,
  "total": 2.247181
}