{
  "01_setup": 0.000355,
  "02_cache_search": 0.000665,
  "03_transpile": 0.037055,
  "07_cache_write": 0.003134,
  "04_submit": 0.004482,
  "05_run": 0.116568,
  "06_collect": 0.000532,
  "total": 0.162791
}