{
  "laps": {
    "01_setup": 6.4e-05,
    "02_cache_search": 0.000115,
    "04_submit": 0.0008,
    "05_run": 0.023375,
    "06_collect": 0.000121,
    "total": 0.024475
  },
  "meta": {
    "backend": "fake_jakarta",
    "n_qubits": 7,
    "depth_in": 11,
    "depth_transpiled": 24,
    "size_transpiled": 35,
    "quasi_dist": {
      "127": 0.498046875,
      "0": 0.501953125
    }
  }
}