{
  "01_setup": 0.000377,
  "03_transpile": 0.126596,
  "04_submit": 0.00302,
  "05_run": 0.107041,
  "06_collect": 0.000159,
  "total": 0.237193
}