{
  "01_setup": 0.000486,
  "02_cache_search": 0.002247,
  "03_transpile": 0.034047,
  "07_cache_write": 0.044282,
  "04_submit": 0.00605,
  "05_run": 0.131891,
  "06_collect": 0.001584,
  "total": 0.220587
}