{
  "laps": {
    "01_setup": 6.2e-05,
    "03_transpile": 0.030749,
    "04_submit": 0.001053,
    "05_run": 0.025747,
    "06_collect": 0.000105,
    "total": 0.057716
  },
  "meta": {
    "backend": "fake_jakarta",
    "n_qubits": 5,
    "depth_in": 11,
    "depth_transpiled": 18,
    "size_transpiled": 66,
    "quasi_dist": {
      "17": 0.005859375,
      "8": 0.0693359375,
      "0": 0.4599609375,
      "1": 0.0810546875,
      "16": 0.09765625,
      "20": 0.017578125,
      "4": 0.07421875,
      "2": 0.0859375,
      "10": 0.0087890625,
      "9": 0.015625,
      "6": 0.009765625,
      "26": 0.001953125,
      "5": 0.0126953125,
      "18": 0.01171875,
      "12": 0.0107421875,
      "24": 0.0107421875,
      "3": 0.0107421875,
      "23": 0.0009765625,
      "22": 0.001953125,
      "19": 0.001953125,
      "11": 0.0029296875,
      "21": 0.0029296875,
      "14": 0.0009765625,
      "13": 0.0029296875,
      "30": 0.0009765625
    }
  }
}