{
  "laps": {
    "01_setup": 6.4e-05,
    "03_transpile": 0.025006,
    "04_submit": 0.000639,
    "05_run": 0.02296,
    "06_collect": 7e-05,
    "total": 0.048739
  },
  "meta": {
    "backend": "fake_jakarta",
    "n_qubits": 3,
    "depth_in": 9,
    "depth_transpiled": 16,
    "size_transpiled": 38,
    "quasi_dist": {
      "0": 0.6083984375,
      "5": 0.025390625,
      "4": 0.1025390625,
      "1": 0.107421875,
      "2": 0.119140625,
      "3": 0.0205078125,
      "6": 0.0146484375,
      "7": 0.001953125
    }
  }
}