{
  "laps": {
    "01_setup": 6.6e-05,
    "02_cache_search": 0.000159,
    "04_submit": 0.000805,
    "05_run": 0.023858,
    "06_collect": 0.000108,
    "total": 0.024996
  },
  "meta": {
    "backend": "fake_jakarta",
    "n_qubits": 5,
    "depth_in": 11,
    "depth_transpiled": 18,
    "size_transpiled": 66,
    "quasi_dist": {
      "4": 0.080078125,
      "2": 0.0830078125,
      "8": 0.0654296875,
      "0": 0.45703125,
      "24": 0.013671875,
      "16": 0.0703125,
      "1": 0.083984375,
      "20": 0.017578125,
      "3": 0.0185546875,
      "13": 0.00390625,
      "12": 0.013671875,
      "10": 0.0146484375,
      "9": 0.013671875,
      "6": 0.0146484375,
      "5": 0.015625,
      "30": 0.0009765625,
      "11": 0.001953125,
      "18": 0.0126953125,
      "17": 0.0048828125,
      "21": 0.001953125,
      "29": 0.0009765625,
      "23": 0.0009765625,
      "25": 0.0029296875,
      "19": 0.001953125,
      "26": 0.0009765625,
      "14": 0.0029296875,
      "7": 0.0009765625
    }
  }
}