{
  "laps": {
    "01_setup": 9.8e-05,
    "03_transpile": 0.098619,
    "04_submit": 0.00255,
    "05_run": 0.049018,
    "06_collect": 0.000601,
    "total": 0.150886
  },
  "meta": {
    "backend": "fake_jakarta",
    "n_qubits": 3,
    "depth_in": 129,
    "depth_transpiled": 166,
    "size_transpiled": 338,
    "quasi_dist": {
      "0": 0.6103515625,
      "2": 0.1689453125,
      "3": 0.044921875,
      "1": 0.13671875,
      "4": 0.0126953125,
      "6": 0.0166015625,
      "5": 0.0087890625,
      "7": 0.0009765625
    }
  }
}