{
  "laps": {
    "01_setup": 6.7e-05,
    "02_cache_search": 0.000165,
    "04_submit": 0.003763,
    "05_run": 0.019846,
    "06_collect": 0.000576,
    "total": 0.024417
  },
  "meta": {
    "backend": "fake_jakarta",
    "n_qubits": 5,
    "depth_in": 21,
    "depth_transpiled": 23,
    "size_transpiled": 27,
    "quasi_dist": {
      "31": 0.474609375,
      "0": 0.525390625
    }
  }
}