{
  "laps": {
    "01_setup": 7e-05,
    "02_cache_search": 8.6e-05,
    "04_submit": 0.003846,
    "05_run": 0.019715,
    "06_collect": 6.5e-05,
    "total": 0.023782
  },
  "meta": {
    "backend": "fake_jakarta",
    "n_qubits": 6,
    "depth_in": 7,
    "depth_transpiled": 17,
    "size_transpiled": 27,
    "quasi_dist": {
      "0": 0.5126953125,
      "63": 0.4873046875
    }
  }
}