{
  "laps": {
    "01_setup": 9.1e-05,
    "03_transpile": 0.200051,
    "04_submit": 0.007853,
    "05_run": 0.057903,
    "06_collect": 0.001189,
    "total": 0.267087
  },
  "meta": {
    "backend": "fake_jakarta",
    "n_qubits": 6,
    "depth_in": 132,
    "depth_transpiled": 341,
    "size_transpiled": 833,
    "quasi_dist": {
      "30": 0.0703125,
      "13": 0.0107421875,
      "60": 0.107421875,
      "48": 0.0224609375,
      "7": 0.0595703125,
      "31": 0.05859375,
      "38": 0.0009765625,
      "58": 0.00390625,
      "15": 0.056640625,
      "54": 0.0029296875,
      "1": 0.005859375,
      "35": 0.01171875,
      "12": 0.0302734375,
      "52": 0.0048828125,
      "3": 0.0390625,
      "33": 0.001953125,
      "63": 0.015625,
      "10": 0.001953125,
      "55": 0.0009765625,
      "0": 0.1396484375,
      "24": 0.0224609375,
      "11": 0.0029296875,
      "34": 0.00390625,
      "62": 0.056640625,
      "51": 0.0078125,
      "4": 0.01953125,
      "28": 0.041015625,
      "56": 0.048828125,
      "2": 0.041015625,
      "49": 0.0078125,
      "6": 0.0263671875,
      "8": 0.0126953125,
      "16": 0.0029296875,
      "39": 0.001953125,
      "41": 0.0009765625,
      "26": 0.0048828125,
      "46": 0.0029296875,
      "5": 0.0048828125,
      "50": 0.0048828125,
      "32": 0.0068359375,
      "14": 0.01953125,
      "27": 0.00390625,
      "18": 0.0009765625,
      "17": 0.0029296875,
      "29": 0.001953125,
      "22": 0.0009765625,
      "9": 0.0009765625,
      "57": 0.0009765625,
      "20": 0.0009765625
    }
  }
}