{
  "laps": {
    "01_setup": 7.4e-05,
    "02_cache_search": 0.000176,
    "04_submit": 0.000902,
    "05_run": 0.02597,
    "06_collect": 0.000168,
    "total": 0.02729
  },
  "meta": {
    "backend": "fake_jakarta",
    "n_qubits": 3,
    "depth_in": 19,
    "depth_transpiled": 21,
    "size_transpiled": 23,
    "quasi_dist": {
      "0": 0.517578125,
      "7": 0.482421875
    }
  }
}