{
  "01_setup": 0.000381,
  "02_cache_search": 0.000991,
  "03_transpile": 0.070784,
  "07_cache_write": 0.003797,
  "04_submit": 0.009891,
  "05_run": 0.126946,
  "06_collect": 0.000971,
  "total": 0.213761
}