{
  "01_setup": 0.000356,
  "02_cache_search": 0.001,
  "03_transpile": 0.038671,
  "07_cache_write": 0.009205,
  "04_submit": 0.005183,
  "05_run": 0.185421,
  "06_collect": 0.000563,
  "total": 0.240399
}