{
  "laps": {
    "01_setup": 6.5e-05,
    "02_cache_search": 0.00011,
    "04_submit": 0.000464,
    "05_run": 0.020552,
    "06_collect": 5.8e-05,
    "total": 0.021249
  },
  "meta": {
    "backend": "fake_jakarta",
    "n_qubits": 3,
    "depth_in": 7,
    "depth_transpiled": 9,
    "size_transpiled": 11,
    "quasi_dist": {
      "0": 0.48828125,
      "7": 0.51171875
    }
  }
}