{
  "laps": {
    "01_setup": 5.6e-05,
    "02_cache_search": 0.000103,
    "04_submit": 0.000668,
    "05_run": 0.022077,
    "06_collect": 7e-05,
    "total": 0.022974
  },
  "meta": {
    "backend": "fake_jakarta",
    "n_qubits": 3,
    "depth_in": 9,
    "depth_transpiled": 16,
    "size_transpiled": 38,
    "quasi_dist": {
      "0": 0.6279296875,
      "1": 0.109375,
      "2": 0.095703125,
      "4": 0.1044921875,
      "5": 0.017578125,
      "3": 0.0205078125,
      "7": 0.0029296875,
      "6": 0.021484375
    }
  }
}