{
  "laps": {
    "01_setup": 8.5e-05,
    "03_transpile": 0.125818,
    "04_submit": 0.003357,
    "05_run": 0.046618,
    "06_collect": 0.000607,
    "total": 0.176485
  },
  "meta": {
    "backend": "fake_jakarta",
    "n_qubits": 6,
    "depth_in": 68,
    "depth_transpiled": 173,
    "size_transpiled": 433,
    "quasi_dist": {
      "31": 0.02734375,
      "48": 0.044921875,
      "7": 0.0439453125,
      "56": 0.033203125,
      "36": 0.0009765625,
      "13": 0.013671875,
      "60": 0.037109375,
      "30": 0.0419921875,
      "55": 0.001953125,
      "0": 0.2412109375,
      "58": 0.0029296875,
      "38": 0.0009765625,
      "15": 0.060546875,
      "37": 0.0009765625,
      "14": 0.060546875,
      "47": 0.0068359375,
      "6": 0.029296875,
      "10": 0.00390625,
      "63": 0.0341796875,
      "16": 0.0654296875,
      "24": 0.0341796875,
      "32": 0.015625,
      "11": 0.005859375,
      "34": 0.0078125,
      "62": 0.0439453125,
      "20": 0.001953125,
      "50": 0.0009765625,
      "46": 0.0048828125,
      "5": 0.00390625,
      "28": 0.0107421875,
      "61": 0.00390625,
      "12": 0.0322265625,
      "9": 0.001953125,
      "19": 0.0009765625,
      "26": 0.0009765625,
      "4": 0.0048828125,
      "45": 0.0029296875,
      "8": 0.0244140625,
      "25": 0.00390625,
      "40": 0.00390625,
      "29": 0.0078125,
      "52": 0.0009765625,
      "44": 0.0048828125,
      "3": 0.0078125,
      "39": 0.00390625,
      "17": 0.0029296875,
      "2": 0.00390625,
      "42": 0.0009765625,
      "1": 0.001953125,
      "22": 0.0009765625,
      "23": 0.001953125
    }
  }
}