{
  "laps": {
    "01_setup": 0.000212,
    "03_transpile": 0.046613,
    "04_submit": 0.001157,
    "05_run": 0.051077,
    "06_collect": 0.000178,
    "total": 0.099237
  },
  "meta": {
    "backend": "fake_jakarta",
    "n_qubits": 3,
    "depth_in": 11,
    "depth_transpiled": 13,
    "size_transpiled": 15,
    "quasi_dist": {
      "7": 0.5107421875,
      "0": 0.4892578125
    }
  }
}