{
  "01_setup": 0.000377,
  "03_transpile": 0.379825,
  "04_submit": 0.013391,
  "05_run": 0.166853,
  "06_collect": 0.002126,
  "total": 0.562572
}