{
  "laps": {
    "01_setup": 7.3e-05,
    "02_cache_search": 0.000103,
    "04_submit": 0.003624,
    "05_run": 0.018022,
    "06_collect": 5.2e-05,
    "total": 0.021874
  },
  "meta": {
    "backend": "fake_jakarta",
    "n_qubits": 3,
    "depth_in": 6,
    "depth_transpiled": 23,
    "size_transpiled": 26,
    "quasi_dist": {
      "5": 0.125,
      "2": 0.119140625,
      "4": 0.126953125,
      "0": 0.134765625,
      "1": 0.1220703125,
      "6": 0.1220703125,
      "3": 0.123046875,
      "7": 0.126953125
    }
  }
}