{
  "01_setup": 0.000323,
  "02_cache_search": 0.000803,
  "03_transpile": 0.022997,
  "07_cache_write": 0.003327,
  "04_submit": 0.002926,
  "05_run": 0.106505,
  "06_collect": 0.00026,
  "total": 0.137141
}