{
  "laps": {
    "01_setup": 6.2e-05,
    "03_transpile": 0.028217,
    "04_submit": 0.000853,
    "05_run": 0.02112,
    "06_collect": 6.5e-05,
    "total": 0.050317
  },
  "meta": {
    "backend": "fake_jakarta",
    "n_qubits": 3,
    "depth_in": 9,
    "depth_transpiled": 16,
    "size_transpiled": 38,
    "quasi_dist": {
      "2": 0.1142578125,
      "1": 0.09375,
      "0": 0.634765625,
      "4": 0.1005859375,
      "5": 0.0185546875,
      "6": 0.0185546875,
      "7": 0.0029296875,
      "3": 0.0166015625
    }
  }
}