{
  "01_setup": 0.000416,
  "03_transpile": 0.273601,
  "04_submit": 0.010036,
  "05_run": 0.179852,
  "06_collect": 0.001658,
  "total": 0.465563
}