{
  "laps": {
    "01_setup": 8.1e-05,
    "02_cache_search": 0.000158,
    "04_submit": 0.000709,
    "05_run": 0.025826,
    "06_collect": 0.000134,
    "total": 0.026908
  },
  "meta": {
    "backend": "fake_jakarta",
    "n_qubits": 3,
    "depth_in": 17,
    "depth_transpiled": 26,
    "size_transpiled": 58,
    "quasi_dist": {
      "0": 0.4609375,
      "4": 0.083984375,
      "1": 0.0859375,
      "3": 0.15625,
      "5": 0.0458984375,
      "6": 0.1015625,
      "2": 0.0517578125,
      "7": 0.013671875
    }
  }
}