{
  "laps": {
    "01_setup": 6e-05,
    "03_transpile": 0.028858,
    "04_submit": 0.000718,
    "05_run": 0.023329,
    "06_collect": 8.9e-05,
    "total": 0.053054
  },
  "meta": {
    "backend": "fake_jakarta",
    "n_qubits": 5,
    "depth_in": 9,
    "depth_transpiled": 11,
    "size_transpiled": 15,
    "quasi_dist": {
      "31": 0.5078125,
      "0": 0.4921875
    }
  }
}