{
  "laps": {
    "01_setup": 7.3e-05,
    "02_cache_search": 0.001507,
    "04_submit": 0.005461,
    "05_run": 0.063724,
    "06_collect": 0.002162,
    "total": 0.072927
  },
  "meta": {
    "backend": "fake_jakarta",
    "n_qubits": 6,
    "depth_in": 132,
    "depth_transpiled": 341,
    "size_transpiled": 833,
    "quasi_dist": {
      "34": 0.0009765625,
      "11": 0.001953125,
      "62": 0.0732421875,
      "28": 0.0439453125,
      "13": 0.009765625,
      "60": 0.0908203125,
      "45": 0.0009765625,
      "51": 0.001953125,
      "4": 0.0283203125,
      "30": 0.0625,
      "50": 0.0029296875,
      "5": 0.00390625,
      "10": 0.0009765625,
      "33": 0.00390625,
      "63": 0.01953125,
      "55": 0.0009765625,
      "0": 0.1298828125,
      "38": 0.0009765625,
      "58": 0.0029296875,
      "15": 0.0546875,
      "52": 0.00390625,
      "3": 0.04296875,
      "2": 0.048828125,
      "35": 0.00390625,
      "12": 0.029296875,
      "56": 0.0556640625,
      "31": 0.0478515625,
      "8": 0.0107421875,
      "48": 0.017578125,
      "7": 0.0576171875,
      "24": 0.021484375,
      "59": 0.001953125,
      "14": 0.0283203125,
      "47": 0.0009765625,
      "49": 0.0107421875,
      "6": 0.0341796875,
      "18": 0.00390625,
      "22": 0.00390625,
      "54": 0.0029296875,
      "1": 0.0107421875,
      "27": 0.0009765625,
      "9": 0.00390625,
      "39": 0.00390625,
      "20": 0.0009765625,
      "26": 0.0087890625,
      "32": 0.0048828125,
      "57": 0.001953125,
      "16": 0.0009765625,
      "17": 0.0009765625
    }
  }
}