{
  "laps": {
    "01_setup": 9.2e-05,
    "03_transpile": 0.058615,
    "04_submit": 0.001324,
    "05_run": 0.035198,
    "06_collect": 0.000423,
    "total": 0.095652
  },
  "meta": {
    "backend": "fake_jakarta",
    "n_qubits": 7,
    "depth_in": 23,
    "depth_transpiled": 36,
    "size_transpiled": 47,
    "quasi_dist": {
      "0": 0.482421875,
      "127": 0.517578125
    }
  }
}