{
  "laps": {
    "01_setup": 0.0001,
    "02_cache_search": 0.004322,
    "03_transpile": 2.15521,
    "07_cache_write": 0.084865,
    "04_submit": 0.171721,
    "05_run": 0.29677,
    "06_collect": 0.009822,
    "total": 2.72281
  },
  "meta": {
    "backend": "fake_jakarta",
    "n_qubits": 7,
    "depth_in": 231,
    "depth_transpiled": 2900,
    "size_transpiled": 5709,
    "quasi_dist": {
      "0": 1.0
    }
  }
}