{
  "laps": {
    "01_setup": 0.000153,
    "03_transpile": 0.041079,
    "04_submit": 0.00112,
    "05_run": 0.039428,
    "06_collect": 0.0003,
    "total": 0.08208
  },
  "meta": {
    "backend": "fake_jakarta",
    "n_qubits": 5,
    "depth_in": 21,
    "depth_transpiled": 23,
    "size_transpiled": 27,
    "quasi_dist": {
      "0": 0.48828125,
      "31": 0.51171875
    }
  }
}