{
  "laps": {
    "01_setup": 8.1e-05,
    "02_cache_search": 0.000265,
    "03_transpile": 0.112213,
    "07_cache_write": 0.004708,
    "04_submit": 0.001912,
    "05_run": 0.032173,
    "06_collect": 0.000401,
    "total": 0.151753
  },
  "meta": {
    "backend": "fake_jakarta",
    "n_qubits": 6,
    "depth_in": 18,
    "depth_transpiled": 145,
    "size_transpiled": 249,
    "quasi_dist": {
      "0": 1.0
    }
  }
}