{
  "laps": {
    "01_setup": 0.00014,
    "02_cache_search": 0.000479,
    "03_transpile": 0.179994,
    "07_cache_write": 0.013268,
    "04_submit": 0.0048,
    "05_run": 0.048311,
    "06_collect": 0.000607,
    "total": 0.247599
  },
  "meta": {
    "backend": "fake_jakarta",
    "n_qubits": 6,
    "depth_in": 30,
    "depth_transpiled": 256,
    "size_transpiled": 488,
    "quasi_dist": {
      "0": 1.0
    }
  }
}