{
  "01_setup": 0.000556,
  "03_transpile": 0.229545,
  "04_submit": 0.005107,
  "05_run": 0.151799,
  "06_collect": 0.000736,
  "total": 0.387743
}