{
  "laps": {
    "01_setup": 7.8e-05,
    "02_cache_search": 0.000514,
    "03_transpile": 0.038349,
    "07_cache_write": 0.121124,
    "04_submit": 0.002609,
    "05_run": 0.030524,
    "06_collect": 0.000143,
    "total": 0.193341
  },
  "meta": {
    "backend": "fake_jakarta",
    "n_qubits": 3,
    "depth_in": 19,
    "depth_transpiled": 21,
    "size_transpiled": 23,
    "quasi_dist": {
      "7": 0.4794921875,
      "0": 0.5205078125
    }
  }
}