{
  "laps": {
    "01_setup": 7.2e-05,
    "02_cache_search": 0.000146,
    "04_submit": 0.000895,
    "05_run": 0.023963,
    "06_collect": 0.00011,
    "total": 0.025186
  },
  "meta": {
    "backend": "fake_jakarta",
    "n_qubits": 5,
    "depth_in": 13,
    "depth_transpiled": 15,
    "size_transpiled": 19,
    "quasi_dist": {
      "0": 0.4912109375,
      "31": 0.5087890625
    }
  }
}