{
  "01_setup": 0.000522,
  "03_transpile": 5.724669,
  "04_submit": 0.256185,
  "05_run": 1.276908,
  "06_collect": 0.027362,
  "total": 7.285646
}