{
  "laps": {
    "01_setup": 0.000231,
    "02_cache_search": 0.001663,
    "03_transpile": 0.367862,
    "07_cache_write": 0.054342,
    "04_submit": 0.005453,
    "05_run": 0.050662,
    "06_collect": 0.001191,
    "total": 0.481404
  },
  "meta": {
    "backend": "fake_jakarta",
    "n_qubits": 6,
    "depth_in": 132,
    "depth_transpiled": 341,
    "size_transpiled": 833,
    "quasi_dist": {
      "52": 0.0048828125,
      "3": 0.0419921875,
      "39": 0.00390625,
      "48": 0.021484375,
      "7": 0.0595703125,
      "47": 0.001953125,
      "49": 0.005859375,
      "6": 0.033203125,
      "45": 0.0009765625,
      "51": 0.0068359375,
      "4": 0.025390625,
      "13": 0.005859375,
      "60": 0.1015625,
      "2": 0.0390625,
      "0": 0.1240234375,
      "34": 0.00390625,
      "11": 0.00390625,
      "62": 0.0615234375,
      "56": 0.05078125,
      "30": 0.068359375,
      "28": 0.046875,
      "10": 0.0029296875,
      "63": 0.0146484375,
      "33": 0.00390625,
      "8": 0.0146484375,
      "29": 0.0009765625,
      "58": 0.0068359375,
      "15": 0.05859375,
      "35": 0.009765625,
      "12": 0.0205078125,
      "32": 0.01171875,
      "1": 0.01171875,
      "54": 0.0048828125,
      "24": 0.0205078125,
      "59": 0.0009765625,
      "14": 0.021484375,
      "37": 0.0009765625,
      "26": 0.0029296875,
      "31": 0.056640625,
      "18": 0.0029296875,
      "22": 0.005859375,
      "9": 0.0029296875,
      "46": 0.001953125,
      "50": 0.001953125,
      "5": 0.001953125,
      "17": 0.0029296875,
      "27": 0.0009765625,
      "57": 0.001953125
    }
  }
}