{
  "laps": {
    "01_setup": 9.9e-05,
    "03_transpile": 0.024712,
    "04_submit": 0.00058,
    "05_run": 0.024541,
    "06_collect": 7.8e-05,
    "total": 0.05001
  },
  "meta": {
    "backend": "fake_jakarta",
    "n_qubits": 5,
    "depth_in": 9,
    "depth_transpiled": 11,
    "size_transpiled": 15,
    "quasi_dist": {
      "0": 0.4970703125,
      "31": 0.5029296875
    }
  }
}