{
  "laps": {
    "01_setup": 0.000107,
    "03_transpile": 0.036725,
    "04_submit": 0.000836,
    "05_run": 0.030679,
    "06_collect": 8.8e-05,
    "total": 0.068435
  },
  "meta": {
    "backend": "fake_jakarta",
    "n_qubits": 5,
    "depth_in": 7,
    "depth_transpiled": 13,
    "size_transpiled": 48,
    "quasi_dist": {
      "2": 0.037109375,
      "28": 0.03515625,
      "19": 0.0341796875,
      "6": 0.025390625,
      "27": 0.0341796875,
      "14": 0.029296875,
      "8": 0.03515625,
      "10": 0.0263671875,
      "7": 0.0361328125,
      "21": 0.03125,
      "16": 0.0283203125,
      "23": 0.0341796875,
      "1": 0.025390625,
      "5": 0.0302734375,
      "9": 0.0302734375,
      "17": 0.0322265625,
      "29": 0.033203125,
      "3": 0.04296875,
      "25": 0.0302734375,
      "22": 0.0244140625,
      "31": 0.025390625,
      "24": 0.0263671875,
      "4": 0.0390625,
      "0": 0.0341796875,
      "20": 0.033203125,
      "13": 0.0244140625,
      "30": 0.029296875,
      "26": 0.03125,
      "11": 0.0302734375,
      "15": 0.0263671875,
      "18": 0.0380859375,
      "12": 0.0263671875
    }
  }
}