{
  "01_setup": 0.000328,
  "02_cache_search": 0.000612,
  "03_transpile": 0.03667,
  "07_cache_write": 0.001403,
  "04_submit": 0.004206,
  "05_run": 0.12128,
  "06_collect": 0.000541,
  "total": 0.16504
}