{
  "laps": {
    "01_setup": 0.000124,
    "03_transpile": 0.034291,
    "04_submit": 0.001355,
    "05_run": 0.038893,
    "06_collect": 0.000215,
    "total": 0.074878
  },
  "meta": {
    "backend": "fake_jakarta",
    "n_qubits": 5,
    "depth_in": 21,
    "depth_transpiled": 23,
    "size_transpiled": 27,
    "quasi_dist": {
      "0": 0.5009765625,
      "31": 0.4990234375
    }
  }
}