{
  "laps": {
    "01_setup": 6.6e-05,
    "03_transpile": 0.026567,
    "04_submit": 0.000617,
    "05_run": 0.025656,
    "06_collect": 9.3e-05,
    "total": 0.052999
  },
  "meta": {
    "backend": "fake_jakarta",
    "n_qubits": 6,
    "depth_in": 10,
    "depth_transpiled": 15,
    "size_transpiled": 20,
    "quasi_dist": {
      "0": 0.50390625,
      "63": 0.49609375
    }
  }
}