{
  "01_setup": 0.000543,
  "02_cache_search": 0.000676,
  "03_transpile": 0.042728,
  "07_cache_write": 0.000654,
  "04_submit": 0.006044,
  "05_run": 0.138637,
  "06_collect": 0.000379,
  "total": 0.189661
}