{
  "01_setup": 0.000401,
  "02_cache_search": 0.002023,
  "03_transpile": 0.053084,
  "07_cache_write": 0.019372,
  "04_submit": 0.009057,
  "05_run": 0.165685,
  "06_collect": 0.001873,
  "total": 0.251495
}