{
  "laps": {
    "01_setup": 6.5e-05,
    "03_transpile": 0.045765,
    "04_submit": 0.00123,
    "05_run": 0.024209,
    "06_collect": 0.000393,
    "total": 0.071662
  },
  "meta": {
    "backend": "fake_jakarta",
    "n_qubits": 7,
    "depth_in": 39,
    "depth_transpiled": 52,
    "size_transpiled": 63,
    "quasi_dist": {
      "127": 0.513671875,
      "0": 0.486328125
    }
  }
}