{
  "laps": {
    "01_setup": 0.000104,
    "02_cache_search": 0.001316,
    "03_transpile": 0.153815,
    "07_cache_write": 0.040084,
    "04_submit": 0.005093,
    "05_run": 0.064151,
    "06_collect": 0.001076,
    "total": 0.265639
  },
  "meta": {
    "backend": "fake_jakarta",
    "n_qubits": 6,
    "depth_in": 68,
    "depth_transpiled": 173,
    "size_transpiled": 433,
    "quasi_dist": {
      "55": 0.001953125,
      "0": 0.259765625,
      "8": 0.0263671875,
      "32": 0.0244140625,
      "58": 0.001953125,
      "38": 0.001953125,
      "15": 0.05859375,
      "48": 0.03515625,
      "7": 0.05078125,
      "62": 0.041015625,
      "34": 0.0068359375,
      "11": 0.0029296875,
      "4": 0.0068359375,
      "56": 0.0458984375,
      "61": 0.0068359375,
      "12": 0.01953125,
      "63": 0.0341796875,
      "10": 0.0029296875,
      "6": 0.021484375,
      "47": 0.005859375,
      "30": 0.0302734375,
      "31": 0.0224609375,
      "13": 0.005859375,
      "36": 0.0029296875,
      "60": 0.0341796875,
      "24": 0.0380859375,
      "16": 0.0556640625,
      "50": 0.0068359375,
      "5": 0.0029296875,
      "46": 0.0078125,
      "57": 0.0009765625,
      "37": 0.0009765625,
      "59": 0.0009765625,
      "14": 0.060546875,
      "52": 0.0009765625,
      "44": 0.0048828125,
      "3": 0.009765625,
      "22": 0.0029296875,
      "40": 0.00390625,
      "17": 0.001953125,
      "1": 0.0087890625,
      "28": 0.015625,
      "23": 0.001953125,
      "29": 0.0068359375,
      "39": 0.001953125,
      "43": 0.0009765625,
      "2": 0.0068359375,
      "53": 0.0009765625,
      "26": 0.001953125,
      "41": 0.0009765625,
      "25": 0.001953125,
      "20": 0.0009765625
    }
  }
}