{
  "laps": {
    "01_setup": 0.000176,
    "02_cache_search": 0.000501,
    "03_transpile": 0.081381,
    "07_cache_write": 0.060522,
    "04_submit": 0.001211,
    "05_run": 0.040562,
    "06_collect": 0.000178,
    "total": 0.184531
  },
  "meta": {
    "backend": "fake_jakarta",
    "n_qubits": 7,
    "depth_in": 23,
    "depth_transpiled": 36,
    "size_transpiled": 47,
    "quasi_dist": {
      "127": 0.5009765625,
      "0": 0.4990234375
    }
  }
}