{
  "laps": {
    "01_setup": 7e-05,
    "02_cache_search": 0.00025,
    "03_transpile": 0.046789,
    "07_cache_write": 0.012017,
    "04_submit": 0.001251,
    "05_run": 0.034096,
    "06_collect": 0.000256,
    "total": 0.094729
  },
  "meta": {
    "backend": "fake_jakarta",
    "n_qubits": 3,
    "depth_in": 33,
    "depth_transpiled": 46,
    "size_transpiled": 98,
    "quasi_dist": {
      "2": 0.1513671875,
      "5": 0.0966796875,
      "3": 0.16015625,
      "6": 0.1181640625,
      "0": 0.1435546875,
      "4": 0.083984375,
      "7": 0.0849609375,
      "1": 0.1611328125
    }
  }
}