{
  "laps": {
    "01_setup": 9.7e-05,
    "03_transpile": 0.064362,
    "04_submit": 0.002123,
    "05_run": 0.031446,
    "06_collect": 0.000312,
    "total": 0.09834
  },
  "meta": {
    "backend": "fake_jakarta",
    "n_qubits": 3,
    "depth_in": 65,
    "depth_transpiled": 86,
    "size_transpiled": 178,
    "quasi_dist": {
      "6": 0.076171875,
      "0": 0.7958984375,
      "3": 0.037109375,
      "2": 0.029296875,
      "1": 0.0517578125,
      "7": 0.001953125,
      "5": 0.005859375,
      "4": 0.001953125
    }
  }
}