{
  "laps": {
    "01_setup": 6.2e-05,
    "03_transpile": 0.09331,
    "04_submit": 0.003086,
    "05_run": 0.037211,
    "06_collect": 0.000467,
    "total": 0.134136
  },
  "meta": {
    "backend": "fake_jakarta",
    "n_qubits": 5,
    "depth_in": 67,
    "depth_transpiled": 88,
    "size_transpiled": 318,
    "quasi_dist": {
      "0": 0.4462890625,
      "12": 0.044921875,
      "28": 0.083984375,
      "29": 0.017578125,
      "5": 0.0068359375,
      "14": 0.046875,
      "30": 0.01171875,
      "31": 0.0244140625,
      "3": 0.02734375,
      "20": 0.0068359375,
      "24": 0.0390625,
      "1": 0.0478515625,
      "21": 0.00390625,
      "6": 0.0400390625,
      "19": 0.00390625,
      "18": 0.0126953125,
      "2": 0.0087890625,
      "8": 0.001953125,
      "25": 0.015625,
      "7": 0.0263671875,
      "16": 0.005859375,
      "13": 0.0205078125,
      "10": 0.005859375,
      "15": 0.021484375,
      "26": 0.0029296875,
      "17": 0.0029296875,
      "11": 0.001953125,
      "22": 0.009765625,
      "23": 0.0048828125,
      "4": 0.00390625,
      "27": 0.0029296875
    }
  }
}