{
  "01_setup": 0.00038,
  "02_cache_search": 0.003005,
  "03_transpile": 0.276344,
  "07_cache_write": 0.011753,
  "04_submit": 0.0242,
  "05_run": 0.337762,
  "06_collect": 0.004799,
  "total": 0.658243
}