{
  "01_setup": 0.000463,
  "02_cache_search": 0.000721,
  "03_transpile": 0.06386,
  "07_cache_write": 0.001201,
  "04_submit": 0.004765,
  "05_run": 0.128321,
  "06_collect": 0.00062,
  "total": 0.199951
}