{
  "laps": {
    "01_setup": 0.000101,
    "03_transpile": 0.035083,
    "04_submit": 0.000703,
    "05_run": 0.022695,
    "06_collect": 8.6e-05,
    "total": 0.058668
  },
  "meta": {
    "backend": "fake_jakarta",
    "n_qubits": 6,
    "depth_in": 8,
    "depth_transpiled": 18,
    "size_transpiled": 28,
    "quasi_dist": {
      "0": 0.4814453125,
      "63": 0.5185546875
    }
  }
}