{
  "laps": {
    "01_setup": 7.4e-05,
    "02_cache_search": 0.000181,
    "04_submit": 0.001271,
    "05_run": 0.026699,
    "06_collect": 0.000235,
    "total": 0.02846
  },
  "meta": {
    "backend": "fake_jakarta",
    "n_qubits": 7,
    "depth_in": 23,
    "depth_transpiled": 36,
    "size_transpiled": 47,
    "quasi_dist": {
      "127": 0.53515625,
      "0": 0.46484375
    }
  }
}