{
  "laps": {
    "01_setup": 7e-05,
    "03_transpile": 0.03363,
    "04_submit": 0.000961,
    "05_run": 0.024095,
    "06_collect": 0.000134,
    "total": 0.05889
  },
  "meta": {
    "backend": "fake_jakarta",
    "n_qubits": 3,
    "depth_in": 17,
    "depth_transpiled": 26,
    "size_transpiled": 58,
    "quasi_dist": {
      "2": 0.05078125,
      "3": 0.173828125,
      "0": 0.4541015625,
      "6": 0.1005859375,
      "1": 0.0859375,
      "4": 0.0927734375,
      "5": 0.03125,
      "7": 0.0107421875
    }
  }
}