{
  "laps": {
    "01_setup": 0.000104,
    "03_transpile": 0.038016,
    "04_submit": 0.001149,
    "05_run": 0.021541,
    "06_collect": 8.6e-05,
    "total": 0.060896
  },
  "meta": {
    "backend": "fake_jakarta",
    "n_qubits": 7,
    "depth_in": 11,
    "depth_transpiled": 24,
    "size_transpiled": 35,
    "quasi_dist": {
      "127": 0.494140625,
      "0": 0.505859375
    }
  }
}