{
  "laps": {
    "01_setup": 0.0001,
    "03_transpile": 0.02499,
    "04_submit": 0.000678,
    "05_run": 0.020512,
    "06_collect": 5.2e-05,
    "total": 0.046332
  },
  "meta": {
    "backend": "fake_jakarta",
    "n_qubits": 5,
    "depth_in": 7,
    "depth_transpiled": 9,
    "size_transpiled": 13,
    "quasi_dist": {
      "0": 0.5107421875,
      "31": 0.4892578125
    }
  }
}