{
  "laps": {
    "01_setup": 0.000107,
    "03_transpile": 0.040171,
    "04_submit": 0.000737,
    "05_run": 0.030556,
    "06_collect": 0.000126,
    "total": 0.071697
  },
  "meta": {
    "backend": "fake_jakarta",
    "n_qubits": 7,
    "depth_in": 9,
    "depth_transpiled": 22,
    "size_transpiled": 33,
    "quasi_dist": {
      "127": 0.521484375,
      "0": 0.478515625
    }
  }
}