{
  "laps": {
    "01_setup": 8e-05,
    "03_transpile": 0.05963,
    "04_submit": 0.001476,
    "05_run": 0.02971,
    "06_collect": 0.000383,
    "total": 0.091279
  },
  "meta": {
    "backend": "fake_jakarta",
    "n_qubits": 3,
    "depth_in": 65,
    "depth_transpiled": 86,
    "size_transpiled": 178,
    "quasi_dist": {
      "0": 0.818359375,
      "2": 0.029296875,
      "6": 0.064453125,
      "3": 0.0322265625,
      "1": 0.0458984375,
      "5": 0.0048828125,
      "7": 0.00390625,
      "4": 0.0009765625
    }
  }
}