{
  "laps": {
    "01_setup": 6.4e-05,
    "03_transpile": 0.021649,
    "04_submit": 0.000549,
    "05_run": 0.020553,
    "06_collect": 5.7e-05,
    "total": 0.042872
  },
  "meta": {
    "backend": "fake_jakarta",
    "n_qubits": 5,
    "depth_in": 7,
    "depth_transpiled": 9,
    "size_transpiled": 13,
    "quasi_dist": {
      "0": 0.5009765625,
      "31": 0.4990234375
    }
  }
}