{
  "01_setup": 0.000537,
  "02_cache_search": 0.001605,
  "03_transpile": 0.04456,
  "07_cache_write": 0.055816,
  "04_submit": 0.007522,
  "05_run": 0.147917,
  "06_collect": 0.001588,
  "total": 0.259545
}