{
  "01_setup": 0.000374,
  "02_cache_search": 0.000824,
  "03_transpile": 0.01998,
  "07_cache_write": 0.000549,
  "04_submit": 0.002474,
  "05_run": 0.103015,
  "06_collect": 0.00022,
  "total": 0.127436
}