{
  "laps": {
    "01_setup": 7.7e-05,
    "03_transpile": 0.092872,
    "04_submit": 0.002206,
    "05_run": 0.042748,
    "06_collect": 0.000589,
    "total": 0.138492
  },
  "meta": {
    "backend": "fake_jakarta",
    "n_qubits": 3,
    "depth_in": 129,
    "depth_transpiled": 166,
    "size_transpiled": 338,
    "quasi_dist": {
      "2": 0.1630859375,
      "3": 0.0478515625,
      "0": 0.59765625,
      "1": 0.140625,
      "4": 0.015625,
      "6": 0.01953125,
      "5": 0.0146484375,
      "7": 0.0009765625
    }
  }
}