{
  "01_setup": 0.000474,
  "02_cache_search": 0.005814,
  "03_transpile": 0.099882,
  "07_cache_write": 0.047271,
  "04_submit": 0.01511,
  "05_run": 0.188929,
  "06_collect": 0.002777,
  "total": 0.360257
}