{
  "laps": {
    "01_setup": 0.000124,
    "03_transpile": 0.049169,
    "04_submit": 0.001173,
    "05_run": 0.041294,
    "06_collect": 0.00013,
    "total": 0.09189
  },
  "meta": {
    "backend": "fake_jakarta",
    "n_qubits": 3,
    "depth_in": 11,
    "depth_transpiled": 13,
    "size_transpiled": 15,
    "quasi_dist": {
      "0": 0.4912109375,
      "7": 0.5087890625
    }
  }
}