{
  "01_setup": 0.000447,
  "03_transpile": 0.181492,
  "04_submit": 0.004617,
  "05_run": 0.15683,
  "06_collect": 0.000345,
  "total": 0.343731
}