{
  "laps": {
    "01_setup": 9.4e-05,
    "02_cache_search": 0.000348,
    "03_transpile": 0.036285,
    "07_cache_write": 0.001343,
    "04_submit": 0.000727,
    "05_run": 0.021885,
    "06_collect": 6.3e-05,
    "total": 0.060745
  },
  "meta": {
    "backend": "fake_jakarta",
    "n_qubits": 6,
    "depth_in": 7,
    "depth_transpiled": 17,
    "size_transpiled": 27,
    "quasi_dist": {
      "0": 0.50390625,
      "63": 0.49609375
    }
  }
}