{
  "laps": {
    "01_setup": 7.2e-05,
    "03_transpile": 0.037247,
    "04_submit": 0.000905,
    "05_run": 0.022753,
    "06_collect": 0.000175,
    "total": 0.061152
  },
  "meta": {
    "backend": "fake_jakarta",
    "n_qubits": 6,
    "depth_in": 12,
    "depth_transpiled": 26,
    "size_transpiled": 83,
    "quasi_dist": {
      "13": 0.0029296875,
      "36": 0.0205078125,
      "4": 0.05859375,
      "8": 0.06640625,
      "0": 0.37890625,
      "1": 0.0517578125,
      "33": 0.0126953125,
      "10": 0.0185546875,
      "49": 0.00390625,
      "6": 0.013671875,
      "18": 0.01171875,
      "16": 0.06640625,
      "32": 0.076171875,
      "20": 0.013671875,
      "7": 0.001953125,
      "48": 0.0087890625,
      "2": 0.0673828125,
      "11": 0.0009765625,
      "34": 0.0107421875,
      "50": 0.0029296875,
      "5": 0.0146484375,
      "44": 0.0009765625,
      "52": 0.001953125,
      "3": 0.017578125,
      "38": 0.00390625,
      "9": 0.0078125,
      "19": 0.0029296875,
      "35": 0.00390625,
      "12": 0.0078125,
      "40": 0.0126953125,
      "25": 0.001953125,
      "24": 0.013671875,
      "17": 0.0068359375,
      "30": 0.001953125,
      "22": 0.0029296875,
      "23": 0.001953125,
      "56": 0.0029296875,
      "14": 0.001953125,
      "37": 0.0009765625,
      "26": 0.001953125
    }
  }
}