{
  "laps": {
    "01_setup": 6.4e-05,
    "02_cache_search": 0.000988,
    "04_submit": 0.002431,
    "05_run": 0.033344,
    "06_collect": 0.000557,
    "total": 0.037384
  },
  "meta": {
    "backend": "fake_jakarta",
    "n_qubits": 3,
    "depth_in": 129,
    "depth_transpiled": 166,
    "size_transpiled": 338,
    "quasi_dist": {
      "2": 0.16796875,
      "0": 0.5888671875,
      "1": 0.1513671875,
      "3": 0.05078125,
      "5": 0.017578125,
      "6": 0.013671875,
      "4": 0.0078125,
      "7": 0.001953125
    }
  }
}