{
  "laps": {
    "01_setup": 7.2e-05,
    "02_cache_search": 0.000104,
    "04_submit": 0.002964,
    "05_run": 0.025121,
    "06_collect": 5.6e-05,
    "total": 0.028317
  },
  "meta": {
    "backend": "fake_jakarta",
    "n_qubits": 3,
    "depth_in": 5,
    "depth_transpiled": 11,
    "size_transpiled": 28,
    "quasi_dist": {
      "3": 0.1279296875,
      "6": 0.1279296875,
      "0": 0.1201171875,
      "2": 0.1123046875,
      "7": 0.123046875,
      "4": 0.1162109375,
      "5": 0.1416015625,
      "1": 0.130859375
    }
  }
}