{
  "laps": {
    "01_setup": 0.000113,
    "03_transpile": 0.023265,
    "04_submit": 0.000662,
    "05_run": 0.020707,
    "06_collect": 7.9e-05,
    "total": 0.044826
  },
  "meta": {
    "backend": "fake_jakarta",
    "n_qubits": 5,
    "depth_in": 13,
    "depth_transpiled": 15,
    "size_transpiled": 19,
    "quasi_dist": {
      "0": 0.4775390625,
      "31": 0.5224609375
    }
  }
}