{
  "laps": {
    "01_setup": 0.000102,
    "03_transpile": 0.025571,
    "04_submit": 0.000731,
    "05_run": 0.022934,
    "06_collect": 0.000141,
    "total": 0.049479
  },
  "meta": {
    "backend": "fake_jakarta",
    "n_qubits": 3,
    "depth_in": 19,
    "depth_transpiled": 21,
    "size_transpiled": 23,
    "quasi_dist": {
      "7": 0.5361328125,
      "0": 0.4638671875
    }
  }
}