{
  "laps": {
    "01_setup": 7.5e-05,
    "02_cache_search": 0.000277,
    "03_transpile": 0.041326,
    "07_cache_write": 0.086515,
    "04_submit": 0.002812,
    "05_run": 0.022897,
    "06_collect": 0.000223,
    "total": 0.154125
  },
  "meta": {
    "backend": "fake_jakarta",
    "n_qubits": 7,
    "depth_in": 15,
    "depth_transpiled": 29,
    "size_transpiled": 40,
    "quasi_dist": {
      "0": 0.498046875,
      "127": 0.501953125
    }
  }
}