{
  "01_setup": 0.000572,
  "03_transpile": 6.072577,
  "04_submit": 0.255166,
  "05_run": 0.970698,
  "06_collect": 0.017582,
  "total": 7.316595
}