{
  "laps": {
    "01_setup": 8.9e-05,
    "03_transpile": 0.045082,
    "04_submit": 0.0009,
    "05_run": 0.028764,
    "06_collect": 9.6e-05,
    "total": 0.074931
  },
  "meta": {
    "backend": "fake_jakarta",
    "n_qubits": 5,
    "depth_in": 7,
    "depth_transpiled": 13,
    "size_transpiled": 48,
    "quasi_dist": {
      "2": 0.0283203125,
      "31": 0.0390625,
      "8": 0.0361328125,
      "15": 0.029296875,
      "6": 0.0283203125,
      "5": 0.03125,
      "16": 0.03125,
      "13": 0.0224609375,
      "22": 0.029296875,
      "7": 0.0341796875,
      "17": 0.0322265625,
      "9": 0.0263671875,
      "30": 0.02734375,
      "26": 0.0380859375,
      "12": 0.0341796875,
      "4": 0.0283203125,
      "3": 0.03125,
      "1": 0.0390625,
      "0": 0.03125,
      "10": 0.0302734375,
      "27": 0.0390625,
      "25": 0.0283203125,
      "21": 0.02734375,
      "24": 0.037109375,
      "23": 0.029296875,
      "18": 0.0400390625,
      "19": 0.0283203125,
      "29": 0.03515625,
      "11": 0.0322265625,
      "28": 0.0205078125,
      "14": 0.0322265625,
      "20": 0.0224609375
    }
  }
}