{
  "laps": {
    "01_setup": 9.8e-05,
    "02_cache_search": 0.003345,
    "03_transpile": 1.060488,
    "07_cache_write": 0.057385,
    "04_submit": 0.137134,
    "05_run": 0.136464,
    "06_collect": 0.003342,
    "total": 1.398256
  },
  "meta": {
    "backend": "fake_jakarta",
    "n_qubits": 5,
    "depth_in": 165,
    "depth_transpiled": 1687,
    "size_transpiled": 2757,
    "quasi_dist": {
      "0": 1.0
    }
  }
}