{
  "laps": {
    "01_setup": 8.3e-05,
    "03_transpile": 0.051205,
    "04_submit": 0.001062,
    "05_run": 0.031742,
    "06_collect": 0.000124,
    "total": 0.084216
  },
  "meta": {
    "backend": "fake_jakarta",
    "n_qubits": 7,
    "depth_in": 15,
    "depth_transpiled": 28,
    "size_transpiled": 39,
    "quasi_dist": {
      "0": 0.4638671875,
      "127": 0.5361328125
    }
  }
}