{
  "laps": {
    "01_setup": 9.6e-05,
    "03_transpile": 0.03208,
    "04_submit": 0.000839,
    "05_run": 0.025125,
    "06_collect": 6.4e-05,
    "total": 0.058204
  },
  "meta": {
    "backend": "fake_jakarta",
    "n_qubits": 3,
    "depth_in": 7,
    "depth_transpiled": 9,
    "size_transpiled": 11,
    "quasi_dist": {
      "7": 0.4814453125,
      "0": 0.5185546875
    }
  }
}