{
  "01_setup": 0.000546,
  "03_transpile": 0.292713,
  "04_submit": 0.00597,
  "05_run": 0.190634,
  "06_collect": 0.00147,
  "total": 0.491333
}