{
  "01_setup": 0.000504,
  "03_transpile": 6.389137,
  "04_submit": 0.115452,
  "05_run": 0.700487,
  "06_collect": 0.018112,
  "total": 7.223692
}