{
  "laps": {
    "01_setup": 6.6e-05,
    "02_cache_search": 0.000124,
    "04_submit": 0.000605,
    "05_run": 0.020496,
    "06_collect": 0.000493,
    "total": 0.021784
  },
  "meta": {
    "backend": "fake_jakarta",
    "n_qubits": 6,
    "depth_in": 14,
    "depth_transpiled": 19,
    "size_transpiled": 24,
    "quasi_dist": {
      "0": 0.490234375,
      "63": 0.509765625
    }
  }
}