{
  "01_setup": 0.000359,
  "02_cache_search": 0.001964,
  "03_transpile": 0.041557,
  "07_cache_write": 0.007465,
  "04_submit": 0.006871,
  "05_run": 0.122348,
  "06_collect": 0.001037,
  "total": 0.181601
}