{
  "laps": {
    "01_setup": 9.8e-05,
    "02_cache_search": 0.000168,
    "03_transpile": 0.031525,
    "07_cache_write": 0.004042,
    "04_submit": 0.000984,
    "05_run": 0.025439,
    "06_collect": 0.000125,
    "total": 0.062381
  },
  "meta": {
    "backend": "fake_jakarta",
    "n_qubits": 5,
    "depth_in": 11,
    "depth_transpiled": 18,
    "size_transpiled": 66,
    "quasi_dist": {
      "17": 0.0126953125,
      "0": 0.4404296875,
      "8": 0.1005859375,
      "1": 0.064453125,
      "24": 0.0087890625,
      "10": 0.015625,
      "16": 0.0810546875,
      "3": 0.01171875,
      "4": 0.072265625,
      "18": 0.021484375,
      "2": 0.07421875,
      "6": 0.0185546875,
      "20": 0.0205078125,
      "21": 0.001953125,
      "12": 0.0078125,
      "9": 0.015625,
      "5": 0.0126953125,
      "28": 0.0029296875,
      "22": 0.0009765625,
      "7": 0.0029296875,
      "19": 0.0029296875,
      "25": 0.00390625,
      "27": 0.0009765625,
      "14": 0.001953125,
      "11": 0.001953125,
      "23": 0.0009765625
    }
  }
}