{
  "laps": {
    "01_setup": 7.3e-05,
    "03_transpile": 0.0353,
    "04_submit": 0.000854,
    "05_run": 0.02246,
    "06_collect": 6.9e-05,
    "total": 0.058756
  },
  "meta": {
    "backend": "fake_jakarta",
    "n_qubits": 7,
    "depth_in": 8,
    "depth_transpiled": 22,
    "size_transpiled": 33,
    "quasi_dist": {
      "127": 0.521484375,
      "0": 0.478515625
    }
  }
}