{
  "laps": {
    "01_setup": 0.000118,
    "03_transpile": 0.047782,
    "04_submit": 0.001143,
    "05_run": 0.032386,
    "06_collect": 6.6e-05,
    "total": 0.081495
  },
  "meta": {
    "backend": "fake_jakarta",
    "n_qubits": 3,
    "depth_in": 6,
    "depth_transpiled": 20,
    "size_transpiled": 26,
    "quasi_dist": {
      "1": 0.138671875,
      "5": 0.1083984375,
      "2": 0.1376953125,
      "7": 0.1142578125,
      "6": 0.1328125,
      "3": 0.115234375,
      "0": 0.125,
      "4": 0.1279296875
    }
  }
}