{
  "laps": {
    "01_setup": 9.2e-05,
    "02_cache_search": 0.000228,
    "04_submit": 0.001024,
    "05_run": 0.032608,
    "06_collect": 0.000136,
    "total": 0.034088
  },
  "meta": {
    "backend": "fake_jakarta",
    "n_qubits": 3,
    "depth_in": 17,
    "depth_transpiled": 26,
    "size_transpiled": 58,
    "quasi_dist": {
      "3": 0.1689453125,
      "1": 0.087890625,
      "6": 0.1103515625,
      "4": 0.0751953125,
      "0": 0.4521484375,
      "7": 0.0263671875,
      "5": 0.0302734375,
      "2": 0.048828125
    }
  }
}