{
  "laps": {
    "01_setup": 7.9e-05,
    "03_transpile": 0.212273,
    "04_submit": 0.002279,
    "05_run": 0.036067,
    "06_collect": 0.000516,
    "total": 0.251214
  },
  "meta": {
    "backend": "fake_jakarta",
    "n_qubits": 3,
    "depth_in": 129,
    "depth_transpiled": 166,
    "size_transpiled": 338,
    "quasi_dist": {
      "0": 0.6025390625,
      "4": 0.01171875,
      "2": 0.1650390625,
      "3": 0.0439453125,
      "5": 0.0078125,
      "1": 0.1435546875,
      "6": 0.021484375,
      "7": 0.00390625
    }
  }
}