{
  "laps": {
    "01_setup": 0.000102,
    "03_transpile": 0.026905,
    "04_submit": 0.000718,
    "05_run": 0.02581,
    "06_collect": 9.5e-05,
    "total": 0.05363
  },
  "meta": {
    "backend": "fake_jakarta",
    "n_qubits": 6,
    "depth_in": 14,
    "depth_transpiled": 19,
    "size_transpiled": 24,
    "quasi_dist": {
      "63": 0.5146484375,
      "0": 0.4853515625
    }
  }
}