{
  "laps": {
    "01_setup": 5.7e-05,
    "02_cache_search": 0.000111,
    "04_submit": 0.000445,
    "05_run": 0.023239,
    "06_collect": 6.7e-05,
    "total": 0.023919
  },
  "meta": {
    "backend": "fake_jakarta",
    "n_qubits": 3,
    "depth_in": 7,
    "depth_transpiled": 9,
    "size_transpiled": 11,
    "quasi_dist": {
      "0": 0.486328125,
      "7": 0.513671875
    }
  }
}