{
  "laps": {
    "01_setup": 6.8e-05,
    "03_transpile": 0.028584,
    "04_submit": 0.003755,
    "05_run": 0.019335,
    "06_collect": 5.5e-05,
    "total": 0.051797
  },
  "meta": {
    "backend": "fake_jakarta",
    "n_qubits": 3,
    "depth_in": 6,
    "depth_transpiled": 23,
    "size_transpiled": 26,
    "quasi_dist": {
      "0": 0.1025390625,
      "1": 0.1376953125,
      "7": 0.1396484375,
      "6": 0.11328125,
      "5": 0.1357421875,
      "3": 0.1220703125,
      "2": 0.1298828125,
      "4": 0.119140625
    }
  }
}