{
  "laps": {
    "01_setup": 6.7e-05,
    "03_transpile": 0.031077,
    "04_submit": 0.000868,
    "05_run": 0.024417,
    "06_collect": 6.2e-05,
    "total": 0.056491
  },
  "meta": {
    "backend": "fake_jakarta",
    "n_qubits": 3,
    "depth_in": 6,
    "depth_transpiled": 20,
    "size_transpiled": 26,
    "quasi_dist": {
      "2": 0.138671875,
      "6": 0.1064453125,
      "0": 0.1171875,
      "1": 0.119140625,
      "4": 0.1162109375,
      "7": 0.123046875,
      "3": 0.12890625,
      "5": 0.150390625
    }
  }
}