{
  "laps": {
    "01_setup": 7.5e-05,
    "03_transpile": 0.04562,
    "04_submit": 0.001097,
    "05_run": 0.025238,
    "06_collect": 0.000144,
    "total": 0.072174
  },
  "meta": {
    "backend": "fake_jakarta",
    "n_qubits": 3,
    "depth_in": 33,
    "depth_transpiled": 46,
    "size_transpiled": 98,
    "quasi_dist": {
      "4": 0.0908203125,
      "5": 0.0947265625,
      "1": 0.1416015625,
      "6": 0.134765625,
      "0": 0.1494140625,
      "2": 0.150390625,
      "3": 0.1591796875,
      "7": 0.0791015625
    }
  }
}