{
  "01_setup": 0.000337,
  "03_transpile": 0.170192,
  "04_submit": 0.006252,
  "05_run": 0.116827,
  "06_collect": 0.000701,
  "total": 0.294309
}