{
  "laps": {
    "01_setup": 0.000264,
    "02_cache_search": 0.000806,
    "03_transpile": 0.32963,
    "07_cache_write": 0.01525,
    "04_submit": 0.00587,
    "05_run": 0.055018,
    "06_collect": 0.001922,
    "total": 0.40876
  },
  "meta": {
    "backend": "fake_jakarta",
    "n_qubits": 6,
    "depth_in": 54,
    "depth_transpiled": 518,
    "size_transpiled": 978,
    "quasi_dist": {
      "0": 1.0
    }
  }
}