{
  "01_setup": 0.000553,
  "02_cache_search": 0.005684,
  "03_transpile": 0.418096,
  "07_cache_write": 0.027094,
  "04_submit": 0.136127,
  "05_run": 0.380091,
  "06_collect": 0.011265,
  "total": 0.97891
}