{
  "01_setup": 0.0004,
  "03_transpile": 0.171778,
  "04_submit": 0.004402,
  "05_run": 0.11639,
  "06_collect": 0.000384,
  "total": 0.293354
}