{
  "01_setup": 0.000854,
  "03_transpile": 3.264364,
  "04_submit": 0.064464,
  "05_run": 0.484278,
  "06_collect": 0.013903,
  "total": 3.827863
}