{
  "laps": {
    "01_setup": 0.0001,
    "03_transpile": 0.055648,
    "04_submit": 0.001541,
    "05_run": 0.026423,
    "06_collect": 0.000272,
    "total": 0.083984
  },
  "meta": {
    "backend": "fake_jakarta",
    "n_qubits": 6,
    "depth_in": 38,
    "depth_transpiled": 43,
    "size_transpiled": 48,
    "quasi_dist": {
      "0": 0.5029296875,
      "63": 0.4970703125
    }
  }
}