{
  "laps": {
    "01_setup": 7.3e-05,
    "02_cache_search": 0.001699,
    "04_submit": 0.002971,
    "05_run": 0.032245,
    "06_collect": 0.000529,
    "total": 0.037517
  },
  "meta": {
    "backend": "fake_jakarta",
    "n_qubits": 5,
    "depth_in": 67,
    "depth_transpiled": 88,
    "size_transpiled": 318,
    "quasi_dist": {
      "11": 0.001953125,
      "28": 0.08984375,
      "2": 0.005859375,
      "19": 0.009765625,
      "0": 0.4267578125,
      "24": 0.03125,
      "20": 0.0068359375,
      "13": 0.02734375,
      "1": 0.0537109375,
      "14": 0.06640625,
      "6": 0.037109375,
      "8": 0.005859375,
      "25": 0.0166015625,
      "22": 0.0107421875,
      "31": 0.0234375,
      "23": 0.00390625,
      "18": 0.0087890625,
      "29": 0.0146484375,
      "12": 0.048828125,
      "3": 0.029296875,
      "26": 0.0078125,
      "4": 0.00390625,
      "7": 0.0322265625,
      "27": 0.0029296875,
      "30": 0.0087890625,
      "5": 0.00390625,
      "17": 0.0009765625,
      "15": 0.015625,
      "21": 0.0029296875,
      "16": 0.001953125
    }
  }
}