{
  "01_setup": 0.000506,
  "02_cache_search": 0.006018,
  "03_transpile": 0.153815,
  "07_cache_write": 0.040084,
  "04_submit": 0.024248,
  "05_run": 0.302954,
  "06_collect": 0.005032,
  "total": 0.532657
}