{
  "laps": {
    "01_setup": 6.6e-05,
    "03_transpile": 0.022164,
    "04_submit": 0.000559,
    "05_run": 0.022737,
    "06_collect": 0.00011,
    "total": 0.045636
  },
  "meta": {
    "backend": "fake_jakarta",
    "n_qubits": 5,
    "depth_in": 9,
    "depth_transpiled": 11,
    "size_transpiled": 15,
    "quasi_dist": {
      "31": 0.5234375,
      "0": 0.4765625
    }
  }
}