{
  "laps": {
    "01_setup": 6.2e-05,
    "02_cache_search": 8.7e-05,
    "04_submit": 0.000618,
    "05_run": 0.020919,
    "06_collect": 6.9e-05,
    "total": 0.021755
  },
  "meta": {
    "backend": "fake_jakarta",
    "n_qubits": 7,
    "depth_in": 8,
    "depth_transpiled": 21,
    "size_transpiled": 32,
    "quasi_dist": {
      "127": 0.5244140625,
      "0": 0.4755859375
    }
  }
}