{
  "laps": {
    "01_setup": 6.7e-05,
    "02_cache_search": 0.000274,
    "04_submit": 0.001454,
    "05_run": 0.028037,
    "06_collect": 0.000295,
    "total": 0.030127
  },
  "meta": {
    "backend": "fake_jakarta",
    "n_qubits": 7,
    "depth_in": 39,
    "depth_transpiled": 52,
    "size_transpiled": 63,
    "quasi_dist": {
      "127": 0.5078125,
      "0": 0.4921875
    }
  }
}