{
  "laps": {
    "01_setup": 7.2e-05,
    "02_cache_search": 0.000412,
    "04_submit": 0.001461,
    "05_run": 0.033913,
    "06_collect": 0.000416,
    "total": 0.036274
  },
  "meta": {
    "backend": "fake_jakarta",
    "n_qubits": 3,
    "depth_in": 65,
    "depth_transpiled": 86,
    "size_transpiled": 178,
    "quasi_dist": {
      "1": 0.0576171875,
      "0": 0.7841796875,
      "2": 0.0283203125,
      "5": 0.0029296875,
      "3": 0.03515625,
      "6": 0.0791015625,
      "7": 0.009765625,
      "4": 0.0029296875
    }
  }
}