{
  "laps": {
    "01_setup": 6.9e-05,
    "03_transpile": 0.031854,
    "04_submit": 0.000921,
    "05_run": 0.026779,
    "06_collect": 0.000108,
    "total": 0.059731
  },
  "meta": {
    "backend": "fake_jakarta",
    "n_qubits": 5,
    "depth_in": 11,
    "depth_transpiled": 18,
    "size_transpiled": 66,
    "quasi_dist": {
      "22": 0.001953125,
      "16": 0.0615234375,
      "1": 0.083984375,
      "0": 0.455078125,
      "12": 0.0205078125,
      "18": 0.0146484375,
      "2": 0.068359375,
      "6": 0.0146484375,
      "8": 0.0908203125,
      "3": 0.01171875,
      "20": 0.0126953125,
      "4": 0.0654296875,
      "17": 0.01953125,
      "9": 0.0126953125,
      "5": 0.0107421875,
      "24": 0.017578125,
      "28": 0.0029296875,
      "19": 0.00390625,
      "11": 0.001953125,
      "7": 0.001953125,
      "14": 0.00390625,
      "21": 0.0029296875,
      "13": 0.00390625,
      "10": 0.01171875,
      "25": 0.0009765625,
      "26": 0.0029296875,
      "30": 0.0009765625
    }
  }
}