{
  "laps": {
    "01_setup": 6.8e-05,
    "03_transpile": 0.030479,
    "04_submit": 0.00076,
    "05_run": 0.022278,
    "06_collect": 7.5e-05,
    "total": 0.05366
  },
  "meta": {
    "backend": "fake_jakarta",
    "n_qubits": 7,
    "depth_in": 8,
    "depth_transpiled": 22,
    "size_transpiled": 33,
    "quasi_dist": {
      "127": 0.501953125,
      "0": 0.498046875
    }
  }
}