{
  "laps": {
    "01_setup": 5.8e-05,
    "02_cache_search": 7.2e-05,
    "04_submit": 0.000516,
    "05_run": 0.019455,
    "06_collect": 5.1e-05,
    "total": 0.020152
  },
  "meta": {
    "backend": "fake_jakarta",
    "n_qubits": 3,
    "depth_in": 5,
    "depth_transpiled": 7,
    "size_transpiled": 9,
    "quasi_dist": {
      "7": 0.4931640625,
      "0": 0.5068359375
    }
  }
}