{
  "01_setup": 0.00032,
  "03_transpile": 0.189993,
  "04_submit": 0.005077,
  "05_run": 0.1223,
  "06_collect": 0.000757,
  "total": 0.318447
}