{
  "02a_tls_auth": 1.850407,
  "02b_backend_query": 0.373647,
  "03_transpile": 0.471039,
  "04_upload_to_cloud": 0.642339,
  "05_to_09_queue": 0.853354,
  "server_run": 2.757934,
  "downlink_return": 0.031642
}