{
  "sizes": [
    50,
    100,
    150,
    200,
    300,
    350,
    400,
    450,
    500
  ],
  "methods": [
    "FS+Pre",
    "FS",
    "PR"
  ],
  "e2e_latency": {
    "FS+Pre": [
      5.499881500378251,
      9.383838701061904,
      8.346784001216292,
      10.432750698179007,
      13.013860501814634,
      13.437252599280328,
      13.873443700373173,
      12.436645901761949,
      15.309374200180173
    ],
    "FS": [
      5.220638799481094,
      10.259285999462008,
      8.192044500261545,
      10.917055997997522,
      13.439945396501571,
      13.607561799231917,
      14.306168097537011,
      12.6477789003402,
      14.326120698824525
    ],
    "PR": [
      7.6370620992966,
      16.721832001581788,
      16.839443300385028,
      28.325133200269192,
      35.17712079640478,
      53.681872898712754,
      47.543330404441804,
      39.890290699433535,
      85.8126099971123
    ]
  },
  "final_cache_size": {
    "FS+Pre": [
      34,
      55,
      62,
      75,
      93,
      91,
      93,
      94,
      99
    ],
    "FS": [
      34,
      55,
      62,
      75,
      93,
      91,
      93,
      94,
      99
    ],
    "PR": [
      21,
      29,
      38,
      42,
      55,
      49,
      48,
      51,
      60
    ]
  },
  "config": {
    "q_list": [
      5,
      7,
      11,
      13,
      15,
      17
    ],
    "d_list": [
      2,
      4,
      6
    ],
    "shots": 256,
    "hot_fraction": 0.25,
    "hot_boost": 8.0,
    "rps": 1.0,
    "rng_seed_base": 123,
    "lookahead": 8.0,
    "prob_th": 0.45,
    "max_compile": 3,
    "sliding_window_sec": 60.0,
    "min_samples": 2,
    "prewarm_every": 5
  },
  "plots": {
    "latency_png": "figs\\v18\\plots\\scaling_e2e_latency.png",
    "cache_png": "figs\\v18\\plots\\scaling_final_cache_size.png"
  }
}