{
  "01_setup": 0.000595,
  "02_cache_search": 0.005311,
  "03_transpile": 0.188168,
  "07_cache_write": 0.041945,
  "04_submit": 0.022824,
  "05_run": 0.033144,
  "06_collect": 0.004245,
  "total": 0.296232
}