{
  "laps": {
    "01_setup": 4.9e-05,
    "02_cache_search": 0.00022,
    "04_submit": 0.000767,
    "05_run": 0.00203,
    "06_collect": 0.000149,
    "total": 0.003215
  },
  "meta": {
    "backend": "fake_jakarta",
    "n_qubits": 3,
    "depth_in": 33,
    "depth_transpiled": 46,
    "size_transpiled": 98,
    "quasi_dist": {
      "3": 0.162109375,
      "6": 0.130859375,
      "5": 0.083984375,
      "7": 0.091796875,
      "4": 0.0908203125,
      "2": 0.1611328125,
      "0": 0.1328125,
      "1": 0.146484375
    }
  }
}