{
  "laps": {
    "01_setup": 6.7e-05,
    "02_cache_search": 0.001296,
    "04_submit": 0.003549,
    "05_run": 0.005919,
    "06_collect": 0.000755,
    "total": 0.011586
  },
  "meta": {
    "backend": "fake_jakarta",
    "n_qubits": 5,
    "depth_in": 131,
    "depth_transpiled": 168,
    "size_transpiled": 606,
    "quasi_dist": {
      "17": 0.0185546875,
      "8": 0.0234375,
      "26": 0.0322265625,
      "25": 0.0439453125,
      "13": 0.052734375,
      "21": 0.03125,
      "10": 0.025390625,
      "11": 0.0341796875,
      "29": 0.0458984375,
      "31": 0.0205078125,
      "20": 0.033203125,
      "23": 0.01953125,
      "0": 0.0458984375,
      "5": 0.021484375,
      "18": 0.04296875,
      "14": 0.0419921875,
      "16": 0.01953125,
      "24": 0.04296875,
      "6": 0.03515625,
      "12": 0.0595703125,
      "28": 0.0322265625,
      "27": 0.0322265625,
      "19": 0.0400390625,
      "4": 0.0234375,
      "22": 0.029296875,
      "15": 0.0244140625,
      "7": 0.015625,
      "2": 0.0185546875,
      "1": 0.0205078125,
      "30": 0.0263671875,
      "9": 0.0341796875,
      "3": 0.0126953125
    }
  }
}