{
  "laps": {
    "01_setup": 8e-05,
    "03_transpile": 0.123448,
    "04_submit": 0.096746,
    "05_run": 0.007448,
    "06_collect": 0.000793,
    "total": 0.228515
  },
  "meta": {
    "backend": "fake_jakarta",
    "n_qubits": 5,
    "depth_in": 131,
    "depth_transpiled": 168,
    "size_transpiled": 606,
    "quasi_dist": {
      "27": 0.0380859375,
      "12": 0.0625,
      "26": 0.044921875,
      "13": 0.068359375,
      "1": 0.015625,
      "19": 0.037109375,
      "11": 0.029296875,
      "29": 0.04296875,
      "31": 0.01953125,
      "9": 0.041015625,
      "6": 0.0439453125,
      "21": 0.03515625,
      "25": 0.0517578125,
      "23": 0.0263671875,
      "15": 0.0234375,
      "18": 0.025390625,
      "2": 0.0419921875,
      "24": 0.037109375,
      "3": 0.01171875,
      "16": 0.0146484375,
      "20": 0.025390625,
      "4": 0.033203125,
      "30": 0.0185546875,
      "22": 0.017578125,
      "0": 0.033203125,
      "5": 0.0224609375,
      "28": 0.037109375,
      "7": 0.0185546875,
      "14": 0.0234375,
      "10": 0.0205078125,
      "8": 0.01953125,
      "17": 0.01953125
    }
  }
}