{
  "laps": {
    "01_setup": 6.6e-05,
    "03_transpile": 0.023724,
    "04_submit": 0.000834,
    "05_run": 0.002232,
    "06_collect": 0.00017,
    "total": 0.027026
  },
  "meta": {
    "backend": "fake_jakarta",
    "n_qubits": 3,
    "depth_in": 19,
    "depth_transpiled": 21,
    "size_transpiled": 23,
    "quasi_dist": {
      "7": 0.4892578125,
      "0": 0.5107421875
    }
  }
}