{
  "laps": {
    "01_setup": 6e-05,
    "02_cache_search": 0.000157,
    "04_submit": 0.000801,
    "05_run": 0.002202,
    "06_collect": 0.000123,
    "total": 0.003343
  },
  "meta": {
    "backend": "fake_jakarta",
    "n_qubits": 6,
    "depth_in": 12,
    "depth_transpiled": 26,
    "size_transpiled": 83,
    "quasi_dist": {
      "17": 0.01171875,
      "0": 0.4013671875,
      "32": 0.0703125,
      "8": 0.056640625,
      "20": 0.013671875,
      "2": 0.060546875,
      "51": 0.001953125,
      "4": 0.0537109375,
      "42": 0.0009765625,
      "54": 0.0009765625,
      "1": 0.0625,
      "7": 0.0009765625,
      "48": 0.0166015625,
      "22": 0.0048828125,
      "16": 0.0654296875,
      "11": 0.001953125,
      "34": 0.01171875,
      "52": 0.0029296875,
      "44": 0.001953125,
      "3": 0.017578125,
      "13": 0.001953125,
      "36": 0.013671875,
      "10": 0.01171875,
      "33": 0.009765625,
      "40": 0.01171875,
      "24": 0.01171875,
      "26": 0.001953125,
      "50": 0.0009765625,
      "46": 0.0009765625,
      "5": 0.0078125,
      "12": 0.0107421875,
      "35": 0.001953125,
      "6": 0.009765625,
      "19": 0.0029296875,
      "18": 0.0166015625,
      "9": 0.0087890625,
      "28": 0.0029296875,
      "21": 0.001953125,
      "41": 0.001953125,
      "25": 0.0029296875,
      "14": 0.0029296875,
      "37": 0.001953125,
      "56": 0.001953125,
      "39": 0.0009765625,
      "23": 0.0009765625
    }
  }
}