{
  "laps": {
    "01_setup": 6.8e-05,
    "02_cache_search": 0.000192,
    "03_transpile": 0.024221,
    "07_cache_write": 0.00284,
    "04_submit": 0.000599,
    "05_run": 0.001414,
    "06_collect": 3.8e-05,
    "total": 0.029372
  },
  "meta": {
    "backend": "fake_jakarta",
    "n_qubits": 3,
    "depth_in": 5,
    "depth_transpiled": 7,
    "size_transpiled": 9,
    "quasi_dist": {
      "0": 0.48046875,
      "7": 0.51953125
    }
  }
}