{
  "laps": {
    "01_setup": 6.6e-05,
    "02_cache_search": 0.000113,
    "04_submit": 0.000814,
    "05_run": 0.002814,
    "06_collect": 8.9e-05,
    "total": 0.003896
  },
  "meta": {
    "backend": "fake_jakarta",
    "n_qubits": 7,
    "depth_in": 11,
    "depth_transpiled": 24,
    "size_transpiled": 35,
    "quasi_dist": {
      "127": 0.482421875,
      "0": 0.517578125
    }
  }
}