{
  "laps": {
    "01_setup": 6.5e-05,
    "02_cache_search": 0.000101,
    "04_submit": 0.000518,
    "05_run": 0.002846,
    "06_collect": 5.4e-05,
    "total": 0.003584
  },
  "meta": {
    "backend": "fake_jakarta",
    "n_qubits": 5,
    "depth_in": 7,
    "depth_transpiled": 9,
    "size_transpiled": 13,
    "quasi_dist": {
      "0": 0.5205078125,
      "31": 0.4794921875
    }
  }
}