{
  "laps": {
    "01_setup": 5.7e-05,
    "02_cache_search": 0.000121,
    "04_submit": 0.000584,
    "05_run": 0.001761,
    "06_collect": 9.1e-05,
    "total": 0.002614
  },
  "meta": {
    "backend": "fake_jakarta",
    "n_qubits": 6,
    "depth_in": 14,
    "depth_transpiled": 19,
    "size_transpiled": 24,
    "quasi_dist": {
      "0": 0.4990234375,
      "63": 0.5009765625
    }
  }
}