{
  "laps": {
    "01_setup": 0.000246,
    "02_cache_search": 0.000233,
    "04_submit": 0.001183,
    "05_run": 0.002171,
    "06_collect": 0.000218,
    "total": 0.004051
  },
  "meta": {
    "backend": "fake_jakarta",
    "n_qubits": 6,
    "depth_in": 38,
    "depth_transpiled": 49,
    "size_transpiled": 59,
    "quasi_dist": {
      "63": 0.4873046875,
      "0": 0.5126953125
    }
  }
}