{
  "laps": {
    "01_setup": 8.6e-05,
    "03_transpile": 0.024829,
    "04_submit": 0.000868,
    "05_run": 0.001644,
    "06_collect": 0.000111,
    "total": 0.027538
  },
  "meta": {
    "backend": "fake_jakarta",
    "n_qubits": 3,
    "depth_in": 19,
    "depth_transpiled": 21,
    "size_transpiled": 23,
    "quasi_dist": {
      "0": 0.49609375,
      "7": 0.50390625
    }
  }
}