{
  "01_setup": 0.000382,
  "03_transpile": 0.119708,
  "04_submit": 0.004053,
  "05_run": 0.008826,
  "06_collect": 0.00058,
  "total": 0.133549
}