{
  "laps": {
    "01_setup": 0.000206,
    "02_cache_search": 0.001455,
    "03_transpile": 0.137659,
    "07_cache_write": 0.166599,
    "04_submit": 0.002478,
    "05_run": 0.00416,
    "06_collect": 0.000499,
    "total": 0.313056
  },
  "meta": {
    "backend": "fake_jakarta",
    "n_qubits": 3,
    "depth_in": 129,
    "depth_transpiled": 166,
    "size_transpiled": 338,
    "quasi_dist": {
      "2": 0.1357421875,
      "0": 0.6025390625,
      "1": 0.171875,
      "5": 0.0126953125,
      "4": 0.0107421875,
      "3": 0.0498046875,
      "6": 0.015625,
      "7": 0.0009765625
    }
  }
}