{
  "laps": {
    "01_setup": 9.9e-05,
    "03_transpile": 0.034272,
    "04_submit": 0.000881,
    "05_run": 0.002099,
    "06_collect": 8.1e-05,
    "total": 0.037432
  },
  "meta": {
    "backend": "fake_jakarta",
    "n_qubits": 7,
    "depth_in": 11,
    "depth_transpiled": 24,
    "size_transpiled": 35,
    "quasi_dist": {
      "127": 0.484375,
      "0": 0.515625
    }
  }
}