{
  "laps": {
    "01_setup": 0.00016,
    "02_cache_search": 0.003278,
    "04_submit": 0.011055,
    "05_run": 0.018176,
    "06_collect": 0.001271,
    "total": 0.03394
  },
  "meta": {
    "backend": "fake_jakarta",
    "n_qubits": 6,
    "depth_in": 132,
    "depth_transpiled": 341,
    "size_transpiled": 833,
    "quasi_dist": {
      "31": 0.048828125,
      "48": 0.01953125,
      "7": 0.0556640625,
      "4": 0.02734375,
      "51": 0.0087890625,
      "30": 0.056640625,
      "12": 0.021484375,
      "35": 0.0126953125,
      "55": 0.0029296875,
      "0": 0.115234375,
      "36": 0.0009765625,
      "13": 0.0185546875,
      "60": 0.0888671875,
      "28": 0.0439453125,
      "58": 0.0029296875,
      "38": 0.0009765625,
      "15": 0.0576171875,
      "43": 0.0009765625,
      "2": 0.044921875,
      "46": 0.0009765625,
      "5": 0.0068359375,
      "50": 0.0068359375,
      "56": 0.05078125,
      "52": 0.0048828125,
      "3": 0.05078125,
      "34": 0.0009765625,
      "11": 0.0029296875,
      "62": 0.0595703125,
      "59": 0.001953125,
      "14": 0.03515625,
      "49": 0.009765625,
      "6": 0.0380859375,
      "54": 0.001953125,
      "1": 0.009765625,
      "8": 0.009765625,
      "63": 0.0146484375,
      "10": 0.0048828125,
      "33": 0.001953125,
      "9": 0.0009765625,
      "32": 0.0126953125,
      "29": 0.0029296875,
      "39": 0.005859375,
      "24": 0.015625,
      "17": 0.0029296875,
      "26": 0.0068359375,
      "22": 0.0029296875,
      "16": 0.0029296875,
      "18": 0.001953125,
      "21": 0.0009765625,
      "27": 0.0009765625,
      "25": 0.0009765625
    }
  }
}