{
  "laps": {
    "01_setup": 7.6e-05,
    "02_cache_search": 0.00154,
    "03_transpile": 0.213857,
    "07_cache_write": 0.086383,
    "04_submit": 0.009507,
    "05_run": 0.016583,
    "06_collect": 0.001497,
    "total": 0.329443
  },
  "meta": {
    "backend": "fake_jakarta",
    "n_qubits": 6,
    "depth_in": 132,
    "depth_transpiled": 341,
    "size_transpiled": 833,
    "quasi_dist": {
      "30": 0.0654296875,
      "13": 0.005859375,
      "60": 0.107421875,
      "28": 0.0478515625,
      "24": 0.02734375,
      "35": 0.0087890625,
      "12": 0.0283203125,
      "55": 0.001953125,
      "0": 0.12109375,
      "32": 0.0107421875,
      "31": 0.044921875,
      "56": 0.0478515625,
      "3": 0.0478515625,
      "52": 0.0048828125,
      "7": 0.0576171875,
      "48": 0.0234375,
      "11": 0.0009765625,
      "62": 0.0625,
      "37": 0.0009765625,
      "14": 0.025390625,
      "49": 0.0078125,
      "6": 0.0419921875,
      "2": 0.0439453125,
      "1": 0.009765625,
      "8": 0.0107421875,
      "33": 0.0009765625,
      "10": 0.0029296875,
      "63": 0.015625,
      "16": 0.0048828125,
      "38": 0.0029296875,
      "58": 0.0048828125,
      "15": 0.0546875,
      "18": 0.0029296875,
      "45": 0.0009765625,
      "4": 0.0185546875,
      "51": 0.0126953125,
      "29": 0.001953125,
      "57": 0.0029296875,
      "50": 0.0009765625,
      "5": 0.00390625,
      "17": 0.001953125,
      "20": 0.0009765625,
      "26": 0.005859375,
      "25": 0.0009765625,
      "9": 0.001953125,
      "22": 0.0009765625
    }
  }
}