{
  "01_setup": 0.000381,
  "03_transpile": 0.19255,
  "04_submit": 0.006065,
  "05_run": 0.011553,
  "06_collect": 0.001228,
  "total": 0.211777
}