{
  "01_setup": 0.000349,
  "02_cache_search": 0.000608,
  "03_transpile": 0.041544,
  "07_cache_write": 0.001337,
  "04_submit": 0.003768,
  "05_run": 0.011961,
  "06_collect": 0.000533,
  "total": 0.0601
}