{
  "laps": {
    "01_setup": 6e-05,
    "03_transpile": 0.023879,
    "04_submit": 0.001182,
    "05_run": 0.00208,
    "06_collect": 0.000147,
    "total": 0.027348
  },
  "meta": {
    "backend": "fake_jakarta",
    "n_qubits": 3,
    "depth_in": 35,
    "depth_transpiled": 37,
    "size_transpiled": 39,
    "quasi_dist": {
      "0": 0.50390625,
      "7": 0.49609375
    }
  }
}