{
  "laps": {
    "01_setup": 8.6e-05,
    "03_transpile": 0.136936,
    "04_submit": 0.003452,
    "05_run": 0.00575,
    "06_collect": 0.000588,
    "total": 0.146812
  },
  "meta": {
    "backend": "fake_jakarta",
    "n_qubits": 6,
    "depth_in": 68,
    "depth_transpiled": 173,
    "size_transpiled": 433,
    "quasi_dist": {
      "16": 0.0537109375,
      "31": 0.021484375,
      "48": 0.037109375,
      "7": 0.041015625,
      "56": 0.05859375,
      "43": 0.0009765625,
      "2": 0.0048828125,
      "35": 0.0009765625,
      "61": 0.0087890625,
      "12": 0.0234375,
      "55": 0.0009765625,
      "0": 0.26171875,
      "37": 0.0009765625,
      "14": 0.0595703125,
      "58": 0.009765625,
      "15": 0.0595703125,
      "36": 0.0009765625,
      "13": 0.013671875,
      "60": 0.0341796875,
      "28": 0.009765625,
      "30": 0.044921875,
      "47": 0.0087890625,
      "49": 0.0009765625,
      "6": 0.0302734375,
      "50": 0.001953125,
      "46": 0.0048828125,
      "5": 0.0048828125,
      "24": 0.0361328125,
      "32": 0.0224609375,
      "10": 0.005859375,
      "63": 0.025390625,
      "42": 0.001953125,
      "1": 0.00390625,
      "57": 0.0029296875,
      "39": 0.0029296875,
      "11": 0.001953125,
      "34": 0.00390625,
      "62": 0.02734375,
      "20": 0.0029296875,
      "17": 0.0029296875,
      "8": 0.013671875,
      "26": 0.0029296875,
      "52": 0.0009765625,
      "3": 0.009765625,
      "44": 0.0068359375,
      "19": 0.0009765625,
      "9": 0.0009765625,
      "23": 0.0048828125,
      "51": 0.0009765625,
      "4": 0.005859375,
      "45": 0.001953125,
      "40": 0.0048828125,
      "29": 0.0029296875,
      "22": 0.001953125,
      "25": 0.0009765625
    }
  }
}