{
  "laps": {
    "01_setup": 7e-05,
    "03_transpile": 0.05818,
    "04_submit": 0.001506,
    "05_run": 0.003078,
    "06_collect": 0.000279,
    "total": 0.063113
  },
  "meta": {
    "backend": "fake_jakarta",
    "n_qubits": 3,
    "depth_in": 65,
    "depth_transpiled": 86,
    "size_transpiled": 178,
    "quasi_dist": {
      "0": 0.7890625,
      "6": 0.06640625,
      "5": 0.0048828125,
      "2": 0.0263671875,
      "1": 0.0625,
      "3": 0.0419921875,
      "7": 0.0068359375,
      "4": 0.001953125
    }
  }
}