{
  "laps": {
    "01_setup": 0.000111,
    "02_cache_search": 0.001274,
    "04_submit": 0.003409,
    "05_run": 0.008081,
    "06_collect": 0.000411,
    "total": 0.013286
  },
  "meta": {
    "backend": "fake_jakarta",
    "n_qubits": 5,
    "depth_in": 67,
    "depth_transpiled": 88,
    "size_transpiled": 318,
    "quasi_dist": {
      "1": 0.0498046875,
      "8": 0.005859375,
      "0": 0.4404296875,
      "6": 0.0322265625,
      "11": 0.0048828125,
      "28": 0.0947265625,
      "3": 0.021484375,
      "31": 0.0234375,
      "19": 0.0126953125,
      "14": 0.0634765625,
      "7": 0.01953125,
      "22": 0.0126953125,
      "23": 0.001953125,
      "24": 0.0439453125,
      "17": 0.0029296875,
      "2": 0.009765625,
      "12": 0.0302734375,
      "25": 0.0126953125,
      "13": 0.0146484375,
      "10": 0.0029296875,
      "26": 0.009765625,
      "15": 0.0302734375,
      "29": 0.0166015625,
      "30": 0.005859375,
      "16": 0.009765625,
      "9": 0.001953125,
      "27": 0.00390625,
      "18": 0.0087890625,
      "5": 0.0029296875,
      "20": 0.0048828125,
      "4": 0.0029296875,
      "21": 0.001953125
    }
  }
}