{
  "laps": {
    "01_setup": 6.5e-05,
    "03_transpile": 0.257297,
    "04_submit": 0.003016,
    "05_run": 0.005364,
    "06_collect": 0.00065,
    "total": 0.266392
  },
  "meta": {
    "backend": "fake_jakarta",
    "n_qubits": 6,
    "depth_in": 68,
    "depth_transpiled": 173,
    "size_transpiled": 433,
    "quasi_dist": {
      "30": 0.046875,
      "8": 0.0224609375,
      "55": 0.0029296875,
      "0": 0.2626953125,
      "38": 0.0009765625,
      "58": 0.0068359375,
      "15": 0.0458984375,
      "10": 0.00390625,
      "63": 0.033203125,
      "24": 0.0478515625,
      "31": 0.03125,
      "48": 0.0419921875,
      "7": 0.041015625,
      "11": 0.0029296875,
      "34": 0.001953125,
      "62": 0.0322265625,
      "20": 0.0068359375,
      "16": 0.0458984375,
      "46": 0.001953125,
      "50": 0.0029296875,
      "5": 0.001953125,
      "52": 0.0009765625,
      "3": 0.0087890625,
      "44": 0.005859375,
      "18": 0.0009765625,
      "59": 0.001953125,
      "37": 0.0029296875,
      "14": 0.05859375,
      "13": 0.009765625,
      "36": 0.001953125,
      "60": 0.03515625,
      "2": 0.009765625,
      "43": 0.0009765625,
      "12": 0.017578125,
      "61": 0.0087890625,
      "22": 0.005859375,
      "29": 0.0087890625,
      "32": 0.021484375,
      "40": 0.0048828125,
      "39": 0.00390625,
      "47": 0.0087890625,
      "6": 0.021484375,
      "19": 0.0029296875,
      "56": 0.0361328125,
      "4": 0.0078125,
      "45": 0.005859375,
      "25": 0.00390625,
      "1": 0.0029296875,
      "28": 0.0107421875,
      "9": 0.001953125,
      "17": 0.0009765625,
      "57": 0.001953125,
      "23": 0.0009765625
    }
  }
}