{
  "01_setup": 0.000417,
  "03_transpile": 0.184582,
  "04_submit": 0.005151,
  "05_run": 0.01249,
  "06_collect": 0.000784,
  "total": 0.203424
}