{
  "laps": {
    "01_setup": 6.4e-05,
    "02_cache_search": 0.00017,
    "04_submit": 0.000917,
    "05_run": 0.001891,
    "06_collect": 0.000127,
    "total": 0.003169
  },
  "meta": {
    "backend": "fake_jakarta",
    "n_qubits": 6,
    "depth_in": 22,
    "depth_transpiled": 27,
    "size_transpiled": 32,
    "quasi_dist": {
      "63": 0.5263671875,
      "0": 0.4736328125
    }
  }
}