{
  "laps": {
    "01_setup": 7e-05,
    "02_cache_search": 0.000145,
    "04_submit": 0.0008,
    "05_run": 0.002008,
    "06_collect": 0.000111,
    "total": 0.003134
  },
  "meta": {
    "backend": "fake_jakarta",
    "n_qubits": 7,
    "depth_in": 15,
    "depth_transpiled": 28,
    "size_transpiled": 39,
    "quasi_dist": {
      "0": 0.4833984375,
      "127": 0.5166015625
    }
  }
}