{
  "01_setup": 0.00034,
  "02_cache_search": 0.000606,
  "03_transpile": 0.046316,
  "07_cache_write": 0.00139,
  "04_submit": 0.003514,
  "05_run": 0.008698,
  "06_collect": 0.000297,
  "total": 0.061161
}