{
  "laps": {
    "01_setup": 5.2e-05,
    "02_cache_search": 9e-05,
    "04_submit": 0.000446,
    "05_run": 0.001333,
    "06_collect": 5.7e-05,
    "total": 0.001978
  },
  "meta": {
    "backend": "fake_jakarta",
    "n_qubits": 3,
    "depth_in": 11,
    "depth_transpiled": 13,
    "size_transpiled": 15,
    "quasi_dist": {
      "0": 0.4912109375,
      "7": 0.5087890625
    }
  }
}