{
  "01_setup": 0.000654,
  "03_transpile": 0.18829,
  "04_submit": 0.005295,
  "05_run": 0.014095,
  "06_collect": 0.000634,
  "total": 0.208968
}