{
  "laps": {
    "01_setup": 6.5e-05,
    "02_cache_search": 0.000125,
    "04_submit": 0.000634,
    "05_run": 0.001574,
    "06_collect": 7.5e-05,
    "total": 0.002473
  },
  "meta": {
    "backend": "fake_jakarta",
    "n_qubits": 5,
    "depth_in": 13,
    "depth_transpiled": 15,
    "size_transpiled": 19,
    "quasi_dist": {
      "0": 0.5107421875,
      "31": 0.4892578125
    }
  }
}