{
  "01_setup": 0.000445,
  "03_transpile": 0.218058,
  "04_submit": 0.007375,
  "05_run": 0.013712,
  "06_collect": 0.001317,
  "total": 0.240907
}