{
  "01_setup": 0.000426,
  "02_cache_search": 0.01057,
  "03_transpile": 0.899494,
  "07_cache_write": 0.13184,
  "04_submit": 0.089583,
  "05_run": 0.127671,
  "06_collect": 0.014202,
  "total": 1.273786
}