{
  "01_setup": 0.000368,
  "02_cache_search": 0.000802,
  "03_transpile": 0.045214,
  "07_cache_write": 0.006076,
  "04_submit": 0.005805,
  "05_run": 0.011159,
  "06_collect": 0.000785,
  "total": 0.070209
}