{
  "01_setup": 0.000531,
  "02_cache_search": 0.001659,
  "03_transpile": 0.106421,
  "07_cache_write": 0.009466,
  "04_submit": 0.094388,
  "05_run": 0.025385,
  "06_collect": 0.002716,
  "total": 0.240566
}