{
  "laps": {
    "01_setup": 6.3e-05,
    "03_transpile": 0.033677,
    "04_submit": 0.000873,
    "05_run": 0.002158,
    "06_collect": 0.000109,
    "total": 0.03688
  },
  "meta": {
    "backend": "fake_jakarta",
    "n_qubits": 7,
    "depth_in": 15,
    "depth_transpiled": 28,
    "size_transpiled": 39,
    "quasi_dist": {
      "127": 0.4892578125,
      "0": 0.5107421875
    }
  }
}