{
  "01_setup": 0.000309,
  "02_cache_search": 0.00042,
  "03_transpile": 0.023748,
  "07_cache_write": 0.000549,
  "04_submit": 0.00276,
  "05_run": 0.007274,
  "06_collect": 0.000261,
  "total": 0.035321
}