{
  "laps": {
    "01_setup": 7.6e-05,
    "03_transpile": 0.023913,
    "04_submit": 0.000594,
    "05_run": 0.00244,
    "06_collect": 4.6e-05,
    "total": 0.027069
  },
  "meta": {
    "backend": "fake_jakarta",
    "n_qubits": 5,
    "depth_in": 6,
    "depth_transpiled": 8,
    "size_transpiled": 12,
    "quasi_dist": {
      "0": 0.4892578125,
      "31": 0.5107421875
    }
  }
}