{
  "01_setup": 0.000619,
  "02_cache_search": 0.005998,
  "03_transpile": 0.367669,
  "07_cache_write": 0.1287,
  "04_submit": 0.049856,
  "05_run": 0.077357,
  "06_collect": 0.010143,
  "total": 0.640342
}