{
  "laps": {
    "01_setup": 7e-05,
    "03_transpile": 0.035289,
    "04_submit": 0.001228,
    "05_run": 0.002694,
    "06_collect": 0.00014,
    "total": 0.039421
  },
  "meta": {
    "backend": "fake_jakarta",
    "n_qubits": 6,
    "depth_in": 12,
    "depth_transpiled": 26,
    "size_transpiled": 83,
    "quasi_dist": {
      "33": 0.01953125,
      "10": 0.0107421875,
      "42": 0.005859375,
      "1": 0.0751953125,
      "8": 0.060546875,
      "32": 0.056640625,
      "0": 0.390625,
      "20": 0.0078125,
      "44": 0.0009765625,
      "52": 0.0009765625,
      "3": 0.0068359375,
      "2": 0.083984375,
      "45": 0.0009765625,
      "4": 0.056640625,
      "46": 0.0009765625,
      "5": 0.013671875,
      "9": 0.009765625,
      "16": 0.0576171875,
      "35": 0.0029296875,
      "12": 0.005859375,
      "24": 0.0146484375,
      "17": 0.0078125,
      "11": 0.005859375,
      "34": 0.01171875,
      "37": 0.001953125,
      "14": 0.001953125,
      "49": 0.001953125,
      "6": 0.01171875,
      "18": 0.01171875,
      "40": 0.0107421875,
      "7": 0.0029296875,
      "48": 0.015625,
      "13": 0.0029296875,
      "36": 0.0146484375,
      "21": 0.0009765625,
      "28": 0.0029296875,
      "19": 0.001953125,
      "38": 0.0009765625,
      "58": 0.0029296875,
      "56": 0.0009765625,
      "22": 0.0009765625,
      "26": 0.0009765625,
      "30": 0.0009765625,
      "41": 0.0009765625,
      "25": 0.0009765625
    }
  }
}