{
  "01_setup": 0.000391,
  "03_transpile": 0.21593,
  "04_submit": 0.003822,
  "05_run": 0.010525,
  "06_collect": 0.000358,
  "total": 0.231026
}