{
  "laps": {
    "01_setup": 0.000323,
    "02_cache_search": 0.001286,
    "04_submit": 0.002719,
    "05_run": 0.003883,
    "06_collect": 0.000398,
    "total": 0.008609
  },
  "meta": {
    "backend": "fake_jakarta",
    "n_qubits": 6,
    "depth_in": 36,
    "depth_transpiled": 89,
    "size_transpiled": 233,
    "quasi_dist": {
      "30": 0.029296875,
      "54": 0.00390625,
      "1": 0.0263671875,
      "26": 0.0078125,
      "55": 0.015625,
      "0": 0.173828125,
      "40": 0.009765625,
      "47": 0.0087890625,
      "6": 0.0224609375,
      "49": 0.00390625,
      "7": 0.0185546875,
      "48": 0.0400390625,
      "36": 0.005859375,
      "13": 0.005859375,
      "60": 0.0439453125,
      "29": 0.0126953125,
      "15": 0.06640625,
      "58": 0.0146484375,
      "38": 0.0048828125,
      "32": 0.0185546875,
      "28": 0.060546875,
      "56": 0.083984375,
      "2": 0.0126953125,
      "4": 0.0087890625,
      "45": 0.0009765625,
      "51": 0.0029296875,
      "57": 0.0126953125,
      "33": 0.0087890625,
      "63": 0.005859375,
      "10": 0.017578125,
      "61": 0.001953125,
      "35": 0.0068359375,
      "12": 0.033203125,
      "11": 0.001953125,
      "62": 0.0185546875,
      "25": 0.0048828125,
      "9": 0.0078125,
      "31": 0.02734375,
      "37": 0.0009765625,
      "59": 0.0048828125,
      "14": 0.0322265625,
      "20": 0.0107421875,
      "19": 0.0126953125,
      "5": 0.013671875,
      "44": 0.0009765625,
      "52": 0.0029296875,
      "3": 0.0205078125,
      "16": 0.017578125,
      "24": 0.0126953125,
      "8": 0.0146484375,
      "18": 0.0009765625,
      "39": 0.001953125,
      "27": 0.0009765625,
      "22": 0.0009765625
    }
  }
}