{
  "laps": {
    "01_setup": 6.4e-05,
    "03_transpile": 0.034776,
    "04_submit": 0.000949,
    "05_run": 0.002292,
    "06_collect": 0.000101,
    "total": 0.038182
  },
  "meta": {
    "backend": "fake_jakarta",
    "n_qubits": 3,
    "depth_in": 17,
    "depth_transpiled": 26,
    "size_transpiled": 58,
    "quasi_dist": {
      "0": 0.4365234375,
      "1": 0.0947265625,
      "5": 0.05078125,
      "3": 0.173828125,
      "6": 0.1025390625,
      "2": 0.052734375,
      "4": 0.07421875,
      "7": 0.0146484375
    }
  }
}