{
  "laps": {
    "01_setup": 8.9e-05,
    "03_transpile": 0.049712,
    "04_submit": 0.001712,
    "05_run": 0.003214,
    "06_collect": 0.000271,
    "total": 0.054998
  },
  "meta": {
    "backend": "fake_jakarta",
    "n_qubits": 5,
    "depth_in": 35,
    "depth_transpiled": 48,
    "size_transpiled": 174,
    "quasi_dist": {
      "6": 0.0673828125,
      "2": 0.048828125,
      "11": 0.0126953125,
      "28": 0.0634765625,
      "27": 0.0107421875,
      "7": 0.0400390625,
      "0": 0.125,
      "13": 0.0185546875,
      "1": 0.021484375,
      "24": 0.0703125,
      "5": 0.02734375,
      "12": 0.076171875,
      "30": 0.05078125,
      "9": 0.0126953125,
      "3": 0.0263671875,
      "14": 0.087890625,
      "16": 0.03125,
      "15": 0.0380859375,
      "25": 0.005859375,
      "18": 0.013671875,
      "31": 0.009765625,
      "4": 0.0322265625,
      "22": 0.0087890625,
      "8": 0.044921875,
      "20": 0.0009765625,
      "23": 0.0068359375,
      "17": 0.01171875,
      "21": 0.0068359375,
      "26": 0.005859375,
      "29": 0.0166015625,
      "10": 0.005859375,
      "19": 0.0009765625
    }
  }
}