{
  "laps": {
    "01_setup": 5.3e-05,
    "02_cache_search": 9e-05,
    "04_submit": 0.000549,
    "05_run": 0.001827,
    "06_collect": 6.3e-05,
    "total": 0.002582
  },
  "meta": {
    "backend": "fake_jakarta",
    "n_qubits": 6,
    "depth_in": 8,
    "depth_transpiled": 18,
    "size_transpiled": 28,
    "quasi_dist": {
      "0": 0.4970703125,
      "63": 0.5029296875
    }
  }
}