{
  "laps": {
    "01_setup": 6.3e-05,
    "03_transpile": 0.0277,
    "04_submit": 0.000832,
    "05_run": 0.001558,
    "06_collect": 5.6e-05,
    "total": 0.030209
  },
  "meta": {
    "backend": "fake_jakarta",
    "n_qubits": 3,
    "depth_in": 6,
    "depth_transpiled": 23,
    "size_transpiled": 26,
    "quasi_dist": {
      "6": 0.1279296875,
      "5": 0.12109375,
      "4": 0.1435546875,
      "3": 0.1123046875,
      "0": 0.125,
      "7": 0.1455078125,
      "1": 0.10546875,
      "2": 0.119140625
    }
  }
}