{
  "laps": {
    "01_setup": 6.7e-05,
    "02_cache_search": 0.000152,
    "04_submit": 0.000586,
    "05_run": 0.001438,
    "06_collect": 9.6e-05,
    "total": 0.002339
  },
  "meta": {
    "backend": "fake_jakarta",
    "n_qubits": 3,
    "depth_in": 19,
    "depth_transpiled": 21,
    "size_transpiled": 23,
    "quasi_dist": {
      "7": 0.4990234375,
      "0": 0.5009765625
    }
  }
}