{
  "laps": {
    "01_setup": 8.5e-05,
    "02_cache_search": 0.000148,
    "04_submit": 0.000753,
    "05_run": 0.002363,
    "06_collect": 0.000133,
    "total": 0.003482
  },
  "meta": {
    "backend": "fake_jakarta",
    "n_qubits": 6,
    "depth_in": 12,
    "depth_transpiled": 26,
    "size_transpiled": 83,
    "quasi_dist": {
      "7": 0.0009765625,
      "48": 0.0126953125,
      "32": 0.0556640625,
      "0": 0.4208984375,
      "8": 0.060546875,
      "49": 0.00390625,
      "6": 0.01171875,
      "16": 0.0712890625,
      "42": 0.00390625,
      "1": 0.0576171875,
      "2": 0.0595703125,
      "11": 0.001953125,
      "34": 0.01953125,
      "24": 0.0087890625,
      "10": 0.009765625,
      "33": 0.009765625,
      "45": 0.001953125,
      "4": 0.052734375,
      "35": 0.0029296875,
      "12": 0.0166015625,
      "20": 0.01171875,
      "9": 0.0068359375,
      "13": 0.001953125,
      "36": 0.01171875,
      "26": 0.00390625,
      "50": 0.0009765625,
      "5": 0.0107421875,
      "3": 0.009765625,
      "52": 0.0029296875,
      "14": 0.0009765625,
      "17": 0.0146484375,
      "41": 0.0029296875,
      "40": 0.013671875,
      "22": 0.00390625,
      "21": 0.00390625,
      "56": 0.00390625,
      "19": 0.0009765625,
      "38": 0.001953125,
      "18": 0.0087890625,
      "25": 0.0009765625
    }
  }
}