{
  "laps": {
    "01_setup": 6.7e-05,
    "03_transpile": 0.027994,
    "04_submit": 0.000654,
    "05_run": 0.001625,
    "06_collect": 5.2e-05,
    "total": 0.030392
  },
  "meta": {
    "backend": "fake_jakarta",
    "n_qubits": 3,
    "depth_in": 6,
    "depth_transpiled": 23,
    "size_transpiled": 26,
    "quasi_dist": {
      "5": 0.1435546875,
      "7": 0.134765625,
      "4": 0.125,
      "2": 0.1171875,
      "0": 0.146484375,
      "3": 0.11328125,
      "1": 0.1025390625,
      "6": 0.1171875
    }
  }
}