{
  "laps": {
    "01_setup": 6.1e-05,
    "03_transpile": 0.028233,
    "04_submit": 0.000755,
    "05_run": 0.00171,
    "06_collect": 6.4e-05,
    "total": 0.030823
  },
  "meta": {
    "backend": "fake_jakarta",
    "n_qubits": 3,
    "depth_in": 9,
    "depth_transpiled": 16,
    "size_transpiled": 38,
    "quasi_dist": {
      "1": 0.1259765625,
      "0": 0.6181640625,
      "6": 0.0234375,
      "5": 0.0166015625,
      "4": 0.0908203125,
      "2": 0.1015625,
      "3": 0.01953125,
      "7": 0.00390625
    }
  }
}