{
  "01_setup": 0.000393,
  "03_transpile": 0.110503,
  "04_submit": 0.003698,
  "05_run": 0.008305,
  "06_collect": 0.000312,
  "total": 0.123211
}