{
  "laps": {
    "01_setup": 6.3e-05,
    "03_transpile": 0.039271,
    "04_submit": 0.001032,
    "05_run": 0.002486,
    "06_collect": 0.000165,
    "total": 0.043017
  },
  "meta": {
    "backend": "fake_jakarta",
    "n_qubits": 5,
    "depth_in": 19,
    "depth_transpiled": 28,
    "size_transpiled": 102,
    "quasi_dist": {
      "0": 0.2841796875,
      "15": 0.0205078125,
      "14": 0.04296875,
      "7": 0.033203125,
      "28": 0.0419921875,
      "11": 0.0146484375,
      "19": 0.0244140625,
      "1": 0.0625,
      "16": 0.0263671875,
      "18": 0.0166015625,
      "21": 0.001953125,
      "25": 0.0107421875,
      "8": 0.064453125,
      "12": 0.0380859375,
      "3": 0.0400390625,
      "31": 0.0283203125,
      "17": 0.025390625,
      "13": 0.0234375,
      "22": 0.01953125,
      "2": 0.03515625,
      "24": 0.013671875,
      "4": 0.029296875,
      "6": 0.021484375,
      "9": 0.01953125,
      "30": 0.015625,
      "26": 0.01171875,
      "20": 0.0146484375,
      "27": 0.005859375,
      "10": 0.005859375,
      "23": 0.0009765625,
      "5": 0.0048828125,
      "29": 0.001953125
    }
  }
}