{
  "laps": {
    "01_setup": 5.7e-05,
    "02_cache_search": 5.9e-05,
    "04_submit": 0.000654,
    "05_run": 0.001624,
    "06_collect": 5.6e-05,
    "total": 0.00245
  },
  "meta": {
    "backend": "fake_jakarta",
    "n_qubits": 6,
    "depth_in": 7,
    "depth_transpiled": 17,
    "size_transpiled": 27,
    "quasi_dist": {
      "0": 0.4951171875,
      "63": 0.5048828125
    }
  }
}