{
  "laps": {
    "01_setup": 4.8e-05,
    "02_cache_search": 0.000226,
    "04_submit": 0.001068,
    "05_run": 0.002157,
    "06_collect": 0.000235,
    "total": 0.003734
  },
  "meta": {
    "backend": "fake_jakarta",
    "n_qubits": 7,
    "depth_in": 39,
    "depth_transpiled": 52,
    "size_transpiled": 63,
    "quasi_dist": {
      "127": 0.5126953125,
      "0": 0.4873046875
    }
  }
}