{
  "01_setup": 0.000329,
  "03_transpile": 0.171707,
  "04_submit": 0.00445,
  "05_run": 0.010461,
  "06_collect": 0.000967,
  "total": 0.187914
}