{
  "laps": {
    "01_setup": 0.000104,
    "03_transpile": 0.049616,
    "04_submit": 0.000837,
    "05_run": 0.003861,
    "06_collect": 3e-05,
    "total": 0.054448
  },
  "meta": {
    "backend": "fake_jakarta",
    "n_qubits": 3,
    "depth_in": 4,
    "depth_transpiled": 6,
    "size_transpiled": 8,
    "quasi_dist": {
      "7": 0.482421875,
      "0": 0.517578125
    }
  }
}