{
  "laps": {
    "01_setup": 8.9e-05,
    "03_transpile": 0.03028,
    "04_submit": 0.00092,
    "05_run": 0.002542,
    "06_collect": 0.000145,
    "total": 0.033976
  },
  "meta": {
    "backend": "fake_jakarta",
    "n_qubits": 5,
    "depth_in": 11,
    "depth_transpiled": 18,
    "size_transpiled": 66,
    "quasi_dist": {
      "17": 0.0126953125,
      "0": 0.4736328125,
      "16": 0.0673828125,
      "10": 0.0166015625,
      "4": 0.0791015625,
      "20": 0.0107421875,
      "5": 0.01171875,
      "2": 0.0810546875,
      "24": 0.013671875,
      "9": 0.0126953125,
      "8": 0.072265625,
      "1": 0.0654296875,
      "14": 0.00390625,
      "3": 0.0068359375,
      "22": 0.0029296875,
      "6": 0.01171875,
      "18": 0.017578125,
      "25": 0.0029296875,
      "26": 0.005859375,
      "12": 0.0126953125,
      "19": 0.001953125,
      "11": 0.0029296875,
      "7": 0.0029296875,
      "13": 0.0029296875,
      "21": 0.0048828125,
      "23": 0.0009765625,
      "28": 0.0009765625,
      "29": 0.0009765625
    }
  }
}