{
  "laps": {
    "01_setup": 5.8e-05,
    "03_transpile": 0.033137,
    "04_submit": 0.000715,
    "05_run": 0.001912,
    "06_collect": 8.3e-05,
    "total": 0.035905
  },
  "meta": {
    "backend": "fake_jakarta",
    "n_qubits": 7,
    "depth_in": 11,
    "depth_transpiled": 24,
    "size_transpiled": 35,
    "quasi_dist": {
      "0": 0.484375,
      "127": 0.515625
    }
  }
}