{
  "laps": {
    "01_setup": 0.000152,
    "03_transpile": 0.179211,
    "04_submit": 0.004205,
    "05_run": 0.008411,
    "06_collect": 0.001005,
    "total": 0.192984
  },
  "meta": {
    "backend": "fake_jakarta",
    "n_qubits": 3,
    "depth_in": 129,
    "depth_transpiled": 166,
    "size_transpiled": 338,
    "quasi_dist": {
      "2": 0.158203125,
      "1": 0.125,
      "0": 0.6201171875,
      "3": 0.05078125,
      "5": 0.0078125,
      "6": 0.021484375,
      "4": 0.013671875,
      "7": 0.0029296875
    }
  }
}