{
  "01_setup": 0.000336,
  "03_transpile": 0.195223,
  "04_submit": 0.005711,
  "05_run": 0.011646,
  "06_collect": 0.000799,
  "total": 0.213715
}