{
  "laps": {
    "01_setup": 6.4e-05,
    "03_transpile": 0.029727,
    "04_submit": 0.00065,
    "05_run": 0.001534,
    "06_collect": 4.9e-05,
    "total": 0.032024
  },
  "meta": {
    "backend": "fake_jakarta",
    "n_qubits": 3,
    "depth_in": 5,
    "depth_transpiled": 11,
    "size_transpiled": 28,
    "quasi_dist": {
      "7": 0.126953125,
      "5": 0.1279296875,
      "1": 0.12109375,
      "0": 0.1220703125,
      "2": 0.12109375,
      "6": 0.12890625,
      "4": 0.1328125,
      "3": 0.119140625
    }
  }
}