{
  "laps": {
    "01_setup": 6.6e-05,
    "03_transpile": 0.057936,
    "04_submit": 0.002195,
    "05_run": 0.002842,
    "06_collect": 0.000277,
    "total": 0.063316
  },
  "meta": {
    "backend": "fake_jakarta",
    "n_qubits": 3,
    "depth_in": 65,
    "depth_transpiled": 86,
    "size_transpiled": 178,
    "quasi_dist": {
      "0": 0.7705078125,
      "3": 0.044921875,
      "7": 0.0087890625,
      "5": 0.005859375,
      "1": 0.06640625,
      "2": 0.0224609375,
      "6": 0.080078125,
      "4": 0.0009765625
    }
  }
}