{
  "laps": {
    "01_setup": 4.9e-05,
    "02_cache_search": 0.000224,
    "04_submit": 0.001084,
    "05_run": 0.002161,
    "06_collect": 0.000238,
    "total": 0.003756
  },
  "meta": {
    "backend": "fake_jakarta",
    "n_qubits": 7,
    "depth_in": 39,
    "depth_transpiled": 52,
    "size_transpiled": 63,
    "quasi_dist": {
      "127": 0.52734375,
      "0": 0.47265625
    }
  }
}