{
  "laps": {
    "01_setup": 7.2e-05,
    "02_cache_search": 0.000407,
    "04_submit": 0.001291,
    "05_run": 0.003602,
    "06_collect": 0.000272,
    "total": 0.005644
  },
  "meta": {
    "backend": "fake_jakarta",
    "n_qubits": 3,
    "depth_in": 65,
    "depth_transpiled": 86,
    "size_transpiled": 178,
    "quasi_dist": {
      "7": 0.0107421875,
      "3": 0.0419921875,
      "0": 0.78515625,
      "4": 0.0068359375,
      "1": 0.0546875,
      "6": 0.064453125,
      "2": 0.033203125,
      "5": 0.0029296875
    }
  }
}