{
  "01_setup": 0.000368,
  "02_cache_search": 0.000808,
  "03_transpile": 0.036823,
  "07_cache_write": 0.005975,
  "04_submit": 0.004275,
  "05_run": 0.011627,
  "06_collect": 0.000644,
  "total": 0.06052
}