{
  "laps": {
    "01_setup": 0.0001,
    "02_cache_search": 0.000118,
    "04_submit": 0.000623,
    "05_run": 0.001859,
    "06_collect": 6.6e-05,
    "total": 0.002766
  },
  "meta": {
    "backend": "fake_jakarta",
    "n_qubits": 6,
    "depth_in": 8,
    "depth_transpiled": 18,
    "size_transpiled": 28,
    "quasi_dist": {
      "0": 0.49609375,
      "63": 0.50390625
    }
  }
}