{
  "laps": {
    "01_setup": 7.3e-05,
    "02_cache_search": 0.000127,
    "04_submit": 0.000701,
    "05_run": 0.001672,
    "06_collect": 8.4e-05,
    "total": 0.002657
  },
  "meta": {
    "backend": "fake_jakarta",
    "n_qubits": 5,
    "depth_in": 13,
    "depth_transpiled": 15,
    "size_transpiled": 19,
    "quasi_dist": {
      "31": 0.4814453125,
      "0": 0.5185546875
    }
  }
}