{
  "laps": {
    "01_setup": 8.8e-05,
    "03_transpile": 0.079168,
    "04_submit": 0.002519,
    "05_run": 0.003994,
    "06_collect": 0.000344,
    "total": 0.086113
  },
  "meta": {
    "backend": "fake_jakarta",
    "n_qubits": 6,
    "depth_in": 36,
    "depth_transpiled": 89,
    "size_transpiled": 233,
    "quasi_dist": {
      "33": 0.00390625,
      "10": 0.0087890625,
      "63": 0.0078125,
      "20": 0.0166015625,
      "55": 0.0107421875,
      "0": 0.1748046875,
      "38": 0.005859375,
      "58": 0.013671875,
      "15": 0.0712890625,
      "7": 0.013671875,
      "48": 0.0302734375,
      "31": 0.0244140625,
      "61": 0.0029296875,
      "35": 0.00390625,
      "12": 0.0380859375,
      "28": 0.0712890625,
      "24": 0.025390625,
      "49": 0.0009765625,
      "47": 0.009765625,
      "6": 0.0302734375,
      "8": 0.013671875,
      "42": 0.0009765625,
      "54": 0.0068359375,
      "1": 0.025390625,
      "37": 0.001953125,
      "59": 0.00390625,
      "14": 0.03125,
      "21": 0.0009765625,
      "30": 0.0263671875,
      "56": 0.083984375,
      "51": 0.00390625,
      "4": 0.0087890625,
      "52": 0.001953125,
      "44": 0.00390625,
      "3": 0.0224609375,
      "26": 0.013671875,
      "36": 0.001953125,
      "13": 0.0087890625,
      "60": 0.0439453125,
      "11": 0.00390625,
      "62": 0.0205078125,
      "16": 0.013671875,
      "32": 0.0087890625,
      "5": 0.01171875,
      "19": 0.015625,
      "43": 0.0009765625,
      "2": 0.013671875,
      "40": 0.009765625,
      "9": 0.0048828125,
      "29": 0.0087890625,
      "41": 0.0009765625,
      "57": 0.0068359375,
      "39": 0.0048828125,
      "18": 0.0009765625,
      "25": 0.0009765625,
      "22": 0.0009765625,
      "27": 0.0009765625,
      "23": 0.0009765625,
      "17": 0.0009765625
    }
  }
}