{
  "laps": {
    "01_setup": 8.6e-05,
    "02_cache_search": 0.000108,
    "04_submit": 0.000793,
    "05_run": 0.001819,
    "06_collect": 7e-05,
    "total": 0.002876
  },
  "meta": {
    "backend": "fake_jakarta",
    "n_qubits": 6,
    "depth_in": 7,
    "depth_transpiled": 17,
    "size_transpiled": 27,
    "quasi_dist": {
      "0": 0.525390625,
      "63": 0.474609375
    }
  }
}