{
  "laps": {
    "01_setup": 0.000178,
    "02_cache_search": 0.001593,
    "03_transpile": 0.188168,
    "07_cache_write": 0.041945,
    "04_submit": 0.005894,
    "05_run": 0.006352,
    "06_collect": 0.000745,
    "total": 0.244875
  },
  "meta": {
    "backend": "fake_jakarta",
    "n_qubits": 6,
    "depth_in": 68,
    "depth_transpiled": 173,
    "size_transpiled": 433,
    "quasi_dist": {
      "36": 0.0009765625,
      "60": 0.041015625,
      "13": 0.01171875,
      "32": 0.021484375,
      "55": 0.001953125,
      "0": 0.2490234375,
      "10": 0.0029296875,
      "63": 0.03515625,
      "16": 0.0595703125,
      "31": 0.0283203125,
      "7": 0.0576171875,
      "48": 0.0263671875,
      "49": 0.0009765625,
      "47": 0.0029296875,
      "6": 0.0390625,
      "8": 0.0263671875,
      "62": 0.0322265625,
      "34": 0.0029296875,
      "28": 0.0166015625,
      "56": 0.03515625,
      "58": 0.0029296875,
      "38": 0.001953125,
      "15": 0.0556640625,
      "59": 0.001953125,
      "37": 0.001953125,
      "14": 0.04296875,
      "24": 0.037109375,
      "45": 0.001953125,
      "4": 0.0107421875,
      "51": 0.0009765625,
      "30": 0.0419921875,
      "2": 0.0029296875,
      "5": 0.005859375,
      "50": 0.001953125,
      "46": 0.0068359375,
      "61": 0.0078125,
      "12": 0.0185546875,
      "39": 0.005859375,
      "57": 0.0029296875,
      "29": 0.0078125,
      "40": 0.001953125,
      "52": 0.0029296875,
      "44": 0.0048828125,
      "3": 0.0107421875,
      "23": 0.00390625,
      "17": 0.00390625,
      "26": 0.001953125,
      "19": 0.001953125,
      "25": 0.0009765625,
      "42": 0.0009765625,
      "1": 0.009765625,
      "9": 0.0009765625,
      "21": 0.0009765625,
      "20": 0.0009765625
    }
  }
}