{
  "laps": {
    "01_setup": 7.6e-05,
    "03_transpile": 0.038742,
    "04_submit": 0.001083,
    "05_run": 0.002267,
    "06_collect": 0.000157,
    "total": 0.042325
  },
  "meta": {
    "backend": "fake_jakarta",
    "n_qubits": 7,
    "depth_in": 23,
    "depth_transpiled": 37,
    "size_transpiled": 48,
    "quasi_dist": {
      "0": 0.5029296875,
      "127": 0.4970703125
    }
  }
}