{
  "01_setup": 0.000321,
  "02_cache_search": 0.000846,
  "03_transpile": 0.032615,
  "07_cache_write": 0.017319,
  "04_submit": 0.003311,
  "05_run": 0.009117,
  "06_collect": 0.000471,
  "total": 0.064
}