{
  "01_setup": 0.000363,
  "03_transpile": 0.119737,
  "04_submit": 0.004597,
  "05_run": 0.008679,
  "06_collect": 0.000393,
  "total": 0.133769
}