{
  "laps": {
    "01_setup": 6.2e-05,
    "03_transpile": 0.045469,
    "04_submit": 0.001365,
    "05_run": 0.002382,
    "06_collect": 0.000291,
    "total": 0.049569
  },
  "meta": {
    "backend": "fake_jakarta",
    "n_qubits": 7,
    "depth_in": 39,
    "depth_transpiled": 52,
    "size_transpiled": 63,
    "quasi_dist": {
      "0": 0.4892578125,
      "127": 0.5107421875
    }
  }
}