{
  "laps": {
    "01_setup": 8.9e-05,
    "02_cache_search": 0.002083,
    "03_transpile": 0.899494,
    "07_cache_write": 0.13184,
    "04_submit": 0.018158,
    "05_run": 0.025294,
    "06_collect": 0.002885,
    "total": 1.079843
  },
  "meta": {
    "backend": "fake_jakarta",
    "n_qubits": 7,
    "depth_in": 119,
    "depth_transpiled": 1426,
    "size_transpiled": 2798,
    "quasi_dist": {
      "0": 1.0
    }
  }
}