{
  "laps": {
    "01_setup": 6.1e-05,
    "03_transpile": 0.13287,
    "04_submit": 0.00365,
    "05_run": 0.00696,
    "06_collect": 0.001195,
    "total": 0.144736
  },
  "meta": {
    "backend": "fake_jakarta",
    "n_qubits": 5,
    "depth_in": 131,
    "depth_transpiled": 168,
    "size_transpiled": 606,
    "quasi_dist": {
      "25": 0.052734375,
      "8": 0.0146484375,
      "26": 0.0380859375,
      "30": 0.0146484375,
      "13": 0.0693359375,
      "5": 0.0224609375,
      "29": 0.0380859375,
      "20": 0.03125,
      "22": 0.03125,
      "12": 0.044921875,
      "24": 0.052734375,
      "31": 0.0224609375,
      "9": 0.0419921875,
      "18": 0.0283203125,
      "2": 0.0283203125,
      "17": 0.033203125,
      "27": 0.03125,
      "4": 0.029296875,
      "7": 0.021484375,
      "23": 0.03125,
      "15": 0.017578125,
      "16": 0.017578125,
      "21": 0.029296875,
      "19": 0.0263671875,
      "10": 0.033203125,
      "0": 0.037109375,
      "6": 0.03125,
      "28": 0.0341796875,
      "11": 0.03125,
      "14": 0.0244140625,
      "3": 0.0107421875,
      "1": 0.029296875
    }
  }
}