{
  "laps": {
    "01_setup": 9.1e-05,
    "03_transpile": 0.1679,
    "04_submit": 0.005289,
    "05_run": 0.008663,
    "06_collect": 0.001328,
    "total": 0.183271
  },
  "meta": {
    "backend": "fake_jakarta",
    "n_qubits": 6,
    "depth_in": 132,
    "depth_transpiled": 341,
    "size_transpiled": 833,
    "quasi_dist": {
      "28": 0.048828125,
      "34": 0.001953125,
      "11": 0.001953125,
      "62": 0.0595703125,
      "27": 0.0009765625,
      "52": 0.0029296875,
      "3": 0.060546875,
      "48": 0.0224609375,
      "7": 0.0625,
      "24": 0.0126953125,
      "4": 0.025390625,
      "51": 0.005859375,
      "30": 0.0546875,
      "56": 0.0458984375,
      "53": 0.0009765625,
      "2": 0.037109375,
      "6": 0.0390625,
      "49": 0.0107421875,
      "55": 0.0009765625,
      "0": 0.1328125,
      "12": 0.0224609375,
      "35": 0.0087890625,
      "14": 0.0302734375,
      "58": 0.0048828125,
      "15": 0.05859375,
      "36": 0.001953125,
      "13": 0.005859375,
      "60": 0.111328125,
      "31": 0.046875,
      "17": 0.00390625,
      "9": 0.0048828125,
      "22": 0.0009765625,
      "33": 0.0029296875,
      "10": 0.0029296875,
      "63": 0.0087890625,
      "5": 0.001953125,
      "46": 0.0009765625,
      "50": 0.0029296875,
      "20": 0.0029296875,
      "54": 0.00390625,
      "1": 0.01171875,
      "8": 0.009765625,
      "26": 0.005859375,
      "18": 0.001953125,
      "32": 0.0068359375,
      "25": 0.0009765625,
      "57": 0.0009765625,
      "39": 0.0029296875,
      "29": 0.001953125,
      "16": 0.0009765625
    }
  }
}