{
  "laps": {
    "01_setup": 6.5e-05,
    "03_transpile": 0.021535,
    "04_submit": 0.000644,
    "05_run": 0.001449,
    "06_collect": 3.9e-05,
    "total": 0.023732
  },
  "meta": {
    "backend": "fake_jakarta",
    "n_qubits": 3,
    "depth_in": 5,
    "depth_transpiled": 7,
    "size_transpiled": 9,
    "quasi_dist": {
      "7": 0.478515625,
      "0": 0.521484375
    }
  }
}