{
  "01_setup": 0.000357,
  "03_transpile": 0.170703,
  "04_submit": 0.003923,
  "05_run": 0.010206,
  "06_collect": 0.000417,
  "total": 0.185606
}