{
  "laps": {
    "01_setup": 6.7e-05,
    "02_cache_search": 0.000286,
    "03_transpile": 0.02864,
    "07_cache_write": 0.077376,
    "04_submit": 0.000902,
    "05_run": 0.001778,
    "06_collect": 8.1e-05,
    "total": 0.10913
  },
  "meta": {
    "backend": "fake_jakarta",
    "n_qubits": 5,
    "depth_in": 13,
    "depth_transpiled": 15,
    "size_transpiled": 19,
    "quasi_dist": {
      "31": 0.494140625,
      "0": 0.505859375
    }
  }
}