{
  "laps": {
    "01_setup": 5.1e-05,
    "02_cache_search": 9.3e-05,
    "04_submit": 0.00056,
    "05_run": 0.001949,
    "06_collect": 8.3e-05,
    "total": 0.002736
  },
  "meta": {
    "backend": "fake_jakarta",
    "n_qubits": 7,
    "depth_in": 11,
    "depth_transpiled": 24,
    "size_transpiled": 35,
    "quasi_dist": {
      "0": 0.4873046875,
      "127": 0.5126953125
    }
  }
}