{
  "01_setup": 0.0003,
  "02_cache_search": 0.001154,
  "03_transpile": 0.042069,
  "07_cache_write": 0.012086,
  "04_submit": 0.004568,
  "05_run": 0.01065,
  "06_collect": 0.000761,
  "total": 0.071588
}