{
  "laps": {
    "01_setup": 0.000111,
    "02_cache_search": 0.002245,
    "04_submit": 0.017217,
    "05_run": 0.025358,
    "06_collect": 0.002937,
    "total": 0.047868
  },
  "meta": {
    "backend": "fake_jakarta",
    "n_qubits": 7,
    "depth_in": 119,
    "depth_transpiled": 1426,
    "size_transpiled": 2798,
    "quasi_dist": {
      "0": 1.0
    }
  }
}