{
  "laps": {
    "01_setup": 8.3e-05,
    "02_cache_search": 0.000223,
    "04_submit": 0.000839,
    "05_run": 0.003693,
    "06_collect": 0.000175,
    "total": 0.005013
  },
  "meta": {
    "backend": "fake_jakarta",
    "n_qubits": 5,
    "depth_in": 19,
    "depth_transpiled": 28,
    "size_transpiled": 102,
    "quasi_dist": {
      "17": 0.01953125,
      "0": 0.2890625,
      "28": 0.0302734375,
      "2": 0.04296875,
      "15": 0.0283203125,
      "12": 0.0224609375,
      "4": 0.048828125,
      "9": 0.0087890625,
      "25": 0.013671875,
      "31": 0.03125,
      "14": 0.0439453125,
      "8": 0.0634765625,
      "5": 0.009765625,
      "3": 0.048828125,
      "16": 0.0283203125,
      "13": 0.017578125,
      "7": 0.05078125,
      "20": 0.0107421875,
      "6": 0.025390625,
      "18": 0.0234375,
      "22": 0.0234375,
      "1": 0.046875,
      "19": 0.013671875,
      "29": 0.0029296875,
      "11": 0.01171875,
      "24": 0.0078125,
      "30": 0.021484375,
      "10": 0.00390625,
      "21": 0.00390625,
      "26": 0.0048828125,
      "27": 0.001953125
    }
  }
}