{
  "laps": {
    "01_setup": 6.4e-05,
    "03_transpile": 0.037084,
    "04_submit": 0.001351,
    "05_run": 0.002374,
    "06_collect": 0.00016,
    "total": 0.041033
  },
  "meta": {
    "backend": "fake_jakarta",
    "n_qubits": 5,
    "depth_in": 19,
    "depth_transpiled": 28,
    "size_transpiled": 102,
    "quasi_dist": {
      "0": 0.279296875,
      "6": 0.0283203125,
      "30": 0.0263671875,
      "7": 0.0478515625,
      "22": 0.025390625,
      "10": 0.001953125,
      "19": 0.0205078125,
      "5": 0.0068359375,
      "1": 0.0537109375,
      "31": 0.0341796875,
      "8": 0.0673828125,
      "20": 0.009765625,
      "27": 0.0029296875,
      "25": 0.0166015625,
      "3": 0.0361328125,
      "14": 0.03515625,
      "17": 0.021484375,
      "21": 0.005859375,
      "4": 0.0400390625,
      "18": 0.009765625,
      "9": 0.013671875,
      "2": 0.041015625,
      "16": 0.0185546875,
      "13": 0.0166015625,
      "12": 0.0341796875,
      "15": 0.0263671875,
      "11": 0.013671875,
      "26": 0.013671875,
      "28": 0.04296875,
      "24": 0.0068359375,
      "23": 0.0009765625,
      "29": 0.001953125
    }
  }
}