{
  "laps": {
    "01_setup": 5.5e-05,
    "02_cache_search": 0.000204,
    "04_submit": 0.000946,
    "05_run": 0.001682,
    "06_collect": 0.000156,
    "total": 0.003043
  },
  "meta": {
    "backend": "fake_jakarta",
    "n_qubits": 3,
    "depth_in": 35,
    "depth_transpiled": 37,
    "size_transpiled": 39,
    "quasi_dist": {
      "7": 0.4951171875,
      "0": 0.5048828125
    }
  }
}