{
  "01_setup": 0.000291,
  "02_cache_search": 0.000644,
  "03_transpile": 0.022681,
  "07_cache_write": 0.011334,
  "04_submit": 0.002553,
  "05_run": 0.008516,
  "06_collect": 0.000295,
  "total": 0.046314
}