{
  "laps": {
    "01_setup": 5.9e-05,
    "02_cache_search": 0.000421,
    "04_submit": 0.001825,
    "05_run": 0.003709,
    "06_collect": 0.000322,
    "total": 0.006336
  },
  "meta": {
    "backend": "fake_jakarta",
    "n_qubits": 6,
    "depth_in": 36,
    "depth_transpiled": 89,
    "size_transpiled": 233,
    "quasi_dist": {
      "26": 0.0107421875,
      "55": 0.0087890625,
      "0": 0.1806640625,
      "35": 0.00390625,
      "61": 0.0048828125,
      "12": 0.03515625,
      "56": 0.080078125,
      "48": 0.0302734375,
      "7": 0.015625,
      "36": 0.00390625,
      "13": 0.00390625,
      "60": 0.044921875,
      "54": 0.00390625,
      "1": 0.0263671875,
      "28": 0.06640625,
      "20": 0.009765625,
      "30": 0.0224609375,
      "58": 0.0107421875,
      "38": 0.00390625,
      "15": 0.0732421875,
      "3": 0.021484375,
      "52": 0.0068359375,
      "39": 0.0087890625,
      "19": 0.01171875,
      "57": 0.0166015625,
      "24": 0.0302734375,
      "11": 0.0107421875,
      "62": 0.0126953125,
      "31": 0.029296875,
      "37": 0.0009765625,
      "59": 0.005859375,
      "14": 0.0302734375,
      "49": 0.0009765625,
      "47": 0.009765625,
      "6": 0.0380859375,
      "33": 0.005859375,
      "10": 0.01171875,
      "46": 0.0009765625,
      "5": 0.0068359375,
      "51": 0.0009765625,
      "4": 0.017578125,
      "16": 0.0205078125,
      "29": 0.0087890625,
      "43": 0.0009765625,
      "2": 0.0146484375,
      "40": 0.0087890625,
      "8": 0.0078125,
      "32": 0.01171875,
      "41": 0.0009765625,
      "9": 0.005859375,
      "25": 0.0009765625,
      "27": 0.0009765625
    }
  }
}