{
  "laps": {
    "01_setup": 0.000134,
    "03_transpile": 0.09253,
    "04_submit": 0.002137,
    "05_run": 0.008796,
    "06_collect": 0.000365,
    "total": 0.103962
  },
  "meta": {
    "backend": "fake_jakarta",
    "n_qubits": 6,
    "depth_in": 36,
    "depth_transpiled": 89,
    "size_transpiled": 233,
    "quasi_dist": {
      "57": 0.015625,
      "49": 0.0009765625,
      "47": 0.01171875,
      "6": 0.025390625,
      "30": 0.03515625,
      "35": 0.005859375,
      "61": 0.0078125,
      "12": 0.0322265625,
      "7": 0.017578125,
      "48": 0.0322265625,
      "8": 0.0205078125,
      "55": 0.013671875,
      "0": 0.1640625,
      "28": 0.080078125,
      "56": 0.0634765625,
      "36": 0.0068359375,
      "60": 0.041015625,
      "13": 0.0029296875,
      "40": 0.01171875,
      "44": 0.0009765625,
      "3": 0.02734375,
      "52": 0.001953125,
      "43": 0.0009765625,
      "2": 0.015625,
      "32": 0.013671875,
      "63": 0.005859375,
      "33": 0.009765625,
      "10": 0.0126953125,
      "38": 0.0048828125,
      "58": 0.0107421875,
      "15": 0.064453125,
      "31": 0.0205078125,
      "54": 0.0068359375,
      "1": 0.0283203125,
      "11": 0.0068359375,
      "62": 0.0185546875,
      "16": 0.01953125,
      "9": 0.005859375,
      "29": 0.0107421875,
      "25": 0.0029296875,
      "14": 0.03125,
      "37": 0.001953125,
      "59": 0.005859375,
      "26": 0.0068359375,
      "22": 0.0009765625,
      "27": 0.0029296875,
      "24": 0.0224609375,
      "19": 0.01171875,
      "46": 0.0009765625,
      "5": 0.0078125,
      "20": 0.0107421875,
      "51": 0.001953125,
      "4": 0.009765625,
      "39": 0.005859375,
      "18": 0.0009765625
    }
  }
}