{
  "01_setup": 0.000381,
  "03_transpile": 0.964971,
  "04_submit": 0.020064,
  "05_run": 0.032876,
  "06_collect": 0.003717,
  "total": 1.022009
}