{
  "laps": {
    "01_setup": 6.1e-05,
    "02_cache_search": 0.000712,
    "04_submit": 0.002348,
    "05_run": 0.004242,
    "06_collect": 0.000462,
    "total": 0.007825
  },
  "meta": {
    "backend": "fake_jakarta",
    "n_qubits": 3,
    "depth_in": 129,
    "depth_transpiled": 166,
    "size_transpiled": 338,
    "quasi_dist": {
      "3": 0.0458984375,
      "2": 0.169921875,
      "0": 0.5791015625,
      "1": 0.158203125,
      "5": 0.0126953125,
      "4": 0.015625,
      "6": 0.0166015625,
      "7": 0.001953125
    }
  }
}