{
  "laps": {
    "01_setup": 5.4e-05,
    "02_cache_search": 9.9e-05,
    "04_submit": 0.000578,
    "05_run": 0.001833,
    "06_collect": 8.5e-05,
    "total": 0.002649
  },
  "meta": {
    "backend": "fake_jakarta",
    "n_qubits": 7,
    "depth_in": 11,
    "depth_transpiled": 24,
    "size_transpiled": 35,
    "quasi_dist": {
      "127": 0.5322265625,
      "0": 0.4677734375
    }
  }
}