{
  "01_setup": 0.000447,
  "02_cache_search": 0.002065,
  "03_transpile": 0.058152,
  "07_cache_write": 0.0978,
  "04_submit": 0.006658,
  "05_run": 0.014614,
  "06_collect": 0.001337,
  "total": 0.181073
}