{
  "laps": {
    "01_setup": 5.9e-05,
    "02_cache_search": 0.00029,
    "04_submit": 0.001029,
    "05_run": 0.003882,
    "06_collect": 0.000158,
    "total": 0.005418
  },
  "meta": {
    "backend": "fake_jakarta",
    "n_qubits": 5,
    "depth_in": 19,
    "depth_transpiled": 28,
    "size_transpiled": 102,
    "quasi_dist": {
      "25": 0.013671875,
      "17": 0.0302734375,
      "0": 0.2314453125,
      "8": 0.0712890625,
      "6": 0.0244140625,
      "16": 0.0283203125,
      "9": 0.0078125,
      "7": 0.0517578125,
      "31": 0.033203125,
      "11": 0.0234375,
      "3": 0.048828125,
      "22": 0.0283203125,
      "26": 0.0107421875,
      "20": 0.0107421875,
      "12": 0.03515625,
      "1": 0.0576171875,
      "30": 0.0205078125,
      "2": 0.046875,
      "5": 0.009765625,
      "4": 0.04296875,
      "15": 0.0244140625,
      "28": 0.029296875,
      "19": 0.025390625,
      "24": 0.009765625,
      "10": 0.0078125,
      "14": 0.0341796875,
      "13": 0.0166015625,
      "18": 0.013671875,
      "27": 0.0029296875,
      "21": 0.0048828125,
      "29": 0.0029296875,
      "23": 0.0009765625
    }
  }
}