{
  "laps": {
    "01_setup": 7.4e-05,
    "03_transpile": 0.032042,
    "04_submit": 0.000872,
    "05_run": 0.001864,
    "06_collect": 0.000104,
    "total": 0.034956
  },
  "meta": {
    "backend": "fake_jakarta",
    "n_qubits": 6,
    "depth_in": 14,
    "depth_transpiled": 25,
    "size_transpiled": 35,
    "quasi_dist": {
      "0": 0.513671875,
      "63": 0.486328125
    }
  }
}