{
  "laps": {
    "01_setup": 5.2e-05,
    "02_cache_search": 0.000125,
    "04_submit": 0.000524,
    "05_run": 0.001413,
    "06_collect": 9.4e-05,
    "total": 0.002208
  },
  "meta": {
    "backend": "fake_jakarta",
    "n_qubits": 3,
    "depth_in": 19,
    "depth_transpiled": 21,
    "size_transpiled": 23,
    "quasi_dist": {
      "0": 0.5029296875,
      "7": 0.4970703125
    }
  }
}