{
  "01_setup": 0.000322,
  "03_transpile": 0.137909,
  "04_submit": 0.003666,
  "05_run": 0.008291,
  "06_collect": 0.00033,
  "total": 0.150518
}