{
  "laps": {
    "01_setup": 0.000174,
    "02_cache_search": 0.003329,
    "04_submit": 0.010647,
    "05_run": 0.013866,
    "06_collect": 0.00221,
    "total": 0.030226
  },
  "meta": {
    "backend": "fake_jakarta",
    "n_qubits": 6,
    "depth_in": 132,
    "depth_transpiled": 341,
    "size_transpiled": 833,
    "quasi_dist": {
      "13": 0.0107421875,
      "36": 0.001953125,
      "60": 0.123046875,
      "30": 0.0703125,
      "10": 0.001953125,
      "33": 0.00390625,
      "63": 0.0205078125,
      "11": 0.0009765625,
      "34": 0.001953125,
      "62": 0.0625,
      "2": 0.0400390625,
      "55": 0.0009765625,
      "0": 0.1220703125,
      "49": 0.0107421875,
      "6": 0.0400390625,
      "56": 0.052734375,
      "48": 0.0224609375,
      "7": 0.0546875,
      "14": 0.0302734375,
      "28": 0.0546875,
      "9": 0.001953125,
      "31": 0.044921875,
      "45": 0.0029296875,
      "51": 0.0048828125,
      "4": 0.0283203125,
      "24": 0.021484375,
      "52": 0.0029296875,
      "3": 0.029296875,
      "35": 0.009765625,
      "12": 0.0244140625,
      "58": 0.0068359375,
      "15": 0.0498046875,
      "50": 0.0029296875,
      "5": 0.0048828125,
      "16": 0.0009765625,
      "17": 0.0029296875,
      "22": 0.001953125,
      "32": 0.0068359375,
      "39": 0.00390625,
      "1": 0.0048828125,
      "41": 0.0009765625,
      "8": 0.0087890625,
      "57": 0.00390625,
      "26": 0.001953125,
      "21": 0.0009765625
    }
  }
}