{
  "01_setup": 0.000352,
  "03_transpile": 0.335915,
  "04_submit": 0.006922,
  "05_run": 0.015492,
  "06_collect": 0.000878,
  "total": 0.359559
}