{
  "laps": {
    "01_setup": 5.9e-05,
    "02_cache_search": 0.000125,
    "04_submit": 0.00056,
    "05_run": 0.001771,
    "06_collect": 9e-05,
    "total": 0.002605
  },
  "meta": {
    "backend": "fake_jakarta",
    "n_qubits": 6,
    "depth_in": 14,
    "depth_transpiled": 19,
    "size_transpiled": 24,
    "quasi_dist": {
      "63": 0.4794921875,
      "0": 0.5205078125
    }
  }
}