{
  "laps": {
    "01_setup": 9.3e-05,
    "02_cache_search": 0.000108,
    "04_submit": 0.000563,
    "05_run": 0.002852,
    "06_collect": 6e-05,
    "total": 0.003676
  },
  "meta": {
    "backend": "fake_jakarta",
    "n_qubits": 5,
    "depth_in": 7,
    "depth_transpiled": 9,
    "size_transpiled": 13,
    "quasi_dist": {
      "31": 0.4951171875,
      "0": 0.5048828125
    }
  }
}