{
  "laps": {
    "01_setup": 0.0001,
    "02_cache_search": 0.000183,
    "04_submit": 0.001084,
    "05_run": 0.002995,
    "06_collect": 0.00013,
    "total": 0.004492
  },
  "meta": {
    "backend": "fake_jakarta",
    "n_qubits": 6,
    "depth_in": 10,
    "depth_transpiled": 20,
    "size_transpiled": 30,
    "quasi_dist": {
      "63": 0.498046875,
      "0": 0.501953125
    }
  }
}