{
  "laps": {
    "01_setup": 5.1e-05,
    "02_cache_search": 0.000618,
    "04_submit": 0.001897,
    "05_run": 0.004147,
    "06_collect": 0.000418,
    "total": 0.007131
  },
  "meta": {
    "backend": "fake_jakarta",
    "n_qubits": 5,
    "depth_in": 67,
    "depth_transpiled": 88,
    "size_transpiled": 318,
    "quasi_dist": {
      "2": 0.0048828125,
      "19": 0.0078125,
      "28": 0.080078125,
      "5": 0.00390625,
      "6": 0.037109375,
      "0": 0.4658203125,
      "12": 0.0439453125,
      "1": 0.0498046875,
      "14": 0.0654296875,
      "29": 0.0126953125,
      "20": 0.0048828125,
      "3": 0.0185546875,
      "30": 0.01171875,
      "25": 0.0087890625,
      "16": 0.0029296875,
      "24": 0.0458984375,
      "7": 0.033203125,
      "15": 0.01171875,
      "18": 0.01171875,
      "17": 0.0048828125,
      "23": 0.0048828125,
      "22": 0.009765625,
      "13": 0.01953125,
      "26": 0.005859375,
      "31": 0.0166015625,
      "8": 0.005859375,
      "27": 0.0009765625,
      "4": 0.0048828125,
      "21": 0.0029296875,
      "11": 0.0029296875
    }
  }
}