{
  "laps": {
    "01_setup": 7.8e-05,
    "03_transpile": 0.032208,
    "04_submit": 0.00075,
    "05_run": 0.001945,
    "06_collect": 7e-05,
    "total": 0.035051
  },
  "meta": {
    "backend": "fake_jakarta",
    "n_qubits": 7,
    "depth_in": 8,
    "depth_transpiled": 22,
    "size_transpiled": 33,
    "quasi_dist": {
      "127": 0.46484375,
      "0": 0.53515625
    }
  }
}