{
  "01_setup": 0.000378,
  "03_transpile": 1.00732,
  "04_submit": 0.026198,
  "05_run": 0.044069,
  "06_collect": 0.005568,
  "total": 1.083533
}