{
  "laps": {
    "01_setup": 7.2e-05,
    "03_transpile": 0.02184,
    "04_submit": 0.000612,
    "05_run": 0.001592,
    "06_collect": 5.6e-05,
    "total": 0.024172
  },
  "meta": {
    "backend": "fake_jakarta",
    "n_qubits": 5,
    "depth_in": 9,
    "depth_transpiled": 11,
    "size_transpiled": 15,
    "quasi_dist": {
      "31": 0.4990234375,
      "0": 0.5009765625
    }
  }
}