{
  "01_setup": 0.000441,
  "03_transpile": 1.455189,
  "04_submit": 0.034108,
  "05_run": 0.043647,
  "06_collect": 0.004631,
  "total": 1.538016
}