{
  "laps": {
    "01_setup": 7.2e-05,
    "02_cache_search": 9.6e-05,
    "04_submit": 0.000591,
    "05_run": 0.00185,
    "06_collect": 6.5e-05,
    "total": 0.002674
  },
  "meta": {
    "backend": "fake_jakarta",
    "n_qubits": 7,
    "depth_in": 8,
    "depth_transpiled": 21,
    "size_transpiled": 32,
    "quasi_dist": {
      "127": 0.4814453125,
      "0": 0.5185546875
    }
  }
}