{
  "laps": {
    "01_setup": 7.6e-05,
    "03_transpile": 0.033666,
    "04_submit": 0.000952,
    "05_run": 0.002036,
    "06_collect": 0.000262,
    "total": 0.036992
  },
  "meta": {
    "backend": "fake_jakarta",
    "n_qubits": 3,
    "depth_in": 17,
    "depth_transpiled": 26,
    "size_transpiled": 58,
    "quasi_dist": {
      "4": 0.0791015625,
      "1": 0.083984375,
      "0": 0.46484375,
      "5": 0.0478515625,
      "2": 0.05078125,
      "6": 0.1005859375,
      "7": 0.0244140625,
      "3": 0.1484375
    }
  }
}