{
  "laps": {
    "01_setup": 0.000205,
    "03_transpile": 0.023498,
    "04_submit": 0.000934,
    "05_run": 0.003181,
    "06_collect": 5.7e-05,
    "total": 0.027875
  },
  "meta": {
    "backend": "fake_jakarta",
    "n_qubits": 5,
    "depth_in": 9,
    "depth_transpiled": 11,
    "size_transpiled": 15,
    "quasi_dist": {
      "31": 0.521484375,
      "0": 0.478515625
    }
  }
}