{
  "laps": {
    "01_setup": 6.7e-05,
    "03_transpile": 0.02309,
    "04_submit": 0.000686,
    "05_run": 0.001597,
    "06_collect": 7.6e-05,
    "total": 0.025516
  },
  "meta": {
    "backend": "fake_jakarta",
    "n_qubits": 5,
    "depth_in": 13,
    "depth_transpiled": 15,
    "size_transpiled": 19,
    "quasi_dist": {
      "0": 0.4833984375,
      "31": 0.5166015625
    }
  }
}