{
  "laps": {
    "01_setup": 7.3e-05,
    "03_transpile": 0.032147,
    "04_submit": 0.000958,
    "05_run": 0.002127,
    "06_collect": 0.000109,
    "total": 0.035414
  },
  "meta": {
    "backend": "fake_jakarta",
    "n_qubits": 6,
    "depth_in": 14,
    "depth_transpiled": 19,
    "size_transpiled": 24,
    "quasi_dist": {
      "63": 0.4892578125,
      "0": 0.5107421875
    }
  }
}