{
  "laps": {
    "01_setup": 8.2e-05,
    "02_cache_search": 0.000212,
    "03_transpile": 0.035333,
    "07_cache_write": 0.005334,
    "04_submit": 0.00082,
    "05_run": 0.002112,
    "06_collect": 7.4e-05,
    "total": 0.043967
  },
  "meta": {
    "backend": "fake_jakarta",
    "n_qubits": 7,
    "depth_in": 9,
    "depth_transpiled": 22,
    "size_transpiled": 33,
    "quasi_dist": {
      "0": 0.50390625,
      "127": 0.49609375
    }
  }
}