{
  "laps": {
    "01_setup": 8.3e-05,
    "02_cache_search": 0.002551,
    "03_transpile": 1.132445,
    "07_cache_write": 0.053455,
    "04_submit": 0.019856,
    "05_run": 0.027809,
    "06_collect": 0.003149,
    "total": 1.239348
  },
  "meta": {
    "backend": "fake_jakarta",
    "n_qubits": 5,
    "depth_in": 165,
    "depth_transpiled": 1687,
    "size_transpiled": 2898,
    "quasi_dist": {
      "0": 1.0
    }
  }
}