{
  "laps": {
    "01_setup": 4.9e-05,
    "02_cache_search": 6.8e-05,
    "04_submit": 0.000561,
    "05_run": 0.001899,
    "06_collect": 7e-05,
    "total": 0.002647
  },
  "meta": {
    "backend": "fake_jakarta",
    "n_qubits": 7,
    "depth_in": 8,
    "depth_transpiled": 21,
    "size_transpiled": 32,
    "quasi_dist": {
      "0": 0.509765625,
      "127": 0.490234375
    }
  }
}