{
  "01_setup": 0.00029,
  "02_cache_search": 0.000624,
  "03_transpile": 0.035512,
  "07_cache_write": 0.009707,
  "04_submit": 0.003824,
  "05_run": 0.010678,
  "06_collect": 0.000424,
  "total": 0.061059
}