{
  "laps": {
    "01_setup": 6.5e-05,
    "03_transpile": 0.032772,
    "04_submit": 0.00066,
    "05_run": 0.001841,
    "06_collect": 6.3e-05,
    "total": 0.035401
  },
  "meta": {
    "backend": "fake_jakarta",
    "n_qubits": 6,
    "depth_in": 8,
    "depth_transpiled": 18,
    "size_transpiled": 28,
    "quasi_dist": {
      "0": 0.5185546875,
      "63": 0.4814453125
    }
  }
}