{
  "laps": {
    "01_setup": 0.000117,
    "02_cache_search": 0.002613,
    "04_submit": 0.007322,
    "05_run": 0.015858,
    "06_collect": 0.001239,
    "total": 0.027149
  },
  "meta": {
    "backend": "fake_jakarta",
    "n_qubits": 6,
    "depth_in": 132,
    "depth_transpiled": 341,
    "size_transpiled": 833,
    "quasi_dist": {
      "52": 0.0029296875,
      "3": 0.046875,
      "0": 0.1083984375,
      "51": 0.0087890625,
      "4": 0.025390625,
      "48": 0.0185546875,
      "7": 0.0634765625,
      "56": 0.0498046875,
      "28": 0.048828125,
      "38": 0.0009765625,
      "58": 0.0078125,
      "15": 0.05078125,
      "59": 0.0009765625,
      "37": 0.0009765625,
      "14": 0.03125,
      "8": 0.01171875,
      "30": 0.0654296875,
      "11": 0.001953125,
      "34": 0.001953125,
      "62": 0.068359375,
      "26": 0.0146484375,
      "33": 0.001953125,
      "63": 0.009765625,
      "10": 0.0029296875,
      "32": 0.0078125,
      "2": 0.044921875,
      "54": 0.0029296875,
      "1": 0.0126953125,
      "13": 0.0029296875,
      "60": 0.1005859375,
      "22": 0.0029296875,
      "35": 0.015625,
      "12": 0.0234375,
      "31": 0.05078125,
      "50": 0.0009765625,
      "5": 0.005859375,
      "46": 0.0009765625,
      "47": 0.0009765625,
      "49": 0.0078125,
      "6": 0.0341796875,
      "24": 0.0234375,
      "21": 0.0009765625,
      "29": 0.001953125,
      "18": 0.001953125,
      "39": 0.00390625,
      "17": 0.0029296875,
      "9": 0.0009765625,
      "57": 0.001953125,
      "16": 0.001953125
    }
  }
}