{
  "01_setup": 0.000301,
  "03_transpile": 0.126676,
  "04_submit": 0.003102,
  "05_run": 0.007391,
  "06_collect": 0.000254,
  "total": 0.137724
}