{
  "laps": {
    "01_setup": 6.5e-05,
    "03_transpile": 0.022846,
    "04_submit": 0.000787,
    "05_run": 0.001657,
    "06_collect": 4.8e-05,
    "total": 0.025403
  },
  "meta": {
    "backend": "fake_jakarta",
    "n_qubits": 3,
    "depth_in": 7,
    "depth_transpiled": 9,
    "size_transpiled": 11,
    "quasi_dist": {
      "7": 0.50390625,
      "0": 0.49609375
    }
  }
}