{
  "laps": {
    "01_setup": 0.000115,
    "03_transpile": 0.95561,
    "04_submit": 0.123436,
    "05_run": 0.035489,
    "06_collect": 0.004117,
    "total": 1.118767
  },
  "meta": {
    "backend": "fake_jakarta",
    "n_qubits": 6,
    "depth_in": 198,
    "depth_transpiled": 2018,
    "size_transpiled": 3904,
    "quasi_dist": {
      "0": 1.0
    }
  }
}