{
  "laps": {
    "01_setup": 5.6e-05,
    "02_cache_search": 0.00023,
    "04_submit": 0.000822,
    "05_run": 0.002027,
    "06_collect": 0.000149,
    "total": 0.003284
  },
  "meta": {
    "backend": "fake_jakarta",
    "n_qubits": 3,
    "depth_in": 33,
    "depth_transpiled": 46,
    "size_transpiled": 98,
    "quasi_dist": {
      "1": 0.13671875,
      "0": 0.1572265625,
      "6": 0.1279296875,
      "5": 0.10546875,
      "3": 0.1728515625,
      "2": 0.1533203125,
      "4": 0.076171875,
      "7": 0.0703125
    }
  }
}