{
  "laps": {
    "01_setup": 7.3e-05,
    "03_transpile": 0.023166,
    "04_submit": 0.000652,
    "05_run": 0.001595,
    "06_collect": 5.5e-05,
    "total": 0.025541
  },
  "meta": {
    "backend": "fake_jakarta",
    "n_qubits": 5,
    "depth_in": 7,
    "depth_transpiled": 9,
    "size_transpiled": 13,
    "quasi_dist": {
      "0": 0.529296875,
      "31": 0.470703125
    }
  }
}