{
  "laps": {
    "01_setup": 0.000105,
    "02_cache_search": 0.000181,
    "04_submit": 0.001145,
    "05_run": 0.002457,
    "06_collect": 0.000123,
    "total": 0.004011
  },
  "meta": {
    "backend": "fake_jakarta",
    "n_qubits": 7,
    "depth_in": 15,
    "depth_transpiled": 28,
    "size_transpiled": 39,
    "quasi_dist": {
      "0": 0.470703125,
      "127": 0.529296875
    }
  }
}