{
  "laps": {
    "01_setup": 6.7e-05,
    "02_cache_search": 0.000157,
    "03_transpile": 0.032221,
    "07_cache_write": 0.005404,
    "04_submit": 0.000812,
    "05_run": 0.001778,
    "06_collect": 9.7e-05,
    "total": 0.040536
  },
  "meta": {
    "backend": "fake_jakarta",
    "n_qubits": 3,
    "depth_in": 17,
    "depth_transpiled": 26,
    "size_transpiled": 58,
    "quasi_dist": {
      "0": 0.42578125,
      "2": 0.0419921875,
      "6": 0.1103515625,
      "1": 0.0947265625,
      "3": 0.1650390625,
      "5": 0.05078125,
      "4": 0.0888671875,
      "7": 0.0224609375
    }
  }
}