{
  "01_setup": 0.000426,
  "03_transpile": 0.402486,
  "04_submit": 0.011138,
  "05_run": 0.027723,
  "06_collect": 0.001879,
  "total": 0.443652
}