{
  "01_setup": 0.000303,
  "02_cache_search": 0.001422,
  "03_transpile": 0.041617,
  "07_cache_write": 0.171046,
  "04_submit": 0.006011,
  "05_run": 0.011363,
  "06_collect": 0.001263,
  "total": 0.233025
}