{
  "01_setup": 0.000286,
  "02_cache_search": 0.000835,
  "03_transpile": 0.023479,
  "07_cache_write": 0.034106,
  "04_submit": 0.003201,
  "05_run": 0.007838,
  "06_collect": 0.000496,
  "total": 0.070241
}