{
  "01_setup": 0.00044,
  "02_cache_search": 0.006286,
  "03_transpile": 0.551276,
  "07_cache_write": 0.090168,
  "04_submit": 0.04878,
  "05_run": 0.065789,
  "06_collect": 0.007976,
  "total": 0.770715
}