{
  "laps": {
    "01_setup": 5e-05,
    "02_cache_search": 6.9e-05,
    "04_submit": 0.000404,
    "05_run": 0.0014,
    "06_collect": 4.9e-05,
    "total": 0.001972
  },
  "meta": {
    "backend": "fake_jakarta",
    "n_qubits": 3,
    "depth_in": 5,
    "depth_transpiled": 11,
    "size_transpiled": 28,
    "quasi_dist": {
      "2": 0.1396484375,
      "1": 0.111328125,
      "0": 0.123046875,
      "7": 0.1552734375,
      "3": 0.1259765625,
      "5": 0.11328125,
      "6": 0.095703125,
      "4": 0.1357421875
    }
  }
}