{
  "laps": {
    "01_setup": 6e-05,
    "02_cache_search": 0.000414,
    "04_submit": 0.001288,
    "05_run": 0.002583,
    "06_collect": 0.000262,
    "total": 0.004607
  },
  "meta": {
    "backend": "fake_jakarta",
    "n_qubits": 3,
    "depth_in": 65,
    "depth_transpiled": 86,
    "size_transpiled": 178,
    "quasi_dist": {
      "0": 0.8056640625,
      "2": 0.0263671875,
      "1": 0.046875,
      "6": 0.076171875,
      "3": 0.0322265625,
      "7": 0.0068359375,
      "4": 0.0048828125,
      "5": 0.0009765625
    }
  }
}