{
  "laps": {
    "01_setup": 0.000108,
    "03_transpile": 0.025808,
    "04_submit": 0.000672,
    "05_run": 0.001642,
    "06_collect": 4.7e-05,
    "total": 0.028277
  },
  "meta": {
    "backend": "fake_jakarta",
    "n_qubits": 5,
    "depth_in": 7,
    "depth_transpiled": 9,
    "size_transpiled": 13,
    "quasi_dist": {
      "31": 0.5166015625,
      "0": 0.4833984375
    }
  }
}