{
  "01_setup": 0.000318,
  "03_transpile": 0.219047,
  "04_submit": 0.006057,
  "05_run": 0.014869,
  "06_collect": 0.000692,
  "total": 0.240983
}