{
  "01_setup": 0.000339,
  "03_transpile": 0.12865,
  "04_submit": 0.002557,
  "05_run": 0.010786,
  "06_collect": 0.000147,
  "total": 0.142479
}