{
  "laps": {
    "01_setup": 9.9e-05,
    "03_transpile": 0.037052,
    "04_submit": 0.00097,
    "05_run": 0.002388,
    "06_collect": 0.000165,
    "total": 0.040674
  },
  "meta": {
    "backend": "fake_jakarta",
    "n_qubits": 5,
    "depth_in": 19,
    "depth_transpiled": 28,
    "size_transpiled": 102,
    "quasi_dist": {
      "8": 0.0791015625,
      "0": 0.265625,
      "25": 0.015625,
      "17": 0.02734375,
      "4": 0.041015625,
      "13": 0.0087890625,
      "19": 0.0107421875,
      "28": 0.0439453125,
      "22": 0.01953125,
      "31": 0.0322265625,
      "3": 0.03515625,
      "7": 0.0517578125,
      "1": 0.064453125,
      "12": 0.0380859375,
      "29": 0.0029296875,
      "15": 0.0263671875,
      "2": 0.044921875,
      "9": 0.013671875,
      "16": 0.0263671875,
      "11": 0.0146484375,
      "6": 0.02734375,
      "14": 0.0390625,
      "30": 0.013671875,
      "26": 0.009765625,
      "18": 0.025390625,
      "27": 0.0029296875,
      "10": 0.00390625,
      "20": 0.005859375,
      "24": 0.005859375,
      "21": 0.001953125,
      "5": 0.001953125
    }
  }
}