{
  "laps": {
    "01_setup": 7.1e-05,
    "02_cache_search": 0.000363,
    "03_transpile": 0.085359,
    "07_cache_write": 0.005372,
    "04_submit": 0.000751,
    "05_run": 0.001507,
    "06_collect": 4.9e-05,
    "total": 0.093472
  },
  "meta": {
    "backend": "fake_jakarta",
    "n_qubits": 3,
    "depth_in": 7,
    "depth_transpiled": 9,
    "size_transpiled": 11,
    "quasi_dist": {
      "7": 0.4716796875,
      "0": 0.5283203125
    }
  }
}