{
  "laps": {
    "01_setup": 7.5e-05,
    "03_transpile": 0.033455,
    "04_submit": 0.001003,
    "05_run": 0.002,
    "06_collect": 7.9e-05,
    "total": 0.036612
  },
  "meta": {
    "backend": "fake_jakarta",
    "n_qubits": 6,
    "depth_in": 10,
    "depth_transpiled": 15,
    "size_transpiled": 20,
    "quasi_dist": {
      "63": 0.490234375,
      "0": 0.509765625
    }
  }
}