{
  "laps": {
    "01_setup": 6.7e-05,
    "03_transpile": 0.039162,
    "04_submit": 0.001178,
    "05_run": 0.002259,
    "06_collect": 0.000163,
    "total": 0.042829
  },
  "meta": {
    "backend": "fake_jakarta",
    "n_qubits": 3,
    "depth_in": 33,
    "depth_transpiled": 46,
    "size_transpiled": 98,
    "quasi_dist": {
      "3": 0.1474609375,
      "7": 0.08203125,
      "2": 0.1669921875,
      "1": 0.1513671875,
      "0": 0.146484375,
      "5": 0.08984375,
      "6": 0.1171875,
      "4": 0.0986328125
    }
  }
}