{
  "laps": {
    "01_setup": 5.8e-05,
    "02_cache_search": 0.000699,
    "04_submit": 0.002195,
    "05_run": 0.004287,
    "06_collect": 0.000439,
    "total": 0.007678
  },
  "meta": {
    "backend": "fake_jakarta",
    "n_qubits": 3,
    "depth_in": 129,
    "depth_transpiled": 166,
    "size_transpiled": 338,
    "quasi_dist": {
      "3": 0.0390625,
      "0": 0.5791015625,
      "1": 0.1650390625,
      "2": 0.1728515625,
      "4": 0.0126953125,
      "6": 0.017578125,
      "7": 0.00390625,
      "5": 0.009765625
    }
  }
}