{
  "laps": {
    "01_setup": 6.9e-05,
    "03_transpile": 0.058887,
    "04_submit": 0.002417,
    "05_run": 0.003597,
    "06_collect": 0.000272,
    "total": 0.065242
  },
  "meta": {
    "backend": "fake_jakarta",
    "n_qubits": 3,
    "depth_in": 65,
    "depth_transpiled": 86,
    "size_transpiled": 178,
    "quasi_dist": {
      "1": 0.0556640625,
      "0": 0.775390625,
      "6": 0.076171875,
      "2": 0.03515625,
      "4": 0.0068359375,
      "7": 0.0029296875,
      "3": 0.0390625,
      "5": 0.0087890625
    }
  }
}