{
  "laps": {
    "01_setup": 0.000151,
    "02_cache_search": 0.000233,
    "04_submit": 0.001568,
    "05_run": 0.004139,
    "06_collect": 0.000147,
    "total": 0.006238
  },
  "meta": {
    "backend": "fake_jakarta",
    "n_qubits": 6,
    "depth_in": 10,
    "depth_transpiled": 20,
    "size_transpiled": 30,
    "quasi_dist": {
      "0": 0.4990234375,
      "63": 0.5009765625
    }
  }
}