{
  "laps": {
    "01_setup": 6.9e-05,
    "03_transpile": 0.027471,
    "04_submit": 0.001064,
    "05_run": 0.002032,
    "06_collect": 0.00021,
    "total": 0.030846
  },
  "meta": {
    "backend": "fake_jakarta",
    "n_qubits": 5,
    "depth_in": 37,
    "depth_transpiled": 39,
    "size_transpiled": 43,
    "quasi_dist": {
      "0": 0.5048828125,
      "31": 0.4951171875
    }
  }
}