{
  "laps": {
    "01_setup": 8.3e-05,
    "03_transpile": 0.128503,
    "04_submit": 0.003953,
    "05_run": 0.004698,
    "06_collect": 0.001066,
    "total": 0.138303
  },
  "meta": {
    "backend": "fake_jakarta",
    "n_qubits": 3,
    "depth_in": 129,
    "depth_transpiled": 166,
    "size_transpiled": 338,
    "quasi_dist": {
      "0": 0.599609375,
      "2": 0.15625,
      "1": 0.158203125,
      "3": 0.041015625,
      "6": 0.021484375,
      "4": 0.0107421875,
      "5": 0.0126953125
    }
  }
}