{
  "01_setup": 0.000463,
  "03_transpile": 0.407967,
  "04_submit": 0.011124,
  "05_run": 0.03469,
  "06_collect": 0.002824,
  "total": 0.457068
}