{
  "laps": {
    "01_setup": 6.4e-05,
    "03_transpile": 0.039885,
    "04_submit": 0.001326,
    "05_run": 0.002524,
    "06_collect": 0.000162,
    "total": 0.043961
  },
  "meta": {
    "backend": "fake_jakarta",
    "n_qubits": 3,
    "depth_in": 33,
    "depth_transpiled": 46,
    "size_transpiled": 98,
    "quasi_dist": {
      "4": 0.0888671875,
      "0": 0.142578125,
      "2": 0.169921875,
      "3": 0.15234375,
      "1": 0.1689453125,
      "7": 0.091796875,
      "6": 0.0859375,
      "5": 0.099609375
    }
  }
}