{
  "01_setup": 0.000485,
  "03_transpile": 0.22416,
  "04_submit": 0.006128,
  "05_run": 0.015297,
  "06_collect": 0.000566,
  "total": 0.246636
}