{
  "01_setup": 0.000352,
  "03_transpile": 0.217412,
  "04_submit": 0.005402,
  "05_run": 0.0158,
  "06_collect": 0.000942,
  "total": 0.239908
}