{
  "01_setup": 0.000295,
  "02_cache_search": 0.000939,
  "03_transpile": 0.038281,
  "07_cache_write": 0.034997,
  "04_submit": 0.004295,
  "05_run": 0.010814,
  "06_collect": 0.000761,
  "total": 0.090382
}