{
  "laps": {
    "01_setup": 9.1e-05,
    "02_cache_search": 0.000249,
    "03_transpile": 0.085483,
    "07_cache_write": 0.016955,
    "04_submit": 0.003558,
    "05_run": 0.005547,
    "06_collect": 0.000319,
    "total": 0.112202
  },
  "meta": {
    "backend": "fake_jakarta",
    "n_qubits": 3,
    "depth_in": 27,
    "depth_transpiled": 152,
    "size_transpiled": 196,
    "quasi_dist": {
      "0": 1.0
    }
  }
}