{
  "laps": {
    "01_setup": 5.9e-05,
    "02_cache_search": 0.000157,
    "04_submit": 0.000776,
    "05_run": 0.002114,
    "06_collect": 0.000148,
    "total": 0.003254
  },
  "meta": {
    "backend": "fake_jakarta",
    "n_qubits": 7,
    "depth_in": 23,
    "depth_transpiled": 37,
    "size_transpiled": 48,
    "quasi_dist": {
      "127": 0.4814453125,
      "0": 0.5185546875
    }
  }
}