{
  "laps": {
    "01_setup": 5e-05,
    "02_cache_search": 0.000129,
    "04_submit": 0.00053,
    "05_run": 0.00137,
    "06_collect": 9.2e-05,
    "total": 0.002171
  },
  "meta": {
    "backend": "fake_jakarta",
    "n_qubits": 3,
    "depth_in": 19,
    "depth_transpiled": 21,
    "size_transpiled": 23,
    "quasi_dist": {
      "0": 0.5048828125,
      "7": 0.4951171875
    }
  }
}