{
  "01_setup": 0.00036,
  "03_transpile": 0.189584,
  "04_submit": 0.005588,
  "05_run": 0.012885,
  "06_collect": 0.000821,
  "total": 0.209238
}