{
  "01_setup": 0.000341,
  "03_transpile": 1.376836,
  "04_submit": 0.02342,
  "05_run": 0.038523,
  "06_collect": 0.003796,
  "total": 1.442916
}