{
  "laps": {
    "01_setup": 6.3e-05,
    "03_transpile": 0.036505,
    "04_submit": 0.000931,
    "05_run": 0.002121,
    "06_collect": 0.00015,
    "total": 0.03977
  },
  "meta": {
    "backend": "fake_jakarta",
    "n_qubits": 7,
    "depth_in": 23,
    "depth_transpiled": 36,
    "size_transpiled": 47,
    "quasi_dist": {
      "0": 0.5361328125,
      "127": 0.4638671875
    }
  }
}