{
  "01_setup": 0.000406,
  "02_cache_search": 0.00105,
  "03_transpile": 0.09094,
  "07_cache_write": 0.002895,
  "04_submit": 0.008548,
  "05_run": 0.018528,
  "06_collect": 0.001599,
  "total": 0.123966
}