{
  "laps": {
    "01_setup": 6.6e-05,
    "03_transpile": 0.021864,
    "04_submit": 0.00105,
    "05_run": 0.00186,
    "06_collect": 8.6e-05,
    "total": 0.024926
  },
  "meta": {
    "backend": "fake_jakarta",
    "n_qubits": 5,
    "depth_in": 13,
    "depth_transpiled": 15,
    "size_transpiled": 19,
    "quasi_dist": {
      "31": 0.5107421875,
      "0": 0.4892578125
    }
  }
}