{
  "laps": {
    "01_setup": 6.9e-05,
    "03_transpile": 0.035495,
    "04_submit": 0.000827,
    "05_run": 0.00216,
    "06_collect": 8.4e-05,
    "total": 0.038635
  },
  "meta": {
    "backend": "fake_jakarta",
    "n_qubits": 7,
    "depth_in": 9,
    "depth_transpiled": 22,
    "size_transpiled": 33,
    "quasi_dist": {
      "0": 0.49609375,
      "127": 0.50390625
    }
  }
}