{
  "laps": {
    "01_setup": 0.000104,
    "03_transpile": 0.026669,
    "04_submit": 0.000883,
    "05_run": 0.001747,
    "06_collect": 0.000106,
    "total": 0.029509
  },
  "meta": {
    "backend": "fake_jakarta",
    "n_qubits": 3,
    "depth_in": 19,
    "depth_transpiled": 21,
    "size_transpiled": 23,
    "quasi_dist": {
      "0": 0.482421875,
      "7": 0.517578125
    }
  }
}