{
  "laps": {
    "01_setup": 5.6e-05,
    "02_cache_search": 0.000102,
    "04_submit": 0.00051,
    "05_run": 0.001499,
    "06_collect": 6e-05,
    "total": 0.002227
  },
  "meta": {
    "backend": "fake_jakarta",
    "n_qubits": 3,
    "depth_in": 9,
    "depth_transpiled": 16,
    "size_transpiled": 38,
    "quasi_dist": {
      "6": 0.0146484375,
      "2": 0.109375,
      "0": 0.625,
      "5": 0.021484375,
      "4": 0.1083984375,
      "1": 0.095703125,
      "3": 0.0185546875,
      "7": 0.0068359375
    }
  }
}