{
  "laps": {
    "01_setup": 6.2e-05,
    "03_transpile": 0.133033,
    "04_submit": 0.003584,
    "05_run": 0.006334,
    "06_collect": 0.000808,
    "total": 0.143821
  },
  "meta": {
    "backend": "fake_jakarta",
    "n_qubits": 5,
    "depth_in": 131,
    "depth_transpiled": 168,
    "size_transpiled": 606,
    "quasi_dist": {
      "22": 0.0341796875,
      "31": 0.0244140625,
      "16": 0.013671875,
      "28": 0.041015625,
      "19": 0.0361328125,
      "2": 0.0302734375,
      "26": 0.0380859375,
      "23": 0.021484375,
      "1": 0.017578125,
      "11": 0.0263671875,
      "25": 0.0546875,
      "30": 0.0263671875,
      "12": 0.0458984375,
      "3": 0.0087890625,
      "7": 0.0234375,
      "29": 0.0302734375,
      "21": 0.0380859375,
      "6": 0.0400390625,
      "24": 0.02734375,
      "13": 0.0654296875,
      "27": 0.037109375,
      "5": 0.025390625,
      "10": 0.033203125,
      "18": 0.0380859375,
      "9": 0.0322265625,
      "4": 0.02734375,
      "8": 0.021484375,
      "17": 0.0146484375,
      "14": 0.029296875,
      "0": 0.037109375,
      "20": 0.03515625,
      "15": 0.025390625
    }
  }
}