{
  "01_setup": 0.000346,
  "03_transpile": 0.158029,
  "04_submit": 0.004672,
  "05_run": 0.009694,
  "06_collect": 0.000686,
  "total": 0.173427
}