{
  "laps": {
    "01_setup": 0.000108,
    "03_transpile": 0.027092,
    "04_submit": 0.000942,
    "05_run": 0.001811,
    "06_collect": 0.000127,
    "total": 0.03008
  },
  "meta": {
    "backend": "fake_jakarta",
    "n_qubits": 5,
    "depth_in": 21,
    "depth_transpiled": 23,
    "size_transpiled": 27,
    "quasi_dist": {
      "31": 0.5029296875,
      "0": 0.4970703125
    }
  }
}