{
  "laps": {
    "01_setup": 7.5e-05,
    "02_cache_search": 0.000844,
    "04_submit": 0.003971,
    "05_run": 0.007138,
    "06_collect": 0.000621,
    "total": 0.012649
  },
  "meta": {
    "backend": "fake_jakarta",
    "n_qubits": 6,
    "depth_in": 68,
    "depth_transpiled": 173,
    "size_transpiled": 433,
    "quasi_dist": {
      "47": 0.009765625,
      "6": 0.0283203125,
      "59": 0.0009765625,
      "37": 0.0009765625,
      "14": 0.0537109375,
      "28": 0.0126953125,
      "31": 0.0185546875,
      "10": 0.0048828125,
      "63": 0.03125,
      "24": 0.0390625,
      "32": 0.009765625,
      "38": 0.0009765625,
      "58": 0.00390625,
      "15": 0.0517578125,
      "34": 0.009765625,
      "11": 0.0029296875,
      "62": 0.04296875,
      "36": 0.00390625,
      "13": 0.009765625,
      "60": 0.0498046875,
      "55": 0.0009765625,
      "0": 0.27734375,
      "3": 0.01171875,
      "44": 0.005859375,
      "52": 0.0029296875,
      "8": 0.0244140625,
      "17": 0.00390625,
      "16": 0.048828125,
      "56": 0.033203125,
      "35": 0.0009765625,
      "61": 0.009765625,
      "12": 0.0185546875,
      "48": 0.029296875,
      "7": 0.0390625,
      "22": 0.005859375,
      "30": 0.0439453125,
      "45": 0.0029296875,
      "4": 0.0068359375,
      "2": 0.0048828125,
      "42": 0.0029296875,
      "1": 0.005859375,
      "50": 0.001953125,
      "5": 0.001953125,
      "46": 0.0078125,
      "39": 0.0048828125,
      "29": 0.001953125,
      "40": 0.0048828125,
      "19": 0.0009765625,
      "9": 0.001953125,
      "23": 0.001953125,
      "25": 0.0009765625,
      "20": 0.0029296875,
      "57": 0.001953125
    }
  }
}