{
  "laps": {
    "01_setup": 6.5e-05,
    "02_cache_search": 0.000369,
    "03_transpile": 0.051206,
    "07_cache_write": 0.014954,
    "04_submit": 0.002463,
    "05_run": 0.003352,
    "06_collect": 0.000277,
    "total": 0.072686
  },
  "meta": {
    "backend": "fake_jakarta",
    "n_qubits": 5,
    "depth_in": 35,
    "depth_transpiled": 48,
    "size_transpiled": 174,
    "quasi_dist": {
      "0": 0.1259765625,
      "8": 0.04296875,
      "20": 0.0029296875,
      "14": 0.08203125,
      "5": 0.025390625,
      "12": 0.072265625,
      "6": 0.0634765625,
      "16": 0.04296875,
      "21": 0.005859375,
      "24": 0.060546875,
      "28": 0.0859375,
      "7": 0.0458984375,
      "29": 0.017578125,
      "25": 0.0048828125,
      "9": 0.009765625,
      "30": 0.046875,
      "4": 0.0400390625,
      "11": 0.01953125,
      "3": 0.02734375,
      "15": 0.0302734375,
      "17": 0.0146484375,
      "23": 0.00390625,
      "13": 0.01171875,
      "2": 0.04296875,
      "22": 0.0087890625,
      "1": 0.01953125,
      "10": 0.005859375,
      "18": 0.013671875,
      "27": 0.0107421875,
      "31": 0.013671875,
      "26": 0.001953125
    }
  }
}