{
  "laps": {
    "01_setup": 6.9e-05,
    "03_transpile": 0.038452,
    "04_submit": 0.001103,
    "05_run": 0.002199,
    "06_collect": 0.00016,
    "total": 0.041983
  },
  "meta": {
    "backend": "fake_jakarta",
    "n_qubits": 3,
    "depth_in": 33,
    "depth_transpiled": 46,
    "size_transpiled": 98,
    "quasi_dist": {
      "2": 0.1494140625,
      "7": 0.09375,
      "3": 0.1748046875,
      "0": 0.166015625,
      "1": 0.140625,
      "5": 0.0966796875,
      "4": 0.0625,
      "6": 0.1162109375
    }
  }
}