{
  "01_setup": 0.000642,
  "02_cache_search": 0.001269,
  "03_transpile": 0.056018,
  "07_cache_write": 0.021239,
  "04_submit": 0.007127,
  "05_run": 0.018194,
  "06_collect": 0.000697,
  "total": 0.105186
}