{
  "01_setup": 0.000722,
  "03_transpile": 0.757112,
  "04_submit": 0.019543,
  "05_run": 0.034068,
  "06_collect": 0.004404,
  "total": 0.815849
}