{
  "laps": {
    "01_setup": 0.000126,
    "03_transpile": 0.035875,
    "04_submit": 0.001052,
    "05_run": 0.001963,
    "06_collect": 7.2e-05,
    "total": 0.039088
  },
  "meta": {
    "backend": "fake_jakarta",
    "n_qubits": 7,
    "depth_in": 9,
    "depth_transpiled": 22,
    "size_transpiled": 33,
    "quasi_dist": {
      "127": 0.521484375,
      "0": 0.478515625
    }
  }
}