{
  "laps": {
    "01_setup": 6.7e-05,
    "02_cache_search": 0.000321,
    "03_transpile": 0.035488,
    "07_cache_write": 0.023905,
    "04_submit": 0.000995,
    "05_run": 0.002118,
    "06_collect": 0.000116,
    "total": 0.06301
  },
  "meta": {
    "backend": "fake_jakarta",
    "n_qubits": 7,
    "depth_in": 15,
    "depth_transpiled": 28,
    "size_transpiled": 39,
    "quasi_dist": {
      "127": 0.4990234375,
      "0": 0.5009765625
    }
  }
}