{
  "01_setup": 0.000286,
  "02_cache_search": 0.000728,
  "03_transpile": 0.032221,
  "07_cache_write": 0.005404,
  "04_submit": 0.003404,
  "05_run": 0.008225,
  "06_collect": 0.000473,
  "total": 0.050741
}