{
  "laps": {
    "01_setup": 8.5e-05,
    "02_cache_search": 9.6e-05,
    "04_submit": 0.000714,
    "05_run": 0.001499,
    "06_collect": 5.5e-05,
    "total": 0.002449
  },
  "meta": {
    "backend": "fake_jakarta",
    "n_qubits": 3,
    "depth_in": 5,
    "depth_transpiled": 11,
    "size_transpiled": 28,
    "quasi_dist": {
      "5": 0.130859375,
      "1": 0.123046875,
      "7": 0.1279296875,
      "6": 0.119140625,
      "0": 0.134765625,
      "4": 0.1298828125,
      "3": 0.1123046875,
      "2": 0.1220703125
    }
  }
}