{
  "laps": {
    "01_setup": 7.8e-05,
    "03_transpile": 0.031369,
    "04_submit": 0.000853,
    "05_run": 0.002248,
    "06_collect": 0.000109,
    "total": 0.034657
  },
  "meta": {
    "backend": "fake_jakarta",
    "n_qubits": 5,
    "depth_in": 11,
    "depth_transpiled": 18,
    "size_transpiled": 66,
    "quasi_dist": {
      "2": 0.0791015625,
      "8": 0.0859375,
      "0": 0.4267578125,
      "10": 0.01171875,
      "16": 0.0771484375,
      "4": 0.087890625,
      "18": 0.0146484375,
      "6": 0.01953125,
      "1": 0.0771484375,
      "9": 0.0146484375,
      "24": 0.0166015625,
      "28": 0.00390625,
      "5": 0.0205078125,
      "12": 0.0166015625,
      "19": 0.00390625,
      "17": 0.0087890625,
      "25": 0.0029296875,
      "22": 0.0029296875,
      "20": 0.009765625,
      "21": 0.0029296875,
      "11": 0.0029296875,
      "13": 0.0009765625,
      "3": 0.0068359375,
      "27": 0.0009765625,
      "14": 0.00390625,
      "23": 0.0009765625
    }
  }
}