{
  "laps": {
    "01_setup": 6.3e-05,
    "03_transpile": 0.036825,
    "04_submit": 0.001261,
    "05_run": 0.002775,
    "06_collect": 0.000167,
    "total": 0.041091
  },
  "meta": {
    "backend": "fake_jakarta",
    "n_qubits": 5,
    "depth_in": 19,
    "depth_transpiled": 28,
    "size_transpiled": 102,
    "quasi_dist": {
      "8": 0.0673828125,
      "0": 0.29296875,
      "6": 0.033203125,
      "19": 0.02734375,
      "11": 0.0107421875,
      "14": 0.0478515625,
      "4": 0.033203125,
      "7": 0.04296875,
      "13": 0.0166015625,
      "1": 0.0546875,
      "3": 0.0390625,
      "2": 0.0478515625,
      "18": 0.013671875,
      "26": 0.0107421875,
      "12": 0.0390625,
      "29": 0.005859375,
      "16": 0.0244140625,
      "28": 0.0341796875,
      "22": 0.021484375,
      "10": 0.0029296875,
      "15": 0.0205078125,
      "17": 0.0205078125,
      "20": 0.00390625,
      "30": 0.0205078125,
      "23": 0.0009765625,
      "31": 0.029296875,
      "9": 0.0087890625,
      "21": 0.0029296875,
      "25": 0.013671875,
      "5": 0.005859375,
      "27": 0.00390625,
      "24": 0.0029296875
    }
  }
}