{
  "laps": {
    "01_setup": 0.00015,
    "02_cache_search": 0.001141,
    "03_transpile": 0.551276,
    "07_cache_write": 0.090168,
    "04_submit": 0.010402,
    "05_run": 0.013268,
    "06_collect": 0.001764,
    "total": 0.668169
  },
  "meta": {
    "backend": "fake_jakarta",
    "n_qubits": 7,
    "depth_in": 63,
    "depth_transpiled": 717,
    "size_transpiled": 1408,
    "quasi_dist": {
      "0": 1.0
    }
  }
}