{
  "laps": {
    "01_setup": 0.000105,
    "02_cache_search": 0.001606,
    "04_submit": 0.005927,
    "05_run": 0.018144,
    "06_collect": 0.002324,
    "total": 0.028106
  },
  "meta": {
    "backend": "fake_jakarta",
    "n_qubits": 6,
    "depth_in": 132,
    "depth_transpiled": 341,
    "size_transpiled": 833,
    "quasi_dist": {
      "30": 0.0537109375,
      "45": 0.0009765625,
      "51": 0.0048828125,
      "4": 0.037109375,
      "2": 0.0458984375,
      "7": 0.05859375,
      "48": 0.0224609375,
      "31": 0.0537109375,
      "55": 0.001953125,
      "0": 0.11328125,
      "61": 0.0009765625,
      "35": 0.0126953125,
      "12": 0.0341796875,
      "14": 0.0224609375,
      "52": 0.00390625,
      "3": 0.0439453125,
      "38": 0.0009765625,
      "58": 0.0068359375,
      "15": 0.0439453125,
      "11": 0.0009765625,
      "34": 0.0068359375,
      "62": 0.06640625,
      "28": 0.0537109375,
      "24": 0.017578125,
      "36": 0.0009765625,
      "13": 0.0078125,
      "60": 0.1142578125,
      "10": 0.0009765625,
      "33": 0.0009765625,
      "63": 0.0205078125,
      "6": 0.03125,
      "49": 0.0087890625,
      "39": 0.0009765625,
      "56": 0.0400390625,
      "8": 0.015625,
      "5": 0.0048828125,
      "26": 0.0078125,
      "17": 0.0029296875,
      "16": 0.001953125,
      "21": 0.0009765625,
      "9": 0.0029296875,
      "23": 0.0009765625,
      "22": 0.001953125,
      "32": 0.0068359375,
      "27": 0.00390625,
      "29": 0.0009765625,
      "57": 0.0029296875,
      "1": 0.0048828125,
      "54": 0.00390625,
      "18": 0.0009765625,
      "41": 0.0009765625
    }
  }
}