{
  "laps": {
    "01_setup": 7.3e-05,
    "02_cache_search": 7.3e-05,
    "04_submit": 0.000677,
    "05_run": 0.002588,
    "06_collect": 4.9e-05,
    "total": 0.00346
  },
  "meta": {
    "backend": "fake_jakarta",
    "n_qubits": 5,
    "depth_in": 6,
    "depth_transpiled": 8,
    "size_transpiled": 12,
    "quasi_dist": {
      "31": 0.4990234375,
      "0": 0.5009765625
    }
  }
}