{
  "01_setup": 0.000357,
  "03_transpile": 0.904055,
  "04_submit": 0.021866,
  "05_run": 0.030249,
  "06_collect": 0.002932,
  "total": 0.959459
}