{
  "01_setup": 0.000381,
  "03_transpile": 0.736719,
  "04_submit": 0.018908,
  "05_run": 0.033855,
  "06_collect": 0.003963,
  "total": 0.793826
}