{
  "laps": {
    "01_setup": 7.2e-05,
    "02_cache_search": 0.000179,
    "04_submit": 0.000823,
    "05_run": 0.002361,
    "06_collect": 0.0001,
    "total": 0.003535
  },
  "meta": {
    "backend": "fake_jakarta",
    "n_qubits": 5,
    "depth_in": 11,
    "depth_transpiled": 18,
    "size_transpiled": 66,
    "quasi_dist": {
      "0": 0.44140625,
      "3": 0.0146484375,
      "12": 0.015625,
      "10": 0.009765625,
      "1": 0.07421875,
      "16": 0.0908203125,
      "7": 0.0048828125,
      "2": 0.095703125,
      "14": 0.0029296875,
      "8": 0.0810546875,
      "4": 0.05859375,
      "24": 0.0146484375,
      "5": 0.017578125,
      "18": 0.0146484375,
      "6": 0.0166015625,
      "20": 0.0087890625,
      "17": 0.009765625,
      "22": 0.00390625,
      "21": 0.001953125,
      "9": 0.0078125,
      "13": 0.0029296875,
      "26": 0.0029296875,
      "25": 0.0048828125,
      "19": 0.0009765625,
      "28": 0.0009765625,
      "15": 0.0009765625,
      "30": 0.0009765625
    }
  }
}