{
  "laps": {
    "01_setup": 0.000132,
    "03_transpile": 0.025972,
    "04_submit": 0.000938,
    "05_run": 0.002684,
    "06_collect": 5.6e-05,
    "total": 0.029782
  },
  "meta": {
    "backend": "fake_jakarta",
    "n_qubits": 5,
    "depth_in": 9,
    "depth_transpiled": 11,
    "size_transpiled": 15,
    "quasi_dist": {
      "0": 0.48828125,
      "31": 0.51171875
    }
  }
}