{
  "laps": {
    "01_setup": 9.3e-05,
    "02_cache_search": 0.000432,
    "03_transpile": 0.169808,
    "07_cache_write": 0.022224,
    "04_submit": 0.003354,
    "05_run": 0.008246,
    "06_collect": 0.000518,
    "total": 0.204675
  },
  "meta": {
    "backend": "fake_jakarta",
    "n_qubits": 3,
    "depth_in": 51,
    "depth_transpiled": 317,
    "size_transpiled": 433,
    "quasi_dist": {
      "0": 1.0
    }
  }
}