{
  "laps": {
    "01_setup": 5.9e-05,
    "03_transpile": 0.067642,
    "04_submit": 0.001324,
    "05_run": 0.003191,
    "06_collect": 0.000182,
    "total": 0.072398
  },
  "meta": {
    "backend": "fake_jakarta",
    "n_qubits": 6,
    "depth_in": 12,
    "depth_transpiled": 81,
    "size_transpiled": 120,
    "quasi_dist": {
      "30": 0.0166015625,
      "21": 0.017578125,
      "32": 0.0205078125,
      "59": 0.01953125,
      "14": 0.0126953125,
      "37": 0.0166015625,
      "57": 0.0146484375,
      "6": 0.0146484375,
      "49": 0.009765625,
      "47": 0.0205078125,
      "18": 0.0185546875,
      "48": 0.02734375,
      "7": 0.0185546875,
      "62": 0.0107421875,
      "11": 0.0166015625,
      "34": 0.017578125,
      "12": 0.017578125,
      "35": 0.01171875,
      "61": 0.0166015625,
      "15": 0.015625,
      "38": 0.0224609375,
      "58": 0.0126953125,
      "0": 0.017578125,
      "55": 0.01171875,
      "9": 0.015625,
      "54": 0.0185546875,
      "1": 0.0166015625,
      "42": 0.0205078125,
      "17": 0.0185546875,
      "10": 0.0107421875,
      "63": 0.017578125,
      "33": 0.0107421875,
      "29": 0.01953125,
      "23": 0.013671875,
      "28": 0.021484375,
      "40": 0.01171875,
      "45": 0.0107421875,
      "4": 0.013671875,
      "51": 0.017578125,
      "60": 0.0146484375,
      "13": 0.01953125,
      "36": 0.0146484375,
      "25": 0.0205078125,
      "19": 0.017578125,
      "27": 0.0146484375,
      "2": 0.0087890625,
      "53": 0.009765625,
      "43": 0.025390625,
      "24": 0.0166015625,
      "50": 0.01171875,
      "5": 0.0185546875,
      "46": 0.013671875,
      "31": 0.0078125,
      "56": 0.017578125,
      "41": 0.0107421875,
      "39": 0.015625,
      "52": 0.0078125,
      "3": 0.0126953125,
      "44": 0.0166015625,
      "16": 0.013671875,
      "8": 0.0087890625,
      "26": 0.01953125,
      "22": 0.0185546875,
      "20": 0.0087890625
    }
  }
}