{
  "laps": {
    "01_setup": 8.5e-05,
    "02_cache_search": 0.000793,
    "03_transpile": 0.241497,
    "07_cache_write": 0.041383,
    "04_submit": 0.005819,
    "05_run": 0.008369,
    "06_collect": 0.000898,
    "total": 0.298844
  },
  "meta": {
    "backend": "fake_jakarta",
    "n_qubits": 3,
    "depth_in": 99,
    "depth_transpiled": 641,
    "size_transpiled": 898,
    "quasi_dist": {
      "0": 1.0
    }
  }
}