{
  "laps": {
    "01_setup": 6.4e-05,
    "03_transpile": 0.029416,
    "04_submit": 0.001267,
    "05_run": 0.002599,
    "06_collect": 0.000126,
    "total": 0.033472
  },
  "meta": {
    "backend": "fake_jakarta",
    "n_qubits": 5,
    "depth_in": 21,
    "depth_transpiled": 23,
    "size_transpiled": 27,
    "quasi_dist": {
      "31": 0.5107421875,
      "0": 0.4892578125
    }
  }
}