{
  "laps": {
    "01_setup": 7.3e-05,
    "02_cache_search": 0.000121,
    "04_submit": 0.000479,
    "05_run": 0.001466,
    "06_collect": 5.8e-05,
    "total": 0.002197
  },
  "meta": {
    "backend": "fake_jakarta",
    "n_qubits": 3,
    "depth_in": 11,
    "depth_transpiled": 13,
    "size_transpiled": 15,
    "quasi_dist": {
      "7": 0.5126953125,
      "0": 0.4873046875
    }
  }
}