{
  "laps": {
    "01_setup": 0.000105,
    "03_transpile": 0.081281,
    "04_submit": 0.002127,
    "05_run": 0.006881,
    "06_collect": 0.000867,
    "total": 0.091261
  },
  "meta": {
    "backend": "fake_jakarta",
    "n_qubits": 6,
    "depth_in": 36,
    "depth_transpiled": 89,
    "size_transpiled": 233,
    "quasi_dist": {
      "54": 0.001953125,
      "1": 0.0263671875,
      "63": 0.001953125,
      "33": 0.005859375,
      "10": 0.013671875,
      "28": 0.0595703125,
      "62": 0.0185546875,
      "11": 0.0068359375,
      "20": 0.0126953125,
      "5": 0.0107421875,
      "46": 0.001953125,
      "48": 0.0224609375,
      "7": 0.0205078125,
      "56": 0.0712890625,
      "38": 0.0087890625,
      "58": 0.0107421875,
      "15": 0.0849609375,
      "55": 0.021484375,
      "0": 0.1513671875,
      "37": 0.0009765625,
      "59": 0.00390625,
      "14": 0.0341796875,
      "19": 0.015625,
      "21": 0.0029296875,
      "40": 0.0107421875,
      "44": 0.001953125,
      "3": 0.0234375,
      "52": 0.0029296875,
      "26": 0.0146484375,
      "24": 0.0205078125,
      "16": 0.0234375,
      "51": 0.001953125,
      "4": 0.01171875,
      "32": 0.01953125,
      "49": 0.0009765625,
      "47": 0.01171875,
      "6": 0.033203125,
      "13": 0.005859375,
      "36": 0.00390625,
      "60": 0.03515625,
      "35": 0.0068359375,
      "12": 0.0302734375,
      "61": 0.009765625,
      "57": 0.0205078125,
      "29": 0.009765625,
      "30": 0.03515625,
      "31": 0.021484375,
      "8": 0.013671875,
      "2": 0.0078125,
      "25": 0.0009765625,
      "9": 0.0068359375,
      "39": 0.0048828125,
      "27": 0.0009765625
    }
  }
}