{
  "laps": {
    "01_setup": 0.000132,
    "03_transpile": 0.038074,
    "04_submit": 0.000991,
    "05_run": 0.002502,
    "06_collect": 0.00014,
    "total": 0.041839
  },
  "meta": {
    "backend": "fake_jakarta",
    "n_qubits": 6,
    "depth_in": 12,
    "depth_transpiled": 26,
    "size_transpiled": 83,
    "quasi_dist": {
      "8": 0.0595703125,
      "17": 0.0107421875,
      "32": 0.060546875,
      "0": 0.3837890625,
      "18": 0.0146484375,
      "42": 0.001953125,
      "1": 0.072265625,
      "13": 0.001953125,
      "36": 0.0166015625,
      "4": 0.0595703125,
      "49": 0.0068359375,
      "6": 0.0126953125,
      "35": 0.001953125,
      "12": 0.013671875,
      "56": 0.00390625,
      "52": 0.0029296875,
      "44": 0.00390625,
      "3": 0.0126953125,
      "24": 0.0107421875,
      "33": 0.0107421875,
      "10": 0.01171875,
      "48": 0.0048828125,
      "7": 0.0029296875,
      "16": 0.0693359375,
      "46": 0.001953125,
      "50": 0.001953125,
      "5": 0.01171875,
      "19": 0.0009765625,
      "41": 0.0029296875,
      "9": 0.013671875,
      "20": 0.0107421875,
      "2": 0.0595703125,
      "40": 0.0107421875,
      "25": 0.0068359375,
      "14": 0.00390625,
      "37": 0.001953125,
      "34": 0.009765625,
      "11": 0.0029296875,
      "23": 0.0009765625,
      "22": 0.0029296875,
      "21": 0.001953125,
      "58": 0.0009765625,
      "38": 0.0009765625,
      "27": 0.0009765625,
      "26": 0.0009765625
    }
  }
}