{
  "laps": {
    "01_setup": 7.8e-05,
    "02_cache_search": 8.5e-05,
    "04_submit": 0.000611,
    "05_run": 0.001522,
    "06_collect": 5.3e-05,
    "total": 0.002349
  },
  "meta": {
    "backend": "fake_jakarta",
    "n_qubits": 3,
    "depth_in": 6,
    "depth_transpiled": 20,
    "size_transpiled": 26,
    "quasi_dist": {
      "1": 0.123046875,
      "0": 0.1123046875,
      "5": 0.1220703125,
      "6": 0.1455078125,
      "4": 0.123046875,
      "3": 0.130859375,
      "2": 0.1181640625,
      "7": 0.125
    }
  }
}