{
  "laps": {
    "01_setup": 0.000101,
    "03_transpile": 0.051194,
    "04_submit": 0.001543,
    "05_run": 0.004942,
    "06_collect": 0.000458,
    "total": 0.058238
  },
  "meta": {
    "backend": "fake_jakarta",
    "n_qubits": 5,
    "depth_in": 35,
    "depth_transpiled": 48,
    "size_transpiled": 174,
    "quasi_dist": {
      "24": 0.068359375,
      "16": 0.033203125,
      "6": 0.0947265625,
      "4": 0.046875,
      "13": 0.015625,
      "29": 0.013671875,
      "12": 0.0771484375,
      "0": 0.09765625,
      "14": 0.0908203125,
      "3": 0.01953125,
      "30": 0.046875,
      "28": 0.091796875,
      "7": 0.0400390625,
      "8": 0.0341796875,
      "31": 0.0068359375,
      "23": 0.0068359375,
      "2": 0.0498046875,
      "1": 0.0224609375,
      "15": 0.02734375,
      "18": 0.0087890625,
      "10": 0.005859375,
      "21": 0.0068359375,
      "5": 0.0263671875,
      "17": 0.01171875,
      "22": 0.0078125,
      "11": 0.0185546875,
      "20": 0.005859375,
      "27": 0.0078125,
      "9": 0.005859375,
      "25": 0.0068359375,
      "26": 0.00390625
    }
  }
}