{
  "01_setup": 0.000558,
  "03_transpile": 10.306562,
  "04_submit": 0.217747,
  "05_run": 0.28621,
  "06_collect": 0.035917,
  "total": 10.846994
}