{
  "laps": {
    "01_setup": 6.3e-05,
    "03_transpile": 0.022611,
    "04_submit": 0.000637,
    "05_run": 0.001478,
    "06_collect": 6.4e-05,
    "total": 0.024853
  },
  "meta": {
    "backend": "fake_jakarta",
    "n_qubits": 3,
    "depth_in": 11,
    "depth_transpiled": 13,
    "size_transpiled": 15,
    "quasi_dist": {
      "0": 0.51171875,
      "7": 0.48828125
    }
  }
}