{
  "01_setup": 0.000433,
  "02_cache_search": 0.007926,
  "03_transpile": 0.530047,
  "07_cache_write": 0.03119,
  "04_submit": 0.135558,
  "05_run": 0.092024,
  "06_collect": 0.013032,
  "total": 0.81021
}