{
  "laps": {
    "01_setup": 6.9e-05,
    "03_transpile": 0.026126,
    "04_submit": 0.000687,
    "05_run": 0.001584,
    "06_collect": 6.2e-05,
    "total": 0.028528
  },
  "meta": {
    "backend": "fake_jakarta",
    "n_qubits": 3,
    "depth_in": 9,
    "depth_transpiled": 16,
    "size_transpiled": 38,
    "quasi_dist": {
      "0": 0.6484375,
      "1": 0.107421875,
      "2": 0.1083984375,
      "4": 0.0947265625,
      "5": 0.0126953125,
      "6": 0.0166015625,
      "3": 0.0107421875,
      "7": 0.0009765625
    }
  }
}