{
  "01_setup": 0.00038,
  "03_transpile": 0.192362,
  "04_submit": 0.004888,
  "05_run": 0.014221,
  "06_collect": 0.000632,
  "total": 0.212483
}