{
  "laps": {
    "01_setup": 8.3e-05,
    "02_cache_search": 0.000329,
    "03_transpile": 0.106421,
    "07_cache_write": 0.009466,
    "04_submit": 0.083683,
    "05_run": 0.008083,
    "06_collect": 0.000503,
    "total": 0.208568
  },
  "meta": {
    "backend": "fake_jakarta",
    "n_qubits": 5,
    "depth_in": 25,
    "depth_transpiled": 212,
    "size_transpiled": 306,
    "quasi_dist": {
      "0": 1.0
    }
  }
}