{
  "laps": {
    "01_setup": 0.000374,
    "03_transpile": 0.052732,
    "04_submit": 0.001232,
    "05_run": 0.003429,
    "06_collect": 0.000174,
    "total": 0.057941
  },
  "meta": {
    "backend": "fake_jakarta",
    "n_qubits": 5,
    "depth_in": 7,
    "depth_transpiled": 13,
    "size_transpiled": 48,
    "quasi_dist": {
      "13": 0.0361328125,
      "4": 0.0244140625,
      "14": 0.0166015625,
      "26": 0.033203125,
      "27": 0.0361328125,
      "18": 0.0263671875,
      "15": 0.0390625,
      "28": 0.0224609375,
      "25": 0.0263671875,
      "20": 0.03125,
      "5": 0.03515625,
      "1": 0.02734375,
      "3": 0.0283203125,
      "10": 0.0380859375,
      "17": 0.0380859375,
      "22": 0.0322265625,
      "30": 0.0263671875,
      "24": 0.037109375,
      "6": 0.03125,
      "9": 0.03515625,
      "19": 0.0341796875,
      "8": 0.0302734375,
      "16": 0.0478515625,
      "11": 0.03515625,
      "29": 0.037109375,
      "21": 0.0283203125,
      "2": 0.0361328125,
      "31": 0.025390625,
      "0": 0.0234375,
      "7": 0.03125,
      "23": 0.025390625,
      "12": 0.0244140625
    }
  }
}