{
  "01_setup": 0.000342,
  "03_transpile": 0.648953,
  "04_submit": 0.112227,
  "05_run": 0.033122,
  "06_collect": 0.004355,
  "total": 0.798999
}