{
  "01_setup": 0.000547,
  "02_cache_search": 0.004113,
  "03_transpile": 0.110495,
  "07_cache_write": 0.133755,
  "04_submit": 0.018199,
  "05_run": 0.042623,
  "06_collect": 0.003578,
  "total": 0.31331
}