{
  "laps": {
    "01_setup": 0.000263,
    "03_transpile": 0.857902,
    "04_submit": 0.109289,
    "05_run": 0.025033,
    "06_collect": 0.002801,
    "total": 0.995288
  },
  "meta": {
    "backend": "fake_jakarta",
    "n_qubits": 7,
    "depth_in": 119,
    "depth_transpiled": 1447,
    "size_transpiled": 2800,
    "quasi_dist": {
      "0": 1.0
    }
  }
}