{
  "laps": {
    "01_setup": 6.8e-05,
    "02_cache_search": 0.000151,
    "04_submit": 0.000635,
    "05_run": 0.001729,
    "06_collect": 0.000137,
    "total": 0.00272
  },
  "meta": {
    "backend": "fake_jakarta",
    "n_qubits": 6,
    "depth_in": 22,
    "depth_transpiled": 27,
    "size_transpiled": 32,
    "quasi_dist": {
      "63": 0.501953125,
      "0": 0.498046875
    }
  }
}