{
  "laps": {
    "01_setup": 0.000174,
    "02_cache_search": 0.000448,
    "03_transpile": 0.056018,
    "07_cache_write": 0.021239,
    "04_submit": 0.001451,
    "05_run": 0.003476,
    "06_collect": 0.000148,
    "total": 0.082954
  },
  "meta": {
    "backend": "fake_jakarta",
    "n_qubits": 6,
    "depth_in": 10,
    "depth_transpiled": 20,
    "size_transpiled": 30,
    "quasi_dist": {
      "63": 0.494140625,
      "0": 0.505859375
    }
  }
}