{
  "laps": {
    "01_setup": 7.9e-05,
    "02_cache_search": 0.000448,
    "03_transpile": 0.072068,
    "07_cache_write": 0.094549,
    "04_submit": 0.002394,
    "05_run": 0.004762,
    "06_collect": 0.000345,
    "total": 0.174645
  },
  "meta": {
    "backend": "fake_jakarta",
    "n_qubits": 6,
    "depth_in": 36,
    "depth_transpiled": 89,
    "size_transpiled": 233,
    "quasi_dist": {
      "35": 0.00390625,
      "61": 0.0048828125,
      "12": 0.029296875,
      "40": 0.0126953125,
      "55": 0.0126953125,
      "0": 0.1591796875,
      "38": 0.0068359375,
      "58": 0.0126953125,
      "15": 0.0751953125,
      "59": 0.001953125,
      "37": 0.001953125,
      "14": 0.033203125,
      "36": 0.005859375,
      "13": 0.0068359375,
      "60": 0.0341796875,
      "30": 0.03125,
      "24": 0.0234375,
      "7": 0.0185546875,
      "48": 0.033203125,
      "26": 0.0126953125,
      "31": 0.0361328125,
      "4": 0.021484375,
      "51": 0.00390625,
      "32": 0.0146484375,
      "28": 0.0625,
      "20": 0.0087890625,
      "52": 0.001953125,
      "44": 0.001953125,
      "3": 0.025390625,
      "11": 0.00390625,
      "62": 0.0126953125,
      "8": 0.015625,
      "49": 0.00390625,
      "47": 0.01171875,
      "6": 0.0390625,
      "57": 0.013671875,
      "16": 0.0205078125,
      "56": 0.05859375,
      "29": 0.0048828125,
      "54": 0.0029296875,
      "1": 0.033203125,
      "25": 0.00390625,
      "9": 0.001953125,
      "21": 0.0029296875,
      "43": 0.001953125,
      "2": 0.0205078125,
      "5": 0.005859375,
      "19": 0.017578125,
      "63": 0.0009765625,
      "33": 0.0087890625,
      "10": 0.0107421875,
      "41": 0.0009765625,
      "27": 0.001953125,
      "39": 0.00390625
    }
  }
}