{
  "01_setup": 0.000381,
  "02_cache_search": 0.000898,
  "03_transpile": 0.065999,
  "07_cache_write": 0.001805,
  "04_submit": 0.006365,
  "05_run": 0.014385,
  "06_collect": 0.000859,
  "total": 0.090692
}