{
  "laps": {
    "01_setup": 5.1e-05,
    "02_cache_search": 0.00041,
    "04_submit": 0.002154,
    "05_run": 0.003489,
    "06_collect": 0.000326,
    "total": 0.00643
  },
  "meta": {
    "backend": "fake_jakarta",
    "n_qubits": 6,
    "depth_in": 36,
    "depth_transpiled": 89,
    "size_transpiled": 233,
    "quasi_dist": {
      "29": 0.0068359375,
      "8": 0.0205078125,
      "55": 0.009765625,
      "0": 0.171875,
      "40": 0.013671875,
      "31": 0.0283203125,
      "28": 0.08203125,
      "61": 0.0048828125,
      "35": 0.00390625,
      "12": 0.0302734375,
      "38": 0.00390625,
      "58": 0.015625,
      "15": 0.05078125,
      "54": 0.0078125,
      "1": 0.037109375,
      "33": 0.0068359375,
      "63": 0.00390625,
      "10": 0.0146484375,
      "47": 0.015625,
      "49": 0.00390625,
      "6": 0.0234375,
      "44": 0.0029296875,
      "52": 0.00390625,
      "3": 0.0244140625,
      "56": 0.060546875,
      "7": 0.021484375,
      "48": 0.03125,
      "24": 0.025390625,
      "43": 0.0009765625,
      "2": 0.0068359375,
      "46": 0.001953125,
      "5": 0.013671875,
      "59": 0.0009765625,
      "37": 0.001953125,
      "14": 0.03515625,
      "20": 0.0029296875,
      "26": 0.0146484375,
      "30": 0.048828125,
      "36": 0.0029296875,
      "13": 0.00390625,
      "60": 0.0390625,
      "41": 0.0009765625,
      "32": 0.0126953125,
      "11": 0.0078125,
      "62": 0.009765625,
      "16": 0.01953125,
      "51": 0.0009765625,
      "4": 0.013671875,
      "19": 0.0107421875,
      "39": 0.0048828125,
      "9": 0.00390625,
      "57": 0.0107421875,
      "18": 0.0009765625,
      "25": 0.001953125,
      "22": 0.0009765625,
      "17": 0.0009765625
    }
  }
}