{
  "laps": {
    "01_setup": 7.1e-05,
    "03_transpile": 0.023462,
    "04_submit": 0.00078,
    "05_run": 0.002839,
    "06_collect": 4.7e-05,
    "total": 0.027199
  },
  "meta": {
    "backend": "fake_jakarta",
    "n_qubits": 5,
    "depth_in": 6,
    "depth_transpiled": 8,
    "size_transpiled": 12,
    "quasi_dist": {
      "0": 0.490234375,
      "31": 0.509765625
    }
  }
}