{
  "laps": {
    "01_setup": 6.7e-05,
    "02_cache_search": 0.000165,
    "03_transpile": 0.036823,
    "07_cache_write": 0.005975,
    "04_submit": 0.001025,
    "05_run": 0.002344,
    "06_collect": 0.00013,
    "total": 0.046529
  },
  "meta": {
    "backend": "fake_jakarta",
    "n_qubits": 6,
    "depth_in": 12,
    "depth_transpiled": 26,
    "size_transpiled": 83,
    "quasi_dist": {
      "40": 0.015625,
      "32": 0.06640625,
      "0": 0.369140625,
      "19": 0.0048828125,
      "9": 0.013671875,
      "16": 0.08203125,
      "42": 0.0029296875,
      "54": 0.0009765625,
      "1": 0.060546875,
      "4": 0.0654296875,
      "2": 0.0634765625,
      "24": 0.0087890625,
      "8": 0.0595703125,
      "50": 0.0029296875,
      "5": 0.013671875,
      "20": 0.0087890625,
      "33": 0.01953125,
      "10": 0.0146484375,
      "18": 0.0107421875,
      "6": 0.0126953125,
      "28": 0.001953125,
      "13": 0.0048828125,
      "36": 0.009765625,
      "3": 0.0166015625,
      "44": 0.00390625,
      "7": 0.0009765625,
      "48": 0.0068359375,
      "26": 0.001953125,
      "11": 0.0009765625,
      "34": 0.009765625,
      "37": 0.0009765625,
      "14": 0.0048828125,
      "17": 0.0087890625,
      "58": 0.0009765625,
      "38": 0.0029296875,
      "35": 0.0029296875,
      "12": 0.013671875,
      "25": 0.001953125,
      "56": 0.0009765625,
      "21": 0.001953125,
      "29": 0.0009765625,
      "41": 0.00390625,
      "27": 0.0009765625
    }
  }
}