{
  "laps": {
    "01_setup": 5.8e-05,
    "02_cache_search": 8.5e-05,
    "04_submit": 0.000516,
    "05_run": 0.001447,
    "06_collect": 5.7e-05,
    "total": 0.002163
  },
  "meta": {
    "backend": "fake_jakarta",
    "n_qubits": 3,
    "depth_in": 5,
    "depth_transpiled": 11,
    "size_transpiled": 28,
    "quasi_dist": {
      "1": 0.12109375,
      "0": 0.130859375,
      "7": 0.119140625,
      "4": 0.1337890625,
      "2": 0.1298828125,
      "3": 0.111328125,
      "6": 0.1259765625,
      "5": 0.1279296875
    }
  }
}