{
  "laps": {
    "01_setup": 7.4e-05,
    "02_cache_search": 0.000268,
    "04_submit": 0.00131,
    "05_run": 0.003086,
    "06_collect": 0.000212,
    "total": 0.00495
  },
  "meta": {
    "backend": "fake_jakarta",
    "n_qubits": 6,
    "depth_in": 20,
    "depth_transpiled": 47,
    "size_transpiled": 133,
    "quasi_dist": {
      "58": 0.0029296875,
      "38": 0.01171875,
      "15": 0.0146484375,
      "47": 0.005859375,
      "6": 0.01953125,
      "49": 0.0107421875,
      "30": 0.0263671875,
      "8": 0.048828125,
      "55": 0.0009765625,
      "0": 0.1787109375,
      "48": 0.001953125,
      "7": 0.033203125,
      "24": 0.0419921875,
      "16": 0.07421875,
      "10": 0.0009765625,
      "63": 0.0361328125,
      "33": 0.0068359375,
      "45": 0.0009765625,
      "51": 0.0029296875,
      "4": 0.041015625,
      "5": 0.00390625,
      "46": 0.0078125,
      "50": 0.009765625,
      "61": 0.001953125,
      "12": 0.0205078125,
      "35": 0.0166015625,
      "14": 0.013671875,
      "37": 0.0029296875,
      "19": 0.013671875,
      "32": 0.048828125,
      "54": 0.00390625,
      "42": 0.001953125,
      "1": 0.0517578125,
      "44": 0.0107421875,
      "3": 0.03515625,
      "34": 0.001953125,
      "62": 0.0068359375,
      "22": 0.0068359375,
      "27": 0.0185546875,
      "41": 0.0087890625,
      "28": 0.0205078125,
      "36": 0.0009765625,
      "60": 0.015625,
      "13": 0.00390625,
      "9": 0.005859375,
      "56": 0.013671875,
      "43": 0.001953125,
      "2": 0.0185546875,
      "53": 0.0009765625,
      "40": 0.0029296875,
      "39": 0.0048828125,
      "23": 0.0107421875,
      "17": 0.0078125,
      "20": 0.0087890625,
      "57": 0.0048828125,
      "18": 0.005859375,
      "29": 0.0078125,
      "25": 0.0126953125,
      "21": 0.0009765625,
      "31": 0.0029296875,
      "26": 0.0009765625
    }
  }
}