{
  "laps": {
    "01_setup": 5.4e-05,
    "02_cache_search": 8.6e-05,
    "04_submit": 0.000462,
    "05_run": 0.001337,
    "06_collect": 4.7e-05,
    "total": 0.001986
  },
  "meta": {
    "backend": "fake_jakarta",
    "n_qubits": 3,
    "depth_in": 5,
    "depth_transpiled": 11,
    "size_transpiled": 28,
    "quasi_dist": {
      "5": 0.1318359375,
      "6": 0.1337890625,
      "3": 0.12890625,
      "0": 0.1259765625,
      "2": 0.1220703125,
      "1": 0.1123046875,
      "4": 0.1162109375,
      "7": 0.12890625
    }
  }
}