{
  "laps": {
    "01_setup": 9.6e-05,
    "03_transpile": 0.032548,
    "04_submit": 0.000691,
    "05_run": 0.001833,
    "06_collect": 5.9e-05,
    "total": 0.035227
  },
  "meta": {
    "backend": "fake_jakarta",
    "n_qubits": 6,
    "depth_in": 7,
    "depth_transpiled": 17,
    "size_transpiled": 27,
    "quasi_dist": {
      "0": 0.4931640625,
      "63": 0.5068359375
    }
  }
}