{
  "01_setup": 0.000319,
  "03_transpile": 0.148304,
  "04_submit": 0.003464,
  "05_run": 0.007948,
  "06_collect": 0.000267,
  "total": 0.160302
}