{
  "laps": {
    "01_setup": 5.9e-05,
    "02_cache_search": 0.000119,
    "04_submit": 0.00062,
    "05_run": 0.001872,
    "06_collect": 0.000121,
    "total": 0.002791
  },
  "meta": {
    "backend": "fake_jakarta",
    "n_qubits": 7,
    "depth_in": 15,
    "depth_transpiled": 28,
    "size_transpiled": 39,
    "quasi_dist": {
      "0": 0.521484375,
      "127": 0.478515625
    }
  }
}