{
  "laps": {
    "01_setup": 8.1e-05,
    "02_cache_search": 0.000372,
    "03_transpile": 0.040082,
    "07_cache_write": 0.161541,
    "04_submit": 0.001331,
    "05_run": 0.002237,
    "06_collect": 0.000236,
    "total": 0.20588
  },
  "meta": {
    "backend": "fake_jakarta",
    "n_qubits": 6,
    "depth_in": 38,
    "depth_transpiled": 49,
    "size_transpiled": 59,
    "quasi_dist": {
      "0": 0.498046875,
      "63": 0.501953125
    }
  }
}