{
  "laps": {
    "01_setup": 5.5e-05,
    "02_cache_search": 0.000225,
    "04_submit": 0.000951,
    "05_run": 0.001821,
    "06_collect": 0.000194,
    "total": 0.003246
  },
  "meta": {
    "backend": "fake_jakarta",
    "n_qubits": 5,
    "depth_in": 37,
    "depth_transpiled": 39,
    "size_transpiled": 43,
    "quasi_dist": {
      "31": 0.525390625,
      "0": 0.474609375
    }
  }
}