{
  "laps": {
    "01_setup": 5.3e-05,
    "02_cache_search": 0.000219,
    "04_submit": 0.000932,
    "05_run": 0.0018,
    "06_collect": 0.000193,
    "total": 0.003197
  },
  "meta": {
    "backend": "fake_jakarta",
    "n_qubits": 5,
    "depth_in": 37,
    "depth_transpiled": 39,
    "size_transpiled": 43,
    "quasi_dist": {
      "0": 0.5048828125,
      "31": 0.4951171875
    }
  }
}