{
  "01_setup": 0.000613,
  "03_transpile": 0.329343,
  "04_submit": 0.00658,
  "05_run": 0.014568,
  "06_collect": 0.0008,
  "total": 0.351904
}