{
  "01_setup": 0.000407,
  "02_cache_search": 0.000786,
  "03_transpile": 0.063081,
  "07_cache_write": 0.00126,
  "04_submit": 0.005962,
  "05_run": 0.013392,
  "06_collect": 0.000673,
  "total": 0.085561
}