{
  "01_setup": 0.000461,
  "02_cache_search": 0.015767,
  "03_transpile": 1.007094,
  "07_cache_write": 0.075698,
  "04_submit": 0.24536,
  "05_run": 0.19066,
  "06_collect": 0.023028,
  "total": 1.558068
}