{
  "01_setup": 0.000303,
  "02_cache_search": 0.001307,
  "03_transpile": 0.032084,
  "07_cache_write": 0.152407,
  "04_submit": 0.005315,
  "05_run": 0.009674,
  "06_collect": 0.001002,
  "total": 0.202092
}