{
  "laps": {
    "01_setup": 5.9e-05,
    "03_transpile": 0.079183,
    "04_submit": 0.002701,
    "05_run": 0.004071,
    "06_collect": 0.000417,
    "total": 0.086431
  },
  "meta": {
    "backend": "fake_jakarta",
    "n_qubits": 5,
    "depth_in": 67,
    "depth_transpiled": 88,
    "size_transpiled": 318,
    "quasi_dist": {
      "24": 0.0390625,
      "0": 0.435546875,
      "6": 0.0341796875,
      "15": 0.015625,
      "28": 0.083984375,
      "22": 0.0087890625,
      "31": 0.0146484375,
      "12": 0.0546875,
      "14": 0.0869140625,
      "13": 0.029296875,
      "2": 0.0107421875,
      "3": 0.0244140625,
      "7": 0.0302734375,
      "8": 0.0048828125,
      "17": 0.001953125,
      "4": 0.0009765625,
      "27": 0.0009765625,
      "1": 0.0400390625,
      "25": 0.0146484375,
      "18": 0.0068359375,
      "26": 0.01171875,
      "19": 0.0126953125,
      "20": 0.00390625,
      "21": 0.001953125,
      "29": 0.0107421875,
      "23": 0.005859375,
      "5": 0.00390625,
      "30": 0.00390625,
      "16": 0.005859375,
      "10": 0.0009765625
    }
  }
}