size,method,e2e_latency,final_cache_size
150,FullComp,8.236823101295158,0
150,Braket,5.618886600248516,40
150,CCache,4.2165043996647,70
150,TransCache,3.796857402427122,59
