{
  "01_bootstrap": 1.03803,
  "02a_tls_auth": 2.015621,
  "02b_backend_query": 0.28161,
  "03_transpile": 1.510703,
  "04_upload_to_cloud": 0.207658,
  "05_to_09_queue": 1.193939,
  "server_run": 2.883609,
  "downlink_return": -0.720644
}