{
  "01_bootstrap": 1.023395,
  "02a_tls_auth": 2.000865,
  "02b_backend_query": 0.240835,
  "03_transpile": 1.267817,
  "04_upload_to_cloud": 0.374219,
  "05_to_09_queue": 1.082044,
  "server_run": 4.161262,
  "downlink_return": -0.837233
}