{
  "02a_tls_auth": 1.901761,
  "02b_backend_query": 0.338429,
  "03_transpile": 0.450229,
  "04_upload_to_cloud": 0.214477,
  "05_to_09_queue": 496.470502,
  "server_run": 2.419573,
  "downlink_return": -0.807078
}