seq,ts_call,ts_event,circ,q,d,n_qubits,depth,key,compile_sec
1,1755722822.0319517,1755722822.3713403,LinearEnt,9,4,9,23,AerSV:86accc314da76e73a6846dce084cd1b3,0.338139
2,1755722822.579203,1755722822.6350763,QAOA-3reg,9,4,9,57,AerSV:b7e0f3c6130a80d818e7fdd3c8a091a2,0.051083
3,1755722822.9460654,1755722823.0017316,QSIM-XXZ,9,4,9,193,AerSV:e1bd165963254efc936845cac8230ba0,0.048301
