size,method,e2e_latency,final_cache_size
500,FS+Pre+ttl,12.755019003991038,60
500,FS+Pre,6.193569801282138,103
500,FS,6.514428099151701,103
500,PR,20.395153001416475,61
