{
  "02a_tls_auth": 2.194805,
  "02b_backend_query": 0.329807,
  "03_transpile": 0.599034,
  "04_upload_to_cloud": 0.20788,
  "05_to_09_queue": 0.447171,
  "server_run": 3.301541,
  "downlink_return": -0.884465
}