{
  "laps": {
    "01_setup": 6.5e-05,
    "03_transpile": 0.020361,
    "04_submit": 0.001183,
    "05_run": 0.001507,
    "06_collect": 8.5e-05,
    "total": 0.023201
  },
  "meta": {
    "backend": "AerSV",
    "n_qubits": 3,
    "depth_in": 19,
    "depth_transpiled": 19,
    "size_transpiled": 21,
    "quasi_dist": {
      "0": 0.5029296875,
      "7": 0.4970703125
    }
  }
}