{
  "laps": {
    "01_setup": 7.6e-05,
    "02_cache_search": 0.000424,
    "03_transpile": 0.037949,
    "07_cache_write": 0.001189,
    "04_submit": 0.001255,
    "05_run": 0.002066,
    "06_collect": 0.000199,
    "total": 0.043158
  },
  "meta": {
    "backend": "AerSV",
    "n_qubits": 3,
    "depth_in": 65,
    "depth_transpiled": 50,
    "size_transpiled": 86,
    "quasi_dist": {
      "0": 0.7939453125,
      "3": 0.0439453125,
      "1": 0.0556640625,
      "2": 0.025390625,
      "6": 0.06640625,
      "7": 0.009765625,
      "5": 0.0029296875,
      "4": 0.001953125
    }
  }
}