{
  "laps": {
    "01_setup": 9.2e-05,
    "03_transpile": 0.052957,
    "04_submit": 0.002013,
    "05_run": 0.002906,
    "06_collect": 0.000384,
    "total": 0.058352
  },
  "meta": {
    "backend": "AerSV",
    "n_qubits": 3,
    "depth_in": 162,
    "depth_transpiled": 162,
    "size_transpiled": 198,
    "quasi_dist": {
      "7": 0.45703125,
      "0": 0.44921875,
      "4": 0.015625,
      "6": 0.009765625,
      "2": 0.025390625,
      "3": 0.021484375,
      "1": 0.0087890625,
      "5": 0.0126953125
    }
  }
}