{
  "01_setup": 0.000421,
  "03_transpile": 0.883823,
  "04_submit": 0.032215,
  "05_run": 0.077786,
  "06_collect": 0.008587,
  "total": 1.002832
}