{
  "laps": {
    "01_setup": 6.5e-05,
    "02_cache_search": 4.5e-05,
    "04_submit": 0.00034,
    "05_run": 0.001656,
    "06_collect": 3.5e-05,
    "total": 0.002141
  },
  "meta": {
    "backend": "AerSV",
    "n_qubits": 3,
    "depth_in": 5,
    "depth_transpiled": 5,
    "size_transpiled": 11,
    "quasi_dist": {
      "1": 0.15234375,
      "7": 0.115234375,
      "2": 0.12890625,
      "4": 0.1142578125,
      "3": 0.12109375,
      "6": 0.109375,
      "5": 0.1181640625,
      "0": 0.140625
    }
  }
}