{
  "01_setup": 0.000361,
  "03_transpile": 0.185838,
  "04_submit": 0.005575,
  "05_run": 0.011214,
  "06_collect": 0.001108,
  "total": 0.204096
}