{
  "laps": {
    "01_setup": 7.2e-05,
    "02_cache_search": 0.000101,
    "03_transpile": 0.018928,
    "07_cache_write": 0.00055,
    "04_submit": 0.000661,
    "05_run": 0.001519,
    "06_collect": 4.2e-05,
    "total": 0.021873
  },
  "meta": {
    "backend": "AerSV",
    "n_qubits": 3,
    "depth_in": 7,
    "depth_transpiled": 7,
    "size_transpiled": 9,
    "quasi_dist": {
      "7": 0.515625,
      "0": 0.484375
    }
  }
}