{
  "laps": {
    "01_setup": 9.8e-05,
    "02_cache_search": 0.000374,
    "04_submit": 0.001851,
    "05_run": 0.00866,
    "06_collect": 0.000469,
    "total": 0.011452
  },
  "meta": {
    "backend": "AerSV",
    "n_qubits": 19,
    "depth_in": 35,
    "depth_transpiled": 35,
    "size_transpiled": 53,
    "quasi_dist": {
      "524287": 0.4970703125,
      "0": 0.5029296875
    }
  }
}