{
  "laps": {
    "01_setup": 6.9e-05,
    "02_cache_search": 8.7e-05,
    "04_submit": 0.00053,
    "05_run": 0.002549,
    "06_collect": 9.5e-05,
    "total": 0.00333
  },
  "meta": {
    "backend": "AerSV",
    "n_qubits": 11,
    "depth_in": 15,
    "depth_transpiled": 15,
    "size_transpiled": 25,
    "quasi_dist": {
      "0": 0.5224609375,
      "2047": 0.4775390625
    }
  }
}