{
  "laps": {
    "01_setup": 7.3e-05,
    "03_transpile": 0.019229,
    "04_submit": 0.000597,
    "05_run": 0.001362,
    "06_collect": 4e-05,
    "total": 0.021301
  },
  "meta": {
    "backend": "AerSV",
    "n_qubits": 3,
    "depth_in": 7,
    "depth_transpiled": 7,
    "size_transpiled": 9,
    "quasi_dist": {
      "7": 0.4921875,
      "0": 0.5078125
    }
  }
}