{
  "01_setup": 0.000392,
  "02_cache_search": 0.001778,
  "04_submit": 0.004949,
  "05_run": 0.02419,
  "06_collect": 0.00139,
  "total": 0.032699
}