{
  "laps": {
    "01_setup": 9.8e-05,
    "02_cache_search": 0.000311,
    "04_submit": 0.001973,
    "05_run": 0.010865,
    "06_collect": 0.000565,
    "total": 0.013812
  },
  "meta": {
    "backend": "AerSV",
    "n_qubits": 19,
    "depth_in": 35,
    "depth_transpiled": 35,
    "size_transpiled": 53,
    "quasi_dist": {
      "0": 0.4794921875,
      "524287": 0.5205078125
    }
  }
}