{
  "laps": {
    "01_setup": 8.2e-05,
    "02_cache_search": 0.00077,
    "04_submit": 0.001643,
    "05_run": 0.003039,
    "06_collect": 0.000367,
    "total": 0.005901
  },
  "meta": {
    "backend": "AerSV",
    "n_qubits": 3,
    "depth_in": 162,
    "depth_transpiled": 162,
    "size_transpiled": 198,
    "quasi_dist": {
      "0": 0.4677734375,
      "6": 0.009765625,
      "7": 0.4677734375,
      "2": 0.0146484375,
      "5": 0.0107421875,
      "4": 0.0107421875,
      "1": 0.013671875,
      "3": 0.0048828125
    }
  }
}