{
  "01_setup": 0.000341,
  "02_cache_search": 0.004393,
  "04_submit": 0.011016,
  "05_run": 0.033588,
  "06_collect": 0.002434,
  "total": 0.051772
}