{
  "laps": {
    "01_setup": 0.000111,
    "03_transpile": 0.033422,
    "04_submit": 0.001571,
    "05_run": 0.010525,
    "06_collect": 0.000421,
    "total": 0.04605
  },
  "meta": {
    "backend": "AerSV",
    "n_qubits": 19,
    "depth_in": 35,
    "depth_transpiled": 35,
    "size_transpiled": 53,
    "quasi_dist": {
      "524287": 0.5244140625,
      "0": 0.4755859375
    }
  }
}