{
  "laps": {
    "01_setup": 0.000105,
    "02_cache_search": 0.000159,
    "04_submit": 0.000867,
    "05_run": 0.009013,
    "06_collect": 0.000184,
    "total": 0.010328
  },
  "meta": {
    "backend": "AerSV",
    "n_qubits": 19,
    "depth_in": 20,
    "depth_transpiled": 20,
    "size_transpiled": 38,
    "quasi_dist": {
      "0": 0.4853515625,
      "524287": 0.5146484375
    }
  }
}