{
  "laps": {
    "01_setup": 6.2e-05,
    "02_cache_search": 0.000113,
    "04_submit": 0.000455,
    "05_run": 0.001346,
    "06_collect": 6.3e-05,
    "total": 0.002039
  },
  "meta": {
    "backend": "AerSV",
    "n_qubits": 3,
    "depth_in": 17,
    "depth_transpiled": 14,
    "size_transpiled": 26,
    "quasi_dist": {
      "0": 0.47265625,
      "4": 0.0595703125,
      "6": 0.103515625,
      "3": 0.16796875,
      "1": 0.0986328125,
      "5": 0.0419921875,
      "2": 0.0380859375,
      "7": 0.017578125
    }
  }
}