{
  "01_setup": 0.000604,
  "02_cache_search": 0.046062,
  "03_transpile": 0.357659,
  "07_cache_write": 0.011399,
  "04_submit": 0.079733,
  "05_run": 0.557591,
  "06_collect": 0.027147,
  "total": 1.080195
}