{
  "01_setup": 0.000523,
  "02_cache_search": 0.01183,
  "04_submit": 0.022976,
  "05_run": 0.170276,
  "06_collect": 0.008214,
  "total": 0.213819
}