{
  "laps": {
    "01_setup": 6.3e-05,
    "02_cache_search": 8.2e-05,
    "04_submit": 0.000384,
    "05_run": 0.001249,
    "06_collect": 3.8e-05,
    "total": 0.001816
  },
  "meta": {
    "backend": "AerSV",
    "n_qubits": 3,
    "depth_in": 7,
    "depth_transpiled": 7,
    "size_transpiled": 9,
    "quasi_dist": {
      "7": 0.505859375,
      "0": 0.494140625
    }
  }
}