{
  "laps": {
    "01_setup": 0.000109,
    "02_cache_search": 0.000178,
    "04_submit": 0.001176,
    "05_run": 0.009907,
    "06_collect": 0.000178,
    "total": 0.011548
  },
  "meta": {
    "backend": "AerSV",
    "n_qubits": 19,
    "depth_in": 20,
    "depth_transpiled": 20,
    "size_transpiled": 38,
    "quasi_dist": {
      "0": 0.5185546875,
      "524287": 0.4814453125
    }
  }
}