{
  "laps": {
    "01_setup": 6.1e-05,
    "02_cache_search": 4.4e-05,
    "04_submit": 0.000362,
    "05_run": 0.001262,
    "06_collect": 3.4e-05,
    "total": 0.001763
  },
  "meta": {
    "backend": "AerSV",
    "n_qubits": 3,
    "depth_in": 5,
    "depth_transpiled": 5,
    "size_transpiled": 11,
    "quasi_dist": {
      "3": 0.1240234375,
      "5": 0.1162109375,
      "7": 0.1279296875,
      "1": 0.1298828125,
      "0": 0.1318359375,
      "6": 0.140625,
      "2": 0.111328125,
      "4": 0.1181640625
    }
  }
}