{
  "laps": {
    "01_setup": 7.7e-05,
    "02_cache_search": 0.000166,
    "04_submit": 0.000615,
    "05_run": 0.001568,
    "06_collect": 6.8e-05,
    "total": 0.002494
  },
  "meta": {
    "backend": "AerSV",
    "n_qubits": 3,
    "depth_in": 17,
    "depth_transpiled": 14,
    "size_transpiled": 26,
    "quasi_dist": {
      "0": 0.427734375,
      "3": 0.18359375,
      "1": 0.078125,
      "5": 0.0390625,
      "6": 0.1083984375,
      "2": 0.0595703125,
      "4": 0.0791015625,
      "7": 0.0244140625
    }
  }
}