{
  "01_setup": 0.000385,
  "03_transpile": 0.133426,
  "04_submit": 0.0057,
  "05_run": 0.013402,
  "06_collect": 0.001023,
  "total": 0.153936
}