{
  "laps": {
    "01_setup": 6.9e-05,
    "03_transpile": 0.025917,
    "04_submit": 0.000993,
    "05_run": 0.002544,
    "06_collect": 0.000205,
    "total": 0.029728
  },
  "meta": {
    "backend": "AerSV",
    "n_qubits": 11,
    "depth_in": 27,
    "depth_transpiled": 27,
    "size_transpiled": 37,
    "quasi_dist": {
      "2047": 0.4892578125,
      "0": 0.5107421875
    }
  }
}