{
  "laps": {
    "01_setup": 0.000108,
    "02_cache_search": 0.000271,
    "04_submit": 0.001187,
    "05_run": 0.009767,
    "06_collect": 0.000255,
    "total": 0.011588
  },
  "meta": {
    "backend": "AerSV",
    "n_qubits": 19,
    "depth_in": 23,
    "depth_transpiled": 23,
    "size_transpiled": 41,
    "quasi_dist": {
      "0": 0.4931640625,
      "524287": 0.5068359375
    }
  }
}