{
  "laps": {
    "01_setup": 5.7e-05,
    "02_cache_search": 0.000159,
    "04_submit": 0.000705,
    "05_run": 0.001443,
    "06_collect": 8.4e-05,
    "total": 0.002448
  },
  "meta": {
    "backend": "AerSV",
    "n_qubits": 3,
    "depth_in": 19,
    "depth_transpiled": 19,
    "size_transpiled": 21,
    "quasi_dist": {
      "7": 0.53515625,
      "0": 0.46484375
    }
  }
}