{
  "laps": {
    "01_setup": 7.4e-05,
    "02_cache_search": 6.9e-05,
    "04_submit": 0.00044,
    "05_run": 0.002222,
    "06_collect": 6.3e-05,
    "total": 0.002868
  },
  "meta": {
    "backend": "AerSV",
    "n_qubits": 11,
    "depth_in": 12,
    "depth_transpiled": 12,
    "size_transpiled": 22,
    "quasi_dist": {
      "0": 0.501953125,
      "2047": 0.498046875
    }
  }
}