{
  "laps": {
    "01_setup": 0.000108,
    "03_transpile": 0.026514,
    "04_submit": 0.000825,
    "05_run": 0.001688,
    "06_collect": 0.000111,
    "total": 0.029246
  },
  "meta": {
    "backend": "AerSV",
    "n_qubits": 3,
    "depth_in": 42,
    "depth_transpiled": 42,
    "size_transpiled": 54,
    "quasi_dist": {
      "5": 0.0927734375,
      "4": 0.0947265625,
      "0": 0.2275390625,
      "2": 0.087890625,
      "7": 0.2294921875,
      "1": 0.07421875,
      "6": 0.11328125,
      "3": 0.080078125
    }
  }
}