{
  "01_setup": 0.000453,
  "02_cache_search": 0.003611,
  "04_submit": 0.008943,
  "05_run": 0.01463,
  "06_collect": 0.001879,
  "total": 0.029516
}