{
  "laps": {
    "01_setup": 0.000107,
    "02_cache_search": 0.000805,
    "04_submit": 0.00188,
    "05_run": 0.002823,
    "06_collect": 0.000407,
    "total": 0.006022
  },
  "meta": {
    "backend": "AerSV",
    "n_qubits": 3,
    "depth_in": 162,
    "depth_transpiled": 162,
    "size_transpiled": 198,
    "quasi_dist": {
      "0": 0.4453125,
      "6": 0.01953125,
      "1": 0.013671875,
      "7": 0.4716796875,
      "2": 0.0126953125,
      "4": 0.017578125,
      "5": 0.0087890625,
      "3": 0.0107421875
    }
  }
}