{
  "laps": {
    "01_setup": 7.6e-05,
    "02_cache_search": 0.000423,
    "04_submit": 0.000988,
    "05_run": 0.001862,
    "06_collect": 0.000188,
    "total": 0.003537
  },
  "meta": {
    "backend": "AerSV",
    "n_qubits": 3,
    "depth_in": 65,
    "depth_transpiled": 50,
    "size_transpiled": 86,
    "quasi_dist": {
      "0": 0.7939453125,
      "3": 0.044921875,
      "1": 0.046875,
      "6": 0.072265625,
      "2": 0.0302734375,
      "5": 0.005859375,
      "4": 0.0009765625,
      "7": 0.0048828125
    }
  }
}