{
  "01_setup": 0.000383,
  "02_cache_search": 0.00084,
  "03_transpile": 0.022805,
  "07_cache_write": 0.000603,
  "04_submit": 0.003117,
  "05_run": 0.008769,
  "06_collect": 0.000347,
  "total": 0.036864
}