{
  "laps": {
    "01_setup": 6.7e-05,
    "03_transpile": 0.021451,
    "04_submit": 0.000566,
    "05_run": 0.001471,
    "06_collect": 6.5e-05,
    "total": 0.02362
  },
  "meta": {
    "backend": "AerSV",
    "n_qubits": 3,
    "depth_in": 17,
    "depth_transpiled": 14,
    "size_transpiled": 26,
    "quasi_dist": {
      "5": 0.0478515625,
      "0": 0.4375,
      "1": 0.083984375,
      "3": 0.158203125,
      "4": 0.0927734375,
      "6": 0.1083984375,
      "7": 0.015625,
      "2": 0.0556640625
    }
  }
}