{
  "laps": {
    "01_setup": 6.1e-05,
    "02_cache_search": 8.6e-05,
    "04_submit": 0.000563,
    "05_run": 0.001364,
    "06_collect": 2.7e-05,
    "total": 0.002101
  },
  "meta": {
    "backend": "AerSV",
    "n_qubits": 3,
    "depth_in": 4,
    "depth_transpiled": 4,
    "size_transpiled": 6,
    "quasi_dist": {
      "7": 0.501953125,
      "0": 0.498046875
    }
  }
}