{
  "01_setup": 0.000526,
  "02_cache_search": 0.001793,
  "04_submit": 0.009824,
  "05_run": 0.048233,
  "06_collect": 0.002605,
  "total": 0.062981
}