{
  "01_setup": 0.000334,
  "02_cache_search": 0.002015,
  "03_transpile": 0.037949,
  "07_cache_write": 0.001189,
  "04_submit": 0.005761,
  "05_run": 0.009276,
  "06_collect": 0.000936,
  "total": 0.05746
}