{
  "01_setup": 0.000569,
  "02_cache_search": 0.020406,
  "03_transpile": 0.177554,
  "07_cache_write": 0.010543,
  "04_submit": 0.032439,
  "05_run": 0.27312,
  "06_collect": 0.011077,
  "total": 0.525708
}