{
  "laps": {
    "01_setup": 9.2e-05,
    "02_cache_search": 0.000361,
    "04_submit": 0.001738,
    "05_run": 0.009837,
    "06_collect": 0.000462,
    "total": 0.01249
  },
  "meta": {
    "backend": "AerSV",
    "n_qubits": 19,
    "depth_in": 35,
    "depth_transpiled": 35,
    "size_transpiled": 53,
    "quasi_dist": {
      "524287": 0.5205078125,
      "0": 0.4794921875
    }
  }
}