{
  "laps": {
    "01_setup": 0.00011,
    "02_cache_search": 0.000702,
    "04_submit": 0.001676,
    "05_run": 0.003144,
    "06_collect": 0.00037,
    "total": 0.006002
  },
  "meta": {
    "backend": "AerSV",
    "n_qubits": 3,
    "depth_in": 162,
    "depth_transpiled": 162,
    "size_transpiled": 198,
    "quasi_dist": {
      "0": 0.4599609375,
      "7": 0.4365234375,
      "6": 0.0263671875,
      "3": 0.0166015625,
      "5": 0.0126953125,
      "4": 0.015625,
      "1": 0.0146484375,
      "2": 0.017578125
    }
  }
}