{
  "laps": {
    "01_setup": 9.6e-05,
    "03_transpile": 0.028173,
    "04_submit": 0.000949,
    "05_run": 0.008836,
    "06_collect": 0.000199,
    "total": 0.038253
  },
  "meta": {
    "backend": "AerSV",
    "n_qubits": 19,
    "depth_in": 23,
    "depth_transpiled": 23,
    "size_transpiled": 41,
    "quasi_dist": {
      "524287": 0.51171875,
      "0": 0.48828125
    }
  }
}