{
  "laps": {
    "01_setup": 7e-05,
    "02_cache_search": 0.000205,
    "04_submit": 0.000788,
    "05_run": 0.001575,
    "06_collect": 0.000111,
    "total": 0.002749
  },
  "meta": {
    "backend": "AerSV",
    "n_qubits": 3,
    "depth_in": 42,
    "depth_transpiled": 42,
    "size_transpiled": 54,
    "quasi_dist": {
      "6": 0.0869140625,
      "2": 0.107421875,
      "0": 0.2158203125,
      "3": 0.0888671875,
      "7": 0.2353515625,
      "1": 0.091796875,
      "4": 0.0703125,
      "5": 0.103515625
    }
  }
}