{
  "laps": {
    "01_setup": 7.1e-05,
    "03_transpile": 0.035359,
    "04_submit": 0.001326,
    "05_run": 0.002101,
    "06_collect": 0.000197,
    "total": 0.039054
  },
  "meta": {
    "backend": "AerSV",
    "n_qubits": 3,
    "depth_in": 65,
    "depth_transpiled": 50,
    "size_transpiled": 86,
    "quasi_dist": {
      "0": 0.802734375,
      "6": 0.0732421875,
      "1": 0.056640625,
      "3": 0.03515625,
      "2": 0.025390625,
      "7": 0.00390625,
      "5": 0.0009765625,
      "4": 0.001953125
    }
  }
}