{
  "laps": {
    "01_setup": 8.5e-05,
    "03_transpile": 0.049782,
    "04_submit": 0.001853,
    "05_run": 0.003147,
    "06_collect": 0.000353,
    "total": 0.05522
  },
  "meta": {
    "backend": "AerSV",
    "n_qubits": 3,
    "depth_in": 162,
    "depth_transpiled": 162,
    "size_transpiled": 198,
    "quasi_dist": {
      "7": 0.470703125,
      "0": 0.44140625,
      "3": 0.017578125,
      "4": 0.0205078125,
      "6": 0.017578125,
      "5": 0.0087890625,
      "1": 0.0107421875,
      "2": 0.0126953125
    }
  }
}