{
  "laps": {
    "01_setup": 5.7e-05,
    "02_cache_search": 0.000533,
    "04_submit": 0.000856,
    "05_run": 0.001978,
    "06_collect": 0.00018,
    "total": 0.003604
  },
  "meta": {
    "backend": "AerSV",
    "n_qubits": 3,
    "depth_in": 65,
    "depth_transpiled": 50,
    "size_transpiled": 86,
    "quasi_dist": {
      "0": 0.8037109375,
      "3": 0.0380859375,
      "6": 0.056640625,
      "1": 0.064453125,
      "2": 0.0244140625,
      "7": 0.009765625,
      "4": 0.001953125,
      "5": 0.0009765625
    }
  }
}