{
  "01_setup": 0.000319,
  "02_cache_search": 0.001154,
  "03_transpile": 0.025798,
  "07_cache_write": 0.001288,
  "04_submit": 0.003233,
  "05_run": 0.008268,
  "06_collect": 0.000552,
  "total": 0.040612
}