{
  "01_setup": 0.000366,
  "03_transpile": 0.132887,
  "04_submit": 0.004682,
  "05_run": 0.010606,
  "06_collect": 0.000555,
  "total": 0.149096
}