{
  "laps": {
    "01_setup": 9.7e-05,
    "02_cache_search": 0.000759,
    "03_transpile": 0.050285,
    "07_cache_write": 0.001373,
    "04_submit": 0.00215,
    "05_run": 0.002856,
    "06_collect": 0.000402,
    "total": 0.057922
  },
  "meta": {
    "backend": "AerSV",
    "n_qubits": 3,
    "depth_in": 162,
    "depth_transpiled": 162,
    "size_transpiled": 198,
    "quasi_dist": {
      "7": 0.4599609375,
      "0": 0.4609375,
      "4": 0.0185546875,
      "3": 0.0048828125,
      "5": 0.0126953125,
      "6": 0.015625,
      "1": 0.0166015625,
      "2": 0.0107421875
    }
  }
}