{
  "laps": {
    "01_setup": 6.8e-05,
    "02_cache_search": 0.000243,
    "04_submit": 0.000616,
    "05_run": 0.00162,
    "06_collect": 0.00011,
    "total": 0.002657
  },
  "meta": {
    "backend": "AerSV",
    "n_qubits": 3,
    "depth_in": 42,
    "depth_transpiled": 42,
    "size_transpiled": 54,
    "quasi_dist": {
      "3": 0.1005859375,
      "1": 0.0908203125,
      "5": 0.095703125,
      "0": 0.2255859375,
      "7": 0.20703125,
      "2": 0.1005859375,
      "4": 0.0849609375,
      "6": 0.0947265625
    }
  }
}