{
  "01_setup": 0.000326,
  "03_transpile": 0.19344,
  "04_submit": 0.005812,
  "05_run": 0.022595,
  "06_collect": 0.00113,
  "total": 0.223303
}