{
  "01_setup": 0.000578,
  "02_cache_search": 0.005257,
  "04_submit": 0.0117,
  "05_run": 0.112113,
  "06_collect": 0.003268,
  "total": 0.132916
}