{
  "laps": {
    "01_setup": 9.1e-05,
    "03_transpile": 0.043007,
    "04_submit": 0.001893,
    "05_run": 0.008147,
    "06_collect": 0.000455,
    "total": 0.053593
  },
  "meta": {
    "backend": "AerSV",
    "n_qubits": 19,
    "depth_in": 35,
    "depth_transpiled": 35,
    "size_transpiled": 53,
    "quasi_dist": {
      "0": 0.4990234375,
      "524287": 0.5009765625
    }
  }
}