{
  "01_setup": 0.0004,
  "02_cache_search": 0.000882,
  "03_transpile": 0.026694,
  "07_cache_write": 0.001555,
  "04_submit": 0.003553,
  "05_run": 0.02029,
  "06_collect": 0.000697,
  "total": 0.054071
}