{
  "01_setup": 0.000563,
  "03_transpile": 0.579337,
  "04_submit": 0.018794,
  "05_run": 0.158666,
  "06_collect": 0.007228,
  "total": 0.764588
}