{
  "01_setup": 0.000388,
  "03_transpile": 0.094984,
  "04_submit": 0.002906,
  "05_run": 0.007199,
  "06_collect": 0.000209,
  "total": 0.105686
}