{
  "laps": {
    "01_setup": 5.7e-05,
    "02_cache_search": 0.000115,
    "04_submit": 0.00049,
    "05_run": 0.002156,
    "06_collect": 9.1e-05,
    "total": 0.002909
  },
  "meta": {
    "backend": "AerSV",
    "n_qubits": 11,
    "depth_in": 15,
    "depth_transpiled": 15,
    "size_transpiled": 25,
    "quasi_dist": {
      "0": 0.5126953125,
      "2047": 0.4873046875
    }
  }
}