{
  "01_setup": 0.000579,
  "03_transpile": 0.443941,
  "04_submit": 0.012427,
  "05_run": 0.11834,
  "06_collect": 0.003456,
  "total": 0.578743
}