{
  "01_setup": 0.00031,
  "02_cache_search": 0.000677,
  "03_transpile": 0.021203,
  "07_cache_write": 0.000984,
  "04_submit": 0.003029,
  "05_run": 0.006801,
  "06_collect": 0.000435,
  "total": 0.033439
}