{
  "laps": {
    "01_setup": 7.3e-05,
    "03_transpile": 0.034124,
    "04_submit": 0.001156,
    "05_run": 0.008271,
    "06_collect": 0.000216,
    "total": 0.04384
  },
  "meta": {
    "backend": "AerSV",
    "n_qubits": 19,
    "depth_in": 23,
    "depth_transpiled": 23,
    "size_transpiled": 41,
    "quasi_dist": {
      "524287": 0.5048828125,
      "0": 0.4951171875
    }
  }
}