{
  "01_setup": 0.000589,
  "03_transpile": 0.310699,
  "04_submit": 0.009307,
  "05_run": 0.083986,
  "06_collect": 0.002508,
  "total": 0.407089
}