{
  "01_setup": 0.000369,
  "03_transpile": 0.118233,
  "04_submit": 0.003728,
  "05_run": 0.00805,
  "06_collect": 0.000357,
  "total": 0.130737
}