{
  "laps": {
    "01_setup": 0.00056,
    "02_cache_search": 0.000126,
    "04_submit": 0.000555,
    "05_run": 0.002259,
    "06_collect": 9.3e-05,
    "total": 0.003593
  },
  "meta": {
    "backend": "AerSV",
    "n_qubits": 11,
    "depth_in": 15,
    "depth_transpiled": 15,
    "size_transpiled": 25,
    "quasi_dist": {
      "2047": 0.4716796875,
      "0": 0.5283203125
    }
  }
}