{
  "laps": {
    "01_setup": 7.6e-05,
    "02_cache_search": 0.000112,
    "03_transpile": 0.021461,
    "07_cache_write": 0.001402,
    "04_submit": 0.000646,
    "05_run": 0.00239,
    "06_collect": 7e-05,
    "total": 0.026157
  },
  "meta": {
    "backend": "AerSV",
    "n_qubits": 11,
    "depth_in": 12,
    "depth_transpiled": 12,
    "size_transpiled": 22,
    "quasi_dist": {
      "2047": 0.498046875,
      "0": 0.501953125
    }
  }
}