{
  "laps": {
    "01_setup": 5.9e-05,
    "02_cache_search": 9.7e-05,
    "04_submit": 0.000503,
    "05_run": 0.001459,
    "06_collect": 0.000111,
    "total": 0.002229
  },
  "meta": {
    "backend": "AerSV",
    "n_qubits": 3,
    "depth_in": 19,
    "depth_transpiled": 19,
    "size_transpiled": 21,
    "quasi_dist": {
      "7": 0.4970703125,
      "0": 0.5029296875
    }
  }
}