{
  "laps": {
    "01_setup": 6.3e-05,
    "02_cache_search": 0.000227,
    "04_submit": 0.000632,
    "05_run": 0.001676,
    "06_collect": 0.000112,
    "total": 0.00271
  },
  "meta": {
    "backend": "AerSV",
    "n_qubits": 3,
    "depth_in": 42,
    "depth_transpiled": 42,
    "size_transpiled": 54,
    "quasi_dist": {
      "0": 0.228515625,
      "6": 0.1025390625,
      "5": 0.095703125,
      "4": 0.0849609375,
      "2": 0.1103515625,
      "3": 0.0771484375,
      "1": 0.0791015625,
      "7": 0.2216796875
    }
  }
}