{
  "laps": {
    "01_setup": 7.7e-05,
    "02_cache_search": 0.000694,
    "04_submit": 0.001649,
    "05_run": 0.003114,
    "06_collect": 0.000368,
    "total": 0.005902
  },
  "meta": {
    "backend": "AerSV",
    "n_qubits": 3,
    "depth_in": 162,
    "depth_transpiled": 162,
    "size_transpiled": 198,
    "quasi_dist": {
      "0": 0.439453125,
      "2": 0.01171875,
      "7": 0.4755859375,
      "5": 0.017578125,
      "1": 0.0107421875,
      "4": 0.015625,
      "3": 0.013671875,
      "6": 0.015625
    }
  }
}