{
  "laps": {
    "01_setup": 7.1e-05,
    "03_transpile": 0.016956,
    "04_submit": 0.000448,
    "05_run": 0.001274,
    "06_collect": 2.6e-05,
    "total": 0.018775
  },
  "meta": {
    "backend": "AerSV",
    "n_qubits": 3,
    "depth_in": 4,
    "depth_transpiled": 4,
    "size_transpiled": 6,
    "quasi_dist": {
      "7": 0.51171875,
      "0": 0.48828125
    }
  }
}