{
  "laps": {
    "01_setup": 6.1e-05,
    "02_cache_search": 0.00015,
    "04_submit": 0.000735,
    "05_run": 0.00287,
    "06_collect": 9e-05,
    "total": 0.003906
  },
  "meta": {
    "backend": "AerSV",
    "n_qubits": 11,
    "depth_in": 15,
    "depth_transpiled": 15,
    "size_transpiled": 25,
    "quasi_dist": {
      "2047": 0.4931640625,
      "0": 0.5068359375
    }
  }
}