{
  "laps": {
    "01_setup": 6.5e-05,
    "03_transpile": 0.019297,
    "04_submit": 0.000745,
    "05_run": 0.002019,
    "06_collect": 3.9e-05,
    "total": 0.022165
  },
  "meta": {
    "backend": "AerSV",
    "n_qubits": 3,
    "depth_in": 5,
    "depth_transpiled": 5,
    "size_transpiled": 11,
    "quasi_dist": {
      "7": 0.1015625,
      "3": 0.11328125,
      "1": 0.1318359375,
      "0": 0.1171875,
      "5": 0.13671875,
      "6": 0.134765625,
      "4": 0.13671875,
      "2": 0.1279296875
    }
  }
}