{
  "laps": {
    "01_setup": 5.6e-05,
    "02_cache_search": 8.4e-05,
    "04_submit": 0.000451,
    "05_run": 0.002174,
    "06_collect": 9.2e-05,
    "total": 0.002857
  },
  "meta": {
    "backend": "AerSV",
    "n_qubits": 11,
    "depth_in": 15,
    "depth_transpiled": 15,
    "size_transpiled": 25,
    "quasi_dist": {
      "0": 0.51953125,
      "2047": 0.48046875
    }
  }
}