{
  "01_setup": 0.000314,
  "02_cache_search": 0.00054,
  "04_submit": 0.002433,
  "05_run": 0.006932,
  "06_collect": 0.000235,
  "total": 0.010454
}