{
  "laps": {
    "01_setup": 7.2e-05,
    "02_cache_search": 6.8e-05,
    "04_submit": 0.000442,
    "05_run": 0.002195,
    "06_collect": 6.2e-05,
    "total": 0.002839
  },
  "meta": {
    "backend": "AerSV",
    "n_qubits": 11,
    "depth_in": 12,
    "depth_transpiled": 12,
    "size_transpiled": 22,
    "quasi_dist": {
      "2047": 0.494140625,
      "0": 0.505859375
    }
  }
}