{
  "laps": {
    "01_setup": 5.7e-05,
    "02_cache_search": 5.2e-05,
    "04_submit": 0.000356,
    "05_run": 0.001193,
    "06_collect": 2.6e-05,
    "total": 0.001684
  },
  "meta": {
    "backend": "AerSV",
    "n_qubits": 3,
    "depth_in": 4,
    "depth_transpiled": 4,
    "size_transpiled": 6,
    "quasi_dist": {
      "7": 0.4931640625,
      "0": 0.5068359375
    }
  }
}