{
  "laps": {
    "01_setup": 6.1e-05,
    "02_cache_search": 0.000395,
    "04_submit": 0.001424,
    "05_run": 0.001773,
    "06_collect": 0.000184,
    "total": 0.003837
  },
  "meta": {
    "backend": "AerSV",
    "n_qubits": 3,
    "depth_in": 65,
    "depth_transpiled": 50,
    "size_transpiled": 86,
    "quasi_dist": {
      "0": 0.78515625,
      "3": 0.048828125,
      "1": 0.0673828125,
      "6": 0.0556640625,
      "2": 0.03125,
      "7": 0.0048828125,
      "4": 0.001953125,
      "5": 0.0048828125
    }
  }
}