{
  "01_setup": 0.00038,
  "03_transpile": 0.111125,
  "04_submit": 0.003362,
  "05_run": 0.012493,
  "06_collect": 0.000454,
  "total": 0.127814
}