{
  "laps": {
    "01_setup": 6.5e-05,
    "02_cache_search": 0.000139,
    "03_transpile": 0.022674,
    "07_cache_write": 0.002344,
    "04_submit": 0.000805,
    "05_run": 0.003032,
    "06_collect": 9.5e-05,
    "total": 0.029154
  },
  "meta": {
    "backend": "AerSV",
    "n_qubits": 11,
    "depth_in": 15,
    "depth_transpiled": 15,
    "size_transpiled": 25,
    "quasi_dist": {
      "2047": 0.515625,
      "0": 0.484375
    }
  }
}