{
  "01_setup": 0.000397,
  "02_cache_search": 0.000573,
  "03_transpile": 0.021461,
  "07_cache_write": 0.001402,
  "04_submit": 0.00297,
  "05_run": 0.012003,
  "06_collect": 0.000513,
  "total": 0.039319
}