{
  "laps": {
    "01_setup": 7.2e-05,
    "03_transpile": 0.025998,
    "04_submit": 0.000946,
    "05_run": 0.002692,
    "06_collect": 0.000202,
    "total": 0.02991
  },
  "meta": {
    "backend": "AerSV",
    "n_qubits": 11,
    "depth_in": 27,
    "depth_transpiled": 27,
    "size_transpiled": 37,
    "quasi_dist": {
      "2047": 0.4921875,
      "0": 0.5078125
    }
  }
}