{
  "laps": {
    "01_setup": 6.7e-05,
    "02_cache_search": 0.000186,
    "04_submit": 0.000827,
    "05_run": 0.002548,
    "06_collect": 0.000193,
    "total": 0.003821
  },
  "meta": {
    "backend": "AerSV",
    "n_qubits": 11,
    "depth_in": 27,
    "depth_transpiled": 27,
    "size_transpiled": 37,
    "quasi_dist": {
      "0": 0.498046875,
      "2047": 0.501953125
    }
  }
}