{
  "laps": {
    "01_setup": 9.1e-05,
    "03_transpile": 0.044097,
    "04_submit": 0.002077,
    "05_run": 0.009317,
    "06_collect": 0.000464,
    "total": 0.056046
  },
  "meta": {
    "backend": "AerSV",
    "n_qubits": 19,
    "depth_in": 35,
    "depth_transpiled": 35,
    "size_transpiled": 53,
    "quasi_dist": {
      "524287": 0.521484375,
      "0": 0.478515625
    }
  }
}