{
  "laps": {
    "01_setup": 6.5e-05,
    "02_cache_search": 0.000197,
    "04_submit": 0.000582,
    "05_run": 0.001556,
    "06_collect": 0.000119,
    "total": 0.002519
  },
  "meta": {
    "backend": "AerSV",
    "n_qubits": 3,
    "depth_in": 42,
    "depth_transpiled": 42,
    "size_transpiled": 54,
    "quasi_dist": {
      "6": 0.0908203125,
      "5": 0.087890625,
      "0": 0.232421875,
      "7": 0.2255859375,
      "2": 0.0966796875,
      "4": 0.0859375,
      "1": 0.1005859375,
      "3": 0.080078125
    }
  }
}