{
  "01_setup": 0.0004,
  "03_transpile": 0.112218,
  "04_submit": 0.002845,
  "05_run": 0.008486,
  "06_collect": 0.000137,
  "total": 0.124086
}