{
  "laps": {
    "01_setup": 7.5e-05,
    "02_cache_search": 0.000113,
    "04_submit": 0.000508,
    "05_run": 0.002605,
    "06_collect": 0.000236,
    "total": 0.003537
  },
  "meta": {
    "backend": "AerSV",
    "n_qubits": 11,
    "depth_in": 12,
    "depth_transpiled": 12,
    "size_transpiled": 22,
    "quasi_dist": {
      "2047": 0.4931640625,
      "0": 0.5068359375
    }
  }
}