{
  "laps": {
    "01_setup": 6.7e-05,
    "02_cache_search": 0.000366,
    "04_submit": 0.000871,
    "05_run": 0.001783,
    "06_collect": 0.000189,
    "total": 0.003276
  },
  "meta": {
    "backend": "AerSV",
    "n_qubits": 3,
    "depth_in": 65,
    "depth_transpiled": 50,
    "size_transpiled": 86,
    "quasi_dist": {
      "0": 0.7939453125,
      "1": 0.0537109375,
      "3": 0.033203125,
      "6": 0.072265625,
      "7": 0.005859375,
      "2": 0.0263671875,
      "4": 0.009765625,
      "5": 0.0048828125
    }
  }
}