{
  "laps": {
    "01_setup": 0.000104,
    "02_cache_search": 0.000258,
    "04_submit": 0.001225,
    "05_run": 0.008543,
    "06_collect": 0.000355,
    "total": 0.010485
  },
  "meta": {
    "backend": "AerSV",
    "n_qubits": 19,
    "depth_in": 23,
    "depth_transpiled": 23,
    "size_transpiled": 41,
    "quasi_dist": {
      "524287": 0.49609375,
      "0": 0.50390625
    }
  }
}