{
  "laps": {
    "01_setup": 0.000103,
    "03_transpile": 0.019544,
    "04_submit": 0.000548,
    "05_run": 0.001413,
    "06_collect": 4.1e-05,
    "total": 0.021649
  },
  "meta": {
    "backend": "AerSV",
    "n_qubits": 3,
    "depth_in": 7,
    "depth_transpiled": 7,
    "size_transpiled": 9,
    "quasi_dist": {
      "0": 0.484375,
      "7": 0.515625
    }
  }
}