{
  "laps": {
    "01_setup": 6.6e-05,
    "02_cache_search": 8.3e-05,
    "04_submit": 0.00052,
    "05_run": 0.001295,
    "06_collect": 3.4e-05,
    "total": 0.001998
  },
  "meta": {
    "backend": "AerSV",
    "n_qubits": 3,
    "depth_in": 5,
    "depth_transpiled": 5,
    "size_transpiled": 11,
    "quasi_dist": {
      "5": 0.1396484375,
      "0": 0.1240234375,
      "2": 0.125,
      "1": 0.1357421875,
      "7": 0.09765625,
      "4": 0.1171875,
      "6": 0.1171875,
      "3": 0.1435546875
    }
  }
}