{
  "laps": {
    "01_setup": 5.7e-05,
    "03_transpile": 0.037539,
    "04_submit": 0.001038,
    "05_run": 0.001902,
    "06_collect": 0.000187,
    "total": 0.040723
  },
  "meta": {
    "backend": "AerSV",
    "n_qubits": 3,
    "depth_in": 65,
    "depth_transpiled": 50,
    "size_transpiled": 86,
    "quasi_dist": {
      "0": 0.802734375,
      "6": 0.0615234375,
      "1": 0.056640625,
      "3": 0.0361328125,
      "2": 0.029296875,
      "5": 0.0068359375,
      "4": 0.00390625,
      "7": 0.0029296875
    }
  }
}