{
  "laps": {
    "01_setup": 8.1e-05,
    "03_transpile": 0.022398,
    "04_submit": 0.000678,
    "05_run": 0.003056,
    "06_collect": 9.3e-05,
    "total": 0.026306
  },
  "meta": {
    "backend": "AerSV",
    "n_qubits": 11,
    "depth_in": 15,
    "depth_transpiled": 15,
    "size_transpiled": 25,
    "quasi_dist": {
      "0": 0.4970703125,
      "2047": 0.5029296875
    }
  }
}