{
  "laps": {
    "01_setup": 6e-05,
    "02_cache_search": 0.000358,
    "04_submit": 0.000875,
    "05_run": 0.001751,
    "06_collect": 0.000186,
    "total": 0.00323
  },
  "meta": {
    "backend": "AerSV",
    "n_qubits": 3,
    "depth_in": 65,
    "depth_transpiled": 50,
    "size_transpiled": 86,
    "quasi_dist": {
      "0": 0.783203125,
      "5": 0.001953125,
      "6": 0.072265625,
      "1": 0.0732421875,
      "3": 0.0302734375,
      "2": 0.025390625,
      "4": 0.00390625,
      "7": 0.009765625
    }
  }
}