{
  "laps": {
    "01_setup": 6e-05,
    "02_cache_search": 7.4e-05,
    "04_submit": 0.000347,
    "05_run": 0.00126,
    "06_collect": 4.5e-05,
    "total": 0.001786
  },
  "meta": {
    "backend": "AerSV",
    "n_qubits": 3,
    "depth_in": 7,
    "depth_transpiled": 7,
    "size_transpiled": 9,
    "quasi_dist": {
      "7": 0.4990234375,
      "0": 0.5009765625
    }
  }
}