{
  "laps": {
    "01_setup": 0.000111,
    "02_cache_search": 0.000186,
    "04_submit": 0.000644,
    "05_run": 0.001486,
    "06_collect": 6.7e-05,
    "total": 0.002494
  },
  "meta": {
    "backend": "AerSV",
    "n_qubits": 3,
    "depth_in": 17,
    "depth_transpiled": 14,
    "size_transpiled": 26,
    "quasi_dist": {
      "0": 0.4375,
      "4": 0.0810546875,
      "2": 0.0537109375,
      "3": 0.171875,
      "1": 0.0849609375,
      "7": 0.01953125,
      "6": 0.1044921875,
      "5": 0.046875
    }
  }
}