{
  "laps": {
    "01_setup": 6.6e-05,
    "02_cache_search": 0.00011,
    "04_submit": 0.000442,
    "05_run": 0.001319,
    "06_collect": 4.4e-05,
    "total": 0.001981
  },
  "meta": {
    "backend": "AerSV",
    "n_qubits": 3,
    "depth_in": 12,
    "depth_transpiled": 12,
    "size_transpiled": 18,
    "quasi_dist": {
      "0": 0.4365234375,
      "7": 0.41796875,
      "1": 0.0263671875,
      "6": 0.0283203125,
      "2": 0.0146484375,
      "4": 0.0244140625,
      "5": 0.0263671875,
      "3": 0.025390625
    }
  }
}