{
  "laps": {
    "01_setup": 9.3e-05,
    "02_cache_search": 0.000365,
    "03_transpile": 0.046775,
    "07_cache_write": 0.011995,
    "04_submit": 0.002047,
    "05_run": 0.009599,
    "06_collect": 0.000464,
    "total": 0.071338
  },
  "meta": {
    "backend": "AerSV",
    "n_qubits": 19,
    "depth_in": 35,
    "depth_transpiled": 35,
    "size_transpiled": 53,
    "quasi_dist": {
      "524287": 0.5068359375,
      "0": 0.4931640625
    }
  }
}