{
  "laps": {
    "01_setup": 6.8e-05,
    "02_cache_search": 9.1e-05,
    "04_submit": 0.000388,
    "05_run": 0.001291,
    "06_collect": 3.3e-05,
    "total": 0.001871
  },
  "meta": {
    "backend": "AerSV",
    "n_qubits": 3,
    "depth_in": 5,
    "depth_transpiled": 5,
    "size_transpiled": 11,
    "quasi_dist": {
      "6": 0.1181640625,
      "3": 0.14453125,
      "0": 0.1220703125,
      "4": 0.1240234375,
      "2": 0.12890625,
      "5": 0.1123046875,
      "7": 0.12109375,
      "1": 0.12890625
    }
  }
}