{
  "laps": {
    "01_setup": 5.8e-05,
    "02_cache_search": 0.000359,
    "04_submit": 0.000785,
    "05_run": 0.001767,
    "06_collect": 0.000183,
    "total": 0.003152
  },
  "meta": {
    "backend": "AerSV",
    "n_qubits": 3,
    "depth_in": 65,
    "depth_transpiled": 50,
    "size_transpiled": 86,
    "quasi_dist": {
      "0": 0.796875,
      "5": 0.005859375,
      "1": 0.0478515625,
      "6": 0.07421875,
      "2": 0.0283203125,
      "7": 0.0029296875,
      "3": 0.0419921875,
      "4": 0.001953125
    }
  }
}