{
  "01_setup": 0.000338,
  "02_cache_search": 0.004969,
  "03_transpile": 0.058632,
  "07_cache_write": 0.00301,
  "04_submit": 0.010845,
  "05_run": 0.034387,
  "06_collect": 0.002332,
  "total": 0.114513
}