{
  "01_setup": 0.000538,
  "03_transpile": 0.213502,
  "04_submit": 0.006413,
  "05_run": 0.068219,
  "06_collect": 0.001443,
  "total": 0.290115
}