{
  "laps": {
    "01_setup": 9.5e-05,
    "02_cache_search": 0.000211,
    "03_transpile": 0.03323,
    "07_cache_write": 0.00781,
    "04_submit": 0.000984,
    "05_run": 0.009684,
    "06_collect": 0.000177,
    "total": 0.052191
  },
  "meta": {
    "backend": "AerSV",
    "n_qubits": 19,
    "depth_in": 20,
    "depth_transpiled": 20,
    "size_transpiled": 38,
    "quasi_dist": {
      "524287": 0.4931640625,
      "0": 0.5068359375
    }
  }
}