{
  "01_setup": 0.000487,
  "02_cache_search": 0.003571,
  "03_transpile": 0.055418,
  "07_cache_write": 0.008282,
  "04_submit": 0.009172,
  "05_run": 0.076989,
  "06_collect": 0.002259,
  "total": 0.156178
}