{
  "laps": {
    "01_setup": 5.8e-05,
    "02_cache_search": 0.000125,
    "04_submit": 0.000557,
    "05_run": 0.001402,
    "06_collect": 4.9e-05,
    "total": 0.002191
  },
  "meta": {
    "backend": "AerSV",
    "n_qubits": 3,
    "depth_in": 12,
    "depth_transpiled": 12,
    "size_transpiled": 18,
    "quasi_dist": {
      "7": 0.4384765625,
      "6": 0.0244140625,
      "0": 0.423828125,
      "5": 0.0234375,
      "2": 0.021484375,
      "3": 0.0263671875,
      "4": 0.01953125,
      "1": 0.0224609375
    }
  }
}