{
  "laps": {
    "01_setup": 1.404764,
    "02_cache_search": 0.000376,
    "04_submit": 0.000904,
    "05_run": 0.520316,
    "06_collect": 0.000119,
    "total": 1.926479
  },
  "meta": {
    "backend": "fake_sherbrooke",
    "n_qubits": 3,
    "depth_in": 5,
    "depth_transpiled": 17,
    "size_transpiled": 28,
    "quasi_dist": {
      "7": 0.115234375,
      "1": 0.1513671875,
      "6": 0.1240234375,
      "2": 0.1259765625,
      "3": 0.1201171875,
      "4": 0.1171875,
      "0": 0.130859375,
      "5": 0.115234375
    }
  }
}