{
  "laps": {
    "01_setup": 1.562345,
    "02_cache_search": 0.000102,
    "04_submit": 0.002577,
    "05_run": 0.627821,
    "06_collect": 0.000534,
    "total": 2.193379
  },
  "meta": {
    "backend": "fake_sherbrooke",
    "n_qubits": 7,
    "depth_in": 9,
    "depth_transpiled": 177,
    "size_transpiled": 306,
    "quasi_dist": {
      "32": 0.01953125,
      "0": 0.74609375,
      "36": 0.0302734375,
      "68": 0.0087890625,
      "2": 0.0322265625,
      "38": 0.0078125,
      "64": 0.0390625,
      "16": 0.01171875,
      "54": 0.0029296875,
      "1": 0.017578125,
      "96": 0.0078125,
      "5": 0.0009765625,
      "50": 0.0009765625,
      "67": 0.0009765625,
      "52": 0.0029296875,
      "3": 0.0009765625,
      "37": 0.001953125,
      "118": 0.001953125,
      "9": 0.001953125,
      "22": 0.0009765625,
      "4": 0.01171875,
      "66": 0.0029296875,
      "26": 0.00390625,
      "100": 0.0048828125,
      "8": 0.015625,
      "18": 0.015625,
      "40": 0.0009765625,
      "90": 0.0009765625,
      "48": 0.0009765625,
      "19": 0.001953125,
      "34": 0.0009765625,
      "27": 0.0009765625,
      "72": 0.0009765625
    }
  }
}