{
  "laps": {
    "01_setup": 1.247406,
    "02_cache_search": 0.000195,
    "04_submit": 0.009973,
    "05_run": 0.625102,
    "06_collect": 0.00248,
    "total": 1.885156
  },
  "meta": {
    "backend": "fake_sherbrooke",
    "n_qubits": 3,
    "depth_in": 33,
    "depth_transpiled": 1130,
    "size_transpiled": 1838,
    "quasi_dist": {
      "1": 0.099609375,
      "3": 0.1083984375,
      "0": 0.2880859375,
      "7": 0.109375,
      "5": 0.1103515625,
      "6": 0.0673828125,
      "2": 0.1328125,
      "4": 0.083984375
    }
  }
}