{
  "laps": {
    "01_setup": 1.321484,
    "02_cache_search": 0.000663,
    "04_submit": 0.007011,
    "05_run": 0.585086,
    "06_collect": 0.001659,
    "total": 1.915903
  },
  "meta": {
    "backend": "fake_sherbrooke",
    "n_qubits": 3,
    "depth_in": 51,
    "depth_transpiled": 871,
    "size_transpiled": 1122,
    "quasi_dist": {
      "7": 0.0595703125,
      "4": 0.08203125,
      "3": 0.0693359375,
      "0": 0.50390625,
      "1": 0.0810546875,
      "2": 0.0849609375,
      "6": 0.0595703125,
      "5": 0.0595703125
    }
  }
}