{
  "01_setup": 6.622243,
  "02_cache_search": 0.006608,
  "03_transpile": 2.119409,
  "07_cache_write": 1.573685,
  "04_submit": 0.010583,
  "05_run": 2.931807,
  "06_collect": 0.002676,
  "total": 13.267011
}