{
  "laps": {
    "01_setup": 1.45032,
    "03_transpile": 0.10637,
    "04_submit": 0.001851,
    "05_run": 0.805514,
    "06_collect": 0.00046,
    "total": 2.364515
  },
  "meta": {
    "backend": "fake_sherbrooke",
    "n_qubits": 6,
    "depth_in": 38,
    "depth_transpiled": 61,
    "size_transpiled": 96,
    "quasi_dist": {
      "32": 0.001953125,
      "55": 0.00390625,
      "0": 0.439453125,
      "1": 0.00390625,
      "63": 0.4619140625,
      "31": 0.001953125,
      "48": 0.0009765625,
      "7": 0.01171875,
      "56": 0.0107421875,
      "62": 0.005859375,
      "47": 0.0107421875,
      "59": 0.0068359375,
      "61": 0.01171875,
      "8": 0.0029296875,
      "4": 0.005859375,
      "51": 0.0009765625,
      "60": 0.005859375,
      "36": 0.0009765625,
      "3": 0.001953125,
      "5": 0.0009765625,
      "2": 0.0048828125,
      "16": 0.00390625
    }
  }
}