{
  "laps": {
    "01_setup": 1.441943,
    "03_transpile": 1.773792,
    "04_submit": 0.008556,
    "05_run": 0.65907,
    "06_collect": 0.002949,
    "total": 3.88631
  },
  "meta": {
    "backend": "fake_sherbrooke",
    "n_qubits": 6,
    "depth_in": 132,
    "depth_transpiled": 407,
    "size_transpiled": 1703,
    "quasi_dist": {
      "28": 0.025390625,
      "7": 0.029296875,
      "48": 0.0263671875,
      "31": 0.0322265625,
      "20": 0.013671875,
      "61": 0.0107421875,
      "35": 0.015625,
      "12": 0.025390625,
      "3": 0.0302734375,
      "52": 0.009765625,
      "44": 0.0087890625,
      "36": 0.0146484375,
      "13": 0.009765625,
      "60": 0.03515625,
      "15": 0.0341796875,
      "38": 0.013671875,
      "58": 0.009765625,
      "55": 0.0078125,
      "0": 0.06640625,
      "5": 0.009765625,
      "46": 0.00390625,
      "50": 0.0078125,
      "17": 0.0107421875,
      "45": 0.0029296875,
      "51": 0.0078125,
      "4": 0.02734375,
      "32": 0.01953125,
      "33": 0.005859375,
      "10": 0.0146484375,
      "63": 0.0263671875,
      "9": 0.0107421875,
      "49": 0.005859375,
      "47": 0.0126953125,
      "6": 0.033203125,
      "11": 0.0068359375,
      "34": 0.0126953125,
      "62": 0.037109375,
      "18": 0.0078125,
      "8": 0.0166015625,
      "43": 0.0029296875,
      "53": 0.0009765625,
      "2": 0.0380859375,
      "54": 0.0068359375,
      "1": 0.0126953125,
      "42": 0.005859375,
      "24": 0.029296875,
      "16": 0.0185546875,
      "39": 0.0087890625,
      "30": 0.0322265625,
      "56": 0.0263671875,
      "29": 0.0087890625,
      "26": 0.005859375,
      "23": 0.0107421875,
      "21": 0.0078125,
      "37": 0.0048828125,
      "14": 0.0205078125,
      "59": 0.017578125,
      "22": 0.0087890625,
      "25": 0.0107421875,
      "40": 0.0068359375,
      "57": 0.00390625,
      "19": 0.00390625,
      "27": 0.005859375,
      "41": 0.001953125
    }
  }
}