{
  "laps": {
    "01_setup": 1.310153,
    "03_transpile": 0.323561,
    "04_submit": 0.001595,
    "05_run": 0.601097,
    "06_collect": 0.000327,
    "total": 2.236733
  },
  "meta": {
    "backend": "fake_sherbrooke",
    "n_qubits": 3,
    "depth_in": 49,
    "depth_transpiled": 113,
    "size_transpiled": 131,
    "quasi_dist": {
      "1": 0.0205078125,
      "0": 0.9228515625,
      "3": 0.005859375,
      "6": 0.017578125,
      "4": 0.0126953125,
      "2": 0.0205078125
    }
  }
}