{
  "01_setup": 7.057569,
  "02_cache_search": 0.003251,
  "03_transpile": 0.503241,
  "07_cache_write": 0.02344,
  "04_submit": 0.013907,
  "05_run": 3.493739,
  "06_collect": 0.003968,
  "total": 11.099115
}