{
  "01_setup": 7.002308,
  "03_transpile": 14.194385,
  "04_submit": 0.067156,
  "05_run": 4.486583,
  "06_collect": 0.013507,
  "total": 25.763939
}