{
  "01_setup": 6.815255,
  "03_transpile": 0.228701,
  "04_submit": 0.003876,
  "05_run": 2.992611,
  "06_collect": 0.000719,
  "total": 10.041162
}