{
  "laps": {
    "01_setup": 1.277798,
    "03_transpile": 0.794791,
    "04_submit": 0.002771,
    "05_run": 0.436925,
    "06_collect": 0.000891,
    "total": 2.513176
  },
  "meta": {
    "backend": "fake_sherbrooke",
    "n_qubits": 7,
    "depth_in": 145,
    "depth_transpiled": 289,
    "size_transpiled": 447,
    "quasi_dist": {
      "32": 0.021484375,
      "0": 0.751953125,
      "35": 0.0029296875,
      "12": 0.013671875,
      "1": 0.0224609375,
      "16": 0.0263671875,
      "6": 0.009765625,
      "64": 0.01171875,
      "68": 0.0009765625,
      "2": 0.025390625,
      "4": 0.0322265625,
      "24": 0.0107421875,
      "8": 0.0341796875,
      "52": 0.0009765625,
      "3": 0.0078125,
      "36": 0.001953125,
      "10": 0.00390625,
      "11": 0.0009765625,
      "48": 0.009765625,
      "96": 0.00390625,
      "28": 0.0009765625,
      "98": 0.0009765625,
      "5": 0.0009765625,
      "38": 0.0009765625,
      "27": 0.0009765625,
      "56": 0.0009765625,
      "26": 0.0009765625
    }
  }
}