{
  "laps": {
    "01_setup": 1.499724,
    "03_transpile": 0.554174,
    "04_submit": 0.003624,
    "05_run": 0.744251,
    "06_collect": 0.000812,
    "total": 2.802585
  },
  "meta": {
    "backend": "fake_sherbrooke",
    "n_qubits": 3,
    "depth_in": 27,
    "depth_transpiled": 438,
    "size_transpiled": 541,
    "quasi_dist": {
      "4": 0.0595703125,
      "7": 0.037109375,
      "2": 0.046875,
      "0": 0.701171875,
      "1": 0.052734375,
      "3": 0.03515625,
      "5": 0.0322265625,
      "6": 0.03515625
    }
  }
}