{
  "01_setup": 6.787892,
  "03_transpile": 2.403525,
  "04_submit": 0.016208,
  "05_run": 3.124947,
  "06_collect": 0.005361,
  "total": 12.337933
}