{
  "01_setup": 6.763602,
  "03_transpile": 0.761309,
  "04_submit": 0.007067,
  "05_run": 3.329087,
  "06_collect": 0.001757,
  "total": 10.862822
}