{
  "01_setup": 10.064325,
  "02_cache_search": 83.107188,
  "03_transpile": 5858.384229,
  "07_cache_write": 129.758755,
  "04_submit": 34.455977,
  "05_run": 2566.704787,
  "06_collect": 3.055159,
  "total": 8685.53042
}