{
  "laps": {
    "01_setup": 1.420504,
    "03_transpile": 0.101256,
    "04_submit": 0.002119,
    "05_run": 0.581929,
    "06_collect": 0.000316,
    "total": 2.106124
  },
  "meta": {
    "backend": "fake_sherbrooke",
    "n_qubits": 6,
    "depth_in": 22,
    "depth_transpiled": 45,
    "size_transpiled": 80,
    "quasi_dist": {
      "55": 0.0087890625,
      "0": 0.4462890625,
      "16": 0.0087890625,
      "63": 0.45703125,
      "4": 0.0087890625,
      "56": 0.009765625,
      "48": 0.0009765625,
      "7": 0.009765625,
      "47": 0.0078125,
      "2": 0.0048828125,
      "59": 0.0068359375,
      "1": 0.0048828125,
      "32": 0.0009765625,
      "61": 0.005859375,
      "8": 0.0048828125,
      "60": 0.001953125,
      "62": 0.0078125,
      "3": 0.001953125,
      "31": 0.0009765625,
      "57": 0.0009765625
    }
  }
}