{
  "laps": {
    "01_setup": 1.334127,
    "02_cache_search": 0.000869,
    "03_transpile": 0.21623,
    "07_cache_write": 0.216625,
    "04_submit": 0.001943,
    "05_run": 0.570529,
    "06_collect": 0.000559,
    "total": 2.340882
  },
  "meta": {
    "backend": "fake_sherbrooke",
    "n_qubits": 3,
    "depth_in": 65,
    "depth_transpiled": 118,
    "size_transpiled": 255,
    "quasi_dist": {
      "0": 0.6142578125,
      "2": 0.0673828125,
      "3": 0.0654296875,
      "1": 0.080078125,
      "6": 0.0830078125,
      "4": 0.0322265625,
      "5": 0.0234375,
      "7": 0.0341796875
    }
  }
}