{
  "laps": {
    "01_setup": 1.21044,
    "02_cache_search": 0.000243,
    "04_submit": 0.001423,
    "05_run": 0.785395,
    "06_collect": 0.000332,
    "total": 1.997833
  },
  "meta": {
    "backend": "fake_sherbrooke",
    "n_qubits": 3,
    "depth_in": 49,
    "depth_transpiled": 113,
    "size_transpiled": 131,
    "quasi_dist": {
      "0": 0.927734375,
      "2": 0.025390625,
      "3": 0.0087890625,
      "6": 0.017578125,
      "4": 0.0107421875,
      "1": 0.009765625
    }
  }
}