{
  "01_setup": 6.936323,
  "03_transpile": 16.39811,
  "04_submit": 0.182695,
  "05_run": 3.571244,
  "06_collect": 0.011794,
  "total": 27.100166
}