{
  "01_setup": 7.000048,
  "02_cache_search": 0.001063,
  "03_transpile": 0.196424,
  "07_cache_write": 0.467121,
  "04_submit": 0.007543,
  "05_run": 3.248445,
  "06_collect": 0.001577,
  "total": 10.922221
}