{
  "laps": {
    "01_setup": 1.402067,
    "03_transpile": 0.059678,
    "04_submit": 0.000814,
    "05_run": 0.572926,
    "06_collect": 0.000214,
    "total": 2.035699
  },
  "meta": {
    "backend": "fake_sherbrooke",
    "n_qubits": 3,
    "depth_in": 19,
    "depth_transpiled": 30,
    "size_transpiled": 42,
    "quasi_dist": {
      "0": 0.498046875,
      "7": 0.474609375,
      "3": 0.00390625,
      "6": 0.0078125,
      "2": 0.00390625,
      "5": 0.0087890625,
      "1": 0.0029296875
    }
  }
}