{
  "laps": {
    "01_setup": 1.297091,
    "03_transpile": 0.140374,
    "04_submit": 0.000992,
    "05_run": 0.628203,
    "06_collect": 0.000202,
    "total": 2.066862
  },
  "meta": {
    "backend": "fake_sherbrooke",
    "n_qubits": 3,
    "depth_in": 10,
    "depth_transpiled": 47,
    "size_transpiled": 75,
    "quasi_dist": {
      "7": 0.11328125,
      "5": 0.126953125,
      "3": 0.10546875,
      "1": 0.1328125,
      "4": 0.14453125,
      "0": 0.1142578125,
      "6": 0.126953125,
      "2": 0.1357421875
    }
  }
}