{
  "laps": {
    "01_setup": 1.441193,
    "02_cache_search": 0.000959,
    "03_transpile": 0.293666,
    "07_cache_write": 0.048178,
    "04_submit": 0.003321,
    "05_run": 0.594128,
    "06_collect": 0.001105,
    "total": 2.38255
  },
  "meta": {
    "backend": "fake_sherbrooke",
    "n_qubits": 6,
    "depth_in": 68,
    "depth_transpiled": 127,
    "size_transpiled": 561,
    "quasi_dist": {
      "13": 0.015625,
      "60": 0.025390625,
      "36": 0.0078125,
      "55": 0.0068359375,
      "0": 0.1728515625,
      "33": 0.0068359375,
      "10": 0.0068359375,
      "63": 0.0361328125,
      "24": 0.021484375,
      "20": 0.0068359375,
      "53": 0.001953125,
      "43": 0.001953125,
      "2": 0.01953125,
      "34": 0.0107421875,
      "11": 0.0048828125,
      "62": 0.029296875,
      "28": 0.0146484375,
      "59": 0.0078125,
      "37": 0.0029296875,
      "14": 0.041015625,
      "5": 0.01171875,
      "46": 0.0068359375,
      "50": 0.0087890625,
      "16": 0.037109375,
      "58": 0.01171875,
      "38": 0.005859375,
      "15": 0.0419921875,
      "52": 0.00390625,
      "44": 0.0078125,
      "3": 0.015625,
      "25": 0.0068359375,
      "23": 0.0078125,
      "31": 0.0224609375,
      "40": 0.0068359375,
      "42": 0.001953125,
      "54": 0.0068359375,
      "1": 0.017578125,
      "47": 0.0048828125,
      "49": 0.0087890625,
      "6": 0.02734375,
      "32": 0.0244140625,
      "30": 0.0341796875,
      "27": 0.0048828125,
      "4": 0.0205078125,
      "51": 0.0048828125,
      "45": 0.001953125,
      "7": 0.0341796875,
      "48": 0.025390625,
      "17": 0.001953125,
      "9": 0.005859375,
      "57": 0.0029296875,
      "56": 0.0302734375,
      "22": 0.00390625,
      "26": 0.0048828125,
      "35": 0.001953125,
      "61": 0.009765625,
      "12": 0.0224609375,
      "39": 0.0107421875,
      "29": 0.0087890625,
      "8": 0.0302734375,
      "18": 0.0087890625,
      "21": 0.0009765625,
      "41": 0.0009765625,
      "19": 0.0009765625
    }
  }
}