{
  "laps": {
    "01_setup": 1.2781,
    "02_cache_search": 0.000444,
    "04_submit": 0.002253,
    "05_run": 0.673729,
    "06_collect": 0.000438,
    "total": 1.954964
  },
  "meta": {
    "backend": "fake_sherbrooke",
    "n_qubits": 3,
    "depth_in": 15,
    "depth_transpiled": 210,
    "size_transpiled": 263,
    "quasi_dist": {
      "0": 0.8291015625,
      "2": 0.029296875,
      "5": 0.015625,
      "1": 0.033203125,
      "7": 0.021484375,
      "3": 0.0341796875,
      "4": 0.02734375,
      "6": 0.009765625
    }
  }
}