{
  "laps": {
    "01_setup": 1.484705,
    "02_cache_search": 0.00039,
    "04_submit": 0.003598,
    "05_run": 0.571504,
    "06_collect": 0.000828,
    "total": 2.061025
  },
  "meta": {
    "backend": "fake_sherbrooke",
    "n_qubits": 3,
    "depth_in": 27,
    "depth_transpiled": 438,
    "size_transpiled": 541,
    "quasi_dist": {
      "0": 0.7060546875,
      "3": 0.0390625,
      "4": 0.0517578125,
      "5": 0.033203125,
      "7": 0.03515625,
      "2": 0.0498046875,
      "1": 0.0517578125,
      "6": 0.033203125
    }
  }
}