{
  "01_setup": 6.885015,
  "02_cache_search": 0.001882,
  "03_transpile": 0.120802,
  "07_cache_write": 0.033151,
  "04_submit": 0.006421,
  "05_run": 3.023921,
  "06_collect": 0.001452,
  "total": 10.072644
}