{
  "laps": {
    "01_setup": 1.361841,
    "02_cache_search": 0.000403,
    "03_transpile": 0.277309,
    "07_cache_write": 0.00872,
    "04_submit": 0.001938,
    "05_run": 0.531457,
    "06_collect": 0.000525,
    "total": 2.182193
  },
  "meta": {
    "backend": "fake_sherbrooke",
    "n_qubits": 3,
    "depth_in": 15,
    "depth_transpiled": 210,
    "size_transpiled": 263,
    "quasi_dist": {
      "0": 0.8212890625,
      "2": 0.025390625,
      "3": 0.0224609375,
      "1": 0.0390625,
      "4": 0.0439453125,
      "5": 0.0166015625,
      "7": 0.021484375,
      "6": 0.009765625
    }
  }
}