{
  "laps": {
    "01_setup": 1.234311,
    "03_transpile": 1.641224,
    "04_submit": 0.005988,
    "05_run": 0.622547,
    "06_collect": 0.001943,
    "total": 3.506013
  },
  "meta": {
    "backend": "fake_sherbrooke",
    "n_qubits": 3,
    "depth_in": 130,
    "depth_transpiled": 765,
    "size_transpiled": 1183,
    "quasi_dist": {
      "2": 0.130859375,
      "6": 0.130859375,
      "3": 0.1162109375,
      "4": 0.1083984375,
      "0": 0.1328125,
      "5": 0.1533203125,
      "1": 0.10546875,
      "7": 0.1220703125
    }
  }
}