{
  "laps": {
    "01_setup": 1.419839,
    "03_transpile": 0.252846,
    "04_submit": 0.001893,
    "05_run": 0.547694,
    "06_collect": 0.000419,
    "total": 2.222691
  },
  "meta": {
    "backend": "fake_sherbrooke",
    "n_qubits": 6,
    "depth_in": 20,
    "depth_transpiled": 71,
    "size_transpiled": 219,
    "quasi_dist": {
      "60": 0.01171875,
      "13": 0.0087890625,
      "36": 0.001953125,
      "20": 0.0087890625,
      "48": 0.0078125,
      "7": 0.0224609375,
      "56": 0.015625,
      "8": 0.037109375,
      "32": 0.0283203125,
      "49": 0.0107421875,
      "6": 0.021484375,
      "47": 0.005859375,
      "15": 0.0126953125,
      "58": 0.0087890625,
      "38": 0.0107421875,
      "42": 0.00390625,
      "1": 0.0419921875,
      "54": 0.0087890625,
      "3": 0.0361328125,
      "52": 0.0068359375,
      "44": 0.0107421875,
      "61": 0.0029296875,
      "35": 0.01171875,
      "12": 0.025390625,
      "28": 0.0224609375,
      "40": 0.0126953125,
      "24": 0.0498046875,
      "45": 0.001953125,
      "51": 0.0078125,
      "4": 0.033203125,
      "53": 0.001953125,
      "43": 0.00390625,
      "2": 0.0361328125,
      "55": 0.00390625,
      "0": 0.1669921875,
      "11": 0.009765625,
      "34": 0.005859375,
      "62": 0.013671875,
      "16": 0.0478515625,
      "30": 0.021484375,
      "59": 0.00390625,
      "14": 0.0107421875,
      "37": 0.0048828125,
      "27": 0.01953125,
      "57": 0.0048828125,
      "10": 0.0029296875,
      "63": 0.0361328125,
      "33": 0.0068359375,
      "5": 0.005859375,
      "46": 0.01171875,
      "50": 0.0068359375,
      "19": 0.0078125,
      "9": 0.00390625,
      "41": 0.0048828125,
      "23": 0.0087890625,
      "25": 0.0087890625,
      "31": 0.0068359375,
      "17": 0.0087890625,
      "22": 0.0087890625,
      "26": 0.0068359375,
      "39": 0.0048828125,
      "18": 0.005859375,
      "29": 0.0087890625
    }
  }
}