{
  "01_setup": 6.930688,
  "03_transpile": 1.520457,
  "04_submit": 0.009664,
  "05_run": 2.720766,
  "06_collect": 0.002159,
  "total": 11.183734
}