{
  "laps": {
    "01_setup": 1.340825,
    "02_cache_search": 0.000274,
    "04_submit": 0.000851,
    "05_run": 0.520182,
    "06_collect": 0.000115,
    "total": 1.862247
  },
  "meta": {
    "backend": "fake_sherbrooke",
    "n_qubits": 3,
    "depth_in": 5,
    "depth_transpiled": 17,
    "size_transpiled": 28,
    "quasi_dist": {
      "1": 0.12890625,
      "7": 0.1201171875,
      "4": 0.1142578125,
      "6": 0.142578125,
      "0": 0.1103515625,
      "2": 0.119140625,
      "3": 0.1474609375,
      "5": 0.1171875
    }
  }
}