{
  "laps": {
    "01_setup": 1.764824,
    "03_transpile": 0.074747,
    "04_submit": 0.001336,
    "05_run": 0.793059,
    "06_collect": 0.000344,
    "total": 2.63431
  },
  "meta": {
    "backend": "fake_sherbrooke",
    "n_qubits": 3,
    "depth_in": 35,
    "depth_transpiled": 46,
    "size_transpiled": 58,
    "quasi_dist": {
      "7": 0.4716796875,
      "0": 0.4873046875,
      "2": 0.0107421875,
      "5": 0.0146484375,
      "1": 0.0087890625,
      "6": 0.00390625,
      "4": 0.001953125,
      "3": 0.0009765625
    }
  }
}