{
  "laps": {
    "01_setup": 1.241447,
    "02_cache_search": 9.5e-05,
    "04_submit": 0.003064,
    "05_run": 0.586535,
    "06_collect": 0.000702,
    "total": 1.831843
  },
  "meta": {
    "backend": "fake_sherbrooke",
    "n_qubits": 3,
    "depth_in": 9,
    "depth_transpiled": 278,
    "size_transpiled": 446,
    "quasi_dist": {
      "0": 0.666015625,
      "1": 0.0517578125,
      "3": 0.0537109375,
      "7": 0.0458984375,
      "2": 0.0693359375,
      "6": 0.0166015625,
      "5": 0.048828125,
      "4": 0.0478515625
    }
  }
}