{
  "laps": {
    "01_setup": 1.448064,
    "03_transpile": 0.387306,
    "04_submit": 0.002096,
    "05_run": 0.598018,
    "06_collect": 0.000514,
    "total": 2.435998
  },
  "meta": {
    "backend": "fake_sherbrooke",
    "n_qubits": 3,
    "depth_in": 34,
    "depth_transpiled": 176,
    "size_transpiled": 285,
    "quasi_dist": {
      "0": 0.142578125,
      "2": 0.109375,
      "5": 0.1162109375,
      "3": 0.1201171875,
      "4": 0.1337890625,
      "7": 0.1220703125,
      "1": 0.134765625,
      "6": 0.12109375
    }
  }
}