{
  "laps": {
    "01_setup": 1.390921,
    "02_cache_search": 0.000342,
    "04_submit": 0.001231,
    "05_run": 0.561184,
    "06_collect": 0.000113,
    "total": 1.953791
  },
  "meta": {
    "backend": "fake_sherbrooke",
    "n_qubits": 3,
    "depth_in": 4,
    "depth_transpiled": 16,
    "size_transpiled": 30,
    "quasi_dist": {
      "0": 0.4951171875,
      "7": 0.4853515625,
      "3": 0.0029296875,
      "6": 0.005859375,
      "4": 0.00390625,
      "2": 0.001953125,
      "1": 0.0029296875,
      "5": 0.001953125
    }
  }
}