{
  "laps": {
    "01_setup": 1.336205,
    "03_transpile": 0.062349,
    "04_submit": 0.000792,
    "05_run": 0.558008,
    "06_collect": 0.000161,
    "total": 1.957515
  },
  "meta": {
    "backend": "fake_sherbrooke",
    "n_qubits": 3,
    "depth_in": 11,
    "depth_transpiled": 22,
    "size_transpiled": 34,
    "quasi_dist": {
      "0": 0.4736328125,
      "7": 0.4990234375,
      "2": 0.009765625,
      "6": 0.005859375,
      "5": 0.005859375,
      "1": 0.00390625,
      "4": 0.0009765625,
      "3": 0.0009765625
    }
  }
}