{
  "laps": {
    "01_setup": 1.466028,
    "02_cache_search": 0.000503,
    "04_submit": 0.001417,
    "05_run": 0.559123,
    "06_collect": 0.000378,
    "total": 2.027449
  },
  "meta": {
    "backend": "fake_sherbrooke",
    "n_qubits": 3,
    "depth_in": 33,
    "depth_transpiled": 101,
    "size_transpiled": 167,
    "quasi_dist": {
      "2": 0.1513671875,
      "1": 0.146484375,
      "4": 0.0927734375,
      "5": 0.0908203125,
      "3": 0.166015625,
      "0": 0.1669921875,
      "7": 0.08203125,
      "6": 0.103515625
    }
  }
}