{
  "laps": {
    "01_setup": 1.235399,
    "03_transpile": 0.384321,
    "04_submit": 0.002051,
    "05_run": 0.797652,
    "06_collect": 0.00051,
    "total": 2.419933
  },
  "meta": {
    "backend": "fake_sherbrooke",
    "n_qubits": 3,
    "depth_in": 34,
    "depth_transpiled": 176,
    "size_transpiled": 285,
    "quasi_dist": {
      "7": 0.1201171875,
      "4": 0.1416015625,
      "6": 0.1357421875,
      "5": 0.12109375,
      "2": 0.123046875,
      "1": 0.107421875,
      "0": 0.1416015625,
      "3": 0.109375
    }
  }
}