{
  "laps": {
    "01_setup": 1.285869,
    "03_transpile": 0.613615,
    "04_submit": 0.002769,
    "05_run": 0.611728,
    "06_collect": 0.000786,
    "total": 2.514767
  },
  "meta": {
    "backend": "fake_sherbrooke",
    "n_qubits": 6,
    "depth_in": 36,
    "depth_transpiled": 119,
    "size_transpiled": 431,
    "quasi_dist": {
      "48": 0.0419921875,
      "7": 0.0166015625,
      "31": 0.0283203125,
      "56": 0.072265625,
      "13": 0.0009765625,
      "36": 0.009765625,
      "60": 0.029296875,
      "55": 0.013671875,
      "0": 0.1240234375,
      "57": 0.009765625,
      "47": 0.01171875,
      "6": 0.0205078125,
      "49": 0.005859375,
      "35": 0.0087890625,
      "12": 0.0341796875,
      "61": 0.00390625,
      "24": 0.025390625,
      "34": 0.001953125,
      "11": 0.0048828125,
      "62": 0.0126953125,
      "37": 0.001953125,
      "59": 0.0068359375,
      "14": 0.0361328125,
      "54": 0.0087890625,
      "1": 0.04296875,
      "28": 0.068359375,
      "44": 0.0078125,
      "52": 0.0029296875,
      "3": 0.0244140625,
      "40": 0.015625,
      "32": 0.025390625,
      "16": 0.025390625,
      "8": 0.01171875,
      "26": 0.013671875,
      "58": 0.0107421875,
      "15": 0.0419921875,
      "38": 0.0078125,
      "33": 0.0068359375,
      "63": 0.0078125,
      "10": 0.0078125,
      "51": 0.0087890625,
      "4": 0.017578125,
      "20": 0.0087890625,
      "39": 0.0068359375,
      "25": 0.0029296875,
      "29": 0.01171875,
      "43": 0.001953125,
      "53": 0.0009765625,
      "2": 0.0146484375,
      "19": 0.0068359375,
      "9": 0.005859375,
      "46": 0.0009765625,
      "50": 0.005859375,
      "5": 0.0078125,
      "23": 0.00390625,
      "18": 0.0048828125,
      "30": 0.025390625,
      "41": 0.0009765625,
      "27": 0.0029296875,
      "22": 0.005859375,
      "17": 0.0029296875
    }
  }
}