{
  "laps": {
    "01_setup": 1.39877,
    "03_transpile": 0.527963,
    "04_submit": 0.002939,
    "05_run": 0.557723,
    "06_collect": 0.00081,
    "total": 2.488205
  },
  "meta": {
    "backend": "fake_sherbrooke",
    "n_qubits": 3,
    "depth_in": 27,
    "depth_transpiled": 438,
    "size_transpiled": 541,
    "quasi_dist": {
      "0": 0.6884765625,
      "2": 0.056640625,
      "1": 0.068359375,
      "7": 0.037109375,
      "4": 0.0498046875,
      "3": 0.0361328125,
      "6": 0.03515625,
      "5": 0.0283203125
    }
  }
}