{
  "01_setup": 7.3864,
  "02_cache_search": 0.009966,
  "03_transpile": 2.24587,
  "07_cache_write": 0.531689,
  "04_submit": 0.069469,
  "05_run": 4.549579,
  "06_collect": 0.012908,
  "total": 14.805881
}