{
  "laps": {
    "01_setup": 1.796153,
    "03_transpile": 0.492584,
    "04_submit": 0.002995,
    "05_run": 1.043703,
    "06_collect": 0.001137,
    "total": 3.336572
  },
  "meta": {
    "backend": "fake_sherbrooke",
    "n_qubits": 3,
    "depth_in": 129,
    "depth_transpiled": 230,
    "size_transpiled": 495,
    "quasi_dist": {
      "3": 0.08203125,
      "0": 0.4169921875,
      "7": 0.04296875,
      "2": 0.138671875,
      "1": 0.1630859375,
      "4": 0.0634765625,
      "6": 0.056640625,
      "5": 0.0361328125
    }
  }
}