{
  "01_setup": 6.866195,
  "02_cache_search": 0.001906,
  "03_transpile": 2.960545,
  "07_cache_write": 0.636616,
  "04_submit": 0.07102,
  "05_run": 4.108222,
  "06_collect": 0.013003,
  "total": 14.657507
}