{
  "laps": {
    "01_setup": 1.325148,
    "03_transpile": 0.277341,
    "04_submit": 0.001771,
    "05_run": 0.657706,
    "06_collect": 0.000441,
    "total": 2.262407
  },
  "meta": {
    "backend": "fake_sherbrooke",
    "n_qubits": 3,
    "depth_in": 15,
    "depth_transpiled": 210,
    "size_transpiled": 263,
    "quasi_dist": {
      "0": 0.837890625,
      "1": 0.033203125,
      "4": 0.029296875,
      "7": 0.02734375,
      "5": 0.0126953125,
      "3": 0.021484375,
      "2": 0.025390625,
      "6": 0.0126953125
    }
  }
}