{
  "01_setup": 6.724727,
  "03_transpile": 1315.169704,
  "04_submit": 7.521549,
  "05_run": 561.023797,
  "06_collect": 0.680637,
  "total": 1891.120414
}