{
  "01_setup": 7.921725,
  "03_transpile": 2780.417871,
  "04_submit": 18.148313,
  "05_run": 1172.705166,
  "06_collect": 1.458567,
  "total": 3980.651642
}