{
  "laps": {
    "01_setup": 1.345658,
    "03_transpile": 0.03763,
    "04_submit": 0.000754,
    "05_run": 0.638494,
    "06_collect": 0.000122,
    "total": 2.022658
  },
  "meta": {
    "backend": "fake_sherbrooke",
    "n_qubits": 3,
    "depth_in": 7,
    "depth_transpiled": 10,
    "size_transpiled": 19,
    "quasi_dist": {
      "0": 0.4873046875,
      "7": 0.494140625,
      "4": 0.0009765625,
      "3": 0.0029296875,
      "1": 0.005859375,
      "2": 0.00390625,
      "5": 0.0029296875,
      "6": 0.001953125
    }
  }
}