{
  "laps": {
    "01_setup": 2.040374,
    "03_transpile": 0.280407,
    "04_submit": 0.00234,
    "05_run": 0.663443,
    "06_collect": 0.000573,
    "total": 2.987137
  },
  "meta": {
    "backend": "fake_sherbrooke",
    "n_qubits": 3,
    "depth_in": 97,
    "depth_transpiled": 225,
    "size_transpiled": 259,
    "quasi_dist": {
      "0": 0.8681640625,
      "1": 0.0205078125,
      "6": 0.0205078125,
      "2": 0.0390625,
      "4": 0.021484375,
      "3": 0.0263671875,
      "5": 0.001953125,
      "7": 0.001953125
    }
  }
}