{
  "01_setup": 6.592113,
  "02_cache_search": 0.010135,
  "03_transpile": 1.802112,
  "07_cache_write": 0.096609,
  "04_submit": 0.244773,
  "05_run": 3.583403,
  "06_collect": 0.014291,
  "total": 12.343436
}