{
  "laps": {
    "01_setup": 1.32139,
    "03_transpile": 0.088361,
    "04_submit": 0.000894,
    "05_run": 0.518469,
    "06_collect": 0.000208,
    "total": 1.929322
  },
  "meta": {
    "backend": "fake_sherbrooke",
    "n_qubits": 3,
    "depth_in": 17,
    "depth_transpiled": 34,
    "size_transpiled": 75,
    "quasi_dist": {
      "1": 0.0966796875,
      "2": 0.0654296875,
      "3": 0.16015625,
      "0": 0.41015625,
      "4": 0.091796875,
      "5": 0.046875,
      "6": 0.09765625,
      "7": 0.03125
    }
  }
}