{
  "laps": {
    "01_setup": 1.545734,
    "03_transpile": 0.286965,
    "04_submit": 0.003206,
    "05_run": 0.594145,
    "06_collect": 0.001123,
    "total": 2.431173
  },
  "meta": {
    "backend": "fake_sherbrooke",
    "n_qubits": 6,
    "depth_in": 68,
    "depth_transpiled": 127,
    "size_transpiled": 561,
    "quasi_dist": {
      "51": 0.00390625,
      "4": 0.0205078125,
      "30": 0.0244140625,
      "36": 0.005859375,
      "13": 0.0048828125,
      "60": 0.033203125,
      "55": 0.0009765625,
      "0": 0.16015625,
      "48": 0.0361328125,
      "7": 0.0302734375,
      "42": 0.0078125,
      "54": 0.009765625,
      "1": 0.015625,
      "46": 0.005859375,
      "5": 0.005859375,
      "50": 0.0068359375,
      "34": 0.005859375,
      "11": 0.0048828125,
      "62": 0.0390625,
      "37": 0.0048828125,
      "59": 0.00390625,
      "14": 0.0439453125,
      "26": 0.0068359375,
      "39": 0.0107421875,
      "8": 0.0224609375,
      "33": 0.009765625,
      "10": 0.01171875,
      "63": 0.0244140625,
      "31": 0.0263671875,
      "16": 0.0400390625,
      "24": 0.037109375,
      "58": 0.005859375,
      "38": 0.0078125,
      "15": 0.0478515625,
      "35": 0.005859375,
      "61": 0.0078125,
      "12": 0.021484375,
      "28": 0.01953125,
      "25": 0.0087890625,
      "32": 0.0283203125,
      "29": 0.005859375,
      "40": 0.005859375,
      "23": 0.0107421875,
      "57": 0.009765625,
      "43": 0.001953125,
      "53": 0.0029296875,
      "2": 0.0146484375,
      "20": 0.0107421875,
      "49": 0.0048828125,
      "47": 0.0107421875,
      "6": 0.021484375,
      "17": 0.005859375,
      "56": 0.0283203125,
      "44": 0.0068359375,
      "52": 0.0048828125,
      "3": 0.0107421875,
      "18": 0.0048828125,
      "22": 0.00390625,
      "27": 0.00390625,
      "9": 0.005859375,
      "19": 0.005859375,
      "21": 0.001953125
    }
  }
}