{
  "laps": {
    "01_setup": 1.80227,
    "02_cache_search": 0.000541,
    "04_submit": 0.001381,
    "05_run": 0.942057,
    "06_collect": 0.000371,
    "total": 2.74662
  },
  "meta": {
    "backend": "fake_sherbrooke",
    "n_qubits": 3,
    "depth_in": 35,
    "depth_transpiled": 46,
    "size_transpiled": 58,
    "quasi_dist": {
      "7": 0.4765625,
      "0": 0.490234375,
      "2": 0.0126953125,
      "1": 0.005859375,
      "3": 0.001953125,
      "6": 0.0068359375,
      "5": 0.00390625,
      "4": 0.001953125
    }
  }
}