{
  "laps": {
    "01_setup": 1.338212,
    "03_transpile": 0.063309,
    "04_submit": 0.000754,
    "05_run": 0.645299,
    "06_collect": 0.000111,
    "total": 2.047685
  },
  "meta": {
    "backend": "fake_sherbrooke",
    "n_qubits": 3,
    "depth_in": 4,
    "depth_transpiled": 16,
    "size_transpiled": 30,
    "quasi_dist": {
      "0": 0.494140625,
      "7": 0.486328125,
      "3": 0.0078125,
      "5": 0.0048828125,
      "1": 0.0048828125,
      "6": 0.0009765625,
      "4": 0.0009765625
    }
  }
}