{
  "01_setup": 7.046713,
  "02_cache_search": 0.003323,
  "03_transpile": 3.616065,
  "07_cache_write": 0.013539,
  "04_submit": 0.175272,
  "05_run": 3.475775,
  "06_collect": 0.011325,
  "total": 14.342012
}