{
  "laps": {
    "01_setup": 1.347358,
    "02_cache_search": 0.00013,
    "04_submit": 0.005285,
    "05_run": 0.638504,
    "06_collect": 0.001286,
    "total": 1.992563
  },
  "meta": {
    "backend": "fake_sherbrooke",
    "n_qubits": 3,
    "depth_in": 17,
    "depth_transpiled": 562,
    "size_transpiled": 910,
    "quasi_dist": {
      "7": 0.0703125,
      "0": 0.482421875,
      "1": 0.0654296875,
      "3": 0.0654296875,
      "2": 0.1279296875,
      "5": 0.0869140625,
      "4": 0.0751953125,
      "6": 0.0263671875
    }
  }
}