{
  "laps": {
    "01_setup": 1.438242,
    "03_transpile": 0.253657,
    "04_submit": 0.001713,
    "05_run": 0.539195,
    "06_collect": 0.000425,
    "total": 2.233232
  },
  "meta": {
    "backend": "fake_sherbrooke",
    "n_qubits": 6,
    "depth_in": 20,
    "depth_transpiled": 71,
    "size_transpiled": 219,
    "quasi_dist": {
      "17": 0.01171875,
      "55": 0.0029296875,
      "0": 0.1826171875,
      "36": 0.001953125,
      "60": 0.0205078125,
      "13": 0.0048828125,
      "30": 0.0224609375,
      "23": 0.0107421875,
      "16": 0.0595703125,
      "56": 0.0185546875,
      "53": 0.0009765625,
      "43": 0.00390625,
      "2": 0.05078125,
      "47": 0.005859375,
      "49": 0.005859375,
      "6": 0.017578125,
      "54": 0.00390625,
      "1": 0.0537109375,
      "22": 0.0078125,
      "44": 0.0087890625,
      "3": 0.0302734375,
      "52": 0.001953125,
      "8": 0.03125,
      "51": 0.00390625,
      "45": 0.0048828125,
      "4": 0.041015625,
      "10": 0.0048828125,
      "33": 0.005859375,
      "63": 0.03515625,
      "59": 0.00390625,
      "37": 0.0068359375,
      "14": 0.017578125,
      "35": 0.0126953125,
      "61": 0.00390625,
      "12": 0.02734375,
      "58": 0.009765625,
      "38": 0.0078125,
      "15": 0.01953125,
      "40": 0.0029296875,
      "48": 0.0048828125,
      "7": 0.03125,
      "31": 0.013671875,
      "5": 0.00390625,
      "50": 0.0068359375,
      "46": 0.0087890625,
      "29": 0.0107421875,
      "11": 0.0078125,
      "62": 0.0068359375,
      "32": 0.0283203125,
      "19": 0.009765625,
      "28": 0.0166015625,
      "24": 0.029296875,
      "25": 0.009765625,
      "57": 0.0048828125,
      "20": 0.0048828125,
      "41": 0.0078125,
      "9": 0.001953125,
      "18": 0.0087890625,
      "27": 0.0087890625,
      "26": 0.00390625,
      "39": 0.00390625
    }
  }
}