{
  "laps": {
    "01_setup": 1.270649,
    "03_transpile": 0.969108,
    "04_submit": 0.003318,
    "05_run": 0.637281,
    "06_collect": 0.000963,
    "total": 2.881319
  },
  "meta": {
    "backend": "fake_sherbrooke",
    "n_qubits": 3,
    "depth_in": 66,
    "depth_transpiled": 389,
    "size_transpiled": 583,
    "quasi_dist": {
      "3": 0.1337890625,
      "2": 0.119140625,
      "7": 0.1298828125,
      "5": 0.134765625,
      "6": 0.107421875,
      "0": 0.126953125,
      "4": 0.125,
      "1": 0.123046875
    }
  }
}