{
  "01_setup": 7.107708,
  "02_cache_search": 0.011421,
  "03_transpile": 79.721525,
  "07_cache_write": 0.084995,
  "04_submit": 0.666313,
  "05_run": 6.481284,
  "06_collect": 0.051222,
  "total": 94.124468
}