{
  "laps": {
    "01_setup": 1.592013,
    "03_transpile": 0.215721,
    "04_submit": 0.002006,
    "05_run": 0.608042,
    "06_collect": 0.000352,
    "total": 2.418134
  },
  "meta": {
    "backend": "fake_sherbrooke",
    "n_qubits": 3,
    "depth_in": 33,
    "depth_transpiled": 101,
    "size_transpiled": 167,
    "quasi_dist": {
      "2": 0.1435546875,
      "0": 0.1494140625,
      "3": 0.1572265625,
      "6": 0.123046875,
      "7": 0.091796875,
      "1": 0.1552734375,
      "4": 0.080078125,
      "5": 0.099609375
    }
  }
}