{
  "01_setup": 5.486035,
  "03_transpile": 61.476422,
  "04_submit": 0.260247,
  "05_run": 49.40196,
  "06_collect": 0.051763,
  "total": 116.676427
}