{
  "laps": {
    "01_setup": 1.309107,
    "02_cache_search": 0.000417,
    "03_transpile": 0.036988,
    "07_cache_write": 0.007879,
    "04_submit": 0.001369,
    "05_run": 0.648471,
    "06_collect": 0.000113,
    "total": 2.004344
  },
  "meta": {
    "backend": "fake_sherbrooke",
    "n_qubits": 3,
    "depth_in": 7,
    "depth_transpiled": 10,
    "size_transpiled": 19,
    "quasi_dist": {
      "7": 0.478515625,
      "0": 0.4931640625,
      "2": 0.0048828125,
      "6": 0.005859375,
      "4": 0.0029296875,
      "1": 0.0087890625,
      "5": 0.0029296875,
      "3": 0.0029296875
    }
  }
}