{
  "laps": {
    "01_setup": 1.333001,
    "03_transpile": 0.457244,
    "04_submit": 0.003111,
    "05_run": 0.618726,
    "06_collect": 0.001072,
    "total": 2.413154
  },
  "meta": {
    "backend": "fake_sherbrooke",
    "n_qubits": 3,
    "depth_in": 193,
    "depth_transpiled": 449,
    "size_transpiled": 515,
    "quasi_dist": {
      "0": 0.7724609375,
      "2": 0.095703125,
      "4": 0.03125,
      "3": 0.0400390625,
      "6": 0.0322265625,
      "7": 0.0009765625,
      "1": 0.025390625,
      "5": 0.001953125
    }
  }
}