{
  "01_setup": 6.995343,
  "02_cache_search": 0.461243,
  "03_transpile": 0.190867,
  "07_cache_write": 0.145649,
  "04_submit": 0.007174,
  "05_run": 4.034987,
  "06_collect": 0.00156,
  "total": 11.836823
}