{
  "01_setup": 12.111726,
  "03_transpile": 5.294064,
  "04_submit": 0.021875,
  "05_run": 85.607773,
  "06_collect": 0.004436,
  "total": 103.039874
}