{
  "laps": {
    "01_setup": 1.3615,
    "03_transpile": 0.06865,
    "04_submit": 0.000688,
    "05_run": 0.593959,
    "06_collect": 0.000137,
    "total": 2.024934
  },
  "meta": {
    "backend": "fake_sherbrooke",
    "n_qubits": 3,
    "depth_in": 13,
    "depth_transpiled": 29,
    "size_transpiled": 35,
    "quasi_dist": {
      "0": 0.9453125,
      "2": 0.0205078125,
      "4": 0.0107421875,
      "1": 0.0205078125,
      "3": 0.001953125,
      "6": 0.0009765625
    }
  }
}