{
  "laps": {
    "01_setup": 1.881001,
    "02_cache_search": 0.000502,
    "04_submit": 0.001862,
    "05_run": 0.756112,
    "06_collect": 0.000361,
    "total": 2.639838
  },
  "meta": {
    "backend": "fake_sherbrooke",
    "n_qubits": 3,
    "depth_in": 35,
    "depth_transpiled": 46,
    "size_transpiled": 58,
    "quasi_dist": {
      "7": 0.494140625,
      "5": 0.005859375,
      "0": 0.4765625,
      "6": 0.005859375,
      "4": 0.0048828125,
      "2": 0.0068359375,
      "1": 0.0048828125,
      "3": 0.0009765625
    }
  }
}