{
  "laps": {
    "01_setup": 1.327511,
    "03_transpile": 8.981784,
    "04_submit": 0.016609,
    "05_run": 0.825018,
    "06_collect": 0.004471,
    "total": 11.155393
  },
  "meta": {
    "backend": "fake_sherbrooke",
    "n_qubits": 6,
    "depth_in": 54,
    "depth_transpiled": 1593,
    "size_transpiled": 3210,
    "quasi_dist": {
      "20": 0.0166015625,
      "5": 0.017578125,
      "46": 0.0107421875,
      "50": 0.0166015625,
      "48": 0.017578125,
      "7": 0.01953125,
      "22": 0.009765625,
      "45": 0.005859375,
      "51": 0.0087890625,
      "4": 0.0263671875,
      "11": 0.0126953125,
      "34": 0.0224609375,
      "62": 0.017578125,
      "43": 0.0087890625,
      "53": 0.01171875,
      "2": 0.03125,
      "61": 0.01171875,
      "35": 0.01171875,
      "12": 0.0146484375,
      "19": 0.01171875,
      "41": 0.015625,
      "37": 0.01171875,
      "59": 0.009765625,
      "14": 0.0126953125,
      "23": 0.01171875,
      "29": 0.0126953125,
      "1": 0.033203125,
      "42": 0.01171875,
      "54": 0.0087890625,
      "44": 0.005859375,
      "52": 0.0126953125,
      "3": 0.01953125,
      "24": 0.01171875,
      "57": 0.015625,
      "32": 0.021484375,
      "38": 0.0234375,
      "58": 0.01171875,
      "15": 0.01953125,
      "39": 0.017578125,
      "33": 0.015625,
      "10": 0.0166015625,
      "63": 0.0166015625,
      "26": 0.015625,
      "55": 0.009765625,
      "0": 0.091796875,
      "36": 0.009765625,
      "13": 0.0078125,
      "60": 0.0166015625,
      "31": 0.0185546875,
      "28": 0.015625,
      "9": 0.0166015625,
      "17": 0.0205078125,
      "8": 0.017578125,
      "56": 0.009765625,
      "49": 0.009765625,
      "47": 0.0087890625,
      "6": 0.015625,
      "40": 0.01171875,
      "25": 0.009765625,
      "18": 0.0107421875,
      "16": 0.017578125,
      "21": 0.0029296875,
      "27": 0.009765625,
      "30": 0.013671875
    }
  }
}