{
  "01_setup": 7.14084,
  "03_transpile": 0.568528,
  "04_submit": 0.008777,
  "05_run": 4.055273,
  "06_collect": 0.002448,
  "total": 11.775866
}