{
  "laps": {
    "01_setup": 1.250193,
    "03_transpile": 0.042405,
    "04_submit": 0.000799,
    "05_run": 0.648965,
    "06_collect": 0.000159,
    "total": 1.942521
  },
  "meta": {
    "backend": "fake_sherbrooke",
    "n_qubits": 6,
    "depth_in": 10,
    "depth_transpiled": 16,
    "size_transpiled": 40,
    "quasi_dist": {
      "32": 0.00390625,
      "55": 0.00390625,
      "0": 0.4658203125,
      "16": 0.0029296875,
      "63": 0.482421875,
      "15": 0.00390625,
      "59": 0.00390625,
      "31": 0.0029296875,
      "51": 0.0009765625,
      "4": 0.005859375,
      "62": 0.00390625,
      "47": 0.0048828125,
      "8": 0.001953125,
      "1": 0.00390625,
      "56": 0.001953125,
      "61": 0.001953125,
      "7": 0.0029296875,
      "3": 0.001953125
    }
  }
}