{
  "laps": {
    "01_setup": 1.349438,
    "02_cache_search": 0.001085,
    "04_submit": 0.013668,
    "05_run": 0.659334,
    "06_collect": 0.003475,
    "total": 2.027
  },
  "meta": {
    "backend": "fake_sherbrooke",
    "n_qubits": 3,
    "depth_in": 99,
    "depth_transpiled": 1716,
    "size_transpiled": 2292,
    "quasi_dist": {
      "3": 0.0947265625,
      "0": 0.3125,
      "5": 0.0966796875,
      "7": 0.0859375,
      "1": 0.0947265625,
      "2": 0.1005859375,
      "4": 0.11328125,
      "6": 0.1015625
    }
  }
}