{
  "01_setup": 6.630251,
  "03_transpile": 33.812399,
  "04_submit": 0.058258,
  "05_run": 3.642216,
  "06_collect": 0.011758,
  "total": 44.154882
}