{
  "laps": {
    "01_setup": 1.356268,
    "03_transpile": 0.04305,
    "04_submit": 0.0008,
    "05_run": 0.711345,
    "06_collect": 0.000191,
    "total": 2.111654
  },
  "meta": {
    "backend": "fake_sherbrooke",
    "n_qubits": 6,
    "depth_in": 14,
    "depth_transpiled": 20,
    "size_transpiled": 44,
    "quasi_dist": {
      "63": 0.513671875,
      "32": 0.0048828125,
      "0": 0.435546875,
      "55": 0.001953125,
      "4": 0.005859375,
      "61": 0.0048828125,
      "47": 0.0068359375,
      "62": 0.001953125,
      "59": 0.005859375,
      "1": 0.0068359375,
      "2": 0.0029296875,
      "15": 0.0009765625,
      "16": 0.0029296875,
      "3": 0.001953125,
      "7": 0.001953125,
      "31": 0.0009765625
    }
  }
}