{
  "laps": {
    "01_setup": 1.354393,
    "03_transpile": 1.291971,
    "04_submit": 0.00497,
    "05_run": 0.619964,
    "06_collect": 0.001291,
    "total": 3.272589
  },
  "meta": {
    "backend": "fake_sherbrooke",
    "n_qubits": 3,
    "depth_in": 17,
    "depth_transpiled": 562,
    "size_transpiled": 910,
    "quasi_dist": {
      "6": 0.0419921875,
      "0": 0.4892578125,
      "2": 0.1259765625,
      "4": 0.052734375,
      "7": 0.0634765625,
      "5": 0.0732421875,
      "3": 0.080078125,
      "1": 0.0732421875
    }
  }
}