{
  "laps": {
    "01_setup": 1.474611,
    "02_cache_search": 0.000222,
    "04_submit": 0.002081,
    "05_run": 0.666253,
    "06_collect": 0.000303,
    "total": 2.14347
  },
  "meta": {
    "backend": "fake_sherbrooke",
    "n_qubits": 7,
    "depth_in": 37,
    "depth_transpiled": 73,
    "size_transpiled": 117,
    "quasi_dist": {
      "0": 0.8974609375,
      "16": 0.013671875,
      "1": 0.0185546875,
      "24": 0.001953125,
      "2": 0.01953125,
      "6": 0.0068359375,
      "64": 0.0078125,
      "4": 0.0107421875,
      "48": 0.0029296875,
      "8": 0.0068359375,
      "32": 0.0107421875,
      "40": 0.0009765625,
      "96": 0.0009765625,
      "3": 0.0009765625
    }
  }
}