{
  "01_setup": 6.857752,
  "02_cache_search": 0.001473,
  "03_transpile": 0.046538,
  "07_cache_write": 0.004888,
  "04_submit": 0.004178,
  "05_run": 2.975019,
  "06_collect": 0.000741,
  "total": 9.890589
}