{
  "laps": {
    "01_setup": 1.304416,
    "03_transpile": 0.529549,
    "04_submit": 0.003061,
    "05_run": 0.707473,
    "06_collect": 0.000851,
    "total": 2.54535
  },
  "meta": {
    "backend": "fake_sherbrooke",
    "n_qubits": 3,
    "depth_in": 27,
    "depth_transpiled": 438,
    "size_transpiled": 541,
    "quasi_dist": {
      "0": 0.71484375,
      "7": 0.033203125,
      "4": 0.056640625,
      "3": 0.0361328125,
      "1": 0.0615234375,
      "5": 0.025390625,
      "2": 0.04296875,
      "6": 0.029296875
    }
  }
}