{
  "01_setup": 6.469239,
  "03_transpile": 90.260424,
  "04_submit": 0.447039,
  "05_run": 5.908698,
  "06_collect": 0.039002,
  "total": 103.124402
}