{
  "laps": {
    "01_setup": 1.511146,
    "02_cache_search": 7.2e-05,
    "04_submit": 0.000993,
    "05_run": 0.585391,
    "06_collect": 0.000195,
    "total": 2.097797
  },
  "meta": {
    "backend": "fake_sherbrooke",
    "n_qubits": 3,
    "depth_in": 3,
    "depth_transpiled": 50,
    "size_transpiled": 84,
    "quasi_dist": {
      "0": 0.9345703125,
      "1": 0.01953125,
      "5": 0.0087890625,
      "7": 0.001953125,
      "4": 0.0166015625,
      "3": 0.0029296875,
      "2": 0.0146484375,
      "6": 0.0009765625
    }
  }
}