{
  "laps": {
    "01_setup": 1.374287,
    "02_cache_search": 0.000415,
    "04_submit": 0.00187,
    "05_run": 0.65778,
    "06_collect": 0.000441,
    "total": 2.034793
  },
  "meta": {
    "backend": "fake_sherbrooke",
    "n_qubits": 3,
    "depth_in": 15,
    "depth_transpiled": 210,
    "size_transpiled": 263,
    "quasi_dist": {
      "0": 0.837890625,
      "2": 0.0283203125,
      "7": 0.017578125,
      "4": 0.02734375,
      "1": 0.033203125,
      "3": 0.021484375,
      "5": 0.017578125,
      "6": 0.0166015625
    }
  }
}