{
  "01_setup": 6.854735,
  "03_transpile": 3.837296,
  "04_submit": 0.013619,
  "05_run": 2.943887,
  "06_collect": 0.003448,
  "total": 13.652985
}