{
  "01_setup": 15.687608,
  "03_transpile": 19.134031,
  "04_submit": 0.094152,
  "05_run": 43.076143,
  "06_collect": 0.017992,
  "total": 78.009926
}