{
  "01_setup": 6.9538,
  "02_cache_search": 0.004985,
  "03_transpile": 0.368149,
  "07_cache_write": 0.281251,
  "04_submit": 0.016465,
  "05_run": 3.28021,
  "06_collect": 0.004922,
  "total": 10.909782
}