{
  "laps": {
    "01_setup": 1.29961,
    "02_cache_search": 0.000405,
    "04_submit": 0.001537,
    "05_run": 0.751599,
    "06_collect": 0.000335,
    "total": 2.053486
  },
  "meta": {
    "backend": "fake_sherbrooke",
    "n_qubits": 6,
    "depth_in": 22,
    "depth_transpiled": 45,
    "size_transpiled": 80,
    "quasi_dist": {
      "8": 0.0107421875,
      "0": 0.4462890625,
      "55": 0.005859375,
      "61": 0.00390625,
      "63": 0.4482421875,
      "51": 0.0009765625,
      "4": 0.00390625,
      "2": 0.0107421875,
      "62": 0.0087890625,
      "56": 0.0146484375,
      "60": 0.0048828125,
      "15": 0.001953125,
      "16": 0.00390625,
      "7": 0.013671875,
      "47": 0.0087890625,
      "1": 0.0048828125,
      "31": 0.0009765625,
      "59": 0.0048828125,
      "3": 0.0009765625,
      "32": 0.0009765625
    }
  }
}