{
  "01_setup": 6.538075,
  "02_cache_search": 0.002169,
  "03_transpile": 0.277309,
  "07_cache_write": 0.00872,
  "04_submit": 0.009696,
  "05_run": 3.195675,
  "06_collect": 0.002283,
  "total": 10.033927
}