{
  "laps": {
    "01_setup": 1.514815,
    "02_cache_search": 0.000572,
    "04_submit": 0.001594,
    "05_run": 0.655901,
    "06_collect": 0.000453,
    "total": 2.173335
  },
  "meta": {
    "backend": "fake_sherbrooke",
    "n_qubits": 6,
    "depth_in": 38,
    "depth_transpiled": 61,
    "size_transpiled": 96,
    "quasi_dist": {
      "63": 0.4375,
      "8": 0.0029296875,
      "32": 0.0029296875,
      "55": 0.0068359375,
      "0": 0.4794921875,
      "62": 0.0048828125,
      "2": 0.0029296875,
      "6": 0.0009765625,
      "47": 0.0107421875,
      "3": 0.001953125,
      "16": 0.005859375,
      "4": 0.00390625,
      "61": 0.0048828125,
      "40": 0.001953125,
      "59": 0.001953125,
      "15": 0.0009765625,
      "56": 0.0107421875,
      "27": 0.0009765625,
      "1": 0.00390625,
      "60": 0.0009765625,
      "48": 0.0009765625,
      "7": 0.0078125,
      "31": 0.00390625
    }
  }
}