{
  "laps": {
    "01_setup": 1.370451,
    "02_cache_search": 0.00036,
    "03_transpile": 0.246315,
    "07_cache_write": 0.04392,
    "04_submit": 0.001043,
    "05_run": 0.586671,
    "06_collect": 0.000225,
    "total": 2.248985
  },
  "meta": {
    "backend": "fake_sherbrooke",
    "n_qubits": 3,
    "depth_in": 19,
    "depth_transpiled": 30,
    "size_transpiled": 42,
    "quasi_dist": {
      "7": 0.4892578125,
      "0": 0.4765625,
      "1": 0.0078125,
      "2": 0.0087890625,
      "5": 0.005859375,
      "3": 0.0048828125,
      "4": 0.001953125,
      "6": 0.0048828125
    }
  }
}