{
  "laps": {
    "01_setup": 1.289405,
    "02_cache_search": 0.000579,
    "04_submit": 0.003482,
    "05_run": 0.744396,
    "06_collect": 0.000914,
    "total": 2.038776
  },
  "meta": {
    "backend": "fake_sherbrooke",
    "n_qubits": 7,
    "depth_in": 145,
    "depth_transpiled": 289,
    "size_transpiled": 447,
    "quasi_dist": {
      "35": 0.0009765625,
      "12": 0.013671875,
      "52": 0.001953125,
      "3": 0.0107421875,
      "96": 0.0048828125,
      "45": 0.0009765625,
      "4": 0.0283203125,
      "32": 0.0126953125,
      "0": 0.779296875,
      "2": 0.0302734375,
      "1": 0.0185546875,
      "6": 0.01171875,
      "64": 0.0029296875,
      "24": 0.013671875,
      "8": 0.0244140625,
      "16": 0.017578125,
      "7": 0.0009765625,
      "48": 0.009765625,
      "5": 0.0009765625,
      "50": 0.0009765625,
      "17": 0.001953125,
      "19": 0.0009765625,
      "11": 0.0009765625,
      "13": 0.0009765625,
      "36": 0.0009765625,
      "100": 0.0009765625,
      "26": 0.0009765625,
      "23": 0.0009765625,
      "28": 0.0009765625,
      "76": 0.0009765625,
      "33": 0.0009765625,
      "10": 0.0009765625,
      "18": 0.0009765625,
      "20": 0.0009765625
    }
  }
}