{
  "01_setup": 5.685902,
  "02_cache_search": 0.020232,
  "03_transpile": 2.253647,
  "07_cache_write": 30.291869,
  "04_submit": 0.090836,
  "05_run": 17.785987,
  "06_collect": 0.020685,
  "total": 56.149158
}