{
  "laps": {
    "01_setup": 1.456179,
    "02_cache_search": 0.000353,
    "04_submit": 0.000915,
    "05_run": 0.587572,
    "06_collect": 0.000225,
    "total": 2.045244
  },
  "meta": {
    "backend": "fake_sherbrooke",
    "n_qubits": 3,
    "depth_in": 19,
    "depth_transpiled": 30,
    "size_transpiled": 42,
    "quasi_dist": {
      "7": 0.484375,
      "0": 0.4794921875,
      "5": 0.009765625,
      "1": 0.005859375,
      "3": 0.00390625,
      "2": 0.0087890625,
      "6": 0.0068359375,
      "4": 0.0009765625
    }
  }
}