{
  "laps": {
    "01_setup": 1.464073,
    "02_cache_search": 0.000384,
    "04_submit": 0.001055,
    "05_run": 0.549607,
    "06_collect": 0.000165,
    "total": 2.015284
  },
  "meta": {
    "backend": "fake_sherbrooke",
    "n_qubits": 6,
    "depth_in": 10,
    "depth_transpiled": 16,
    "size_transpiled": 40,
    "quasi_dist": {
      "0": 0.49609375,
      "55": 0.00390625,
      "8": 0.0029296875,
      "63": 0.44140625,
      "7": 0.001953125,
      "48": 0.00390625,
      "3": 0.00390625,
      "61": 0.0029296875,
      "59": 0.0029296875,
      "4": 0.0078125,
      "16": 0.00390625,
      "32": 0.0078125,
      "31": 0.0048828125,
      "47": 0.005859375,
      "62": 0.00390625,
      "56": 0.001953125,
      "1": 0.001953125,
      "2": 0.0009765625,
      "23": 0.0009765625
    }
  }
}