{
  "laps": {
    "01_setup": 1.340652,
    "03_transpile": 0.173724,
    "04_submit": 0.001264,
    "05_run": 0.546361,
    "06_collect": 0.000109,
    "total": 2.06211
  },
  "meta": {
    "backend": "fake_sherbrooke",
    "n_qubits": 3,
    "depth_in": 4,
    "depth_transpiled": 16,
    "size_transpiled": 30,
    "quasi_dist": {
      "0": 0.4736328125,
      "5": 0.005859375,
      "7": 0.501953125,
      "1": 0.0048828125,
      "4": 0.00390625,
      "2": 0.0029296875,
      "6": 0.00390625,
      "3": 0.0029296875
    }
  }
}