{
  "laps": {
    "01_setup": 1.420509,
    "02_cache_search": 0.000446,
    "04_submit": 0.001304,
    "05_run": 0.570855,
    "06_collect": 0.000312,
    "total": 1.993426
  },
  "meta": {
    "backend": "fake_sherbrooke",
    "n_qubits": 6,
    "depth_in": 22,
    "depth_transpiled": 45,
    "size_transpiled": 80,
    "quasi_dist": {
      "0": 0.4765625,
      "55": 0.0048828125,
      "16": 0.0087890625,
      "63": 0.4296875,
      "7": 0.0107421875,
      "62": 0.0078125,
      "2": 0.00390625,
      "43": 0.0009765625,
      "3": 0.0029296875,
      "56": 0.0068359375,
      "47": 0.0048828125,
      "8": 0.0068359375,
      "59": 0.009765625,
      "1": 0.00390625,
      "60": 0.0029296875,
      "4": 0.005859375,
      "24": 0.0009765625,
      "15": 0.0009765625,
      "61": 0.0078125,
      "31": 0.001953125,
      "57": 0.0009765625
    }
  }
}