{
  "laps": {
    "01_setup": 1.232803,
    "03_transpile": 1.591318,
    "04_submit": 0.006258,
    "05_run": 0.617036,
    "06_collect": 0.001862,
    "total": 3.449277
  },
  "meta": {
    "backend": "fake_sherbrooke",
    "n_qubits": 3,
    "depth_in": 130,
    "depth_transpiled": 794,
    "size_transpiled": 1095,
    "quasi_dist": {
      "2": 0.123046875,
      "5": 0.142578125,
      "3": 0.138671875,
      "0": 0.1259765625,
      "6": 0.1103515625,
      "1": 0.12890625,
      "7": 0.1123046875,
      "4": 0.1181640625
    }
  }
}