{
  "laps": {
    "01_setup": 1.314792,
    "02_cache_search": 0.000486,
    "04_submit": 0.145726,
    "05_run": 0.541823,
    "06_collect": 0.000376,
    "total": 2.003203
  },
  "meta": {
    "backend": "fake_sherbrooke",
    "n_qubits": 3,
    "depth_in": 33,
    "depth_transpiled": 101,
    "size_transpiled": 167,
    "quasi_dist": {
      "3": 0.1708984375,
      "6": 0.123046875,
      "4": 0.0830078125,
      "2": 0.15625,
      "1": 0.1328125,
      "0": 0.1572265625,
      "7": 0.0869140625,
      "5": 0.08984375
    }
  }
}