{
  "laps": {
    "01_setup": 1.452328,
    "03_transpile": 0.109208,
    "04_submit": 0.001539,
    "05_run": 0.625609,
    "06_collect": 0.00046,
    "total": 2.189144
  },
  "meta": {
    "backend": "fake_sherbrooke",
    "n_qubits": 6,
    "depth_in": 38,
    "depth_transpiled": 61,
    "size_transpiled": 96,
    "quasi_dist": {
      "1": 0.005859375,
      "63": 0.4462890625,
      "8": 0.005859375,
      "55": 0.005859375,
      "0": 0.4580078125,
      "48": 0.0029296875,
      "7": 0.0078125,
      "59": 0.0029296875,
      "6": 0.0009765625,
      "47": 0.00390625,
      "2": 0.0068359375,
      "56": 0.0126953125,
      "60": 0.0048828125,
      "16": 0.0068359375,
      "4": 0.0078125,
      "32": 0.0029296875,
      "62": 0.005859375,
      "3": 0.0029296875,
      "61": 0.005859375,
      "31": 0.0009765625,
      "39": 0.0009765625,
      "15": 0.0009765625
    }
  }
}