{
  "laps": {
    "01_setup": 1.640218,
    "02_cache_search": 0.001522,
    "04_submit": 0.003488,
    "05_run": 0.759559,
    "06_collect": 0.001432,
    "total": 2.406219
  },
  "meta": {
    "backend": "fake_sherbrooke",
    "n_qubits": 6,
    "depth_in": 68,
    "depth_transpiled": 127,
    "size_transpiled": 561,
    "quasi_dist": {
      "38": 0.00390625,
      "58": 0.0068359375,
      "15": 0.048828125,
      "7": 0.0302734375,
      "48": 0.0224609375,
      "56": 0.0341796875,
      "24": 0.0341796875,
      "37": 0.0009765625,
      "59": 0.005859375,
      "14": 0.0361328125,
      "34": 0.0029296875,
      "11": 0.005859375,
      "62": 0.033203125,
      "26": 0.005859375,
      "35": 0.001953125,
      "61": 0.0107421875,
      "12": 0.0224609375,
      "51": 0.00390625,
      "4": 0.0146484375,
      "45": 0.00390625,
      "16": 0.0380859375,
      "55": 0.00390625,
      "0": 0.1640625,
      "47": 0.0087890625,
      "49": 0.005859375,
      "6": 0.0322265625,
      "57": 0.0048828125,
      "5": 0.0087890625,
      "46": 0.0087890625,
      "50": 0.01171875,
      "30": 0.0419921875,
      "8": 0.03515625,
      "53": 0.001953125,
      "43": 0.0048828125,
      "2": 0.0205078125,
      "33": 0.0048828125,
      "10": 0.0087890625,
      "63": 0.0341796875,
      "29": 0.0068359375,
      "20": 0.0078125,
      "25": 0.0087890625,
      "19": 0.0029296875,
      "31": 0.0224609375,
      "52": 0.001953125,
      "44": 0.005859375,
      "3": 0.015625,
      "32": 0.015625,
      "28": 0.021484375,
      "13": 0.0087890625,
      "36": 0.00390625,
      "60": 0.033203125,
      "54": 0.0068359375,
      "1": 0.0146484375,
      "23": 0.0068359375,
      "27": 0.001953125,
      "17": 0.0029296875,
      "40": 0.0087890625,
      "22": 0.0068359375,
      "21": 0.0029296875,
      "18": 0.005859375,
      "9": 0.0029296875,
      "39": 0.01171875,
      "41": 0.00390625
    }
  }
}