{
  "laps": {
    "01_setup": 1.357292,
    "03_transpile": 0.270387,
    "04_submit": 0.001788,
    "05_run": 0.640225,
    "06_collect": 0.000458,
    "total": 2.27015
  },
  "meta": {
    "backend": "fake_sherbrooke",
    "n_qubits": 3,
    "depth_in": 15,
    "depth_transpiled": 210,
    "size_transpiled": 263,
    "quasi_dist": {
      "0": 0.845703125,
      "6": 0.0244140625,
      "4": 0.0283203125,
      "3": 0.021484375,
      "5": 0.01171875,
      "7": 0.0166015625,
      "1": 0.029296875,
      "2": 0.0224609375
    }
  }
}