{
  "laps": {
    "01_setup": 1.356392,
    "03_transpile": 0.942515,
    "04_submit": 0.003203,
    "05_run": 0.659972,
    "06_collect": 0.000956,
    "total": 2.963038
  },
  "meta": {
    "backend": "fake_sherbrooke",
    "n_qubits": 3,
    "depth_in": 66,
    "depth_transpiled": 375,
    "size_transpiled": 577,
    "quasi_dist": {
      "7": 0.12890625,
      "5": 0.1103515625,
      "1": 0.1171875,
      "3": 0.12890625,
      "0": 0.1142578125,
      "6": 0.134765625,
      "4": 0.142578125,
      "2": 0.123046875
    }
  }
}