{
  "01_setup": 15.682882,
  "03_transpile": 1.922977,
  "04_submit": 0.011139,
  "05_run": 11.610584,
  "06_collect": 0.002255,
  "total": 29.229837
}