{
  "01_setup": 7.427981,
  "02_cache_search": 0.002702,
  "03_transpile": 0.112733,
  "07_cache_write": 0.308204,
  "04_submit": 0.008454,
  "05_run": 3.141669,
  "06_collect": 0.002331,
  "total": 11.004074
}