{
  "laps": {
    "01_setup": 1.392673,
    "03_transpile": 0.038408,
    "04_submit": 0.000586,
    "05_run": 0.522537,
    "06_collect": 0.000108,
    "total": 1.954312
  },
  "meta": {
    "backend": "fake_sherbrooke",
    "n_qubits": 3,
    "depth_in": 7,
    "depth_transpiled": 10,
    "size_transpiled": 19,
    "quasi_dist": {
      "7": 0.4921875,
      "0": 0.48046875,
      "1": 0.0126953125,
      "2": 0.005859375,
      "6": 0.001953125,
      "5": 0.00390625,
      "3": 0.001953125,
      "4": 0.0009765625
    }
  }
}