{
  "laps": {
    "01_setup": 1.370277,
    "03_transpile": 0.041781,
    "04_submit": 0.000741,
    "05_run": 0.653,
    "06_collect": 0.00016,
    "total": 2.065959
  },
  "meta": {
    "backend": "fake_sherbrooke",
    "n_qubits": 6,
    "depth_in": 10,
    "depth_transpiled": 16,
    "size_transpiled": 40,
    "quasi_dist": {
      "63": 0.482421875,
      "32": 0.0048828125,
      "55": 0.0009765625,
      "0": 0.466796875,
      "43": 0.0009765625,
      "2": 0.005859375,
      "62": 0.0078125,
      "59": 0.00390625,
      "4": 0.0048828125,
      "47": 0.0029296875,
      "61": 0.0009765625,
      "31": 0.0029296875,
      "15": 0.00390625,
      "56": 0.0009765625,
      "8": 0.00390625,
      "1": 0.001953125,
      "16": 0.0009765625,
      "60": 0.0009765625,
      "48": 0.0009765625,
      "7": 0.0009765625
    }
  }
}