{
  "01_setup": 7.573955,
  "03_transpile": 0.347113,
  "04_submit": 0.004363,
  "05_run": 3.42831,
  "06_collect": 0.000809,
  "total": 11.35455
}