{
  "laps": {
    "01_setup": 1.358918,
    "02_cache_search": 0.000482,
    "04_submit": 0.001234,
    "05_run": 0.525244,
    "06_collect": 0.000208,
    "total": 1.886086
  },
  "meta": {
    "backend": "fake_sherbrooke",
    "n_qubits": 3,
    "depth_in": 17,
    "depth_transpiled": 34,
    "size_transpiled": 75,
    "quasi_dist": {
      "0": 0.40625,
      "4": 0.083984375,
      "3": 0.1669921875,
      "6": 0.109375,
      "1": 0.1044921875,
      "5": 0.0478515625,
      "7": 0.01953125,
      "2": 0.0615234375
    }
  }
}