{
  "laps": {
    "01_setup": 1.252969,
    "02_cache_search": 0.005572,
    "03_transpile": 1.437556,
    "07_cache_write": 0.390436,
    "04_submit": 0.006744,
    "05_run": 0.626374,
    "06_collect": 0.001823,
    "total": 3.721474
  },
  "meta": {
    "backend": "fake_sherbrooke",
    "n_qubits": 3,
    "depth_in": 130,
    "depth_transpiled": 765,
    "size_transpiled": 1183,
    "quasi_dist": {
      "3": 0.130859375,
      "6": 0.1328125,
      "4": 0.1240234375,
      "0": 0.1259765625,
      "7": 0.1171875,
      "1": 0.1162109375,
      "5": 0.1259765625,
      "2": 0.126953125
    }
  }
}