{
  "laps": {
    "01_setup": 1.403185,
    "02_cache_search": 9.9e-05,
    "04_submit": 0.002749,
    "05_run": 0.593383,
    "06_collect": 0.00068,
    "total": 2.000096
  },
  "meta": {
    "backend": "fake_sherbrooke",
    "n_qubits": 3,
    "depth_in": 9,
    "depth_transpiled": 278,
    "size_transpiled": 446,
    "quasi_dist": {
      "0": 0.7080078125,
      "5": 0.037109375,
      "2": 0.087890625,
      "3": 0.0439453125,
      "1": 0.046875,
      "4": 0.0302734375,
      "7": 0.03125,
      "6": 0.0146484375
    }
  }
}