{
  "laps": {
    "01_setup": 1.367757,
    "03_transpile": 0.067371,
    "04_submit": 0.000661,
    "05_run": 0.581025,
    "06_collect": 0.000136,
    "total": 2.01695
  },
  "meta": {
    "backend": "fake_sherbrooke",
    "n_qubits": 3,
    "depth_in": 13,
    "depth_transpiled": 29,
    "size_transpiled": 35,
    "quasi_dist": {
      "0": 0.9423828125,
      "1": 0.0185546875,
      "4": 0.013671875,
      "2": 0.017578125,
      "6": 0.005859375,
      "3": 0.001953125
    }
  }
}