{
  "01_setup": 6.817551,
  "03_transpile": 1.84419,
  "04_submit": 0.006323,
  "05_run": 3.067061,
  "06_collect": 0.001074,
  "total": 11.736199
}