{
  "01_setup": 7.33045,
  "03_transpile": 221.485946,
  "04_submit": 0.459033,
  "05_run": 9.05862,
  "06_collect": 0.087734,
  "total": 238.421783
}