{
  "laps": {
    "01_setup": 1.476075,
    "02_cache_search": 0.000395,
    "04_submit": 0.000825,
    "05_run": 0.705626,
    "06_collect": 0.000153,
    "total": 2.183074
  },
  "meta": {
    "backend": "fake_sherbrooke",
    "n_qubits": 3,
    "depth_in": 11,
    "depth_transpiled": 22,
    "size_transpiled": 34,
    "quasi_dist": {
      "0": 0.47265625,
      "7": 0.4951171875,
      "1": 0.0087890625,
      "4": 0.001953125,
      "2": 0.00390625,
      "5": 0.0078125,
      "6": 0.0087890625,
      "3": 0.0009765625
    }
  }
}