{
  "01_setup": 6.972287,
  "02_cache_search": 0.000539,
  "03_transpile": 0.412356,
  "07_cache_write": 0.406253,
  "04_submit": 0.011427,
  "05_run": 3.131405,
  "06_collect": 0.002631,
  "total": 10.936898
}