{
  "laps": {
    "01_setup": 1.415795,
    "03_transpile": 0.207849,
    "04_submit": 0.001416,
    "05_run": 0.732158,
    "06_collect": 0.000362,
    "total": 2.35758
  },
  "meta": {
    "backend": "fake_sherbrooke",
    "n_qubits": 3,
    "depth_in": 33,
    "depth_transpiled": 101,
    "size_transpiled": 167,
    "quasi_dist": {
      "7": 0.078125,
      "3": 0.16796875,
      "2": 0.1572265625,
      "1": 0.1494140625,
      "5": 0.0927734375,
      "0": 0.15234375,
      "4": 0.0830078125,
      "6": 0.119140625
    }
  }
}