{
  "01_setup": 7.594564,
  "03_transpile": 502.314454,
  "04_submit": 0.878795,
  "05_run": 9.80322,
  "06_collect": 0.100602,
  "total": 520.691635
}