{
  "01_setup": 7.52279,
  "03_transpile": 1.188491,
  "04_submit": 0.006461,
  "05_run": 3.313681,
  "06_collect": 0.001556,
  "total": 12.032979
}