{
  "laps": {
    "01_setup": 1.356512,
    "03_transpile": 0.302537,
    "04_submit": 0.003592,
    "05_run": 0.61907,
    "06_collect": 0.001817,
    "total": 2.283528
  },
  "meta": {
    "backend": "fake_sherbrooke",
    "n_qubits": 6,
    "depth_in": 68,
    "depth_transpiled": 127,
    "size_transpiled": 561,
    "quasi_dist": {
      "61": 0.0029296875,
      "12": 0.0244140625,
      "35": 0.0029296875,
      "52": 0.0068359375,
      "44": 0.0107421875,
      "3": 0.01171875,
      "16": 0.03515625,
      "13": 0.0107421875,
      "60": 0.0244140625,
      "36": 0.0048828125,
      "43": 0.0009765625,
      "53": 0.001953125,
      "2": 0.0234375,
      "55": 0.0029296875,
      "0": 0.14453125,
      "47": 0.01171875,
      "6": 0.0234375,
      "49": 0.009765625,
      "37": 0.0068359375,
      "59": 0.0068359375,
      "14": 0.0546875,
      "34": 0.009765625,
      "11": 0.00390625,
      "62": 0.037109375,
      "56": 0.037109375,
      "28": 0.0185546875,
      "9": 0.005859375,
      "40": 0.009765625,
      "48": 0.0390625,
      "7": 0.046875,
      "45": 0.001953125,
      "4": 0.0126953125,
      "51": 0.0048828125,
      "10": 0.0048828125,
      "33": 0.005859375,
      "63": 0.0302734375,
      "25": 0.0068359375,
      "42": 0.0048828125,
      "1": 0.0126953125,
      "54": 0.005859375,
      "31": 0.0234375,
      "27": 0.0048828125,
      "24": 0.02734375,
      "30": 0.0380859375,
      "8": 0.0234375,
      "39": 0.013671875,
      "29": 0.0078125,
      "38": 0.0078125,
      "58": 0.0048828125,
      "15": 0.037109375,
      "18": 0.005859375,
      "46": 0.0048828125,
      "5": 0.0068359375,
      "50": 0.0087890625,
      "32": 0.0224609375,
      "17": 0.0078125,
      "26": 0.0078125,
      "20": 0.001953125,
      "19": 0.0068359375,
      "23": 0.005859375,
      "22": 0.0068359375,
      "57": 0.0048828125
    }
  }
}