{
  "01_setup": 6.868795,
  "02_cache_search": 0.010429,
  "03_transpile": 17.030716,
  "07_cache_write": 0.063667,
  "04_submit": 0.523862,
  "05_run": 3.858748,
  "06_collect": 0.033966,
  "total": 28.390183
}