{
  "laps": {
    "01_setup": 1.359608,
    "02_cache_search": 0.001416,
    "03_transpile": 0.38933,
    "07_cache_write": 0.361073,
    "04_submit": 0.002266,
    "05_run": 0.587991,
    "06_collect": 0.000536,
    "total": 2.70222
  },
  "meta": {
    "backend": "fake_sherbrooke",
    "n_qubits": 3,
    "depth_in": 34,
    "depth_transpiled": 176,
    "size_transpiled": 285,
    "quasi_dist": {
      "6": 0.1435546875,
      "5": 0.1220703125,
      "2": 0.1279296875,
      "7": 0.125,
      "1": 0.126953125,
      "0": 0.119140625,
      "4": 0.1220703125,
      "3": 0.11328125
    }
  }
}