{
  "laps": {
    "01_setup": 1.394446,
    "03_transpile": 0.109159,
    "04_submit": 0.001963,
    "05_run": 0.827968,
    "06_collect": 0.000441,
    "total": 2.333977
  },
  "meta": {
    "backend": "fake_sherbrooke",
    "n_qubits": 6,
    "depth_in": 38,
    "depth_transpiled": 61,
    "size_transpiled": 96,
    "quasi_dist": {
      "16": 0.0078125,
      "63": 0.4765625,
      "8": 0.0087890625,
      "55": 0.0048828125,
      "0": 0.4248046875,
      "47": 0.005859375,
      "56": 0.0107421875,
      "48": 0.0009765625,
      "7": 0.013671875,
      "62": 0.0048828125,
      "61": 0.0087890625,
      "59": 0.005859375,
      "15": 0.0009765625,
      "1": 0.0048828125,
      "54": 0.0009765625,
      "32": 0.0029296875,
      "31": 0.001953125,
      "4": 0.00390625,
      "2": 0.0068359375,
      "5": 0.0009765625,
      "24": 0.0009765625,
      "39": 0.0009765625,
      "60": 0.0009765625
    }
  }
}