{
  "laps": {
    "01_setup": 1.463259,
    "02_cache_search": 0.000231,
    "04_submit": 0.001464,
    "05_run": 0.638154,
    "06_collect": 0.000327,
    "total": 2.103435
  },
  "meta": {
    "backend": "fake_sherbrooke",
    "n_qubits": 7,
    "depth_in": 37,
    "depth_transpiled": 73,
    "size_transpiled": 117,
    "quasi_dist": {
      "32": 0.01171875,
      "8": 0.009765625,
      "0": 0.8916015625,
      "12": 0.005859375,
      "2": 0.0107421875,
      "16": 0.013671875,
      "1": 0.01953125,
      "4": 0.015625,
      "96": 0.0029296875,
      "48": 0.0048828125,
      "3": 0.0009765625,
      "24": 0.005859375,
      "40": 0.0009765625,
      "6": 0.001953125,
      "64": 0.0029296875,
      "22": 0.0009765625
    }
  }
}