{
  "laps": {
    "01_setup": 1.434587,
    "03_transpile": 0.252754,
    "04_submit": 0.001974,
    "05_run": 0.875151,
    "06_collect": 0.000706,
    "total": 2.565172
  },
  "meta": {
    "backend": "fake_sherbrooke",
    "n_qubits": 3,
    "depth_in": 97,
    "depth_transpiled": 225,
    "size_transpiled": 259,
    "quasi_dist": {
      "0": 0.861328125,
      "2": 0.041015625,
      "4": 0.021484375,
      "1": 0.0244140625,
      "3": 0.025390625,
      "6": 0.0244140625,
      "7": 0.001953125
    }
  }
}