{
  "laps": {
    "01_setup": 1.59718,
    "03_transpile": 1.270546,
    "04_submit": 0.005805,
    "05_run": 0.591788,
    "06_collect": 0.00165,
    "total": 3.466969
  },
  "meta": {
    "backend": "fake_sherbrooke",
    "n_qubits": 3,
    "depth_in": 51,
    "depth_transpiled": 872,
    "size_transpiled": 1107,
    "quasi_dist": {
      "2": 0.083984375,
      "5": 0.0654296875,
      "0": 0.5009765625,
      "6": 0.0595703125,
      "1": 0.076171875,
      "4": 0.0859375,
      "3": 0.0673828125,
      "7": 0.060546875
    }
  }
}