{
  "01_setup": 7.522871,
  "03_transpile": 7.394347,
  "04_submit": 0.274982,
  "05_run": 3.710589,
  "06_collect": 0.00773,
  "total": 18.910519
}