{
  "laps": {
    "01_setup": 1.416971,
    "02_cache_search": 0.001008,
    "04_submit": 0.013291,
    "05_run": 0.678685,
    "06_collect": 0.003314,
    "total": 2.113269
  },
  "meta": {
    "backend": "fake_sherbrooke",
    "n_qubits": 3,
    "depth_in": 99,
    "depth_transpiled": 1716,
    "size_transpiled": 2292,
    "quasi_dist": {
      "2": 0.1083984375,
      "4": 0.0986328125,
      "0": 0.294921875,
      "5": 0.087890625,
      "7": 0.09765625,
      "1": 0.1201171875,
      "6": 0.0947265625,
      "3": 0.09765625
    }
  }
}