{
  "01_setup": 7.345243,
  "02_cache_search": 0.002099,
  "03_transpile": 0.156983,
  "07_cache_write": 0.002177,
  "04_submit": 0.005199,
  "05_run": 3.00018,
  "06_collect": 0.00091,
  "total": 10.512791
}