{
  "01_setup": 9.092198,
  "02_cache_search": 0.002752,
  "03_transpile": 0.080977,
  "07_cache_write": 0.116382,
  "04_submit": 0.006658,
  "05_run": 4.197789,
  "06_collect": 0.001727,
  "total": 13.498483
}