{
  "01_setup": 5.589858,
  "02_cache_search": 0.001974,
  "03_transpile": 0.377669,
  "07_cache_write": 48.107431,
  "04_submit": 0.011373,
  "05_run": 9.990621,
  "06_collect": 0.002568,
  "total": 64.081494
}