{
  "laps": {
    "01_setup": 1.394652,
    "03_transpile": 0.314286,
    "04_submit": 0.001823,
    "05_run": 0.645246,
    "06_collect": 0.000516,
    "total": 2.356523
  },
  "meta": {
    "backend": "fake_sherbrooke",
    "n_qubits": 7,
    "depth_in": 9,
    "depth_transpiled": 147,
    "size_transpiled": 256,
    "quasi_dist": {
      "4": 0.0419921875,
      "66": 0.0009765625,
      "36": 0.017578125,
      "79": 0.0009765625,
      "32": 0.021484375,
      "70": 0.0009765625,
      "0": 0.75,
      "18": 0.021484375,
      "68": 0.0048828125,
      "2": 0.0166015625,
      "16": 0.0283203125,
      "6": 0.0009765625,
      "64": 0.025390625,
      "8": 0.0126953125,
      "54": 0.005859375,
      "1": 0.0126953125,
      "23": 0.0009765625,
      "38": 0.00390625,
      "96": 0.0078125,
      "100": 0.0048828125,
      "26": 0.001953125,
      "20": 0.0029296875,
      "98": 0.0009765625,
      "9": 0.001953125,
      "62": 0.0009765625,
      "91": 0.0009765625,
      "5": 0.0009765625,
      "52": 0.001953125,
      "65": 0.001953125,
      "102": 0.0009765625,
      "80": 0.0009765625,
      "17": 0.0009765625,
      "22": 0.0009765625,
      "19": 0.0009765625
    }
  }
}