{
  "01_setup": 8.093778,
  "03_transpile": 30.691506,
  "04_submit": 0.188418,
  "05_run": 5.50249,
  "06_collect": 0.027165,
  "total": 44.503357
}