{
  "01_setup": 7.074092,
  "03_transpile": 1.884307,
  "04_submit": 0.01095,
  "05_run": 2.920484,
  "06_collect": 0.002905,
  "total": 11.892738
}