{
  "01_setup": 6.664013,
  "02_cache_search": 0.002865,
  "03_transpile": 0.292674,
  "07_cache_write": 0.014647,
  "04_submit": 0.010174,
  "05_run": 2.964185,
  "06_collect": 0.002511,
  "total": 9.951069
}