{
  "01_setup": 6.779512,
  "02_cache_search": 0.000588,
  "03_transpile": 0.772056,
  "07_cache_write": 0.363878,
  "04_submit": 0.014802,
  "05_run": 2.967703,
  "06_collect": 0.00345,
  "total": 10.901989
}