{
  "laps": {
    "01_setup": 1.314208,
    "03_transpile": 0.041712,
    "04_submit": 0.00135,
    "05_run": 0.667823,
    "06_collect": 0.000158,
    "total": 2.025251
  },
  "meta": {
    "backend": "fake_sherbrooke",
    "n_qubits": 6,
    "depth_in": 10,
    "depth_transpiled": 16,
    "size_transpiled": 40,
    "quasi_dist": {
      "16": 0.005859375,
      "63": 0.466796875,
      "32": 0.0029296875,
      "0": 0.4794921875,
      "55": 0.0029296875,
      "31": 0.0029296875,
      "7": 0.00390625,
      "60": 0.0009765625,
      "56": 0.0048828125,
      "27": 0.0009765625,
      "15": 0.001953125,
      "4": 0.005859375,
      "61": 0.0029296875,
      "3": 0.0029296875,
      "8": 0.001953125,
      "59": 0.0029296875,
      "49": 0.0009765625,
      "47": 0.0029296875,
      "2": 0.0009765625,
      "62": 0.0029296875,
      "1": 0.001953125
    }
  }
}