{
  "01_setup": 8.459208,
  "02_cache_search": 0.001433,
  "03_transpile": 3.201722,
  "07_cache_write": 2.771707,
  "04_submit": 0.079361,
  "05_run": 14.771042,
  "06_collect": 0.01932,
  "total": 29.303793
}