{
  "laps": {
    "01_setup": 1.324308,
    "02_cache_search": 7.1e-05,
    "04_submit": 0.001016,
    "05_run": 0.584539,
    "06_collect": 0.000195,
    "total": 1.910129
  },
  "meta": {
    "backend": "fake_sherbrooke",
    "n_qubits": 3,
    "depth_in": 3,
    "depth_transpiled": 50,
    "size_transpiled": 84,
    "quasi_dist": {
      "0": 0.919921875,
      "3": 0.0048828125,
      "5": 0.0078125,
      "2": 0.015625,
      "1": 0.025390625,
      "4": 0.0244140625,
      "7": 0.001953125
    }
  }
}