{
  "laps": {
    "01_setup": 1.501346,
    "02_cache_search": 0.000299,
    "04_submit": 0.001043,
    "05_run": 0.558951,
    "06_collect": 0.000192,
    "total": 2.061831
  },
  "meta": {
    "backend": "fake_sherbrooke",
    "n_qubits": 6,
    "depth_in": 14,
    "depth_transpiled": 20,
    "size_transpiled": 44,
    "quasi_dist": {
      "0": 0.478515625,
      "55": 0.0029296875,
      "8": 0.005859375,
      "1": 0.0068359375,
      "16": 0.0078125,
      "63": 0.4580078125,
      "2": 0.001953125,
      "11": 0.0009765625,
      "62": 0.005859375,
      "4": 0.0087890625,
      "3": 0.001953125,
      "47": 0.0029296875,
      "7": 0.00390625,
      "61": 0.0048828125,
      "59": 0.0029296875,
      "32": 0.0029296875,
      "56": 0.0009765625,
      "15": 0.0009765625,
      "31": 0.0009765625
    }
  }
}