{
  "laps": {
    "01_setup": 1.367752,
    "02_cache_search": 0.001892,
    "04_submit": 0.008926,
    "05_run": 0.662526,
    "06_collect": 0.002904,
    "total": 2.044
  },
  "meta": {
    "backend": "fake_sherbrooke",
    "n_qubits": 6,
    "depth_in": 132,
    "depth_transpiled": 407,
    "size_transpiled": 1703,
    "quasi_dist": {
      "31": 0.0283203125,
      "48": 0.025390625,
      "7": 0.0283203125,
      "26": 0.0107421875,
      "55": 0.0107421875,
      "0": 0.0625,
      "25": 0.0087890625,
      "58": 0.009765625,
      "38": 0.0107421875,
      "15": 0.033203125,
      "42": 0.0009765625,
      "54": 0.01171875,
      "1": 0.017578125,
      "44": 0.0048828125,
      "52": 0.0185546875,
      "3": 0.0390625,
      "28": 0.0263671875,
      "41": 0.009765625,
      "33": 0.015625,
      "63": 0.0205078125,
      "10": 0.0126953125,
      "23": 0.01171875,
      "9": 0.009765625,
      "35": 0.0126953125,
      "61": 0.0078125,
      "12": 0.0263671875,
      "5": 0.0078125,
      "46": 0.0078125,
      "50": 0.0078125,
      "30": 0.0341796875,
      "45": 0.001953125,
      "4": 0.0263671875,
      "51": 0.0087890625,
      "56": 0.021484375,
      "24": 0.017578125,
      "8": 0.0185546875,
      "13": 0.00390625,
      "36": 0.0068359375,
      "60": 0.044921875,
      "18": 0.0126953125,
      "34": 0.0087890625,
      "62": 0.0361328125,
      "11": 0.0126953125,
      "49": 0.0146484375,
      "47": 0.0048828125,
      "6": 0.021484375,
      "29": 0.0068359375,
      "32": 0.0244140625,
      "53": 0.00390625,
      "43": 0.00390625,
      "2": 0.03515625,
      "37": 0.0078125,
      "59": 0.0146484375,
      "14": 0.0205078125,
      "20": 0.009765625,
      "16": 0.01953125,
      "19": 0.0126953125,
      "39": 0.005859375,
      "57": 0.005859375,
      "22": 0.0078125,
      "27": 0.0107421875,
      "17": 0.0087890625,
      "40": 0.0068359375,
      "21": 0.0009765625
    }
  }
}