{
  "laps": {
    "01_setup": 1.335127,
    "03_transpile": 0.752046,
    "04_submit": 0.002947,
    "05_run": 0.618689,
    "06_collect": 0.000677,
    "total": 2.709486
  },
  "meta": {
    "backend": "fake_sherbrooke",
    "n_qubits": 3,
    "depth_in": 9,
    "depth_transpiled": 278,
    "size_transpiled": 446,
    "quasi_dist": {
      "0": 0.6884765625,
      "2": 0.0791015625,
      "1": 0.0361328125,
      "4": 0.05078125,
      "7": 0.0439453125,
      "5": 0.0498046875,
      "3": 0.041015625,
      "6": 0.0107421875
    }
  }
}