{
  "laps": {
    "01_setup": 1.377981,
    "03_transpile": 0.069267,
    "04_submit": 0.000979,
    "05_run": 0.588622,
    "06_collect": 0.000136,
    "total": 2.036985
  },
  "meta": {
    "backend": "fake_sherbrooke",
    "n_qubits": 3,
    "depth_in": 13,
    "depth_transpiled": 29,
    "size_transpiled": 35,
    "quasi_dist": {
      "0": 0.9462890625,
      "4": 0.009765625,
      "2": 0.0205078125,
      "1": 0.0185546875,
      "3": 0.001953125,
      "6": 0.001953125,
      "5": 0.0009765625
    }
  }
}