{
  "laps": {
    "01_setup": 1.658768,
    "03_transpile": 0.073906,
    "04_submit": 0.000848,
    "05_run": 0.647642,
    "06_collect": 0.000162,
    "total": 2.381326
  },
  "meta": {
    "backend": "fake_sherbrooke",
    "n_qubits": 3,
    "depth_in": 11,
    "depth_transpiled": 22,
    "size_transpiled": 34,
    "quasi_dist": {
      "7": 0.5078125,
      "0": 0.4599609375,
      "5": 0.0087890625,
      "3": 0.0029296875,
      "2": 0.0087890625,
      "1": 0.0078125,
      "6": 0.0029296875,
      "4": 0.0009765625
    }
  }
}