{
  "laps": {
    "01_setup": 1.553372,
    "02_cache_search": 0.000454,
    "04_submit": 0.001895,
    "05_run": 1.179448,
    "06_collect": 0.00061,
    "total": 2.735779
  },
  "meta": {
    "backend": "fake_sherbrooke",
    "n_qubits": 3,
    "depth_in": 97,
    "depth_transpiled": 225,
    "size_transpiled": 259,
    "quasi_dist": {
      "0": 0.8720703125,
      "1": 0.021484375,
      "2": 0.041015625,
      "6": 0.0234375,
      "4": 0.0234375,
      "3": 0.0185546875
    }
  }
}