{
  "01_setup": 6.33492,
  "03_transpile": 2.133129,
  "04_submit": 0.010443,
  "05_run": 3.323896,
  "06_collect": 0.002606,
  "total": 11.804994
}