{
  "laps": {
    "01_setup": 1.454617,
    "03_transpile": 0.044278,
    "04_submit": 0.000828,
    "05_run": 0.556792,
    "06_collect": 0.000196,
    "total": 2.056711
  },
  "meta": {
    "backend": "fake_sherbrooke",
    "n_qubits": 6,
    "depth_in": 14,
    "depth_transpiled": 20,
    "size_transpiled": 44,
    "quasi_dist": {
      "32": 0.00390625,
      "55": 0.0048828125,
      "0": 0.466796875,
      "16": 0.005859375,
      "63": 0.470703125,
      "31": 0.0068359375,
      "62": 0.0068359375,
      "2": 0.0068359375,
      "15": 0.001953125,
      "4": 0.005859375,
      "48": 0.001953125,
      "1": 0.0048828125,
      "3": 0.001953125,
      "8": 0.001953125,
      "56": 0.001953125,
      "61": 0.0029296875,
      "47": 0.0029296875,
      "59": 0.0009765625
    }
  }
}