{
  "laps": {
    "01_setup": 1.690333,
    "02_cache_search": 0.000444,
    "03_transpile": 0.112733,
    "07_cache_write": 0.308204,
    "04_submit": 0.001853,
    "05_run": 0.623823,
    "06_collect": 0.000504,
    "total": 2.737894
  },
  "meta": {
    "backend": "fake_sherbrooke",
    "n_qubits": 6,
    "depth_in": 38,
    "depth_transpiled": 61,
    "size_transpiled": 96,
    "quasi_dist": {
      "55": 0.00390625,
      "0": 0.4365234375,
      "16": 0.0048828125,
      "63": 0.4794921875,
      "47": 0.009765625,
      "31": 0.001953125,
      "7": 0.005859375,
      "56": 0.0068359375,
      "5": 0.0009765625,
      "1": 0.0068359375,
      "59": 0.0048828125,
      "8": 0.0087890625,
      "2": 0.005859375,
      "53": 0.0009765625,
      "61": 0.0078125,
      "3": 0.001953125,
      "15": 0.001953125,
      "24": 0.0009765625,
      "32": 0.0009765625,
      "4": 0.00390625,
      "62": 0.0029296875,
      "60": 0.0009765625,
      "36": 0.0009765625
    }
  }
}