{
  "laps": {
    "01_setup": 1.453398,
    "02_cache_search": 0.000102,
    "04_submit": 0.002991,
    "05_run": 0.594494,
    "06_collect": 0.000698,
    "total": 2.051683
  },
  "meta": {
    "backend": "fake_sherbrooke",
    "n_qubits": 3,
    "depth_in": 9,
    "depth_transpiled": 278,
    "size_transpiled": 446,
    "quasi_dist": {
      "5": 0.052734375,
      "1": 0.046875,
      "0": 0.677734375,
      "2": 0.080078125,
      "3": 0.052734375,
      "7": 0.041015625,
      "4": 0.041015625,
      "6": 0.0078125
    }
  }
}