{
  "laps": {
    "01_setup": 1.313605,
    "03_transpile": 0.919879,
    "04_submit": 0.002718,
    "05_run": 0.588612,
    "06_collect": 0.000658,
    "total": 2.825472
  },
  "meta": {
    "backend": "fake_sherbrooke",
    "n_qubits": 3,
    "depth_in": 9,
    "depth_transpiled": 278,
    "size_transpiled": 446,
    "quasi_dist": {
      "0": 0.705078125,
      "3": 0.04296875,
      "1": 0.0419921875,
      "4": 0.046875,
      "7": 0.0390625,
      "5": 0.041015625,
      "2": 0.064453125,
      "6": 0.0185546875
    }
  }
}