{
  "laps": {
    "01_setup": 1.321169,
    "02_cache_search": 0.000301,
    "04_submit": 0.00086,
    "05_run": 0.526269,
    "06_collect": 0.000116,
    "total": 1.848715
  },
  "meta": {
    "backend": "fake_sherbrooke",
    "n_qubits": 3,
    "depth_in": 7,
    "depth_transpiled": 10,
    "size_transpiled": 19,
    "quasi_dist": {
      "7": 0.5078125,
      "0": 0.470703125,
      "1": 0.0078125,
      "3": 0.0029296875,
      "5": 0.0029296875,
      "2": 0.00390625,
      "6": 0.0029296875,
      "4": 0.0009765625
    }
  }
}