{
  "laps": {
    "01_setup": 1.760745,
    "03_transpile": 0.251029,
    "04_submit": 0.000966,
    "05_run": 0.612288,
    "06_collect": 0.000195,
    "total": 2.625223
  },
  "meta": {
    "backend": "fake_sherbrooke",
    "n_qubits": 6,
    "depth_in": 14,
    "depth_transpiled": 20,
    "size_transpiled": 44,
    "quasi_dist": {
      "55": 0.001953125,
      "0": 0.486328125,
      "1": 0.0087890625,
      "63": 0.462890625,
      "35": 0.0009765625,
      "61": 0.001953125,
      "3": 0.001953125,
      "2": 0.00390625,
      "62": 0.005859375,
      "5": 0.0009765625,
      "16": 0.005859375,
      "4": 0.0029296875,
      "56": 0.0009765625,
      "31": 0.0029296875,
      "15": 0.001953125,
      "8": 0.0048828125,
      "47": 0.0029296875,
      "7": 0.001953125
    }
  }
}