{
  "01_setup": 7.084894,
  "02_cache_search": 0.00247,
  "03_transpile": 0.122278,
  "07_cache_write": 0.134467,
  "04_submit": 0.008911,
  "05_run": 3.434588,
  "06_collect": 0.002567,
  "total": 10.790175
}