{
  "01_setup": 7.584269,
  "02_cache_search": 0.002067,
  "03_transpile": 0.117265,
  "07_cache_write": 0.040093,
  "04_submit": 0.005428,
  "05_run": 3.405031,
  "06_collect": 0.001739,
  "total": 11.155892
}