{
  "laps": {
    "01_setup": 1.472049,
    "02_cache_search": 0.000199,
    "04_submit": 0.001297,
    "05_run": 0.645431,
    "06_collect": 0.000317,
    "total": 2.119293
  },
  "meta": {
    "backend": "fake_sherbrooke",
    "n_qubits": 7,
    "depth_in": 37,
    "depth_transpiled": 73,
    "size_transpiled": 117,
    "quasi_dist": {
      "0": 0.916015625,
      "24": 0.0029296875,
      "16": 0.005859375,
      "6": 0.0068359375,
      "64": 0.0078125,
      "3": 0.001953125,
      "12": 0.00390625,
      "66": 0.001953125,
      "4": 0.0087890625,
      "2": 0.0087890625,
      "32": 0.0078125,
      "1": 0.0107421875,
      "8": 0.0078125,
      "96": 0.001953125,
      "5": 0.0009765625,
      "34": 0.0009765625,
      "48": 0.0009765625,
      "7": 0.0009765625,
      "56": 0.0009765625,
      "72": 0.0009765625,
      "20": 0.0009765625
    }
  }
}