{
  "laps": {
    "01_setup": 1.27809,
    "03_transpile": 0.086426,
    "04_submit": 0.001045,
    "05_run": 0.654507,
    "06_collect": 0.000199,
    "total": 2.020267
  },
  "meta": {
    "backend": "fake_sherbrooke",
    "n_qubits": 3,
    "depth_in": 17,
    "depth_transpiled": 34,
    "size_transpiled": 75,
    "quasi_dist": {
      "6": 0.1162109375,
      "0": 0.4111328125,
      "2": 0.05859375,
      "4": 0.0791015625,
      "3": 0.16015625,
      "1": 0.083984375,
      "7": 0.037109375,
      "5": 0.0537109375
    }
  }
}