{
  "laps": {
    "01_setup": 1.222094,
    "02_cache_search": 0.000201,
    "03_transpile": 0.130072,
    "07_cache_write": 0.371353,
    "04_submit": 0.001305,
    "05_run": 0.657318,
    "06_collect": 0.000179,
    "total": 2.382522
  },
  "meta": {
    "backend": "fake_sherbrooke",
    "n_qubits": 3,
    "depth_in": 10,
    "depth_transpiled": 45,
    "size_transpiled": 64,
    "quasi_dist": {
      "0": 0.123046875,
      "1": 0.1181640625,
      "2": 0.1220703125,
      "3": 0.1171875,
      "5": 0.134765625,
      "6": 0.1181640625,
      "7": 0.134765625,
      "4": 0.1318359375
    }
  }
}