{
  "01_setup": 9.57311,
  "03_transpile": 1.540072,
  "04_submit": 0.009658,
  "05_run": 5.601931,
  "06_collect": 0.002309,
  "total": 16.72708
}