{
  "laps": {
    "01_setup": 1.434891,
    "03_transpile": 0.206773,
    "04_submit": 0.001759,
    "05_run": 0.979808,
    "06_collect": 0.000204,
    "total": 2.623435
  },
  "meta": {
    "backend": "fake_sherbrooke",
    "n_qubits": 3,
    "depth_in": 6,
    "depth_transpiled": 55,
    "size_transpiled": 74,
    "quasi_dist": {
      "7": 0.1318359375,
      "1": 0.1259765625,
      "0": 0.107421875,
      "3": 0.12890625,
      "5": 0.125,
      "6": 0.1279296875,
      "4": 0.1318359375,
      "2": 0.12109375
    }
  }
}