{
  "01_setup": 5.506012,
  "02_cache_search": 0.000895,
  "03_transpile": 1.039872,
  "07_cache_write": 30.971757,
  "04_submit": 0.029596,
  "05_run": 15.736677,
  "06_collect": 0.004896,
  "total": 53.289705
}