{
  "laps": {
    "01_setup": 1.474554,
    "03_transpile": 1.27788,
    "04_submit": 0.004788,
    "05_run": 0.62293,
    "06_collect": 0.001293,
    "total": 3.381445
  },
  "meta": {
    "backend": "fake_sherbrooke",
    "n_qubits": 3,
    "depth_in": 17,
    "depth_transpiled": 553,
    "size_transpiled": 894,
    "quasi_dist": {
      "3": 0.072265625,
      "5": 0.07421875,
      "0": 0.4951171875,
      "4": 0.0595703125,
      "7": 0.08203125,
      "1": 0.0751953125,
      "2": 0.1123046875,
      "6": 0.029296875
    }
  }
}