{
  "laps": {
    "01_setup": 1.249237,
    "03_transpile": 0.983573,
    "04_submit": 0.003774,
    "05_run": 0.644658,
    "06_collect": 0.000946,
    "total": 2.882188
  },
  "meta": {
    "backend": "fake_sherbrooke",
    "n_qubits": 3,
    "depth_in": 66,
    "depth_transpiled": 375,
    "size_transpiled": 577,
    "quasi_dist": {
      "0": 0.1240234375,
      "4": 0.1318359375,
      "1": 0.119140625,
      "2": 0.1064453125,
      "6": 0.142578125,
      "5": 0.1318359375,
      "3": 0.1220703125,
      "7": 0.1220703125
    }
  }
}