{
  "01_setup": 7.231572,
  "02_cache_search": 2.575884,
  "03_transpile": 150.676629,
  "07_cache_write": 4.608276,
  "04_submit": 0.760636,
  "05_run": 8.944549,
  "06_collect": 0.08724,
  "total": 174.884786
}