{
  "01_setup": 7.519616,
  "03_transpile": 0.508809,
  "04_submit": 0.007279,
  "05_run": 3.115322,
  "06_collect": 0.001646,
  "total": 11.152672
}