{
  "laps": {
    "01_setup": 1.247472,
    "03_transpile": 0.085923,
    "04_submit": 0.000942,
    "05_run": 0.652711,
    "06_collect": 0.000206,
    "total": 1.987254
  },
  "meta": {
    "backend": "fake_sherbrooke",
    "n_qubits": 3,
    "depth_in": 17,
    "depth_transpiled": 34,
    "size_transpiled": 75,
    "quasi_dist": {
      "0": 0.4306640625,
      "3": 0.142578125,
      "2": 0.0517578125,
      "5": 0.0478515625,
      "4": 0.0888671875,
      "6": 0.1171875,
      "1": 0.0888671875,
      "7": 0.0322265625
    }
  }
}