{
  "laps": {
    "01_setup": 1.241065,
    "03_transpile": 0.064424,
    "04_submit": 0.000673,
    "05_run": 0.666626,
    "06_collect": 0.000111,
    "total": 1.972899
  },
  "meta": {
    "backend": "fake_sherbrooke",
    "n_qubits": 3,
    "depth_in": 4,
    "depth_transpiled": 16,
    "size_transpiled": 30,
    "quasi_dist": {
      "0": 0.484375,
      "7": 0.4921875,
      "4": 0.0029296875,
      "6": 0.01171875,
      "5": 0.001953125,
      "1": 0.0009765625,
      "3": 0.00390625,
      "2": 0.001953125
    }
  }
}