{
  "laps": {
    "01_setup": 1.233583,
    "03_transpile": 0.143706,
    "04_submit": 0.001201,
    "05_run": 0.801668,
    "06_collect": 0.000386,
    "total": 2.180544
  },
  "meta": {
    "backend": "fake_sherbrooke",
    "n_qubits": 3,
    "depth_in": 49,
    "depth_transpiled": 113,
    "size_transpiled": 131,
    "quasi_dist": {
      "0": 0.9033203125,
      "4": 0.0185546875,
      "7": 0.001953125,
      "6": 0.0107421875,
      "1": 0.015625,
      "3": 0.0126953125,
      "2": 0.037109375
    }
  }
}