{
  "laps": {
    "01_setup": 1.338313,
    "03_transpile": 0.10157,
    "04_submit": 0.001209,
    "05_run": 0.587073,
    "06_collect": 0.000314,
    "total": 2.028479
  },
  "meta": {
    "backend": "fake_sherbrooke",
    "n_qubits": 6,
    "depth_in": 22,
    "depth_transpiled": 45,
    "size_transpiled": 80,
    "quasi_dist": {
      "0": 0.4501953125,
      "55": 0.0068359375,
      "8": 0.0048828125,
      "63": 0.470703125,
      "56": 0.0126953125,
      "7": 0.009765625,
      "4": 0.0048828125,
      "43": 0.0009765625,
      "2": 0.0078125,
      "32": 0.0009765625,
      "15": 0.0009765625,
      "47": 0.0029296875,
      "59": 0.0078125,
      "61": 0.00390625,
      "16": 0.005859375,
      "1": 0.00390625,
      "62": 0.0029296875,
      "60": 0.0009765625,
      "3": 0.0009765625
    }
  }
}