{
  "laps": {
    "01_setup": 1.323883,
    "02_cache_search": 0.000246,
    "04_submit": 0.000746,
    "05_run": 0.623037,
    "06_collect": 0.000116,
    "total": 1.948028
  },
  "meta": {
    "backend": "fake_sherbrooke",
    "n_qubits": 3,
    "depth_in": 4,
    "depth_transpiled": 16,
    "size_transpiled": 30,
    "quasi_dist": {
      "0": 0.486328125,
      "7": 0.4931640625,
      "6": 0.0068359375,
      "3": 0.00390625,
      "1": 0.0048828125,
      "4": 0.001953125,
      "2": 0.0009765625,
      "5": 0.001953125
    }
  }
}