{
  "01_setup": 5.432633,
  "02_cache_search": 1.347487,
  "03_transpile": 3854.849483,
  "07_cache_write": 193.703001,
  "04_submit": 24.471986,
  "05_run": 3967.002443,
  "06_collect": 3.027744,
  "total": 8049.834777
}