{
  "laps": {
    "01_setup": 1.253765,
    "03_transpile": 0.103096,
    "04_submit": 0.001047,
    "05_run": 0.658063,
    "06_collect": 0.000172,
    "total": 2.016143
  },
  "meta": {
    "backend": "fake_sherbrooke",
    "n_qubits": 6,
    "depth_in": 7,
    "depth_transpiled": 34,
    "size_transpiled": 69,
    "quasi_dist": {
      "1": 0.005859375,
      "63": 0.4609375,
      "17": 0.0009765625,
      "55": 0.0029296875,
      "0": 0.486328125,
      "2": 0.00390625,
      "62": 0.00390625,
      "59": 0.001953125,
      "61": 0.0048828125,
      "60": 0.001953125,
      "8": 0.0009765625,
      "47": 0.0048828125,
      "56": 0.001953125,
      "15": 0.0048828125,
      "7": 0.001953125,
      "48": 0.0029296875,
      "3": 0.001953125,
      "32": 0.00390625,
      "16": 0.0009765625,
      "31": 0.0009765625,
      "4": 0.0009765625
    }
  }
}