{
  "laps": {
    "01_setup": 1.263308,
    "02_cache_search": 0.000344,
    "04_submit": 0.000803,
    "05_run": 0.683565,
    "06_collect": 0.000161,
    "total": 1.948181
  },
  "meta": {
    "backend": "fake_sherbrooke",
    "n_qubits": 6,
    "depth_in": 10,
    "depth_transpiled": 16,
    "size_transpiled": 40,
    "quasi_dist": {
      "0": 0.4658203125,
      "55": 0.0029296875,
      "8": 0.005859375,
      "63": 0.4814453125,
      "15": 0.0029296875,
      "2": 0.00390625,
      "48": 0.0009765625,
      "7": 0.001953125,
      "56": 0.001953125,
      "31": 0.0029296875,
      "16": 0.0029296875,
      "32": 0.0029296875,
      "3": 0.0009765625,
      "4": 0.0068359375,
      "62": 0.00390625,
      "59": 0.0048828125,
      "47": 0.00390625,
      "1": 0.0009765625,
      "61": 0.0009765625,
      "39": 0.0009765625
    }
  }
}