{
  "01_setup": 8.01758,
  "03_transpile": 1.300282,
  "04_submit": 0.010953,
  "05_run": 3.839893,
  "06_collect": 0.003028,
  "total": 13.171736
}