{
  "laps": {
    "01_setup": 1.405115,
    "02_cache_search": 0.002424,
    "03_transpile": 0.972108,
    "07_cache_write": 0.175702,
    "04_submit": 0.004304,
    "05_run": 0.842874,
    "06_collect": 0.000979,
    "total": 3.403506
  },
  "meta": {
    "backend": "fake_sherbrooke",
    "n_qubits": 3,
    "depth_in": 66,
    "depth_transpiled": 389,
    "size_transpiled": 583,
    "quasi_dist": {
      "7": 0.12109375,
      "1": 0.1240234375,
      "4": 0.1103515625,
      "2": 0.1259765625,
      "5": 0.142578125,
      "3": 0.1259765625,
      "6": 0.125,
      "0": 0.125
    }
  }
}