{
  "laps": {
    "01_setup": 1.428442,
    "03_transpile": 0.208852,
    "04_submit": 0.002007,
    "05_run": 0.58391,
    "06_collect": 0.000596,
    "total": 2.223807
  },
  "meta": {
    "backend": "fake_sherbrooke",
    "n_qubits": 3,
    "depth_in": 65,
    "depth_transpiled": 118,
    "size_transpiled": 255,
    "quasi_dist": {
      "0": 0.6494140625,
      "2": 0.0625,
      "6": 0.0751953125,
      "4": 0.03515625,
      "3": 0.0556640625,
      "1": 0.0751953125,
      "7": 0.03515625,
      "5": 0.01171875
    }
  }
}