{
  "laps": {
    "01_setup": 2.013434,
    "03_transpile": 0.430346,
    "04_submit": 0.001293,
    "05_run": 0.647257,
    "06_collect": 0.000304,
    "total": 3.092634
  },
  "meta": {
    "backend": "fake_sherbrooke",
    "n_qubits": 7,
    "depth_in": 37,
    "depth_transpiled": 73,
    "size_transpiled": 117,
    "quasi_dist": {
      "8": 0.005859375,
      "0": 0.9013671875,
      "48": 0.0078125,
      "4": 0.0126953125,
      "2": 0.0146484375,
      "1": 0.0166015625,
      "3": 0.005859375,
      "64": 0.005859375,
      "6": 0.00390625,
      "12": 0.001953125,
      "32": 0.009765625,
      "24": 0.00390625,
      "16": 0.0068359375,
      "96": 0.001953125,
      "80": 0.0009765625
    }
  }
}