{
  "laps": {
    "01_setup": 1.33565,
    "03_transpile": 0.721913,
    "04_submit": 0.002653,
    "05_run": 0.572279,
    "06_collect": 0.000793,
    "total": 2.633288
  },
  "meta": {
    "backend": "fake_sherbrooke",
    "n_qubits": 3,
    "depth_in": 9,
    "depth_transpiled": 269,
    "size_transpiled": 430,
    "quasi_dist": {
      "2": 0.0810546875,
      "0": 0.6884765625,
      "4": 0.0546875,
      "6": 0.01171875,
      "5": 0.04296875,
      "7": 0.044921875,
      "3": 0.0380859375,
      "1": 0.0380859375
    }
  }
}