{
  "laps": {
    "01_setup": 1.372476,
    "03_transpile": 0.063195,
    "04_submit": 0.000822,
    "05_run": 0.524507,
    "06_collect": 0.000107,
    "total": 1.961107
  },
  "meta": {
    "backend": "fake_sherbrooke",
    "n_qubits": 3,
    "depth_in": 4,
    "depth_transpiled": 16,
    "size_transpiled": 30,
    "quasi_dist": {
      "0": 0.509765625,
      "7": 0.47265625,
      "5": 0.001953125,
      "4": 0.0048828125,
      "3": 0.00390625,
      "1": 0.00390625,
      "2": 0.001953125,
      "6": 0.0009765625
    }
  }
}