{
  "laps": {
    "01_setup": 1.92693,
    "03_transpile": 0.101508,
    "04_submit": 0.00147,
    "05_run": 0.605767,
    "06_collect": 0.000336,
    "total": 2.636011
  },
  "meta": {
    "backend": "fake_sherbrooke",
    "n_qubits": 6,
    "depth_in": 22,
    "depth_transpiled": 45,
    "size_transpiled": 80,
    "quasi_dist": {
      "8": 0.0078125,
      "0": 0.4580078125,
      "55": 0.0068359375,
      "16": 0.0048828125,
      "33": 0.0009765625,
      "63": 0.45703125,
      "7": 0.013671875,
      "2": 0.0048828125,
      "47": 0.0048828125,
      "1": 0.0068359375,
      "59": 0.005859375,
      "56": 0.0078125,
      "4": 0.0068359375,
      "61": 0.005859375,
      "60": 0.001953125,
      "3": 0.001953125,
      "32": 0.0009765625,
      "62": 0.0029296875
    }
  }
}