{
  "laps": {
    "01_setup": 1.54953,
    "02_cache_search": 0.000745,
    "03_transpile": 0.435202,
    "07_cache_write": 0.426933,
    "04_submit": 0.003218,
    "05_run": 0.629862,
    "06_collect": 0.00104,
    "total": 3.04653
  },
  "meta": {
    "backend": "fake_sherbrooke",
    "n_qubits": 3,
    "depth_in": 193,
    "depth_transpiled": 449,
    "size_transpiled": 515,
    "quasi_dist": {
      "0": 0.787109375,
      "6": 0.0390625,
      "3": 0.0380859375,
      "2": 0.0703125,
      "4": 0.0263671875,
      "1": 0.0341796875,
      "7": 0.0029296875,
      "5": 0.001953125
    }
  }
}