{
  "laps": {
    "01_setup": 1.356106,
    "02_cache_search": 0.00047,
    "04_submit": 0.001193,
    "05_run": 0.710899,
    "06_collect": 0.000198,
    "total": 2.068866
  },
  "meta": {
    "backend": "fake_sherbrooke",
    "n_qubits": 6,
    "depth_in": 14,
    "depth_transpiled": 20,
    "size_transpiled": 44,
    "quasi_dist": {
      "0": 0.4853515625,
      "55": 0.00390625,
      "32": 0.001953125,
      "63": 0.4609375,
      "62": 0.005859375,
      "3": 0.00390625,
      "4": 0.00390625,
      "6": 0.0009765625,
      "47": 0.001953125,
      "2": 0.00390625,
      "31": 0.00390625,
      "15": 0.0048828125,
      "1": 0.0078125,
      "48": 0.0009765625,
      "7": 0.001953125,
      "59": 0.0029296875,
      "16": 0.0029296875,
      "8": 0.0009765625,
      "61": 0.0009765625
    }
  }
}