{
  "laps": {
    "01_setup": 1.524232,
    "03_transpile": 0.136468,
    "04_submit": 0.001145,
    "05_run": 0.630649,
    "06_collect": 0.000181,
    "total": 2.292675
  },
  "meta": {
    "backend": "fake_sherbrooke",
    "n_qubits": 3,
    "depth_in": 10,
    "depth_transpiled": 45,
    "size_transpiled": 63,
    "quasi_dist": {
      "2": 0.1591796875,
      "4": 0.1484375,
      "5": 0.1171875,
      "3": 0.1298828125,
      "6": 0.111328125,
      "1": 0.1025390625,
      "0": 0.12109375,
      "7": 0.1103515625
    }
  }
}