{
  "01_setup": 6.276603,
  "03_transpile": 8.093407,
  "04_submit": 0.029808,
  "05_run": 3.102085,
  "06_collect": 0.009255,
  "total": 17.511158
}