{
  "laps": {
    "01_setup": 1.394066,
    "02_cache_search": 0.000209,
    "03_transpile": 0.130534,
    "07_cache_write": 0.339282,
    "04_submit": 0.001093,
    "05_run": 0.585692,
    "06_collect": 0.000201,
    "total": 2.451077
  },
  "meta": {
    "backend": "fake_sherbrooke",
    "n_qubits": 3,
    "depth_in": 10,
    "depth_transpiled": 47,
    "size_transpiled": 75,
    "quasi_dist": {
      "3": 0.1240234375,
      "7": 0.1083984375,
      "1": 0.138671875,
      "5": 0.140625,
      "4": 0.1298828125,
      "6": 0.130859375,
      "2": 0.1103515625,
      "0": 0.1171875
    }
  }
}