{
  "laps": {
    "01_setup": 1.227833,
    "03_transpile": 0.066588,
    "04_submit": 0.000685,
    "05_run": 0.65578,
    "06_collect": 0.000115,
    "total": 1.951001
  },
  "meta": {
    "backend": "fake_sherbrooke",
    "n_qubits": 3,
    "depth_in": 5,
    "depth_transpiled": 17,
    "size_transpiled": 28,
    "quasi_dist": {
      "2": 0.1396484375,
      "4": 0.119140625,
      "1": 0.125,
      "3": 0.12109375,
      "7": 0.1337890625,
      "0": 0.111328125,
      "5": 0.1171875,
      "6": 0.1328125
    }
  }
}