{
  "laps": {
    "01_setup": 1.376213,
    "03_transpile": 0.276293,
    "04_submit": 0.002022,
    "05_run": 0.522779,
    "06_collect": 0.000449,
    "total": 2.177756
  },
  "meta": {
    "backend": "fake_sherbrooke",
    "n_qubits": 3,
    "depth_in": 15,
    "depth_transpiled": 210,
    "size_transpiled": 263,
    "quasi_dist": {
      "0": 0.83203125,
      "7": 0.0166015625,
      "2": 0.02734375,
      "3": 0.0263671875,
      "1": 0.03125,
      "5": 0.0146484375,
      "4": 0.0380859375,
      "6": 0.013671875
    }
  }
}