{
  "01_setup": 8.023943,
  "02_cache_search": 0.004621,
  "03_transpile": 0.618827,
  "07_cache_write": 6.623286,
  "04_submit": 0.0223,
  "05_run": 4.799514,
  "06_collect": 0.006688,
  "total": 20.099179
}