{
  "laps": {
    "01_setup": 1.42092,
    "02_cache_search": 0.000693,
    "04_submit": 0.001492,
    "05_run": 0.537578,
    "06_collect": 0.000122,
    "total": 1.960805
  },
  "meta": {
    "backend": "fake_sherbrooke",
    "n_qubits": 3,
    "depth_in": 5,
    "depth_transpiled": 17,
    "size_transpiled": 28,
    "quasi_dist": {
      "0": 0.125,
      "5": 0.130859375,
      "2": 0.12890625,
      "3": 0.1298828125,
      "6": 0.126953125,
      "7": 0.1142578125,
      "4": 0.126953125,
      "1": 0.1171875
    }
  }
}