{
  "laps": {
    "01_setup": 1.344155,
    "03_transpile": 0.380248,
    "04_submit": 0.00166,
    "05_run": 0.536165,
    "06_collect": 0.000448,
    "total": 2.262676
  },
  "meta": {
    "backend": "fake_sherbrooke",
    "n_qubits": 6,
    "depth_in": 20,
    "depth_transpiled": 71,
    "size_transpiled": 219,
    "quasi_dist": {
      "41": 0.005859375,
      "16": 0.0537109375,
      "10": 0.0029296875,
      "33": 0.013671875,
      "63": 0.041015625,
      "30": 0.03125,
      "36": 0.0068359375,
      "13": 0.0078125,
      "60": 0.0244140625,
      "20": 0.01171875,
      "29": 0.0126953125,
      "53": 0.001953125,
      "43": 0.001953125,
      "2": 0.02734375,
      "9": 0.01171875,
      "32": 0.03125,
      "51": 0.0048828125,
      "45": 0.0029296875,
      "4": 0.0283203125,
      "0": 0.16015625,
      "52": 0.00390625,
      "44": 0.0126953125,
      "3": 0.025390625,
      "40": 0.0078125,
      "14": 0.01171875,
      "59": 0.0029296875,
      "37": 0.0029296875,
      "5": 0.0029296875,
      "46": 0.0087890625,
      "50": 0.0107421875,
      "38": 0.013671875,
      "15": 0.0166015625,
      "58": 0.0048828125,
      "31": 0.0078125,
      "24": 0.0400390625,
      "35": 0.015625,
      "12": 0.01953125,
      "61": 0.00390625,
      "49": 0.009765625,
      "47": 0.0048828125,
      "6": 0.0224609375,
      "8": 0.04296875,
      "62": 0.0107421875,
      "11": 0.0107421875,
      "34": 0.005859375,
      "48": 0.0048828125,
      "7": 0.0322265625,
      "18": 0.0078125,
      "42": 0.0048828125,
      "54": 0.0048828125,
      "1": 0.05078125,
      "56": 0.013671875,
      "23": 0.0087890625,
      "25": 0.0048828125,
      "19": 0.00390625,
      "21": 0.00390625,
      "57": 0.00390625,
      "39": 0.0048828125,
      "28": 0.017578125,
      "26": 0.0078125,
      "27": 0.0107421875,
      "22": 0.0048828125,
      "17": 0.0078125
    }
  }
}