{
  "01_setup": 5.716356,
  "03_transpile": 11.384352,
  "04_submit": 6.572936,
  "05_run": 10.644633,
  "06_collect": 0.023746,
  "total": 34.342023
}