{
  "laps": {
    "01_setup": 1.528064,
    "03_transpile": 0.069624,
    "04_submit": 0.000815,
    "05_run": 0.600638,
    "06_collect": 0.000159,
    "total": 2.1993
  },
  "meta": {
    "backend": "fake_sherbrooke",
    "n_qubits": 3,
    "depth_in": 11,
    "depth_transpiled": 22,
    "size_transpiled": 34,
    "quasi_dist": {
      "0": 0.4931640625,
      "7": 0.478515625,
      "5": 0.0078125,
      "6": 0.0087890625,
      "1": 0.00390625,
      "2": 0.00390625,
      "4": 0.00390625
    }
  }
}