{
  "01_setup": 6.904508,
  "02_cache_search": 0.002077,
  "03_transpile": 0.123018,
  "07_cache_write": 0.146627,
  "04_submit": 0.005937,
  "05_run": 3.561303,
  "06_collect": 0.001366,
  "total": 10.744836
}