{
  "laps": {
    "01_setup": 1.741683,
    "02_cache_search": 0.001698,
    "04_submit": 0.005995,
    "05_run": 0.890231,
    "06_collect": 0.001551,
    "total": 2.641158
  },
  "meta": {
    "backend": "fake_sherbrooke",
    "n_qubits": 7,
    "depth_in": 289,
    "depth_transpiled": 577,
    "size_transpiled": 887,
    "quasi_dist": {
      "8": 0.037109375,
      "32": 0.0263671875,
      "70": 0.001953125,
      "0": 0.5810546875,
      "65": 0.001953125,
      "7": 0.001953125,
      "48": 0.0146484375,
      "24": 0.0166015625,
      "16": 0.01953125,
      "42": 0.0009765625,
      "1": 0.03515625,
      "49": 0.001953125,
      "64": 0.0048828125,
      "6": 0.0302734375,
      "51": 0.0009765625,
      "66": 0.0009765625,
      "4": 0.0576171875,
      "68": 0.0009765625,
      "2": 0.0537109375,
      "28": 0.00390625,
      "46": 0.0009765625,
      "67": 0.0009765625,
      "5": 0.0009765625,
      "50": 0.0048828125,
      "44": 0.001953125,
      "3": 0.02734375,
      "72": 0.001953125,
      "35": 0.0029296875,
      "12": 0.01953125,
      "9": 0.001953125,
      "36": 0.00390625,
      "13": 0.0009765625,
      "20": 0.0029296875,
      "19": 0.0009765625,
      "96": 0.0078125,
      "34": 0.001953125,
      "76": 0.0029296875,
      "14": 0.0029296875,
      "27": 0.0009765625,
      "108": 0.0009765625,
      "18": 0.001953125,
      "23": 0.0009765625,
      "100": 0.001953125,
      "26": 0.0009765625,
      "56": 0.001953125,
      "73": 0.0009765625,
      "38": 0.001953125,
      "33": 0.0009765625,
      "10": 0.001953125,
      "25": 0.0009765625,
      "97": 0.0009765625,
      "17": 0.0009765625,
      "99": 0.0009765625
    }
  }
}