{
  "laps": {
    "01_setup": 1.295828,
    "03_transpile": 0.06119,
    "04_submit": 0.000768,
    "05_run": 0.754696,
    "06_collect": 0.000266,
    "total": 2.112748
  },
  "meta": {
    "backend": "fake_sherbrooke",
    "n_qubits": 3,
    "depth_in": 19,
    "depth_transpiled": 30,
    "size_transpiled": 42,
    "quasi_dist": {
      "7": 0.46484375,
      "0": 0.5048828125,
      "1": 0.001953125,
      "5": 0.0068359375,
      "6": 0.0087890625,
      "3": 0.00390625,
      "4": 0.0029296875,
      "2": 0.005859375
    }
  }
}