{
  "01_setup": 7.035153,
  "02_cache_search": 0.003695,
  "03_transpile": 0.435202,
  "07_cache_write": 0.426933,
  "04_submit": 0.016388,
  "05_run": 3.138978,
  "06_collect": 0.005247,
  "total": 11.061596
}