{
  "01_setup": 7.095367,
  "02_cache_search": 0.005114,
  "03_transpile": 8.920569,
  "07_cache_write": 0.219069,
  "04_submit": 0.090001,
  "05_run": 3.303166,
  "06_collect": 0.016222,
  "total": 19.649508
}