{
  "laps": {
    "01_setup": 1.470512,
    "03_transpile": 0.108172,
    "04_submit": 0.001674,
    "05_run": 0.650035,
    "06_collect": 0.000452,
    "total": 2.230845
  },
  "meta": {
    "backend": "fake_sherbrooke",
    "n_qubits": 6,
    "depth_in": 38,
    "depth_transpiled": 61,
    "size_transpiled": 96,
    "quasi_dist": {
      "55": 0.0048828125,
      "0": 0.4560546875,
      "1": 0.0029296875,
      "10": 0.0009765625,
      "63": 0.45703125,
      "60": 0.005859375,
      "43": 0.0009765625,
      "2": 0.005859375,
      "15": 0.0029296875,
      "47": 0.0078125,
      "3": 0.0009765625,
      "32": 0.00390625,
      "61": 0.0048828125,
      "16": 0.0048828125,
      "4": 0.0068359375,
      "8": 0.0048828125,
      "59": 0.009765625,
      "31": 0.001953125,
      "48": 0.0009765625,
      "7": 0.0048828125,
      "56": 0.0048828125,
      "18": 0.0009765625,
      "62": 0.0029296875,
      "39": 0.0009765625,
      "46": 0.0009765625
    }
  }
}