{
  "laps": {
    "01_setup": 1.363787,
    "02_cache_search": 0.00067,
    "04_submit": 0.002676,
    "05_run": 0.599462,
    "06_collect": 0.000807,
    "total": 1.967402
  },
  "meta": {
    "backend": "fake_sherbrooke",
    "n_qubits": 6,
    "depth_in": 36,
    "depth_transpiled": 119,
    "size_transpiled": 431,
    "quasi_dist": {
      "28": 0.052734375,
      "58": 0.01171875,
      "38": 0.0048828125,
      "15": 0.0576171875,
      "30": 0.0302734375,
      "24": 0.0224609375,
      "10": 0.013671875,
      "33": 0.0048828125,
      "63": 0.01171875,
      "31": 0.0263671875,
      "55": 0.01171875,
      "0": 0.1220703125,
      "32": 0.021484375,
      "61": 0.005859375,
      "35": 0.005859375,
      "12": 0.025390625,
      "49": 0.0068359375,
      "47": 0.015625,
      "6": 0.02734375,
      "57": 0.0146484375,
      "36": 0.0009765625,
      "13": 0.0107421875,
      "60": 0.0361328125,
      "39": 0.0078125,
      "37": 0.001953125,
      "59": 0.0048828125,
      "14": 0.0341796875,
      "43": 0.0048828125,
      "53": 0.0009765625,
      "2": 0.0166015625,
      "56": 0.0634765625,
      "48": 0.033203125,
      "7": 0.0205078125,
      "16": 0.025390625,
      "19": 0.015625,
      "44": 0.001953125,
      "52": 0.00390625,
      "3": 0.0234375,
      "22": 0.0048828125,
      "23": 0.00390625,
      "11": 0.0078125,
      "34": 0.0029296875,
      "62": 0.0224609375,
      "42": 0.00390625,
      "1": 0.0224609375,
      "54": 0.0078125,
      "29": 0.009765625,
      "40": 0.01171875,
      "45": 0.0009765625,
      "51": 0.0087890625,
      "4": 0.0068359375,
      "26": 0.0087890625,
      "50": 0.001953125,
      "5": 0.009765625,
      "46": 0.0048828125,
      "8": 0.017578125,
      "25": 0.009765625,
      "20": 0.0126953125,
      "17": 0.0078125,
      "27": 0.001953125,
      "18": 0.0029296875,
      "9": 0.005859375,
      "21": 0.0009765625,
      "41": 0.0009765625
    }
  }
}