{
  "01_setup": 6.80998,
  "02_cache_search": 0.00281,
  "03_transpile": 2.222662,
  "07_cache_write": 0.007116,
  "04_submit": 0.016844,
  "05_run": 2.923115,
  "06_collect": 0.004046,
  "total": 11.986573
}