{
  "laps": {
    "01_setup": 1.212936,
    "03_transpile": 0.583888,
    "04_submit": 0.002278,
    "05_run": 0.581294,
    "06_collect": 0.000562,
    "total": 2.380958
  },
  "meta": {
    "backend": "fake_sherbrooke",
    "n_qubits": 3,
    "depth_in": 34,
    "depth_transpiled": 201,
    "size_transpiled": 283,
    "quasi_dist": {
      "4": 0.1220703125,
      "3": 0.1298828125,
      "5": 0.1162109375,
      "6": 0.126953125,
      "2": 0.125,
      "7": 0.1181640625,
      "1": 0.1298828125,
      "0": 0.1318359375
    }
  }
}