{
  "laps": {
    "01_setup": 1.258211,
    "03_transpile": 0.172597,
    "04_submit": 0.000895,
    "05_run": 0.523334,
    "06_collect": 0.000163,
    "total": 1.9552
  },
  "meta": {
    "backend": "fake_sherbrooke",
    "n_qubits": 6,
    "depth_in": 10,
    "depth_transpiled": 16,
    "size_transpiled": 40,
    "quasi_dist": {
      "32": 0.0009765625,
      "55": 0.001953125,
      "0": 0.4853515625,
      "1": 0.00390625,
      "63": 0.462890625,
      "61": 0.00390625,
      "2": 0.00390625,
      "47": 0.0029296875,
      "48": 0.001953125,
      "7": 0.001953125,
      "3": 0.001953125,
      "18": 0.0009765625,
      "4": 0.005859375,
      "31": 0.0029296875,
      "8": 0.00390625,
      "15": 0.0029296875,
      "16": 0.0029296875,
      "62": 0.0048828125,
      "60": 0.0009765625,
      "59": 0.0009765625,
      "5": 0.0009765625,
      "56": 0.0009765625
    }
  }
}