{
  "laps": {
    "01_setup": 1.347933,
    "03_transpile": 0.084867,
    "04_submit": 0.001095,
    "05_run": 0.638602,
    "06_collect": 0.000208,
    "total": 2.072705
  },
  "meta": {
    "backend": "fake_sherbrooke",
    "n_qubits": 3,
    "depth_in": 17,
    "depth_transpiled": 34,
    "size_transpiled": 75,
    "quasi_dist": {
      "2": 0.0712890625,
      "5": 0.048828125,
      "1": 0.1025390625,
      "3": 0.1455078125,
      "6": 0.1181640625,
      "0": 0.4140625,
      "7": 0.021484375,
      "4": 0.078125
    }
  }
}