{
  "laps": {
    "01_setup": 1.251338,
    "02_cache_search": 0.000595,
    "04_submit": 0.001877,
    "05_run": 0.667473,
    "06_collect": 0.000438,
    "total": 1.921721
  },
  "meta": {
    "backend": "fake_sherbrooke",
    "n_qubits": 3,
    "depth_in": 15,
    "depth_transpiled": 210,
    "size_transpiled": 263,
    "quasi_dist": {
      "0": 0.8271484375,
      "6": 0.0166015625,
      "2": 0.02734375,
      "3": 0.02734375,
      "4": 0.041015625,
      "1": 0.02734375,
      "7": 0.013671875,
      "5": 0.01953125
    }
  }
}