{
  "laps": {
    "01_setup": 1.346991,
    "03_transpile": 0.368369,
    "04_submit": 0.001752,
    "05_run": 0.570928,
    "06_collect": 0.000544,
    "total": 2.288584
  },
  "meta": {
    "backend": "fake_sherbrooke",
    "n_qubits": 3,
    "depth_in": 65,
    "depth_transpiled": 118,
    "size_transpiled": 255,
    "quasi_dist": {
      "0": 0.64453125,
      "6": 0.0888671875,
      "2": 0.0625,
      "3": 0.05859375,
      "5": 0.013671875,
      "4": 0.0283203125,
      "7": 0.03125,
      "1": 0.072265625
    }
  }
}