{
  "01_setup": 7.838397,
  "03_transpile": 1.458469,
  "04_submit": 0.017023,
  "05_run": 3.004656,
  "06_collect": 0.006325,
  "total": 12.32487
}