{
  "laps": {
    "01_setup": 1.465699,
    "02_cache_search": 0.000398,
    "03_transpile": 0.101583,
    "07_cache_write": 0.047958,
    "04_submit": 0.001219,
    "05_run": 0.571457,
    "06_collect": 0.000309,
    "total": 2.188623
  },
  "meta": {
    "backend": "fake_sherbrooke",
    "n_qubits": 6,
    "depth_in": 22,
    "depth_transpiled": 45,
    "size_transpiled": 80,
    "quasi_dist": {
      "16": 0.00390625,
      "63": 0.4560546875,
      "55": 0.00390625,
      "0": 0.4580078125,
      "62": 0.00390625,
      "7": 0.0126953125,
      "56": 0.0078125,
      "57": 0.0009765625,
      "60": 0.0048828125,
      "15": 0.0009765625,
      "1": 0.0068359375,
      "59": 0.0029296875,
      "61": 0.0048828125,
      "12": 0.0009765625,
      "4": 0.0048828125,
      "47": 0.005859375,
      "50": 0.0009765625,
      "46": 0.001953125,
      "8": 0.0068359375,
      "2": 0.0068359375,
      "31": 0.0009765625,
      "3": 0.0009765625,
      "32": 0.0009765625,
      "23": 0.0009765625
    }
  }
}