{
  "laps": {
    "01_setup": 1.476473,
    "03_transpile": 0.766118,
    "04_submit": 0.003454,
    "05_run": 0.645921,
    "06_collect": 0.000929,
    "total": 2.892895
  },
  "meta": {
    "backend": "fake_sherbrooke",
    "n_qubits": 3,
    "depth_in": 66,
    "depth_transpiled": 380,
    "size_transpiled": 549,
    "quasi_dist": {
      "1": 0.1337890625,
      "3": 0.1123046875,
      "5": 0.12890625,
      "0": 0.125,
      "6": 0.1240234375,
      "4": 0.1240234375,
      "2": 0.126953125,
      "7": 0.125
    }
  }
}