{
  "laps": {
    "01_setup": 1.288562,
    "02_cache_search": 0.000201,
    "03_transpile": 0.196424,
    "07_cache_write": 0.467121,
    "04_submit": 0.001473,
    "05_run": 0.657176,
    "06_collect": 0.000305,
    "total": 2.611262
  },
  "meta": {
    "backend": "fake_sherbrooke",
    "n_qubits": 7,
    "depth_in": 37,
    "depth_transpiled": 73,
    "size_transpiled": 117,
    "quasi_dist": {
      "8": 0.0146484375,
      "26": 0.0009765625,
      "0": 0.8935546875,
      "16": 0.0146484375,
      "1": 0.005859375,
      "24": 0.001953125,
      "3": 0.00390625,
      "2": 0.0166015625,
      "12": 0.01171875,
      "6": 0.00390625,
      "64": 0.0048828125,
      "96": 0.00390625,
      "4": 0.009765625,
      "32": 0.009765625,
      "10": 0.0009765625,
      "48": 0.001953125,
      "18": 0.0009765625
    }
  }
}