{
  "laps": {
    "01_setup": 1.319625,
    "02_cache_search": 0.000591,
    "03_transpile": 0.56033,
    "07_cache_write": 0.884484,
    "04_submit": 0.003126,
    "05_run": 0.444626,
    "06_collect": 0.000852,
    "total": 3.213634
  },
  "meta": {
    "backend": "fake_sherbrooke",
    "n_qubits": 7,
    "depth_in": 145,
    "depth_transpiled": 289,
    "size_transpiled": 447,
    "quasi_dist": {
      "0": 0.755859375,
      "8": 0.02734375,
      "4": 0.0244140625,
      "30": 0.0009765625,
      "96": 0.005859375,
      "48": 0.0185546875,
      "1": 0.0166015625,
      "24": 0.013671875,
      "64": 0.009765625,
      "49": 0.0009765625,
      "6": 0.0126953125,
      "68": 0.0009765625,
      "2": 0.0322265625,
      "16": 0.0224609375,
      "32": 0.0166015625,
      "12": 0.0185546875,
      "44": 0.001953125,
      "3": 0.0078125,
      "20": 0.0009765625,
      "14": 0.001953125,
      "100": 0.0009765625,
      "5": 0.0009765625,
      "50": 0.001953125,
      "13": 0.0009765625,
      "98": 0.0009765625,
      "18": 0.0009765625,
      "33": 0.0009765625,
      "56": 0.0009765625,
      "40": 0.0009765625
    }
  }
}