{
  "laps": {
    "01_setup": 1.767159,
    "02_cache_search": 0.000402,
    "04_submit": 0.003654,
    "05_run": 0.568858,
    "06_collect": 0.000826,
    "total": 2.340899
  },
  "meta": {
    "backend": "fake_sherbrooke",
    "n_qubits": 3,
    "depth_in": 27,
    "depth_transpiled": 438,
    "size_transpiled": 541,
    "quasi_dist": {
      "0": 0.6787109375,
      "3": 0.0400390625,
      "2": 0.05859375,
      "6": 0.0419921875,
      "1": 0.0439453125,
      "4": 0.0576171875,
      "7": 0.0341796875,
      "5": 0.044921875
    }
  }
}