{
  "laps": {
    "01_setup": 1.344251,
    "02_cache_search": 0.000981,
    "04_submit": 0.003275,
    "05_run": 0.836642,
    "06_collect": 0.000986,
    "total": 2.186135
  },
  "meta": {
    "backend": "fake_sherbrooke",
    "n_qubits": 3,
    "depth_in": 129,
    "depth_transpiled": 230,
    "size_transpiled": 495,
    "quasi_dist": {
      "6": 0.06640625,
      "0": 0.439453125,
      "2": 0.1494140625,
      "1": 0.125,
      "7": 0.0478515625,
      "3": 0.0810546875,
      "4": 0.0546875,
      "5": 0.0361328125
    }
  }
}