{
  "laps": {
    "01_setup": 1.291725,
    "02_cache_search": 0.000784,
    "04_submit": 0.002722,
    "05_run": 0.708319,
    "06_collect": 0.000876,
    "total": 2.004426
  },
  "meta": {
    "backend": "fake_sherbrooke",
    "n_qubits": 7,
    "depth_in": 145,
    "depth_transpiled": 289,
    "size_transpiled": 447,
    "quasi_dist": {
      "8": 0.02734375,
      "32": 0.0166015625,
      "0": 0.7587890625,
      "96": 0.0087890625,
      "24": 0.01953125,
      "1": 0.017578125,
      "16": 0.013671875,
      "68": 0.001953125,
      "2": 0.02734375,
      "7": 0.0009765625,
      "65": 0.0009765625,
      "48": 0.0078125,
      "35": 0.0009765625,
      "12": 0.017578125,
      "64": 0.0009765625,
      "6": 0.009765625,
      "69": 0.0009765625,
      "3": 0.015625,
      "4": 0.0322265625,
      "13": 0.0009765625,
      "36": 0.00390625,
      "15": 0.0009765625,
      "28": 0.0009765625,
      "18": 0.0009765625,
      "72": 0.0009765625,
      "120": 0.0009765625,
      "67": 0.0009765625,
      "5": 0.001953125,
      "50": 0.001953125,
      "97": 0.001953125,
      "108": 0.0009765625,
      "34": 0.0009765625,
      "10": 0.0009765625,
      "19": 0.0009765625
    }
  }
}