{
  "laps": {
    "01_setup": 1.283155,
    "03_transpile": 4.246014,
    "04_submit": 0.008882,
    "05_run": 0.860549,
    "06_collect": 0.002205,
    "total": 6.400805
  },
  "meta": {
    "backend": "fake_sherbrooke",
    "n_qubits": 6,
    "depth_in": 30,
    "depth_transpiled": 800,
    "size_transpiled": 1582,
    "quasi_dist": {
      "55": 0.001953125,
      "0": 0.2861328125,
      "16": 0.03515625,
      "54": 0.0029296875,
      "42": 0.009765625,
      "1": 0.044921875,
      "9": 0.01171875,
      "52": 0.001953125,
      "44": 0.0068359375,
      "3": 0.0322265625,
      "12": 0.0166015625,
      "61": 0.0078125,
      "35": 0.0146484375,
      "53": 0.0068359375,
      "43": 0.00390625,
      "2": 0.0380859375,
      "8": 0.0185546875,
      "62": 0.0068359375,
      "34": 0.005859375,
      "11": 0.0087890625,
      "29": 0.0087890625,
      "19": 0.0126953125,
      "10": 0.0068359375,
      "63": 0.01953125,
      "33": 0.01953125,
      "59": 0.00390625,
      "14": 0.0048828125,
      "37": 0.009765625,
      "49": 0.005859375,
      "47": 0.0107421875,
      "6": 0.01953125,
      "32": 0.02734375,
      "41": 0.0048828125,
      "26": 0.009765625,
      "48": 0.0048828125,
      "7": 0.01953125,
      "40": 0.0048828125,
      "46": 0.005859375,
      "50": 0.0068359375,
      "5": 0.0205078125,
      "31": 0.017578125,
      "38": 0.00390625,
      "58": 0.001953125,
      "15": 0.015625,
      "45": 0.0048828125,
      "51": 0.00390625,
      "4": 0.0302734375,
      "28": 0.009765625,
      "21": 0.0068359375,
      "17": 0.017578125,
      "30": 0.0126953125,
      "24": 0.0068359375,
      "60": 0.00390625,
      "36": 0.005859375,
      "13": 0.0078125,
      "57": 0.0068359375,
      "25": 0.01171875,
      "22": 0.0029296875,
      "23": 0.0107421875,
      "56": 0.0078125,
      "20": 0.005859375,
      "39": 0.0087890625,
      "27": 0.0029296875,
      "18": 0.0048828125
    }
  }
}