{
  "laps": {
    "01_setup": 1.757647,
    "02_cache_search": 0.000446,
    "04_submit": 0.001371,
    "05_run": 0.617641,
    "06_collect": 0.000168,
    "total": 2.377273
  },
  "meta": {
    "backend": "fake_sherbrooke",
    "n_qubits": 3,
    "depth_in": 11,
    "depth_transpiled": 22,
    "size_transpiled": 34,
    "quasi_dist": {
      "7": 0.490234375,
      "0": 0.4775390625,
      "6": 0.01171875,
      "5": 0.0107421875,
      "2": 0.005859375,
      "3": 0.0009765625,
      "4": 0.0009765625,
      "1": 0.001953125
    }
  }
}