{
  "laps": {
    "01_setup": 1.345874,
    "02_cache_search": 0.000117,
    "04_submit": 0.000848,
    "05_run": 0.573228,
    "06_collect": 0.000138,
    "total": 1.920205
  },
  "meta": {
    "backend": "fake_sherbrooke",
    "n_qubits": 3,
    "depth_in": 13,
    "depth_transpiled": 29,
    "size_transpiled": 35,
    "quasi_dist": {
      "0": 0.9560546875,
      "1": 0.015625,
      "2": 0.0107421875,
      "4": 0.005859375,
      "6": 0.0068359375,
      "3": 0.00390625,
      "5": 0.0009765625
    }
  }
}