{
  "01_setup": 7.512029,
  "03_transpile": 40.443539,
  "04_submit": 0.086052,
  "05_run": 4.309372,
  "06_collect": 0.019237,
  "total": 52.370229
}