{
  "01_setup": 6.993702,
  "02_cache_search": 0.017246,
  "03_transpile": 34.376842,
  "07_cache_write": 0.129684,
  "04_submit": 0.650424,
  "05_run": 5.741722,
  "06_collect": 0.070161,
  "total": 47.979781
}