{
  "01_setup": 7.09458,
  "03_transpile": 5.53776,
  "04_submit": 0.027205,
  "05_run": 3.569848,
  "06_collect": 0.008749,
  "total": 16.238142
}