{
  "01_setup": 9.130837,
  "03_transpile": 0.383472,
  "04_submit": 0.007069,
  "05_run": 4.033118,
  "06_collect": 0.00169,
  "total": 13.556186
}