{
  "01_setup": 6.649642,
  "03_transpile": 1.075951,
  "04_submit": 0.007122,
  "05_run": 4.806362,
  "06_collect": 0.001665,
  "total": 12.540742
}