{
  "laps": {
    "01_setup": 1.306888,
    "02_cache_search": 0.000289,
    "04_submit": 0.000779,
    "05_run": 0.621913,
    "06_collect": 0.000115,
    "total": 1.929984
  },
  "meta": {
    "backend": "fake_sherbrooke",
    "n_qubits": 3,
    "depth_in": 4,
    "depth_transpiled": 16,
    "size_transpiled": 30,
    "quasi_dist": {
      "0": 0.5078125,
      "7": 0.470703125,
      "1": 0.0068359375,
      "6": 0.0029296875,
      "3": 0.0029296875,
      "4": 0.00390625,
      "5": 0.001953125,
      "2": 0.0029296875
    }
  }
}