{
  "laps": {
    "01_setup": 1.43066,
    "03_transpile": 0.317802,
    "04_submit": 0.003307,
    "05_run": 0.911521,
    "06_collect": 0.000481,
    "total": 2.663771
  },
  "meta": {
    "backend": "fake_sherbrooke",
    "n_qubits": 3,
    "depth_in": 33,
    "depth_transpiled": 101,
    "size_transpiled": 167,
    "quasi_dist": {
      "1": 0.146484375,
      "5": 0.0966796875,
      "7": 0.07421875,
      "0": 0.1416015625,
      "2": 0.1484375,
      "4": 0.1064453125,
      "6": 0.12109375,
      "3": 0.1650390625
    }
  }
}