{
  "laps": {
    "01_setup": 1.33648,
    "02_cache_search": 0.000671,
    "04_submit": 0.001123,
    "05_run": 0.638128,
    "06_collect": 0.000176,
    "total": 1.976578
  },
  "meta": {
    "backend": "fake_sherbrooke",
    "n_qubits": 6,
    "depth_in": 7,
    "depth_transpiled": 34,
    "size_transpiled": 69,
    "quasi_dist": {
      "63": 0.4853515625,
      "8": 0.00390625,
      "32": 0.0048828125,
      "55": 0.001953125,
      "0": 0.4580078125,
      "4": 0.00390625,
      "3": 0.0009765625,
      "62": 0.01171875,
      "48": 0.0009765625,
      "61": 0.001953125,
      "13": 0.0009765625,
      "60": 0.0029296875,
      "59": 0.0048828125,
      "56": 0.00390625,
      "16": 0.0009765625,
      "2": 0.00390625,
      "47": 0.0029296875,
      "31": 0.0009765625,
      "15": 0.001953125,
      "1": 0.0029296875
    }
  }
}