{
  "01_setup": 7.090199,
  "02_cache_search": 0.004207,
  "03_transpile": 0.21623,
  "07_cache_write": 0.216625,
  "04_submit": 0.009992,
  "05_run": 3.34057,
  "06_collect": 0.002974,
  "total": 10.880797
}