{
  "laps": {
    "01_setup": 1.343138,
    "03_transpile": 0.145583,
    "04_submit": 0.000853,
    "05_run": 0.632148,
    "06_collect": 0.000172,
    "total": 2.121894
  },
  "meta": {
    "backend": "fake_sherbrooke",
    "n_qubits": 3,
    "depth_in": 6,
    "depth_transpiled": 43,
    "size_transpiled": 67,
    "quasi_dist": {
      "0": 0.130859375,
      "2": 0.1103515625,
      "7": 0.126953125,
      "4": 0.138671875,
      "6": 0.126953125,
      "3": 0.1015625,
      "5": 0.1318359375,
      "1": 0.1328125
    }
  }
}