{
  "laps": {
    "01_setup": 1.396755,
    "03_transpile": 0.638024,
    "04_submit": 0.003126,
    "05_run": 0.651213,
    "06_collect": 0.001062,
    "total": 2.69018
  },
  "meta": {
    "backend": "fake_sherbrooke",
    "n_qubits": 3,
    "depth_in": 193,
    "depth_transpiled": 449,
    "size_transpiled": 515,
    "quasi_dist": {
      "0": 0.767578125,
      "4": 0.03125,
      "2": 0.0927734375,
      "3": 0.05078125,
      "1": 0.0283203125,
      "7": 0.0029296875,
      "6": 0.0244140625,
      "5": 0.001953125
    }
  }
}