{
  "laps": {
    "01_setup": 1.247765,
    "03_transpile": 1.615483,
    "04_submit": 0.005825,
    "05_run": 0.62026,
    "06_collect": 0.001779,
    "total": 3.491112
  },
  "meta": {
    "backend": "fake_sherbrooke",
    "n_qubits": 3,
    "depth_in": 130,
    "depth_transpiled": 788,
    "size_transpiled": 1077,
    "quasi_dist": {
      "3": 0.125,
      "7": 0.130859375,
      "5": 0.126953125,
      "4": 0.09765625,
      "1": 0.1201171875,
      "0": 0.1279296875,
      "6": 0.1416015625,
      "2": 0.1298828125
    }
  }
}