{
  "laps": {
    "01_setup": 1.413002,
    "02_cache_search": 0.000736,
    "04_submit": 0.003166,
    "05_run": 0.623922,
    "06_collect": 0.001054,
    "total": 2.04188
  },
  "meta": {
    "backend": "fake_sherbrooke",
    "n_qubits": 3,
    "depth_in": 193,
    "depth_transpiled": 449,
    "size_transpiled": 515,
    "quasi_dist": {
      "0": 0.771484375,
      "2": 0.0810546875,
      "1": 0.0361328125,
      "6": 0.0380859375,
      "4": 0.0361328125,
      "3": 0.0322265625,
      "5": 0.0029296875,
      "7": 0.001953125
    }
  }
}