{
  "01_setup": 7.103429,
  "02_cache_search": 0.001859,
  "03_transpile": 0.045559,
  "07_cache_write": 0.023464,
  "04_submit": 0.005137,
  "05_run": 3.295743,
  "06_collect": 0.001049,
  "total": 10.47624
}