{
  "laps": {
    "01_setup": 1.411139,
    "02_cache_search": 0.000611,
    "03_transpile": 2.163672,
    "07_cache_write": 0.047579,
    "04_submit": 0.005846,
    "05_run": 0.646095,
    "06_collect": 0.001651,
    "total": 4.276593
  },
  "meta": {
    "backend": "fake_sherbrooke",
    "n_qubits": 3,
    "depth_in": 51,
    "depth_transpiled": 871,
    "size_transpiled": 1122,
    "quasi_dist": {
      "0": 0.5126953125,
      "2": 0.083984375,
      "1": 0.0810546875,
      "4": 0.0771484375,
      "7": 0.046875,
      "6": 0.072265625,
      "3": 0.0703125,
      "5": 0.0556640625
    }
  }
}