{
  "laps": {
    "01_setup": 1.380561,
    "02_cache_search": 0.000983,
    "04_submit": 0.00297,
    "05_run": 0.616669,
    "06_collect": 0.001003,
    "total": 2.002186
  },
  "meta": {
    "backend": "fake_sherbrooke",
    "n_qubits": 3,
    "depth_in": 129,
    "depth_transpiled": 230,
    "size_transpiled": 495,
    "quasi_dist": {
      "2": 0.16796875,
      "1": 0.1484375,
      "0": 0.3984375,
      "3": 0.0810546875,
      "5": 0.033203125,
      "6": 0.0732421875,
      "4": 0.052734375,
      "7": 0.044921875
    }
  }
}