{
  "01_setup": 5.373872,
  "03_transpile": 4327.473704,
  "04_submit": 33.881175,
  "05_run": 13337.935526,
  "06_collect": 3.058333,
  "total": 17707.72261
}