{
  "laps": {
    "01_setup": 1.350583,
    "03_transpile": 3.106404,
    "04_submit": 0.011035,
    "05_run": 0.687926,
    "06_collect": 0.00321,
    "total": 5.159158
  },
  "meta": {
    "backend": "fake_sherbrooke",
    "n_qubits": 3,
    "depth_in": 99,
    "depth_transpiled": 1735,
    "size_transpiled": 2234,
    "quasi_dist": {
      "7": 0.0927734375,
      "0": 0.2763671875,
      "1": 0.1083984375,
      "3": 0.115234375,
      "4": 0.09765625,
      "5": 0.095703125,
      "6": 0.0947265625,
      "2": 0.119140625
    }
  }
}