{
  "01_setup": 6.666288,
  "03_transpile": 1.745017,
  "04_submit": 0.010235,
  "05_run": 3.39883,
  "06_collect": 0.002403,
  "total": 11.822773
}