{
  "laps": {
    "01_setup": 1.358979,
    "02_cache_search": 0.000188,
    "03_transpile": 2.612536,
    "07_cache_write": 0.388648,
    "04_submit": 0.010417,
    "05_run": 0.632565,
    "06_collect": 0.002461,
    "total": 5.005794
  },
  "meta": {
    "backend": "fake_sherbrooke",
    "n_qubits": 3,
    "depth_in": 33,
    "depth_transpiled": 1130,
    "size_transpiled": 1838,
    "quasi_dist": {
      "5": 0.1005859375,
      "6": 0.0712890625,
      "2": 0.1611328125,
      "0": 0.2783203125,
      "4": 0.0771484375,
      "1": 0.0986328125,
      "7": 0.1064453125,
      "3": 0.1064453125
    }
  }
}