{
  "laps": {
    "01_setup": 1.643606,
    "03_transpile": 0.561654,
    "04_submit": 0.003318,
    "05_run": 0.620571,
    "06_collect": 0.00066,
    "total": 2.829809
  },
  "meta": {
    "backend": "fake_sherbrooke",
    "n_qubits": 3,
    "depth_in": 65,
    "depth_transpiled": 118,
    "size_transpiled": 255,
    "quasi_dist": {
      "0": 0.634765625,
      "6": 0.1025390625,
      "1": 0.07421875,
      "7": 0.0322265625,
      "2": 0.056640625,
      "3": 0.0546875,
      "5": 0.0185546875,
      "4": 0.0263671875
    }
  }
}