{
  "01_setup": 7.362596,
  "03_transpile": 0.426633,
  "04_submit": 0.004452,
  "05_run": 3.132337,
  "06_collect": 0.000962,
  "total": 10.92698
}