{
  "01_setup": 6.500291,
  "03_transpile": 7.635763,
  "04_submit": 0.015446,
  "05_run": 3.32011,
  "06_collect": 0.003889,
  "total": 17.475499
}