{
  "laps": {
    "01_setup": 1.206936,
    "03_transpile": 0.387151,
    "04_submit": 0.001908,
    "05_run": 0.75939,
    "06_collect": 0.000508,
    "total": 2.355893
  },
  "meta": {
    "backend": "fake_sherbrooke",
    "n_qubits": 3,
    "depth_in": 34,
    "depth_transpiled": 201,
    "size_transpiled": 283,
    "quasi_dist": {
      "7": 0.1220703125,
      "4": 0.1279296875,
      "3": 0.1259765625,
      "2": 0.1083984375,
      "1": 0.1181640625,
      "6": 0.142578125,
      "5": 0.134765625,
      "0": 0.1201171875
    }
  }
}