{
  "01_setup": 8.048428,
  "02_cache_search": 0.101734,
  "03_transpile": 273.325094,
  "07_cache_write": 12.13225,
  "04_submit": 3.059018,
  "05_run": 113.589523,
  "06_collect": 0.196117,
  "total": 410.452164
}