{
  "laps": {
    "01_setup": 1.669464,
    "02_cache_search": 0.000542,
    "03_transpile": 0.117265,
    "07_cache_write": 0.040093,
    "04_submit": 0.00136,
    "05_run": 0.819181,
    "06_collect": 0.001103,
    "total": 2.649008
  },
  "meta": {
    "backend": "fake_sherbrooke",
    "n_qubits": 3,
    "depth_in": 11,
    "depth_transpiled": 22,
    "size_transpiled": 34,
    "quasi_dist": {
      "7": 0.4951171875,
      "0": 0.46875,
      "5": 0.0068359375,
      "3": 0.001953125,
      "2": 0.01171875,
      "1": 0.0068359375,
      "6": 0.0068359375,
      "4": 0.001953125
    }
  }
}