{
  "laps": {
    "01_setup": 1.324919,
    "03_transpile": 0.186415,
    "04_submit": 0.001624,
    "05_run": 0.662276,
    "06_collect": 0.000304,
    "total": 2.175538
  },
  "meta": {
    "backend": "fake_sherbrooke",
    "n_qubits": 7,
    "depth_in": 37,
    "depth_transpiled": 73,
    "size_transpiled": 117,
    "quasi_dist": {
      "8": 0.009765625,
      "0": 0.9150390625,
      "1": 0.009765625,
      "6": 0.001953125,
      "64": 0.001953125,
      "2": 0.0146484375,
      "48": 0.00390625,
      "96": 0.001953125,
      "4": 0.0068359375,
      "44": 0.0009765625,
      "3": 0.009765625,
      "16": 0.0068359375,
      "12": 0.00390625,
      "24": 0.00390625,
      "32": 0.0078125,
      "26": 0.0009765625
    }
  }
}