{
  "02a_tls_auth": 1.860101,
  "02b_backend_query": 0.251724,
  "03_transpile": 1.438866,
  "04_upload_to_cloud": 0.432522,
  "05_to_09_queue": 0.916692,
  "server_run": 3.035631,
  "downlink_return": -0.001032
}