size,method,e2e_latency,final_cache_size
100,FS+Pre+ttl+SE+ema,2.0022339000097418,38
100,FS,2.1178052999603096,45
100,PR,2.6705494999841903,26
100,FullCompilation,3.777358399984223,0
