{
  "01_bootstrap": 1.049183,
  "02a_tls_auth": 2.462698,
  "02b_backend_query": 0.223028,
  "03_transpile": 1.22542,
  "04_upload_to_cloud": 0.415579,
  "05_to_09_queue": 1.209673,
  "server_run": 34.902945,
  "downlink_return": -0.784001
}