{
  "N": 150,
  "T_end": 137.05435565731688,
  "bins_inter": 40,
  "ts": [
    1.3181999577785255,
    3.8572950433192847,
    4.042667175673378,
    5.540668102715058,
    6.406655283891075,
    9.021963288226145,
    10.186081306470587,
    11.281700750843354,
    12.39467691577987,
    12.439787410157022,
    13.588417591706055,
    14.63256374194675,
    14.76258740424419,
    15.875545398660552,
    17.64314630962917,
    17.76958203202902,
    18.32367127491723,
    19.72806572803733,
    20.08892778956611,
    22.293590489618747,
    22.691631070452033,
    22.903447991646985,
    23.593379683717856,
    23.772446312948095,
    24.148651471258407,
    24.457100385118014,
    26.489555553385262,
    28.14374489162476,
    33.1732723638955,
    33.664481873393456,
    34.62945281960446,
    34.77742891451306,
    35.004816111933344,
    36.61985549651434,
    37.77707360664614,
    37.959606883488355,
    38.79854383539588,
    39.40668139385686,
    41.91787244280359,
    42.11444558255574,
    42.825813658713734,
    43.641656714249635,
    43.725210395032384,
    47.441410411228254,
    47.545575964094716,
    48.05954444831149,
    52.12386729853882,
    53.46420271227483,
    54.390606887032384,
    54.56473362987982,
    55.75543120219114,
    57.7703602362735,
    59.113728299113276,
    61.75292290000849,
    64.39147741443595,
    70.86350620648156,
    70.92252652874996,
    71.83897703685697,
    72.63394356617363,
    72.94266785954962,
    73.47703596904229,
    76.81797798314346,
    79.85530178967495,
    80.63161271890903,
    83.23048849325713,
    83.86646716753792,
    85.24619789495453,
    85.53781260282868,
    85.74047880541511,
    86.26782913579594,
    86.47766874978687,
    86.99931527546224,
    88.3607867925094,
    88.9134979810708,
    90.51208009647637,
    92.72284604283506,
    93.20899277606516,
    93.34350594485984,
    93.38100182643863,
    94.6063831930564,
    94.90994931464377,
    95.84621541517926,
    96.69770641499592,
    96.96575132451026,
    101.2883516599587,
    102.15852709606914,
    103.01980843700909,
    103.23480394481737,
    103.727674067145,
    104.19382675119671,
    104.59648333236183,
    106.08597608541217,
    106.4868560724957,
    107.62696322304343,
    109.64245263692075,
    109.98465122478858,
    110.14140997671093,
    110.32871039175022,
    110.5587057643784,
    111.51797243728397,
    111.66057172493356,
    112.73052993274537,
    113.30146709458981,
    113.74216822035217,
    114.91927294998352,
    115.5949284193991,
    116.39759679229248,
    116.49493503514155,
    116.82126759954751,
    116.87845851507049,
    117.28773316934948,
    117.30644291918648,
    117.76803168122942,
    118.81623295054348,
    119.84367790685701,
    120.00717976847093,
    120.09912913243015,
    120.35301368796212,
    120.5158366896683,
    121.37504795206789,
    121.472252358385,
    122.5618313812962,
    122.8968179149075,
    124.28099309387237,
    124.91417539763833,
    124.97391630419548,
    126.36497173940737,
    127.42054910218611,
    127.6505205902119,
    127.72238518839448,
    127.72646310157343,
    128.4502592325869,
    128.7938359556574,
    129.28357733964577,
    129.90991411746364,
    131.13365084453193,
    131.18231495791667,
    131.38071503318292,
    133.6832126957783,
    134.42688884684438,
    135.20589151594004,
    135.2241846063282,
    135.25999906219482,
    135.26177361241355,
    135.66910755747153,
    135.78152618937455,
    136.0869567654888,
    136.4647628217624,
    136.63448906119552,
    137.05435565731688
  ],
  "inter": [
    2.539095085540759,
    0.1853721323540931,
    1.49800092704168,
    0.8659871811760169,
    2.61530800433507,
    1.1641180182444426,
    1.0956194443727671,
    1.1129761649365157,
    0.045110494377151866,
    1.1486301815490325,
    1.044146150240696,
    0.13002366229743956,
    1.1129579944163623,
    1.7676009109686177,
    0.1264357223998509,
    0.5540892428882103,
    1.4043944531200978,
    0.3608620615287812,
    2.204662700052637,
    0.3980405808332854,
    0.2118169211949521,
    0.6899316920708713,
    0.1790666292302383,
    0.376205158310313,
    0.30844891385960693,
    2.032455168267248,
    1.6541893382394974,
    5.02952747227074,
    0.4912095094979563,
    0.9649709462110039,
    0.14797609490859998,
    0.2273871974202848,
    1.6150393845809958,
    1.1572181101318009,
    0.18253327684221432,
    0.8389369519075274,
    0.6081375584609745,
    2.511191048946735,
    0.19657313975214663,
    0.7113680761579957,
    0.8158430555359004,
    0.0835536807827495,
    3.71620001619587,
    0.10416555286646201,
    0.5139684842167753,
    4.064322850227327,
    1.340335413736014,
    0.9264041747575504,
    0.17412674284743446,
    1.190697572311322,
    2.014929034082357,
    1.3433680628397795,
    2.639194600895216,
    2.6385545144274616,
    6.472028792045606,
    0.059020322268395375,
    0.9164505081070189,
    0.7949665293166532,
    0.30872429337598817,
    0.5343681094926751,
    3.3409420141011736,
    3.0373238065314894,
    0.7763109292340715,
    2.5988757743481017,
    0.6359786742807927,
    1.3797307274166144,
    0.291614707874146,
    0.2026662025864283,
    0.5273503303808269,
    0.20983961399093687,
    0.5216465256753651,
    1.361471517047164,
    0.5527111885614033,
    1.5985821154055628,
    2.2107659463586913,
    0.4861467332301004,
    0.13451316879468322,
    0.03749588157879202,
    1.2253813666177678,
    0.30356612158736596,
    0.9362661005354909,
    0.8514909998166615,
    0.26804490951434445,
    4.322600335448442,
    0.8701754361104292,
    0.8612813409399536,
    0.21499550780828258,
    0.4928701223276306,
    0.46615268405170696,
    0.40265658116511815,
    1.4894927530503423,
    0.40087998708352757,
    1.1401071505477347,
    2.0154894138773187,
    0.3421985878678271,
    0.15675875192235367,
    0.18730041503928874,
    0.22999537262818137,
    0.9592666729055708,
    0.1425992876495883,
    1.0699582078118084,
    0.5709371618444408,
    0.4407011257623594,
    1.1771047296313526,
    0.6756554694155739,
    0.802668372893379,
    0.09733824284907655,
    0.32633256440595915,
    0.05719091552298039,
    0.40927465427898824,
    0.0187097498370008,
    0.4615887620429362,
    1.0482012693140632,
    1.0274449563135306,
    0.16350186161392344,
    0.09194936395921616,
    0.2538845555319682,
    0.1628230017061867,
    0.8592112623995831,
    0.09720440631711824,
    1.0895790229111952,
    0.3349865336112998,
    1.3841751789648669,
    0.6331823037659632,
    0.059740906557152584,
    1.3910554352118822,
    1.0555773627787488,
    0.22997148802578238,
    0.07186459818258584,
    0.004077913178946346,
    0.723796131013458,
    0.34357672307052667,
    0.48974138398835976,
    0.626336777817869,
    1.2237367270682853,
    0.04866411338474563,
    0.1984000752662496,
    2.3024976625953855,
    0.7436761510660688,
    0.7790026690956608,
    0.01829309038816973,
    0.035814455866614026,
    0.0017745502187267448,
    0.40733394505798515,
    0.1124186319030116,
    0.3054305761142473,
    0.37780605627361297,
    0.1697262394331176,
    0.41986659612135213
  ],