{
  "02a_tls_auth": 1.796431,
  "02b_backend_query": 0.34529,
  "03_transpile": 0.488922,
  "04_upload_to_cloud": 0.332474,
  "05_to_09_queue": 426.136646,
  "server_run": 2.619477,
  "downlink_return": -0.845945
}