{
  "sizes": [
    500
  ],
  "rounds": 5,
  "methods": [
    "FS+Pre+ttl+SE+ema",
    "FS+ttl+SE+ema",
    "FS+Pre",
    "FS",
    "NoCache"
  ],
  "interval_kind": "std",
  "aggregate": {
    "e2e_latency": {
      "FS+Pre+ttl+SE+ema": {
        "mean": [
          11.982959599997775
        ],
        "std": [
          4.608381235452682
        ],
        "min": [
          9.033094699987487
        ],
        "max": [
          20.092891699985557
        ]
      },
      "FS+ttl+SE+ema": {
        "mean": [
          14.965745980009341
        ],
        "std": [
          4.979421217631608
        ],
        "min": [
          11.085170700015624
        ],
        "max": [
          22.411689200008368
        ]
      },
      "FS+Pre": {
        "mean": [
          11.037050499999713
        ],
        "std": [
          3.913248593964795
        ],
        "min": [
          8.073779800016382
        ],
        "max": [
          17.685725800008186
        ]
      },
      "FS": {
        "mean": [
          13.072097359998589
        ],
        "std": [
          4.9914120970992695
        ],
        "min": [
          9.066331700010778
        ],
        "max": [
          18.91810440001791
        ]
      },
      "NoCache": {
        "mean": [
          39.08371197999914
        ],
        "std": [
          16.32436010361314
        ],
        "min": [
          26.42528470000616
        ],
        "max": [
          57.61471010000423
        ]
      }
    },
    "final_cache_size": {
      "FS+Pre+ttl+SE+ema": {
        "mean": [
          78.4
        ],
        "std": [
          2.073644135332772
        ],
        "min": [
          76.0
        ],
        "max": [
          81.0
        ]
      },
      "FS+ttl+SE+ema": {
        "mean": [
          70.2
        ],
        "std": [
          7.085195833567341
        ],
        "min": [
          62.0
        ],
        "max": [
          78.0
        ]
      },
      "FS+Pre": {
        "mean": [
          100.6
        ],
        "std": [
          3.9115214431215892
        ],
        "min": [
          96.0
        ],
        "max": [
          106.0
        ]
      },
      "FS": {
        "mean": [
          100.6
        ],
        "std": [
          3.9115214431215892
        ],
        "min": [
          96.0
        ],
        "max": [
          106.0
        ]
      },
      "NoCache": {
        "mean": [
          0.0
        ],
        "std": [
          0.0
        ],
        "min": [
          0.0
        ],
        "max": [
          0.0
        ]
      }
    },
    "final_hitrate": {
      "FS+Pre+ttl+SE+ema": {
        "mean": [
          0.7516
        ],
        "std": [
          0.007402702209328706
        ],
        "min": [
          0.74
        ],
        "max": [
          0.758
        ]
      },
      "FS+ttl+SE+ema": {
        "mean": [
          0.7376
        ],
        "std": [
          0.01203328716519307
        ],
        "min": [
          0.718
        ],
        "max": [
          0.75
        ]
      },
      "FS+Pre": {
        "mean": [
          0.8064
        ],
        "std": [
          0.0076681158050722975
        ],
        "min": [
          0.796
        ],
        "max": [
          0.816
        ]
      },
      "FS": {
        "mean": [
          0.7988
        ],
        "std": [
          0.007823042886243185
        ],
        "min": [
          0.788
        ],
        "max": [
          0.808
        ]
      },
      "NoCache": {
        "mean": [
          0.0
        ],
        "std": [
          0.0
        ],
        "min": [
          0.0
        ],
        "max": [
          0.0
        ]
      }
    }
  },
  "raw": {
    "e2e_latency": {
      "FS+Pre+ttl+SE+ema": [
        [
          11.26946180001869,
          9.033094699987487,
          9.558503300004304,
          9.96084649999284,
          20.092891699985557
        ]
      ],
      "FS+ttl+SE+ema": [
        [
          17.783208600008038,
          11.085170700015624,
          11.344651100013834,
          12.204010300000846,
          22.411689200008368
        ]
      ],
      "FS+Pre": [
        [
          10.840396299994609,
          8.073779800016382,
          8.257339799983129,
          10.328010799996264,
          17.685725800008186
        ]
      ],
      "FS": [
        [
          9.066331700010778,
          9.56295579998823,
          9.679956999990281,
          18.13313789998574,
          18.91810440001791
        ]
      ],
      "NoCache": [
        [
          27.19911699999375,
          26.42528470000616,
          27.894840399987515,
          56.28460770000402,
          57.61471010000423
        ]
      ]
    },
    "final_cache_size": {
      "FS+Pre+ttl+SE+ema": [
        [
          77,
          81,
          76,
          80,
          78
        ]
      ],
      "FS+ttl+SE+ema": [
        [
          64,
          78,
          71,
          76,
          62
        ]
      ],
      "FS+Pre": [
        [
          96,
          99,
          99,
          103,
          106
        ]
      ],
      "FS": [
        [
          96,
          99,
          99,
          103,
          106
        ]
      ],
      "NoCache": [
        [
          0,
          0,
          0,
          0,
          0
        ]
      ]
    },
    "final_hitrate": {
      "FS+Pre+ttl+SE+ema": [
        [
          0.758,
          0.75,
          0.758,
          0.752,
          0.74
        ]
      ],
      "FS+ttl+SE+ema": [
        [
          0.744,
          0.738,
          0.75,
          0.738,
          0.718
        ]
      ],
      "FS+Pre": [
        [
          0.816,
          0.81,
          0.808,
          0.802,
          0.796
        ]
      ],
      "FS": [
        [
          0.808,
          0.802,
          0.802,
          0.794,
          0.788
        ]
      ],
      "NoCache": [
        [
          0.0,
          0.0,
          0.0,
          0.0,
          0.0
        ]
      ]
    }
  },
  "config": {
    "q_list": [
      5,
      7,
      11,
      13,
      15,
      17
    ],
    "d_list": [
      2,
      4,
      6
    ],
    "shots": 256,
    "hot_fraction": 0.25,
    "hot_boost": 8.0,
    "rps": 1.0,
    "rng_seed_base": 123,
    "lookahead": 8.0,
    "prob_th": 0.45,
    "max_compile": 3,
    "sliding_window_sec": 60.0,
    "min_samples": 2,
    "prewarm_every": 5
  },
  "plots": {
    "latency_png": "figs\\v18\\plots\\scaling_e2e_latency_mean_interval.png",
    "cache_png": "figs\\v18\\plots\\scaling_final_cache_size_mean_interval.png",
    "hitrate_png": "figs\\v18\\plots\\scaling_final_hitrate_mean_interval.png",
    "scatter_png": "figs\\v18\\plots\\scaling_latency_vs_cache_scatter_all_rounds.png"
  }
}