{
  "sizes": [
    20,
    50
  ],
  "rounds": 5,
  "methods": [
    "FS+Pre+ttl+SE+ema",
    "FS+ttl+SE+ema",
    "FS+Pre",
    "FS",
    "NoCache"
  ],
  "interval_kind": "std",
  "aggregate": {
    "e2e_latency": {
      "FS+Pre+ttl+SE+ema": {
        "mean": [
          0.8346210000046994,
          2.0078930398856754
        ],
        "std": [
          0.1896868697289709,
          0.3375748400424641
        ],
        "min": [
          0.5554016999376472,
          1.6906166996923275
        ],
        "max": [
          0.9914578000025358,
          2.550425100082066
        ]
      },
      "FS+ttl+SE+ema": {
        "mean": [
          0.9835087400395424,
          2.2344626200501807
        ],
        "std": [
          0.1699569759094488,
          0.37566213616299526
        ],
        "min": [
          0.7845650002127513,
          1.8796338000393007
        ],
        "max": [
          1.2425835999601986,
          2.796582600043621
        ]
      },
      "FS+Pre": {
        "mean": [
          0.7759179200278595,
          1.8641154801181983
        ],
        "std": [
          0.1585555159226093,
          0.16656141515752554
        ],
        "min": [
          0.5435489000519738,
          1.7070552001241595
        ],
        "max": [
          0.9218778000504244,
          2.116312000231119
        ]
      },
      "FS": {
        "mean": [
          1.0131998599215877,
          2.119224039959954
        ],
        "std": [
          0.2116205805781931,
          0.18753056571665316
        ],
        "min": [
          0.699093499861192,
          1.8995823999866843
        ],
        "max": [
          1.2521680999197997,
          2.3494583000137936
        ]
      },
      "NoCache": {
        "mean": [
          1.1776481799490284,
          2.7907949999789707
        ],
        "std": [
          0.24377033149956037,
          0.22323354596691836
        ],
        "min": [
          0.804934599873377,
          2.5743982999119908
        ],
        "max": [
          1.3864520999777596,
          3.0659123999939766
        ]
      }
    },
    "final_cache_size": {
      "FS+Pre+ttl+SE+ema": {
        "mean": [
          16.2,
          31.0
        ],
        "std": [
          0.8366600265340756,
          2.23606797749979
        ],
        "min": [
          15.0,
          27.0
        ],
        "max": [
          17.0,
          32.0
        ]
      },
      "FS+ttl+SE+ema": {
        "mean": [
          16.2,
          31.0
        ],
        "std": [
          0.8366600265340756,
          2.23606797749979
        ],
        "min": [
          15.0,
          27.0
        ],
        "max": [
          17.0,
          32.0
        ]
      },
      "FS+Pre": {
        "mean": [
          16.2,
          33.6
        ],
        "std": [
          0.8366600265340756,
          2.6076809620810595
        ],
        "min": [
          15.0,
          29.0
        ],
        "max": [
          17.0,
          35.0
        ]
      },
      "FS": {
        "mean": [
          16.2,
          33.6
        ],
        "std": [
          0.8366600265340756,
          2.6076809620810595
        ],
        "min": [
          15.0,
          29.0
        ],
        "max": [
          17.0,
          35.0
        ]
      },
      "NoCache": {
        "mean": [
          0.0,
          0.0
        ],
        "std": [
          0.0,
          0.0
        ],
        "min": [
          0.0,
          0.0
        ],
        "max": [
          0.0,
          0.0
        ]
      }
    },
    "final_hitrate": {
      "FS+Pre+ttl+SE+ema": {
        "mean": [
          0.33999999999999997,
          0.368
        ],
        "std": [
          0.04183300132670379,
          0.05215361924162119
        ],
        "min": [
          0.3,
          0.34
        ],
        "max": [
          0.4,
          0.46
        ]
      },
      "FS+ttl+SE+ema": {
        "mean": [
          0.19,
          0.3
        ],
        "std": [
          0.041833001326703784,
          0.04472135954999579
        ],
        "min": [
          0.15,
          0.28
        ],
        "max": [
          0.25,
          0.38
        ]
      },
      "FS+Pre": {
        "mean": [
          0.33999999999999997,
          0.396
        ],
        "std": [
          0.04183300132670379,
          0.06066300355241241
        ],
        "min": [
          0.3,
          0.36
        ],
        "max": [
          0.4,
          0.5
        ]
      },
      "FS": {
        "mean": [
          0.19,
          0.32799999999999996
        ],
        "std": [
          0.041833001326703784,
          0.05215361924162119
        ],
        "min": [
          0.15,
          0.3
        ],
        "max": [
          0.25,
          0.42
        ]
      },
      "NoCache": {
        "mean": [
          0.0,
          0.0
        ],
        "std": [
          0.0,
          0.0
        ],
        "min": [
          0.0,
          0.0
        ],
        "max": [
          0.0,
          0.0
        ]
      }
    }
  },
  "raw": {
    "e2e_latency": {
      "FS+Pre+ttl+SE+ema": [
        [
          0.5554016999376472,
          0.9157687998958863,
          0.7249922001501545,
          0.9914578000025358,
          0.9854845000372734
        ],
        [
          1.6906166996923275,
          1.7889651998120826,
          1.9245033000188414,
          2.0849548998230603,
          2.550425100082066
        ]
      ],
      "FS+ttl+SE+ema": [
        [
          0.7845650002127513,
          0.9903846000961494,
          0.8927739000064321,
          1.0072365999221802,
          1.2425835999601986
        ],
        [
          1.985157999850344,
          2.0828854000137653,
          1.8796338000393007,
          2.796582600043621,
          2.4280533003038727
        ]
      ],
      "FS+Pre": [
        [
          0.5435489000519738,
          0.8849339999433141,
          0.6836214998911601,
          0.8456074002024252,
          0.9218778000504244
        ],
        [
          1.7070552001241595,
          1.7632415000116453,
          1.7879028001916595,
          2.116312000231119,
          1.9460659000324085
        ]
      ],
      "FS": [
        [
          0.699093499861192,
          1.1412117000145372,
          0.9339443999633659,
          1.0395815998490434,
          1.2521680999197997
        ],
        [
          1.8995823999866843,
          2.021599200059427,
          2.0484976998122875,
          2.3494583000137936,
          2.276982599927578
        ]
      ],
      "NoCache": [
        [
          0.804934599873377,
          1.2410946999152657,
          1.0760417999699712,
          1.3864520999777596,
          1.3797177000087686
        ],
        [
          2.5743982999119908,
          2.5951291999663226,
          2.738533000112511,
          2.9800020999100525,
          3.0659123999939766
        ]
      ]
    },
    "final_cache_size": {
      "FS+Pre+ttl+SE+ema": [
        [
          16,
          17,
          16,
          15,
          17
        ],
        [
          32,
          32,
          32,
          32,
          27
        ]
      ],
      "FS+ttl+SE+ema": [
        [
          16,
          17,
          16,
          15,
          17
        ],
        [
          32,
          32,
          32,
          32,
          27
        ]
      ],
      "FS+Pre": [
        [
          16,
          17,
          16,
          15,
          17
        ],
        [
          35,
          35,
          35,
          34,
          29
        ]
      ],
      "FS": [
        [
          16,
          17,
          16,
          15,
          17
        ],
        [
          35,
          35,
          35,
          34,
          29
        ]
      ],