{
  "01_bootstrap": 1.920771,
  "02a_tls_auth": 2.195255,
  "02b_backend_query": 0.260416,
  "03_transpile": 0.407668,
  "04_upload_to_cloud": 0.238024,
  "05_to_09_queue": 0.708137,
  "server_run": 3.369317,
  "downlink_return": -0.847948
}