size,method,e2e_latency,final_cache_size
150,FullComp,7.740860901074484,0
150,Braket,4.964594702236354,35
150,CCache,4.134134601568803,58
150,TransCache,3.212022997206077,49
