{
  "sizes": [
    200,
    250,
    400,
    500
  ],
  "rounds": 5,
  "methods": [
    "FS+Pre+ttl+SE+ema",
    "FS+ttl+SE+ema",
    "FS+Pre",
    "FS",
    "NoCache"
  ],
  "interval_kind": "std",
  "aggregate": {
    "e2e_latency": {
      "FS+Pre+ttl+SE+ema": {
        "mean": [
          2.63567305993638,
          2.98936146000633,
          3.7537131399556527,
          4.258954700134927
        ],
        "std": [
          0.34755025553863755,
          0.26899702460193187,
          0.2986070201093097,
          0.16221015797787836
        ],
        "min": [
          2.297576300072251,
          2.7387615000188816,
          3.4318747000652365,
          4.043243700056337
        ],
        "max": [
          3.128082199837081,
          3.358295799960615,
          4.206629200198222,
          4.47430320022977
        ]
      },
      "FS+ttl+SE+ema": {
        "mean": [
          2.993766519980272,
          3.1687052399269304,
          3.8663911799376365,
          4.357896019931649
        ],
        "std": [
          0.33734560374387573,
          0.30443874482394717,
          0.2759602639952653,
          0.5025428740132392
        ],
        "min": [
          2.5594238999765366,
          2.734819599922048,
          3.4349709997477476,
          3.9983471999585163
        ],
        "max": [
          3.2987405998865142,
          3.5372593000065535,
          4.157007999630878,
          5.230663699563593
        ]
      },
      "FS+Pre": {
        "mean": [
          2.3362404200132003,
          2.5263745599600953,
          3.164491460158024,
          3.4025749599735717
        ],
        "std": [
          0.3020543011229761,
          0.16940502584001046,
          0.1578453841732826,
          0.0835614039213274
        ],
        "min": [
          1.970626199792605,
          2.3317846998397727,
          2.886409400118282,
          3.2994024001818616
        ],
        "max": [
          2.768270799977472,
          2.7265472000290174,
          3.25566010014154,
          3.529274200060172
        ]
      },
      "FS": {
        "mean": [
          2.570724219887052,
          2.646709100075532,
          3.2755195800273214,
          3.718662819941528
        ],
        "std": [
          0.44662895226671606,
          0.2606210335666189,
          0.41909357876539827,
          0.3174290698157543
        ],
        "min": [
          2.147710999852279,
          2.3339953997638077,
          2.8471924001351,
          3.290683400176931
        ],
        "max": [
          3.332000100053847,
          3.015539900341537,
          3.7213897998444736,
          4.113902399782091
        ]
      },
      "NoCache": {
        "mean": [
          6.697062419913709,
          8.697370059904642,
          13.588705579785165,
          16.056425540102644
        ],
        "std": [
          0.7413780180093803,
          0.6069647961234184,
          0.8350129057061366,
          0.9791261986899955
        ],
        "min": [
          6.006167099723825,
          8.157780299865408,
          12.61999399974593,
          14.480427599570248
        ],
        "max": [
          7.723649399733404,
          9.4988948997634,
          14.814405800047098,
          17.100320100202225
        ]
      }
    },
    "final_cache_size": {
      "FS+Pre+ttl+SE+ema": {
        "mean": [
          62.2,
          63.8,
          73.8,
          78.8
        ],
        "std": [
          6.723094525588644,
          5.167204273105526,
          5.932958789676531,
          5.263078946776307
        ],
        "min": [
          56.0,
          61.0,
          66.0,
          75.0
        ],
        "max": [
          72.0,
          73.0,
          80.0,
          88.0
        ]
      },
      "FS+ttl+SE+ema": {
        "mean": [
          62.2,
          63.8,
          73.8,
          78.8
        ],
        "std": [
          6.723094525588644,
          5.167204273105526,
          5.932958789676531,
          5.263078946776307
        ],
        "min": [
          56.0,
          61.0,
          66.0,
          75.0
        ],
        "max": [
          72.0,
          73.0,
          80.0,
          88.0
        ]
      },
      "FS+Pre": {
        "mean": [
          71.0,
          77.2,
          95.0,
          102.8
        ],
        "std": [
          6.041522986797286,
          4.54972526643093,
          5.612486080160912,
          4.919349550499538
        ],
        "min": [
          65.0,
          74.0,
          89.0,
          98.0
        ],
        "max": [
          78.0,
          85.0,
          102.0,
          111.0
        ]
      },
      "FS": {
        "mean": [
          71.0,
          77.2,
          95.0,
          102.8
        ],
        "std": [
          6.041522986797286,
          4.54972526643093,
          5.612486080160912,
          4.919349550499538
        ],
        "min": [
          65.0,
          74.0,
          89.0,
          98.0
        ],
        "max": [
          78.0,
          85.0,
          102.0,
          111.0
        ]
      },
      "NoCache": {
        "mean": [
          0.0,
          0.0,
          0.0,
          0.0
        ],
        "std": [
          0.0,
          0.0,
          0.0,
          0.0
        ],
        "min": [
          0.0,
          0.0,
          0.0,
          0.0
        ],
        "max": [
          0.0,
          0.0,
          0.0,
          0.0
        ]
      }
    },
    "final_hitrate": {
      "FS+Pre+ttl+SE+ema": {
        "mean": [
          0.618,
          0.664,
          0.73,
          0.754
        ],
        "std": [
          0.03251922508301822,
          0.020396078054371155,
          0.015512092057488557,
          0.010295630140987009
        ],
        "min": [
          0.57,
          0.628,
          0.7125,
          0.736
        ],
        "max": [
          0.65,
          0.676,
          0.75,
          0.762
        ]
      },
      "FS+ttl+SE+ema": {
        "mean": [
          0.599,
          0.6488,
          0.7205,
          0.7464000000000001
        ],
        "std": [
          0.03361547262794321,
          0.020668817092422118,
          0.014832396974191328,
          0.010526157893552624
        ],
        "min": [
          0.55,
          0.612,
          0.705,
          0.728
        ],
        "max": [
          0.63,
          0.66,
          0.74,
          0.754
        ]
      },
      "FS+Pre": {
        "mean": [
          0.6639999999999999,
          0.7064,
          0.772,
          0.8020000000000002
        ],
        "std": [
          0.029025850547399954,
          0.018242806801586176,
          0.01483239697419135,
          0.009695359714832668
        ],
        "min": [
          0.63,
          0.676,
          0.7525,
          0.786
        ],
        "max": [
          0.695,
          0.72,
          0.7875,
          0.812
        ]
      },
      "FS": {
        "mean": [
          0.6450000000000001,
          0.6912,
          0.7625,
          0.7944000000000001
        ],
        "std": [
          0.03020761493398646,
          0.01819890106572369,
          0.014031215200402288,
          0.009838699100999083
        ],
        "min": [
          0.61,
          0.66,
          0.745,
          0.778
        ],
        "max": [
          0.675,
          0.704,
          0.7775,
          0.804
        ]
      },
      "NoCache": {
        "mean": [
          0.0,
          0.0,
          0.0,
          0.0
        ],
        "std": [
          0.0,
          0.0,
          0.0,
          0.0
        ],
        "min": [
          0.0,
          0.0,
          0.0,
          0.0
        ],
        "max": [
          0.0,
          0.0,
          0.0,
          0.0
        ]
      }
    }
  },