{
  "02a_tls_auth": 1.540919,
  "03_transpile": 0.804054,
  "04_submit": 0.267387,
  "05_09_prep": 0.3482,
  "10_11_bind_load": 1.394,
  "12_qpu_exec": 1.1229,
  "13_14_read_post": 0.2484,
  "total": 5.7259
}