{
  "02a_tls_auth": 1.717529,
  "03_transpile": 0.433611,
  "04_submit": 0.188846,
  "05_09_prep": 0.3726,
  "10_11_bind_load": 1.1424,
  "12_qpu_exec": 0.8154,
  "13_14_read_post": 0.2913,
  "total": 4.9617
}