{
  "02a_tls_auth": 1.494715,
  "03_transpile": 0.391951,
  "04_submit": 0.204049,
  "05_09_prep": 0.3791,
  "10_11_bind_load": 1.1471,
  "12_qpu_exec": 0.8148,
  "13_14_read_post": 0.3739,
  "total": 4.8056
}