{
  "02a_tls_auth": 1.66592,
  "03_transpile": 0.911827,
  "04_submit": 0.28085,
  "05_09_prep": 0.409,
  "10_11_bind_load": 1.3458,
  "12_qpu_exec": 1.1153,
  "13_14_read_post": 0.2568,
  "total": 5.9855
}