{
  "02a_tls_auth": 1.790374,
  "03_transpile": 0.002787,
  "04_submit": 0.405345,
  "05_09_prep": 0.4302,
  "10_11_bind_load": 1.1975,
  "12_qpu_exec": 0.8104,
  "13_14_read_post": 0.2224,
  "total": 4.859
}