{
  "02a_tls_auth": 1.440761,
  "03_transpile": 0.044348,
  "04_submit": 0.497476,
  "05_09_prep": 0.4123,
  "10_11_bind_load": 1.5135,
  "12_qpu_exec": 1.1165,
  "13_14_read_post": 0.2597,
  "total": 5.2846
}