{
  "02a_tls_auth": 1.56016,
  "03_transpile": 0.058963,
  "04_submit": 0.510253,
  "05_09_prep": 0.4285,
  "10_11_bind_load": 1.3269,
  "12_qpu_exec": 1.107,
  "13_14_read_post": 0.2769,
  "total": 5.2687
}