{
  "02a_tls_auth": 1.461911,
  "03_transpile": 1.019359,
  "04_submit": 0.251659,
  "05_09_prep": 0.6338,
  "10_11_bind_load": 1.2728,
  "12_qpu_exec": 1.1121,
  "13_14_read_post": 0.2204,
  "total": 5.972
}