{
  "02a_tls_auth": 1.37188,
  "03_transpile": 1.128437,
  "04_submit": 0.255547,
  "05_09_prep": 0.3659,
  "10_11_bind_load": 1.3913,
  "12_qpu_exec": 1.1252,
  "13_14_read_post": 0.205,
  "total": 5.8433
}