{
  "02a_tls_auth": 1.90731,
  "03_transpile": 0.366268,
  "04_submit": 0.1937,
  "05_09_prep": 0.4373,
  "10_11_bind_load": 1.1294,
  "12_qpu_exec": 0.8209,
  "13_14_read_post": 0.2364,
  "total": 5.0913
}