{
  "02a_tls_auth": 2.438821,
  "03_transpile": 0.37505,
  "04_submit": 0.227616,
  "05_09_prep": 0.4978,
  "10_11_bind_load": 1.0271,
  "12_qpu_exec": 0.823,
  "13_14_read_post": 0.2536,
  "total": 5.643
}