{
  "02a_tls_auth": 1.221384,
  "03_transpile": 0.003795,
  "04_submit": 0.363091,
  "05_09_prep": 0.5137,
  "10_11_bind_load": 1.0454,
  "12_qpu_exec": 0.8203,
  "13_14_read_post": 0.2575,
  "total": 4.2252
}