{
  "02a_tls_auth": 1.267373,
  "03_transpile": 0.397889,
  "04_submit": 0.177835,
  "05_09_prep": 0.3985,
  "10_11_bind_load": 1.0548,
  "12_qpu_exec": 0.8141,
  "13_14_read_post": 0.2215,
  "total": 4.332
}