{
  "02a_tls_auth": 1.417716,
  "03_transpile": 0.400316,
  "04_submit": 0.18605,
  "05_09_prep": 0.4009,
  "10_11_bind_load": 1.1587,
  "12_qpu_exec": 0.8191,
  "13_14_read_post": 0.4084,
  "total": 4.7912
}