{
  "02a_tls_auth": 1.265726,
  "03_transpile": 0.372081,
  "04_submit": 0.160845,
  "05_09_prep": 0.4143,
  "10_11_bind_load": 1.0052,
  "12_qpu_exec": 0.8167,
  "13_14_read_post": 0.2155,
  "total": 4.2504
}