{
  "02a_tls_auth": 1.395927,
  "03_transpile": 0.003993,
  "04_submit": 0.483843,
  "05_09_prep": 0.4156,
  "10_11_bind_load": 1.1991,
  "12_qpu_exec": 0.819,
  "13_14_read_post": 0.3062,
  "total": 4.6237
}