{
  "laps": {
    "01_setup": 6e-05,
    "03_transpile": 0.021066,
    "04_submit": 0.000563,
    "05_run": 0.00153,
    "06_collect": 5.8e-05,
    "total": 0.023277
  },
  "meta": {
    "backend": "fake_jakarta",
    "n_qubits": 3,
    "depth_in": 11,
    "depth_transpiled": 13,
    "size_transpiled": 15,
    "quasi_dist": {
      "0": 0.5068359375,
      "7": 0.4931640625
    }
  }
}