{
  "laps": {
    "01_setup": 5.9e-05,
    "03_transpile": 0.056333,
    "04_submit": 0.001567,
    "05_run": 0.002789,
    "06_collect": 0.000257,
    "total": 0.061005
  },
  "meta": {
    "backend": "fake_jakarta",
    "n_qubits": 3,
    "depth_in": 65,
    "depth_transpiled": 86,
    "size_transpiled": 178,
    "quasi_dist": {
      "0": 0.8076171875,
      "3": 0.037109375,
      "6": 0.0634765625,
      "2": 0.0302734375,
      "1": 0.0498046875,
      "4": 0.00390625,
      "5": 0.00390625,
      "7": 0.00390625
    }
  }
}