{
  "laps": {
    "01_setup": 6.3e-05,
    "03_transpile": 0.031071,
    "04_submit": 0.000853,
    "05_run": 0.002073,
    "06_collect": 0.0001,
    "total": 0.03416
  },
  "meta": {
    "backend": "fake_jakarta",
    "n_qubits": 5,
    "depth_in": 11,
    "depth_transpiled": 18,
    "size_transpiled": 66,
    "quasi_dist": {
      "16": 0.0869140625,
      "1": 0.08203125,
      "12": 0.0107421875,
      "2": 0.0947265625,
      "8": 0.08203125,
      "0": 0.41796875,
      "4": 0.0595703125,
      "5": 0.009765625,
      "3": 0.017578125,
      "20": 0.0107421875,
      "24": 0.0166015625,
      "6": 0.0185546875,
      "27": 0.0029296875,
      "13": 0.00390625,
      "10": 0.013671875,
      "17": 0.015625,
      "9": 0.015625,
      "11": 0.0029296875,
      "26": 0.0029296875,
      "23": 0.0009765625,
      "18": 0.017578125,
      "14": 0.001953125,
      "28": 0.001953125,
      "15": 0.0029296875,
      "19": 0.0009765625,
      "22": 0.0029296875,
      "25": 0.00390625,
      "7": 0.001953125
    }
  }
}