{
  "laps": {
    "01_setup": 6.8e-05,
    "02_cache_search": 0.000814,
    "04_submit": 0.002914,
    "05_run": 0.005151,
    "06_collect": 0.000593,
    "total": 0.00954
  },
  "meta": {
    "backend": "fake_jakarta",
    "n_qubits": 6,
    "depth_in": 68,
    "depth_transpiled": 173,
    "size_transpiled": 433,
    "quasi_dist": {
      "47": 0.0126953125,
      "49": 0.0009765625,
      "6": 0.03125,
      "38": 0.0029296875,
      "58": 0.0048828125,
      "15": 0.056640625,
      "11": 0.0009765625,
      "34": 0.0078125,
      "62": 0.0390625,
      "55": 0.0009765625,
      "0": 0.2587890625,
      "31": 0.015625,
      "48": 0.037109375,
      "7": 0.046875,
      "52": 0.0009765625,
      "3": 0.009765625,
      "44": 0.00390625,
      "59": 0.0009765625,
      "37": 0.0029296875,
      "14": 0.0634765625,
      "53": 0.0009765625,
      "2": 0.0068359375,
      "1": 0.005859375,
      "54": 0.001953125,
      "25": 0.0068359375,
      "24": 0.033203125,
      "10": 0.00390625,
      "63": 0.0361328125,
      "20": 0.0029296875,
      "30": 0.03515625,
      "56": 0.0322265625,
      "61": 0.0146484375,
      "12": 0.0185546875,
      "19": 0.0029296875,
      "36": 0.001953125,
      "60": 0.0322265625,
      "13": 0.0068359375,
      "28": 0.009765625,
      "16": 0.044921875,
      "8": 0.0263671875,
      "39": 0.0048828125,
      "32": 0.0244140625,
      "29": 0.00390625,
      "45": 0.005859375,
      "4": 0.0126953125,
      "46": 0.00390625,
      "50": 0.0048828125,
      "5": 0.005859375,
      "26": 0.001953125,
      "17": 0.001953125,
      "22": 0.001953125,
      "40": 0.0009765625,
      "23": 0.001953125,
      "9": 0.0009765625,
      "41": 0.0009765625
    }
  }
}