{
  "01_setup": 0.000778,
  "03_transpile": 0.657233,
  "04_submit": 0.012752,
  "05_run": 0.030463,
  "06_collect": 0.001681,
  "total": 0.702907
}