{
  "laps": {
    "01_setup": 5.3e-05,
    "03_transpile": 0.023052,
    "04_submit": 0.000588,
    "05_run": 0.001441,
    "06_collect": 4.7e-05,
    "total": 0.025181
  },
  "meta": {
    "backend": "fake_jakarta",
    "n_qubits": 3,
    "depth_in": 5,
    "depth_transpiled": 11,
    "size_transpiled": 28,
    "quasi_dist": {
      "1": 0.12109375,
      "2": 0.1298828125,
      "3": 0.1279296875,
      "6": 0.1171875,
      "5": 0.1376953125,
      "0": 0.1142578125,
      "4": 0.1337890625,
      "7": 0.1181640625
    }
  }
}