{
  "laps": {
    "01_setup": 5.8e-05,
    "02_cache_search": 0.000145,
    "04_submit": 0.000762,
    "05_run": 0.002192,
    "06_collect": 0.00012,
    "total": 0.003277
  },
  "meta": {
    "backend": "fake_jakarta",
    "n_qubits": 6,
    "depth_in": 12,
    "depth_transpiled": 26,
    "size_transpiled": 83,
    "quasi_dist": {
      "6": 0.013671875,
      "49": 0.00390625,
      "36": 0.0166015625,
      "13": 0.001953125,
      "45": 0.0009765625,
      "4": 0.0703125,
      "0": 0.38671875,
      "8": 0.0732421875,
      "32": 0.0712890625,
      "43": 0.0009765625,
      "2": 0.0732421875,
      "34": 0.0126953125,
      "17": 0.0126953125,
      "16": 0.0625,
      "54": 0.0009765625,
      "42": 0.001953125,
      "1": 0.06640625,
      "7": 0.0009765625,
      "48": 0.0078125,
      "10": 0.0107421875,
      "33": 0.0146484375,
      "20": 0.0087890625,
      "40": 0.0087890625,
      "24": 0.015625,
      "9": 0.0087890625,
      "44": 0.0009765625,
      "3": 0.0048828125,
      "52": 0.0009765625,
      "50": 0.001953125,
      "5": 0.0087890625,
      "19": 0.0048828125,
      "58": 0.0009765625,
      "38": 0.001953125,
      "35": 0.001953125,
      "12": 0.005859375,
      "56": 0.001953125,
      "41": 0.001953125,
      "18": 0.01171875,
      "22": 0.0009765625,
      "21": 0.0009765625,
      "28": 0.0009765625,
      "27": 0.0009765625,
      "37": 0.0009765625
    }
  }
}