{
  "01_setup": 0.000526,
  "02_cache_search": 0.001053,
  "03_transpile": 0.02169,
  "07_cache_write": 0.091218,
  "04_submit": 0.005204,
  "05_run": 0.013721,
  "06_collect": 0.000566,
  "total": 0.133978
}