{
  "laps": {
    "01_setup": 8.4e-05,
    "03_transpile": 0.030913,
    "04_submit": 0.000685,
    "05_run": 0.001881,
    "06_collect": 6.4e-05,
    "total": 0.033627
  },
  "meta": {
    "backend": "fake_jakarta",
    "n_qubits": 6,
    "depth_in": 8,
    "depth_transpiled": 18,
    "size_transpiled": 28,
    "quasi_dist": {
      "63": 0.4931640625,
      "0": 0.5068359375
    }
  }
}