{
  "01_setup": 0.001093,
  "03_transpile": 1.679913,
  "04_submit": 0.047574,
  "05_run": 0.093111,
  "06_collect": 0.011215,
  "total": 1.832906
}