{
  "laps": {
    "01_setup": 7.3e-05,
    "02_cache_search": 0.000366,
    "03_transpile": 0.037711,
    "07_cache_write": 0.032097,
    "04_submit": 0.001235,
    "05_run": 0.002238,
    "06_collect": 0.000177,
    "total": 0.073897
  },
  "meta": {
    "backend": "fake_jakarta",
    "n_qubits": 7,
    "depth_in": 23,
    "depth_transpiled": 37,
    "size_transpiled": 48,
    "quasi_dist": {
      "127": 0.5205078125,
      "0": 0.4794921875
    }
  }
}