{
  "laps": {
    "01_setup": 5e-05,
    "02_cache_search": 9e-05,
    "04_submit": 0.000446,
    "05_run": 0.00129,
    "06_collect": 5.2e-05,
    "total": 0.001928
  },
  "meta": {
    "backend": "fake_jakarta",
    "n_qubits": 3,
    "depth_in": 11,
    "depth_transpiled": 13,
    "size_transpiled": 15,
    "quasi_dist": {
      "7": 0.4892578125,
      "0": 0.5107421875
    }
  }
}