{
  "laps": {
    "01_setup": 5.9e-05,
    "03_transpile": 0.020278,
    "04_submit": 0.000646,
    "05_run": 0.0014,
    "06_collect": 4.3e-05,
    "total": 0.022426
  },
  "meta": {
    "backend": "fake_jakarta",
    "n_qubits": 3,
    "depth_in": 7,
    "depth_transpiled": 9,
    "size_transpiled": 11,
    "quasi_dist": {
      "7": 0.5224609375,
      "0": 0.4775390625
    }
  }
}