{
  "01_setup": 0.000772,
  "03_transpile": 1.137493,
  "04_submit": 0.103306,
  "05_run": 0.049004,
  "06_collect": 0.004668,
  "total": 1.295243
}