{
  "laps": {
    "01_setup": 6.3e-05,
    "03_transpile": 0.056814,
    "04_submit": 0.001026,
    "05_run": 0.002202,
    "06_collect": 0.000111,
    "total": 0.060216
  },
  "meta": {
    "backend": "fake_jakarta",
    "n_qubits": 5,
    "depth_in": 10,
    "depth_transpiled": 49,
    "size_transpiled": 82,
    "quasi_dist": {
      "8": 0.03125,
      "25": 0.0234375,
      "17": 0.0341796875,
      "19": 0.0283203125,
      "11": 0.0361328125,
      "2": 0.03125,
      "20": 0.0224609375,
      "10": 0.0322265625,
      "21": 0.03125,
      "3": 0.03515625,
      "31": 0.0283203125,
      "29": 0.03125,
      "23": 0.03515625,
      "0": 0.033203125,
      "22": 0.025390625,
      "26": 0.0234375,
      "13": 0.0400390625,
      "28": 0.029296875,
      "5": 0.0302734375,
      "18": 0.025390625,
      "9": 0.03125,
      "30": 0.03515625,
      "27": 0.029296875,
      "24": 0.0361328125,
      "12": 0.0341796875,
      "4": 0.029296875,
      "15": 0.0341796875,
      "7": 0.0302734375,
      "16": 0.0390625,
      "1": 0.0322265625,
      "6": 0.0322265625,
      "14": 0.029296875
    }
  }
}