{
  "01_setup": 0.000813,
  "02_cache_search": 0.004535,
  "03_transpile": 0.184937,
  "07_cache_write": 0.009239,
  "04_submit": 0.038764,
  "05_run": 0.059704,
  "06_collect": 0.005293,
  "total": 0.303285
}