{
  "laps": {
    "01_setup": 6.6e-05,
    "03_transpile": 0.02955,
    "04_submit": 0.000719,
    "05_run": 0.001768,
    "06_collect": 8.9e-05,
    "total": 0.032192
  },
  "meta": {
    "backend": "fake_jakarta",
    "n_qubits": 3,
    "depth_in": 17,
    "depth_transpiled": 26,
    "size_transpiled": 58,
    "quasi_dist": {
      "0": 0.4033203125,
      "3": 0.1865234375,
      "5": 0.05078125,
      "6": 0.115234375,
      "2": 0.0498046875,
      "4": 0.0859375,
      "1": 0.0859375,
      "7": 0.0224609375
    }
  }
}