{
  "laps": {
    "01_setup": 6.5e-05,
    "02_cache_search": 0.000106,
    "04_submit": 0.001121,
    "05_run": 0.001929,
    "06_collect": 6.1e-05,
    "total": 0.003282
  },
  "meta": {
    "backend": "fake_jakarta",
    "n_qubits": 5,
    "depth_in": 7,
    "depth_transpiled": 9,
    "size_transpiled": 13,
    "quasi_dist": {
      "31": 0.4951171875,
      "0": 0.5048828125
    }
  }
}