{
  "laps": {
    "01_setup": 0.000375,
    "03_transpile": 0.033883,
    "04_submit": 0.001068,
    "05_run": 0.00204,
    "06_collect": 0.000216,
    "total": 0.037582
  },
  "meta": {
    "backend": "fake_jakarta",
    "n_qubits": 6,
    "depth_in": 38,
    "depth_transpiled": 43,
    "size_transpiled": 48,
    "quasi_dist": {
      "63": 0.4970703125,
      "0": 0.5029296875
    }
  }
}