{
  "laps": {
    "01_setup": 4.5e-05,
    "02_cache_search": 6.3e-05,
    "04_submit": 0.000373,
    "05_run": 0.001459,
    "06_collect": 4.5e-05,
    "total": 0.001985
  },
  "meta": {
    "backend": "fake_jakarta",
    "n_qubits": 3,
    "depth_in": 5,
    "depth_transpiled": 11,
    "size_transpiled": 28,
    "quasi_dist": {
      "3": 0.1328125,
      "1": 0.1328125,
      "6": 0.1171875,
      "4": 0.123046875,
      "7": 0.125,
      "2": 0.1201171875,
      "0": 0.12890625,
      "5": 0.1201171875
    }
  }
}