{
  "01_setup": 0.000727,
  "03_transpile": 0.281813,
  "04_submit": 0.00678,
  "05_run": 0.040926,
  "06_collect": 0.000568,
  "total": 0.330814
}