{
  "laps": {
    "01_setup": 7.5e-05,
    "02_cache_search": 0.000116,
    "04_submit": 0.000692,
    "05_run": 0.00203,
    "06_collect": 8.7e-05,
    "total": 0.003
  },
  "meta": {
    "backend": "fake_jakarta",
    "n_qubits": 6,
    "depth_in": 10,
    "depth_transpiled": 20,
    "size_transpiled": 30,
    "quasi_dist": {
      "0": 0.5185546875,
      "63": 0.4814453125
    }
  }
}