{
  "laps": {
    "01_setup": 6.8e-05,
    "02_cache_search": 0.00074,
    "04_submit": 0.002348,
    "05_run": 0.003841,
    "06_collect": 0.000427,
    "total": 0.007424
  },
  "meta": {
    "backend": "fake_jakarta",
    "n_qubits": 3,
    "depth_in": 129,
    "depth_transpiled": 166,
    "size_transpiled": 338,
    "quasi_dist": {
      "0": 0.5859375,
      "3": 0.0537109375,
      "1": 0.158203125,
      "6": 0.0234375,
      "2": 0.1533203125,
      "5": 0.01171875,
      "7": 0.0029296875,
      "4": 0.0107421875
    }
  }
}