{
  "laps": {
    "01_setup": 0.000106,
    "02_cache_search": 0.003401,
    "03_transpile": 1.2529,
    "07_cache_write": 0.070797,
    "04_submit": 0.025991,
    "05_run": 0.036573,
    "06_collect": 0.004435,
    "total": 1.394203
  },
  "meta": {
    "backend": "fake_jakarta",
    "n_qubits": 6,
    "depth_in": 198,
    "depth_transpiled": 2037,
    "size_transpiled": 3962,
    "quasi_dist": {
      "0": 1.0
    }
  }
}