{
  "laps": {
    "01_setup": 6.3e-05,
    "03_transpile": 0.035357,
    "04_submit": 0.001137,
    "05_run": 0.002194,
    "06_collect": 0.000115,
    "total": 0.038866
  },
  "meta": {
    "backend": "fake_jakarta",
    "n_qubits": 7,
    "depth_in": 15,
    "depth_transpiled": 29,
    "size_transpiled": 40,
    "quasi_dist": {
      "0": 0.484375,
      "127": 0.515625
    }
  }
}