{
  "laps": {
    "01_setup": 7.5e-05,
    "02_cache_search": 0.000758,
    "04_submit": 0.002207,
    "05_run": 0.003838,
    "06_collect": 0.000577,
    "total": 0.007455
  },
  "meta": {
    "backend": "fake_jakarta",
    "n_qubits": 3,
    "depth_in": 129,
    "depth_transpiled": 166,
    "size_transpiled": 338,
    "quasi_dist": {
      "0": 0.5859375,
      "3": 0.05078125,
      "1": 0.15234375,
      "2": 0.1591796875,
      "4": 0.0146484375,
      "5": 0.0126953125,
      "6": 0.0234375,
      "7": 0.0009765625
    }
  }
}