{
  "laps": {
    "01_setup": 5.9e-05,
    "03_transpile": 0.020416,
    "04_submit": 0.000534,
    "05_run": 0.00257,
    "06_collect": 3.8e-05,
    "total": 0.023617
  },
  "meta": {
    "backend": "fake_jakarta",
    "n_qubits": 5,
    "depth_in": 6,
    "depth_transpiled": 8,
    "size_transpiled": 12,
    "quasi_dist": {
      "31": 0.4853515625,
      "0": 0.5146484375
    }
  }
}