{
  "laps": {
    "01_setup": 5.9e-05,
    "02_cache_search": 0.000111,
    "04_submit": 0.00059,
    "05_run": 0.002959,
    "06_collect": 7.8e-05,
    "total": 0.003797
  },
  "meta": {
    "backend": "fake_jakarta",
    "n_qubits": 6,
    "depth_in": 10,
    "depth_transpiled": 20,
    "size_transpiled": 30,
    "quasi_dist": {
      "0": 0.49609375,
      "63": 0.50390625
    }
  }
}