{
  "laps": {
    "01_setup": 7.9e-05,
    "03_transpile": 0.05342,
    "04_submit": 0.001436,
    "05_run": 0.002663,
    "06_collect": 0.000337,
    "total": 0.057935
  },
  "meta": {
    "backend": "fake_jakarta",
    "n_qubits": 3,
    "depth_in": 65,
    "depth_transpiled": 86,
    "size_transpiled": 178,
    "quasi_dist": {
      "2": 0.0234375,
      "4": 0.0068359375,
      "0": 0.7998046875,
      "6": 0.0712890625,
      "3": 0.0390625,
      "1": 0.0498046875,
      "5": 0.0029296875,
      "7": 0.0068359375
    }
  }
}