{
  "01_setup": 0.001183,
  "02_cache_search": 0.034163,
  "03_transpile": 1.568494,
  "07_cache_write": 0.062757,
  "04_submit": 0.500492,
  "05_run": 0.391286,
  "06_collect": 0.042189,
  "total": 2.600564
}