{
  "laps": {
    "01_setup": 5.7e-05,
    "03_transpile": 0.025732,
    "04_submit": 0.000644,
    "05_run": 0.001747,
    "06_collect": 6.8e-05,
    "total": 0.028248
  },
  "meta": {
    "backend": "fake_jakarta",
    "n_qubits": 3,
    "depth_in": 9,
    "depth_transpiled": 16,
    "size_transpiled": 38,
    "quasi_dist": {
      "0": 0.6455078125,
      "2": 0.109375,
      "4": 0.1025390625,
      "3": 0.0205078125,
      "1": 0.087890625,
      "5": 0.015625,
      "6": 0.015625,
      "7": 0.0029296875
    }
  }
}