{
  "01_setup": 0.000623,
  "02_cache_search": 0.003982,
  "03_transpile": 0.068394,
  "07_cache_write": 0.013331,
  "04_submit": 0.013408,
  "05_run": 0.029994,
  "06_collect": 0.002398,
  "total": 0.13213
}