{
  "laps": {
    "01_setup": 0.00012,
    "03_transpile": 0.258475,
    "04_submit": 0.007749,
    "05_run": 0.013567,
    "06_collect": 0.00306,
    "total": 0.282971
  },
  "meta": {
    "backend": "fake_jakarta",
    "n_qubits": 5,
    "depth_in": 131,
    "depth_transpiled": 168,
    "size_transpiled": 606,
    "quasi_dist": {
      "14": 0.0302734375,
      "12": 0.05078125,
      "25": 0.056640625,
      "23": 0.03125,
      "15": 0.0224609375,
      "16": 0.0126953125,
      "9": 0.04296875,
      "13": 0.068359375,
      "18": 0.025390625,
      "27": 0.029296875,
      "19": 0.0341796875,
      "1": 0.0205078125,
      "2": 0.0361328125,
      "22": 0.025390625,
      "11": 0.0361328125,
      "20": 0.03125,
      "24": 0.0390625,
      "0": 0.0322265625,
      "29": 0.044921875,
      "8": 0.0244140625,
      "6": 0.0322265625,
      "10": 0.0283203125,
      "31": 0.021484375,
      "21": 0.025390625,
      "7": 0.0224609375,
      "3": 0.0087890625,
      "17": 0.0244140625,
      "4": 0.029296875,
      "26": 0.041015625,
      "5": 0.02734375,
      "28": 0.0322265625,
      "30": 0.0126953125
    }
  }
}