{
  "laps": {
    "01_setup": 6.1e-05,
    "03_transpile": 0.025643,
    "04_submit": 0.000668,
    "05_run": 0.001696,
    "06_collect": 6.3e-05,
    "total": 0.028131
  },
  "meta": {
    "backend": "fake_jakarta",
    "n_qubits": 6,
    "depth_in": 10,
    "depth_transpiled": 15,
    "size_transpiled": 20,
    "quasi_dist": {
      "63": 0.4951171875,
      "0": 0.5048828125
    }
  }
}