{
  "laps": {
    "01_setup": 6.5e-05,
    "03_transpile": 0.036818,
    "04_submit": 0.001369,
    "05_run": 0.002375,
    "06_collect": 0.000126,
    "total": 0.040753
  },
  "meta": {
    "backend": "fake_jakarta",
    "n_qubits": 7,
    "depth_in": 15,
    "depth_transpiled": 29,
    "size_transpiled": 40,
    "quasi_dist": {
      "0": 0.5107421875,
      "127": 0.4892578125
    }
  }
}