{
  "laps": {
    "01_setup": 5.6e-05,
    "03_transpile": 0.019535,
    "04_submit": 0.00041,
    "05_run": 0.001703,
    "06_collect": 2.7e-05,
    "total": 0.021731
  },
  "meta": {
    "backend": "fake_jakarta",
    "n_qubits": 3,
    "depth_in": 4,
    "depth_transpiled": 6,
    "size_transpiled": 8,
    "quasi_dist": {
      "7": 0.51953125,
      "0": 0.48046875
    }
  }
}