{
  "laps": {
    "01_setup": 4.9e-05,
    "02_cache_search": 0.000229,
    "04_submit": 0.000817,
    "05_run": 0.002255,
    "06_collect": 0.000141,
    "total": 0.003491
  },
  "meta": {
    "backend": "fake_jakarta",
    "n_qubits": 5,
    "depth_in": 19,
    "depth_transpiled": 28,
    "size_transpiled": 102,
    "quasi_dist": {
      "16": 0.02734375,
      "2": 0.044921875,
      "6": 0.0263671875,
      "17": 0.03125,
      "8": 0.064453125,
      "0": 0.2646484375,
      "3": 0.0458984375,
      "14": 0.0439453125,
      "26": 0.0126953125,
      "15": 0.0283203125,
      "22": 0.0244140625,
      "12": 0.03515625,
      "30": 0.021484375,
      "1": 0.0517578125,
      "31": 0.03125,
      "7": 0.0400390625,
      "11": 0.013671875,
      "13": 0.0205078125,
      "28": 0.025390625,
      "25": 0.0126953125,
      "4": 0.0380859375,
      "20": 0.0126953125,
      "19": 0.025390625,
      "27": 0.0048828125,
      "24": 0.015625,
      "29": 0.0029296875,
      "18": 0.0146484375,
      "9": 0.013671875,
      "23": 0.0009765625,
      "5": 0.0029296875,
      "21": 0.0009765625,
      "10": 0.0009765625
    }
  }
}