{
  "laps": {
    "01_setup": 5.7e-05,
    "03_transpile": 0.033012,
    "04_submit": 0.000663,
    "05_run": 0.003524,
    "06_collect": 7.3e-05,
    "total": 0.037329
  },
  "meta": {
    "backend": "fake_jakarta",
    "n_qubits": 7,
    "depth_in": 11,
    "depth_transpiled": 24,
    "size_transpiled": 35,
    "quasi_dist": {
      "0": 0.498046875,
      "127": 0.501953125
    }
  }
}