{
  "laps": {
    "01_setup": 7.1e-05,
    "03_transpile": 0.033818,
    "04_submit": 0.00094,
    "05_run": 0.001961,
    "06_collect": 9.1e-05,
    "total": 0.036881
  },
  "meta": {
    "backend": "fake_jakarta",
    "n_qubits": 6,
    "depth_in": 14,
    "depth_transpiled": 25,
    "size_transpiled": 35,
    "quasi_dist": {
      "63": 0.501953125,
      "0": 0.498046875
    }
  }
}