{
  "laps": {
    "01_setup": 4.9e-05,
    "02_cache_search": 0.000113,
    "04_submit": 0.000619,
    "05_run": 0.001894,
    "06_collect": 0.000103,
    "total": 0.002778
  },
  "meta": {
    "backend": "fake_jakarta",
    "n_qubits": 7,
    "depth_in": 15,
    "depth_transpiled": 29,
    "size_transpiled": 40,
    "quasi_dist": {
      "127": 0.48046875,
      "0": 0.51953125
    }
  }
}