{
  "01_setup": 0.000771,
  "03_transpile": 0.959941,
  "04_submit": 0.077856,
  "05_run": 0.037857,
  "06_collect": 0.003045,
  "total": 1.07947
}