{
  "01_setup": 0.000563,
  "02_cache_search": 0.000945,
  "03_transpile": 0.034061,
  "07_cache_write": 0.002866,
  "04_submit": 0.006788,
  "05_run": 0.016676,
  "06_collect": 0.000785,
  "total": 0.062684
}