{
  "laps": {
    "01_setup": 5.7e-05,
    "03_transpile": 0.030652,
    "04_submit": 0.000788,
    "05_run": 0.002019,
    "06_collect": 0.000101,
    "total": 0.033617
  },
  "meta": {
    "backend": "fake_jakarta",
    "n_qubits": 3,
    "depth_in": 17,
    "depth_transpiled": 26,
    "size_transpiled": 58,
    "quasi_dist": {
      "1": 0.1044921875,
      "0": 0.4267578125,
      "3": 0.1533203125,
      "4": 0.08203125,
      "6": 0.119140625,
      "2": 0.0458984375,
      "7": 0.0224609375,
      "5": 0.0458984375
    }
  }
}