{
  "laps": {
    "01_setup": 6.9e-05,
    "03_transpile": 0.030801,
    "04_submit": 0.00078,
    "05_run": 0.001872,
    "06_collect": 8.9e-05,
    "total": 0.033611
  },
  "meta": {
    "backend": "fake_jakarta",
    "n_qubits": 3,
    "depth_in": 17,
    "depth_transpiled": 26,
    "size_transpiled": 58,
    "quasi_dist": {
      "1": 0.0869140625,
      "0": 0.44921875,
      "6": 0.095703125,
      "5": 0.03515625,
      "3": 0.1904296875,
      "7": 0.0234375,
      "4": 0.068359375,
      "2": 0.05078125
    }
  }
}