{
  "laps": {
    "01_setup": 6.7e-05,
    "02_cache_search": 0.001804,
    "04_submit": 0.006808,
    "05_run": 0.008534,
    "06_collect": 0.001426,
    "total": 0.018639
  },
  "meta": {
    "backend": "fake_jakarta",
    "n_qubits": 6,
    "depth_in": 132,
    "depth_transpiled": 341,
    "size_transpiled": 833,
    "quasi_dist": {
      "31": 0.0498046875,
      "56": 0.0439453125,
      "51": 0.00390625,
      "4": 0.0224609375,
      "2": 0.041015625,
      "5": 0.005859375,
      "50": 0.0048828125,
      "47": 0.0009765625,
      "49": 0.0029296875,
      "6": 0.041015625,
      "58": 0.00390625,
      "15": 0.0498046875,
      "24": 0.013671875,
      "35": 0.0107421875,
      "12": 0.021484375,
      "48": 0.0146484375,
      "7": 0.064453125,
      "60": 0.1162109375,
      "13": 0.005859375,
      "0": 0.130859375,
      "8": 0.015625,
      "28": 0.0400390625,
      "11": 0.0048828125,
      "62": 0.068359375,
      "30": 0.078125,
      "54": 0.001953125,
      "1": 0.0107421875,
      "52": 0.001953125,
      "3": 0.0419921875,
      "16": 0.0009765625,
      "22": 0.001953125,
      "39": 0.0048828125,
      "59": 0.001953125,
      "14": 0.0224609375,
      "27": 0.00390625,
      "57": 0.0029296875,
      "18": 0.00390625,
      "10": 0.001953125,
      "33": 0.0029296875,
      "63": 0.013671875,
      "26": 0.0068359375,
      "17": 0.00390625,
      "32": 0.009765625,
      "29": 0.001953125,
      "20": 0.0009765625,
      "9": 0.0029296875
    }
  }
}