{
  "laps": {
    "01_setup": 4.7e-05,
    "02_cache_search": 0.000203,
    "04_submit": 0.000867,
    "05_run": 0.001785,
    "06_collect": 0.000195,
    "total": 0.003097
  },
  "meta": {
    "backend": "fake_jakarta",
    "n_qubits": 5,
    "depth_in": 37,
    "depth_transpiled": 39,
    "size_transpiled": 43,
    "quasi_dist": {
      "31": 0.4677734375,
      "0": 0.5322265625
    }
  }
}