{
  "01_setup": 0.000623,
  "03_transpile": 0.366613,
  "04_submit": 0.009781,
  "05_run": 0.026584,
  "06_collect": 0.00121,
  "total": 0.404811
}