{
  "laps": {
    "01_setup": 6.5e-05,
    "03_transpile": 0.029414,
    "04_submit": 0.000792,
    "05_run": 0.002066,
    "06_collect": 0.0001,
    "total": 0.032437
  },
  "meta": {
    "backend": "fake_jakarta",
    "n_qubits": 5,
    "depth_in": 11,
    "depth_transpiled": 18,
    "size_transpiled": 66,
    "quasi_dist": {
      "16": 0.0791015625,
      "0": 0.45703125,
      "8": 0.0595703125,
      "5": 0.017578125,
      "14": 0.0048828125,
      "2": 0.0712890625,
      "4": 0.078125,
      "18": 0.0126953125,
      "9": 0.017578125,
      "12": 0.015625,
      "1": 0.087890625,
      "17": 0.015625,
      "11": 0.00390625,
      "6": 0.013671875,
      "24": 0.013671875,
      "20": 0.0146484375,
      "10": 0.013671875,
      "3": 0.0107421875,
      "22": 0.0009765625,
      "28": 0.0029296875,
      "26": 0.0009765625,
      "7": 0.001953125,
      "21": 0.001953125,
      "13": 0.001953125,
      "19": 0.001953125
    }
  }
}