{
  "laps": {
    "01_setup": 0.000148,
    "03_transpile": 1.320093,
    "04_submit": 0.020692,
    "05_run": 0.029648,
    "06_collect": 0.00342,
    "total": 1.374001
  },
  "meta": {
    "backend": "fake_jakarta",
    "n_qubits": 5,
    "depth_in": 165,
    "depth_transpiled": 1704,
    "size_transpiled": 2836,
    "quasi_dist": {
      "0": 1.0
    }
  }
}