{
  "laps": {
    "01_setup": 4.9e-05,
    "02_cache_search": 0.000431,
    "04_submit": 0.001773,
    "05_run": 0.003459,
    "06_collect": 0.000294,
    "total": 0.006006
  },
  "meta": {
    "backend": "fake_jakarta",
    "n_qubits": 6,
    "depth_in": 36,
    "depth_transpiled": 89,
    "size_transpiled": 233,
    "quasi_dist": {
      "28": 0.080078125,
      "30": 0.02734375,
      "36": 0.005859375,
      "60": 0.0380859375,
      "61": 0.005859375,
      "35": 0.0078125,
      "12": 0.033203125,
      "32": 0.015625,
      "55": 0.0126953125,
      "0": 0.1796875,
      "37": 0.0009765625,
      "59": 0.001953125,
      "14": 0.02734375,
      "39": 0.0107421875,
      "16": 0.0234375,
      "6": 0.0234375,
      "47": 0.0166015625,
      "24": 0.0205078125,
      "26": 0.01171875,
      "52": 0.0009765625,
      "44": 0.001953125,
      "3": 0.025390625,
      "15": 0.06640625,
      "38": 0.001953125,
      "58": 0.0126953125,
      "7": 0.0185546875,
      "48": 0.0283203125,
      "9": 0.005859375,
      "56": 0.0576171875,
      "11": 0.0078125,
      "62": 0.0126953125,
      "31": 0.025390625,
      "43": 0.001953125,
      "2": 0.0244140625,
      "54": 0.0126953125,
      "42": 0.001953125,
      "1": 0.02734375,
      "51": 0.00390625,
      "4": 0.015625,
      "57": 0.009765625,
      "29": 0.0107421875,
      "63": 0.00390625,
      "33": 0.0068359375,
      "10": 0.01171875,
      "8": 0.009765625,
      "25": 0.00390625,
      "20": 0.0107421875,
      "22": 0.0009765625,
      "19": 0.0146484375,
      "5": 0.0107421875,
      "40": 0.0078125,
      "21": 0.0009765625,
      "18": 0.0009765625
    }
  }
}