{
  "laps": {
    "01_setup": 0.000128,
    "02_cache_search": 0.000261,
    "04_submit": 0.001323,
    "05_run": 0.002609,
    "06_collect": 0.000289,
    "total": 0.00461
  },
  "meta": {
    "backend": "fake_jakarta",
    "n_qubits": 7,
    "depth_in": 39,
    "depth_transpiled": 53,
    "size_transpiled": 64,
    "quasi_dist": {
      "0": 0.46484375,
      "127": 0.53515625
    }
  }
}