{
  "laps": {
    "01_setup": 0.000128,
    "03_transpile": 0.101793,
    "04_submit": 0.003099,
    "05_run": 0.00528,
    "06_collect": 0.000569,
    "total": 0.110869
  },
  "meta": {
    "backend": "fake_jakarta",
    "n_qubits": 6,
    "depth_in": 68,
    "depth_transpiled": 173,
    "size_transpiled": 433,
    "quasi_dist": {
      "48": 0.0380859375,
      "7": 0.052734375,
      "37": 0.0009765625,
      "14": 0.0595703125,
      "55": 0.0029296875,
      "0": 0.259765625,
      "40": 0.0078125,
      "36": 0.0029296875,
      "60": 0.0322265625,
      "13": 0.009765625,
      "49": 0.001953125,
      "47": 0.0126953125,
      "6": 0.0302734375,
      "10": 0.0009765625,
      "63": 0.0302734375,
      "34": 0.00390625,
      "11": 0.0029296875,
      "62": 0.025390625,
      "32": 0.0234375,
      "58": 0.009765625,
      "15": 0.0576171875,
      "17": 0.0048828125,
      "30": 0.0498046875,
      "31": 0.025390625,
      "56": 0.0380859375,
      "24": 0.033203125,
      "51": 0.0009765625,
      "4": 0.00390625,
      "52": 0.0009765625,
      "44": 0.0068359375,
      "3": 0.01171875,
      "8": 0.0283203125,
      "28": 0.0205078125,
      "29": 0.00390625,
      "61": 0.005859375,
      "12": 0.017578125,
      "16": 0.0419921875,
      "19": 0.001953125,
      "20": 0.001953125,
      "9": 0.0009765625,
      "42": 0.0009765625,
      "1": 0.001953125,
      "54": 0.0009765625,
      "50": 0.001953125,
      "46": 0.0048828125,
      "5": 0.0078125,
      "39": 0.0078125,
      "22": 0.0029296875,
      "25": 0.0029296875,
      "23": 0.0009765625,
      "2": 0.0009765625,
      "57": 0.0009765625
    }
  }
}