{
  "laps": {
    "01_setup": 6.5e-05,
    "02_cache_search": 0.000151,
    "04_submit": 0.000819,
    "05_run": 0.00212,
    "06_collect": 0.000105,
    "total": 0.00326
  },
  "meta": {
    "backend": "fake_jakarta",
    "n_qubits": 5,
    "depth_in": 11,
    "depth_transpiled": 18,
    "size_transpiled": 66,
    "quasi_dist": {
      "17": 0.0068359375,
      "0": 0.4541015625,
      "16": 0.0810546875,
      "1": 0.0810546875,
      "14": 0.005859375,
      "3": 0.013671875,
      "2": 0.0830078125,
      "4": 0.08203125,
      "6": 0.01171875,
      "10": 0.017578125,
      "8": 0.072265625,
      "24": 0.0087890625,
      "5": 0.0146484375,
      "18": 0.021484375,
      "25": 0.00390625,
      "9": 0.0078125,
      "12": 0.01171875,
      "26": 0.001953125,
      "20": 0.0068359375,
      "28": 0.0029296875,
      "22": 0.0029296875,
      "13": 0.001953125,
      "7": 0.0009765625,
      "23": 0.0009765625,
      "19": 0.001953125,
      "15": 0.001953125
    }
  }
}