{
  "laps": {
    "01_setup": 7.6e-05,
    "03_transpile": 0.047148,
    "04_submit": 0.001332,
    "05_run": 0.003156,
    "06_collect": 0.000264,
    "total": 0.051976
  },
  "meta": {
    "backend": "fake_jakarta",
    "n_qubits": 7,
    "depth_in": 39,
    "depth_transpiled": 53,
    "size_transpiled": 64,
    "quasi_dist": {
      "127": 0.486328125,
      "0": 0.513671875
    }
  }
}