{
  "laps": {
    "01_setup": 6.3e-05,
    "02_cache_search": 0.000754,
    "04_submit": 0.002092,
    "05_run": 0.004114,
    "06_collect": 0.00053,
    "total": 0.007553
  },
  "meta": {
    "backend": "fake_jakarta",
    "n_qubits": 3,
    "depth_in": 129,
    "depth_transpiled": 166,
    "size_transpiled": 338,
    "quasi_dist": {
      "0": 0.59375,
      "1": 0.1533203125,
      "4": 0.0166015625,
      "2": 0.1474609375,
      "3": 0.048828125,
      "5": 0.0166015625,
      "6": 0.0205078125,
      "7": 0.0029296875
    }
  }
}