{
  "01_setup": 0.000835,
  "03_transpile": 1.673604,
  "04_submit": 0.036628,
  "05_run": 0.057373,
  "06_collect": 0.00537,
  "total": 1.77381
}