{
  "laps": {
    "01_setup": 6.2e-05,
    "03_transpile": 0.036984,
    "04_submit": 0.001135,
    "05_run": 0.002219,
    "06_collect": 0.000227,
    "total": 0.040627
  },
  "meta": {
    "backend": "fake_jakarta",
    "n_qubits": 6,
    "depth_in": 38,
    "depth_transpiled": 49,
    "size_transpiled": 59,
    "quasi_dist": {
      "63": 0.4951171875,
      "0": 0.5048828125
    }
  }
}