{
  "laps": {
    "01_setup": 5.3e-05,
    "02_cache_search": 7.7e-05,
    "04_submit": 0.000517,
    "05_run": 0.001888,
    "06_collect": 6.3e-05,
    "total": 0.002598
  },
  "meta": {
    "backend": "fake_jakarta",
    "n_qubits": 7,
    "depth_in": 8,
    "depth_transpiled": 21,
    "size_transpiled": 32,
    "quasi_dist": {
      "127": 0.50390625,
      "0": 0.49609375
    }
  }
}