{
  "laps": {
    "01_setup": 5.9e-05,
    "02_cache_search": 0.00036,
    "03_transpile": 0.027365,
    "07_cache_write": 0.130062,
    "04_submit": 0.001496,
    "05_run": 0.002088,
    "06_collect": 0.000237,
    "total": 0.161667
  },
  "meta": {
    "backend": "fake_jakarta",
    "n_qubits": 5,
    "depth_in": 37,
    "depth_transpiled": 39,
    "size_transpiled": 43,
    "quasi_dist": {
      "31": 0.5146484375,
      "0": 0.4853515625
    }
  }
}