{
  "laps": {
    "01_setup": 0.00011,
    "02_cache_search": 0.000707,
    "04_submit": 0.002882,
    "05_run": 0.002511,
    "06_collect": 0.000249,
    "total": 0.006459
  },
  "meta": {
    "backend": "fake_jakarta",
    "n_qubits": 7,
    "depth_in": 39,
    "depth_transpiled": 53,
    "size_transpiled": 64,
    "quasi_dist": {
      "127": 0.515625,
      "0": 0.484375
    }
  }
}