{
  "laps": {
    "01_setup": 5.4e-05,
    "02_cache_search": 0.00042,
    "04_submit": 0.001447,
    "05_run": 0.002772,
    "06_collect": 0.000266,
    "total": 0.004959
  },
  "meta": {
    "backend": "fake_jakarta",
    "n_qubits": 3,
    "depth_in": 65,
    "depth_transpiled": 86,
    "size_transpiled": 178,
    "quasi_dist": {
      "0": 0.798828125,
      "1": 0.0634765625,
      "2": 0.0361328125,
      "6": 0.0595703125,
      "3": 0.0263671875,
      "7": 0.0087890625,
      "4": 0.001953125,
      "5": 0.0048828125
    }
  }
}