{
  "01_setup": 0.000723,
  "03_transpile": 2.229962,
  "04_submit": 0.05556,
  "05_run": 0.08753,
  "06_collect": 0.012373,
  "total": 2.386148
}