{
  "laps": {
    "01_setup": 6.6e-05,
    "02_cache_search": 0.000111,
    "04_submit": 0.000573,
    "05_run": 0.001624,
    "06_collect": 5.8e-05,
    "total": 0.002432
  },
  "meta": {
    "backend": "fake_jakarta",
    "n_qubits": 5,
    "depth_in": 9,
    "depth_transpiled": 11,
    "size_transpiled": 15,
    "quasi_dist": {
      "0": 0.5244140625,
      "31": 0.4755859375
    }
  }
}