{
  "01_setup": 0.000515,
  "02_cache_search": 0.000754,
  "03_transpile": 0.019177,
  "07_cache_write": 0.000458,
  "04_submit": 0.003699,
  "05_run": 0.017904,
  "06_collect": 0.000296,
  "total": 0.042803
}