{
  "laps": {
    "01_setup": 8.2e-05,
    "03_transpile": 0.218057,
    "04_submit": 0.005702,
    "05_run": 0.008588,
    "06_collect": 0.001114,
    "total": 0.233543
  },
  "meta": {
    "backend": "fake_jakarta",
    "n_qubits": 6,
    "depth_in": 132,
    "depth_transpiled": 341,
    "size_transpiled": 833,
    "quasi_dist": {
      "13": 0.0126953125,
      "60": 0.0966796875,
      "52": 0.001953125,
      "3": 0.033203125,
      "35": 0.005859375,
      "12": 0.0234375,
      "24": 0.0166015625,
      "33": 0.005859375,
      "63": 0.0185546875,
      "10": 0.0029296875,
      "55": 0.0009765625,
      "0": 0.1298828125,
      "11": 0.001953125,
      "62": 0.068359375,
      "53": 0.0009765625,
      "2": 0.044921875,
      "30": 0.072265625,
      "47": 0.0009765625,
      "49": 0.0087890625,
      "6": 0.0458984375,
      "46": 0.0029296875,
      "50": 0.0029296875,
      "5": 0.0048828125,
      "59": 0.0009765625,
      "14": 0.0185546875,
      "38": 0.00390625,
      "15": 0.056640625,
      "58": 0.00390625,
      "8": 0.0126953125,
      "7": 0.0546875,
      "48": 0.0166015625,
      "31": 0.0556640625,
      "45": 0.0009765625,
      "51": 0.009765625,
      "4": 0.03125,
      "54": 0.0009765625,
      "1": 0.013671875,
      "56": 0.05078125,
      "28": 0.04296875,
      "26": 0.00390625,
      "27": 0.0009765625,
      "20": 0.0009765625,
      "32": 0.00390625,
      "16": 0.001953125,
      "17": 0.001953125,
      "22": 0.0009765625,
      "39": 0.0029296875,
      "57": 0.0029296875,
      "18": 0.0009765625,
      "23": 0.0009765625
    }
  }
}