{
  "laps": {
    "01_setup": 6.4e-05,
    "02_cache_search": 0.000155,
    "04_submit": 0.000748,
    "05_run": 0.002138,
    "06_collect": 0.000125,
    "total": 0.00323
  },
  "meta": {
    "backend": "fake_jakarta",
    "n_qubits": 5,
    "depth_in": 11,
    "depth_transpiled": 18,
    "size_transpiled": 66,
    "quasi_dist": {
      "8": 0.09375,
      "0": 0.4365234375,
      "26": 0.0009765625,
      "22": 0.0009765625,
      "4": 0.068359375,
      "2": 0.087890625,
      "1": 0.0615234375,
      "5": 0.0107421875,
      "18": 0.021484375,
      "24": 0.0146484375,
      "9": 0.013671875,
      "3": 0.0185546875,
      "16": 0.08203125,
      "31": 0.001953125,
      "20": 0.0146484375,
      "6": 0.0107421875,
      "17": 0.0146484375,
      "10": 0.01171875,
      "12": 0.015625,
      "21": 0.0029296875,
      "19": 0.0029296875,
      "11": 0.00390625,
      "14": 0.0009765625,
      "28": 0.0029296875,
      "7": 0.0009765625,
      "25": 0.0009765625,
      "29": 0.0009765625,
      "13": 0.0029296875
    }
  }
}