{
  "laps": {
    "01_setup": 5e-05,
    "02_cache_search": 7e-05,
    "04_submit": 0.0008,
    "05_run": 0.001471,
    "06_collect": 4.7e-05,
    "total": 0.002438
  },
  "meta": {
    "backend": "fake_jakarta",
    "n_qubits": 3,
    "depth_in": 6,
    "depth_transpiled": 20,
    "size_transpiled": 26,
    "quasi_dist": {
      "6": 0.140625,
      "2": 0.1220703125,
      "3": 0.1318359375,
      "7": 0.1279296875,
      "5": 0.1240234375,
      "4": 0.111328125,
      "0": 0.1171875,
      "1": 0.125
    }
  }
}