{
  "laps": {
    "01_setup": 6.9e-05,
    "03_transpile": 0.032352,
    "04_submit": 0.001065,
    "05_run": 0.003545,
    "06_collect": 7.5e-05,
    "total": 0.037106
  },
  "meta": {
    "backend": "fake_jakarta",
    "n_qubits": 7,
    "depth_in": 11,
    "depth_transpiled": 24,
    "size_transpiled": 35,
    "quasi_dist": {
      "127": 0.4755859375,
      "0": 0.5244140625
    }
  }
}