{
  "laps": {
    "01_setup": 8.6e-05,
    "03_transpile": 0.030197,
    "04_submit": 0.001293,
    "05_run": 0.001909,
    "06_collect": 9.2e-05,
    "total": 0.033577
  },
  "meta": {
    "backend": "fake_jakarta",
    "n_qubits": 5,
    "depth_in": 13,
    "depth_transpiled": 15,
    "size_transpiled": 19,
    "quasi_dist": {
      "0": 0.5224609375,
      "31": 0.4775390625
    }
  }
}