{
  "laps": {
    "01_setup": 7.3e-05,
    "02_cache_search": 0.001923,
    "04_submit": 0.00507,
    "05_run": 0.009713,
    "06_collect": 0.001056,
    "total": 0.017835
  },
  "meta": {
    "backend": "fake_jakarta",
    "n_qubits": 6,
    "depth_in": 132,
    "depth_transpiled": 341,
    "size_transpiled": 833,
    "quasi_dist": {
      "47": 0.001953125,
      "6": 0.0361328125,
      "49": 0.0087890625,
      "30": 0.056640625,
      "56": 0.044921875,
      "2": 0.037109375,
      "34": 0.0009765625,
      "62": 0.068359375,
      "35": 0.0068359375,
      "12": 0.0263671875,
      "0": 0.1123046875,
      "28": 0.052734375,
      "63": 0.0166015625,
      "33": 0.0029296875,
      "31": 0.0537109375,
      "59": 0.0009765625,
      "37": 0.001953125,
      "14": 0.0341796875,
      "58": 0.0029296875,
      "38": 0.0009765625,
      "15": 0.0556640625,
      "42": 0.0009765625,
      "54": 0.0029296875,
      "1": 0.0126953125,
      "26": 0.0068359375,
      "18": 0.001953125,
      "51": 0.0048828125,
      "4": 0.0185546875,
      "13": 0.0107421875,
      "60": 0.1083984375,
      "57": 0.00390625,
      "48": 0.017578125,
      "7": 0.064453125,
      "46": 0.0009765625,
      "5": 0.0126953125,
      "50": 0.0068359375,
      "52": 0.0068359375,
      "3": 0.044921875,
      "39": 0.0029296875,
      "8": 0.0087890625,
      "16": 0.001953125,
      "23": 0.0009765625,
      "41": 0.001953125,
      "24": 0.015625,
      "32": 0.0087890625,
      "20": 0.0009765625,
      "22": 0.001953125,
      "29": 0.001953125,
      "25": 0.0009765625,
      "9": 0.0029296875,
      "17": 0.0009765625
    }
  }
}