{
  "laps": {
    "01_setup": 5.1e-05,
    "02_cache_search": 0.000147,
    "04_submit": 0.000745,
    "05_run": 0.002042,
    "06_collect": 0.000147,
    "total": 0.003132
  },
  "meta": {
    "backend": "fake_jakarta",
    "n_qubits": 7,
    "depth_in": 23,
    "depth_transpiled": 37,
    "size_transpiled": 48,
    "quasi_dist": {
      "127": 0.4970703125,
      "0": 0.5029296875
    }
  }
}