{
  "laps": {
    "01_setup": 6.5e-05,
    "02_cache_search": 0.000248,
    "03_transpile": 0.041907,
    "07_cache_write": 0.011852,
    "04_submit": 0.001059,
    "05_run": 0.002279,
    "06_collect": 0.000166,
    "total": 0.057576
  },
  "meta": {
    "backend": "fake_jakarta",
    "n_qubits": 3,
    "depth_in": 33,
    "depth_transpiled": 46,
    "size_transpiled": 98,
    "quasi_dist": {
      "0": 0.1474609375,
      "2": 0.146484375,
      "6": 0.125,
      "3": 0.1640625,
      "5": 0.095703125,
      "4": 0.0947265625,
      "7": 0.0732421875,
      "1": 0.1533203125
    }
  }
}