{
  "laps": {
    "01_setup": 5.2e-05,
    "02_cache_search": 0.00022,
    "04_submit": 0.000949,
    "05_run": 0.001814,
    "06_collect": 0.000196,
    "total": 0.003231
  },
  "meta": {
    "backend": "fake_jakarta",
    "n_qubits": 5,
    "depth_in": 37,
    "depth_transpiled": 39,
    "size_transpiled": 43,
    "quasi_dist": {
      "31": 0.501953125,
      "0": 0.498046875
    }
  }
}