{
  "laps": {
    "01_setup": 4.8e-05,
    "02_cache_search": 0.000221,
    "04_submit": 0.000746,
    "05_run": 0.001993,
    "06_collect": 0.000133,
    "total": 0.003141
  },
  "meta": {
    "backend": "fake_jakarta",
    "n_qubits": 3,
    "depth_in": 33,
    "depth_transpiled": 46,
    "size_transpiled": 98,
    "quasi_dist": {
      "1": 0.1572265625,
      "2": 0.17578125,
      "6": 0.11328125,
      "0": 0.1484375,
      "3": 0.162109375,
      "7": 0.0771484375,
      "5": 0.087890625,
      "4": 0.078125
    }
  }
}