{
  "laps": {
    "01_setup": 7.3e-05,
    "02_cache_search": 9.8e-05,
    "04_submit": 0.000575,
    "05_run": 0.001812,
    "06_collect": 5.2e-05,
    "total": 0.00261
  },
  "meta": {
    "backend": "fake_jakarta",
    "n_qubits": 5,
    "depth_in": 7,
    "depth_transpiled": 9,
    "size_transpiled": 13,
    "quasi_dist": {
      "0": 0.5126953125,
      "31": 0.4873046875
    }
  }
}