{
  "01_setup": 0.001048,
  "03_transpile": 0.256298,
  "04_submit": 0.009419,
  "05_run": 0.018348,
  "06_collect": 0.001675,
  "total": 0.286788
}