{
  "laps": {
    "01_setup": 6.5e-05,
    "02_cache_search": 0.000133,
    "04_submit": 0.000651,
    "05_run": 0.002006,
    "06_collect": 8.2e-05,
    "total": 0.002937
  },
  "meta": {
    "backend": "fake_jakarta",
    "n_qubits": 5,
    "depth_in": 13,
    "depth_transpiled": 15,
    "size_transpiled": 19,
    "quasi_dist": {
      "0": 0.4921875,
      "31": 0.5078125
    }
  }
}