{
  "laps": {
    "01_setup": 0.000102,
    "03_transpile": 0.035387,
    "04_submit": 0.000811,
    "05_run": 0.002959,
    "06_collect": 0.000123,
    "total": 0.039382
  },
  "meta": {
    "backend": "fake_jakarta",
    "n_qubits": 7,
    "depth_in": 15,
    "depth_transpiled": 29,
    "size_transpiled": 40,
    "quasi_dist": {
      "0": 0.5009765625,
      "127": 0.4990234375
    }
  }
}