{
  "laps": {
    "01_setup": 5.1e-05,
    "02_cache_search": 8.9e-05,
    "04_submit": 0.000477,
    "05_run": 0.00127,
    "06_collect": 6.5e-05,
    "total": 0.001952
  },
  "meta": {
    "backend": "fake_jakarta",
    "n_qubits": 3,
    "depth_in": 11,
    "depth_transpiled": 13,
    "size_transpiled": 15,
    "quasi_dist": {
      "7": 0.5361328125,
      "0": 0.4638671875
    }
  }
}