{
  "01_setup": 0.00068,
  "02_cache_search": 0.008499,
  "03_transpile": 0.101296,
  "07_cache_write": 0.027467,
  "04_submit": 0.029903,
  "05_run": 0.05285,
  "06_collect": 0.005904,
  "total": 0.226599
}