{
  "laps": {
    "01_setup": 8.2e-05,
    "02_cache_search": 0.000646,
    "04_submit": 0.002398,
    "05_run": 0.003782,
    "06_collect": 0.000396,
    "total": 0.007304
  },
  "meta": {
    "backend": "fake_jakarta",
    "n_qubits": 5,
    "depth_in": 67,
    "depth_transpiled": 88,
    "size_transpiled": 318,
    "quasi_dist": {
      "0": 0.4404296875,
      "1": 0.0390625,
      "31": 0.0205078125,
      "28": 0.0771484375,
      "12": 0.048828125,
      "18": 0.0146484375,
      "27": 0.0029296875,
      "14": 0.0771484375,
      "24": 0.0498046875,
      "15": 0.0322265625,
      "10": 0.0048828125,
      "23": 0.005859375,
      "8": 0.005859375,
      "13": 0.0263671875,
      "3": 0.0107421875,
      "7": 0.0224609375,
      "26": 0.00390625,
      "6": 0.0341796875,
      "30": 0.0048828125,
      "29": 0.0078125,
      "11": 0.00390625,
      "2": 0.0078125,
      "16": 0.0078125,
      "22": 0.0087890625,
      "19": 0.0107421875,
      "5": 0.0048828125,
      "17": 0.00390625,
      "4": 0.00390625,
      "20": 0.0078125,
      "25": 0.0078125,
      "21": 0.0029296875
    }
  }
}