{
  "laps": {
    "01_setup": 8.3e-05,
    "03_transpile": 0.02876,
    "04_submit": 0.000857,
    "05_run": 0.001998,
    "06_collect": 0.000102,
    "total": 0.0318
  },
  "meta": {
    "backend": "fake_jakarta",
    "n_qubits": 5,
    "depth_in": 11,
    "depth_transpiled": 18,
    "size_transpiled": 66,
    "quasi_dist": {
      "8": 0.0791015625,
      "0": 0.4638671875,
      "4": 0.07421875,
      "1": 0.0673828125,
      "9": 0.0126953125,
      "24": 0.009765625,
      "2": 0.0712890625,
      "6": 0.021484375,
      "3": 0.01171875,
      "16": 0.083984375,
      "13": 0.001953125,
      "12": 0.015625,
      "5": 0.0146484375,
      "20": 0.017578125,
      "18": 0.009765625,
      "25": 0.00390625,
      "10": 0.0126953125,
      "26": 0.001953125,
      "30": 0.0029296875,
      "14": 0.001953125,
      "28": 0.0009765625,
      "19": 0.0029296875,
      "17": 0.01171875,
      "7": 0.00390625,
      "21": 0.001953125
    }
  }
}