{
  "laps": {
    "01_setup": 9.4e-05,
    "03_transpile": 0.129584,
    "04_submit": 0.004539,
    "05_run": 0.006794,
    "06_collect": 0.000878,
    "total": 0.141889
  },
  "meta": {
    "backend": "fake_jakarta",
    "n_qubits": 5,
    "depth_in": 131,
    "depth_transpiled": 168,
    "size_transpiled": 606,
    "quasi_dist": {
      "21": 0.0224609375,
      "13": 0.064453125,
      "5": 0.0302734375,
      "11": 0.0322265625,
      "28": 0.0361328125,
      "16": 0.017578125,
      "9": 0.033203125,
      "12": 0.0595703125,
      "29": 0.037109375,
      "25": 0.0390625,
      "4": 0.0263671875,
      "2": 0.03515625,
      "0": 0.0439453125,
      "10": 0.033203125,
      "31": 0.021484375,
      "19": 0.041015625,
      "8": 0.0244140625,
      "24": 0.033203125,
      "18": 0.0302734375,
      "27": 0.0341796875,
      "20": 0.0234375,
      "3": 0.013671875,
      "6": 0.03515625,
      "22": 0.0205078125,
      "17": 0.02734375,
      "30": 0.01953125,
      "7": 0.0126953125,
      "1": 0.029296875,
      "23": 0.0283203125,
      "15": 0.029296875,
      "26": 0.029296875,
      "14": 0.0361328125
    }
  }
}