{
  "laps": {
    "01_setup": 6.3e-05,
    "03_transpile": 0.021106,
    "04_submit": 0.000587,
    "05_run": 0.001358,
    "06_collect": 4.3e-05,
    "total": 0.023157
  },
  "meta": {
    "backend": "fake_jakarta",
    "n_qubits": 3,
    "depth_in": 7,
    "depth_transpiled": 9,
    "size_transpiled": 11,
    "quasi_dist": {
      "0": 0.5087890625,
      "7": 0.4912109375
    }
  }
}