{
  "laps": {
    "01_setup": 6.9e-05,
    "03_transpile": 0.033285,
    "04_submit": 0.000749,
    "05_run": 0.003539,
    "06_collect": 7.5e-05,
    "total": 0.037717
  },
  "meta": {
    "backend": "fake_jakarta",
    "n_qubits": 7,
    "depth_in": 11,
    "depth_transpiled": 24,
    "size_transpiled": 35,
    "quasi_dist": {
      "127": 0.4931640625,
      "0": 0.5068359375
    }
  }
}