{
  "laps": {
    "01_setup": 6.1e-05,
    "03_transpile": 0.026097,
    "04_submit": 0.001146,
    "05_run": 0.002236,
    "06_collect": 0.000189,
    "total": 0.029729
  },
  "meta": {
    "backend": "fake_jakarta",
    "n_qubits": 5,
    "depth_in": 37,
    "depth_transpiled": 39,
    "size_transpiled": 43,
    "quasi_dist": {
      "0": 0.478515625,
      "31": 0.521484375
    }
  }
}