{
  "laps": {
    "01_setup": 6.8e-05,
    "03_transpile": 0.037211,
    "04_submit": 0.001236,
    "05_run": 0.00204,
    "06_collect": 0.000137,
    "total": 0.040692
  },
  "meta": {
    "backend": "fake_jakarta",
    "n_qubits": 5,
    "depth_in": 21,
    "depth_transpiled": 23,
    "size_transpiled": 27,
    "quasi_dist": {
      "31": 0.4833984375,
      "0": 0.5166015625
    }
  }
}