{
  "laps": {
    "01_setup": 4.8e-05,
    "02_cache_search": 0.000202,
    "04_submit": 0.000763,
    "05_run": 0.002322,
    "06_collect": 0.000138,
    "total": 0.003473
  },
  "meta": {
    "backend": "fake_jakarta",
    "n_qubits": 5,
    "depth_in": 19,
    "depth_transpiled": 28,
    "size_transpiled": 102,
    "quasi_dist": {
      "8": 0.0634765625,
      "0": 0.2568359375,
      "12": 0.04296875,
      "18": 0.017578125,
      "11": 0.015625,
      "2": 0.0380859375,
      "4": 0.04296875,
      "9": 0.015625,
      "28": 0.0390625,
      "3": 0.04296875,
      "7": 0.04296875,
      "1": 0.0732421875,
      "13": 0.0224609375,
      "15": 0.0283203125,
      "22": 0.021484375,
      "31": 0.0322265625,
      "19": 0.015625,
      "14": 0.0439453125,
      "6": 0.021484375,
      "25": 0.0107421875,
      "20": 0.0087890625,
      "26": 0.015625,
      "17": 0.025390625,
      "24": 0.009765625,
      "16": 0.0205078125,
      "30": 0.0166015625,
      "29": 0.001953125,
      "10": 0.0029296875,
      "27": 0.0009765625,
      "21": 0.005859375,
      "5": 0.00390625
    }
  }
}