{
  "laps": {
    "01_setup": 0.0003,
    "03_transpile": 0.084582,
    "04_submit": 0.002246,
    "05_run": 0.003988,
    "06_collect": 0.000461,
    "total": 0.091577
  },
  "meta": {
    "backend": "fake_jakarta",
    "n_qubits": 3,
    "depth_in": 129,
    "depth_transpiled": 166,
    "size_transpiled": 338,
    "quasi_dist": {
      "0": 0.5791015625,
      "2": 0.1650390625,
      "1": 0.1591796875,
      "3": 0.052734375,
      "6": 0.025390625,
      "5": 0.0078125,
      "7": 0.0029296875,
      "4": 0.0078125
    }
  }
}