{
  "laps": {
    "01_setup": 6.8e-05,
    "02_cache_search": 0.000396,
    "04_submit": 0.001326,
    "05_run": 0.002954,
    "06_collect": 0.000239,
    "total": 0.004983
  },
  "meta": {
    "backend": "fake_jakarta",
    "n_qubits": 5,
    "depth_in": 35,
    "depth_transpiled": 48,
    "size_transpiled": 174,
    "quasi_dist": {
      "12": 0.087890625,
      "16": 0.0302734375,
      "24": 0.0732421875,
      "6": 0.080078125,
      "23": 0.009765625,
      "2": 0.05078125,
      "7": 0.0322265625,
      "30": 0.0517578125,
      "4": 0.0390625,
      "15": 0.04296875,
      "13": 0.0078125,
      "14": 0.072265625,
      "17": 0.0107421875,
      "29": 0.017578125,
      "9": 0.009765625,
      "0": 0.12109375,
      "28": 0.08203125,
      "5": 0.02734375,
      "21": 0.00390625,
      "3": 0.0244140625,
      "18": 0.015625,
      "22": 0.0087890625,
      "1": 0.021484375,
      "25": 0.005859375,
      "31": 0.01171875,
      "8": 0.0341796875,
      "26": 0.00390625,
      "27": 0.0078125,
      "11": 0.0078125,
      "10": 0.00390625,
      "20": 0.00390625
    }
  }
}