{
  "laps": {
    "01_setup": 7.1e-05,
    "03_transpile": 0.036285,
    "04_submit": 0.001064,
    "05_run": 0.002131,
    "06_collect": 0.000159,
    "total": 0.03971
  },
  "meta": {
    "backend": "fake_jakarta",
    "n_qubits": 7,
    "depth_in": 23,
    "depth_transpiled": 37,
    "size_transpiled": 48,
    "quasi_dist": {
      "127": 0.505859375,
      "0": 0.494140625
    }
  }
}