{
  "laps": {
    "01_setup": 0.000105,
    "02_cache_search": 0.000146,
    "04_submit": 0.000818,
    "05_run": 0.001881,
    "06_collect": 9.4e-05,
    "total": 0.003044
  },
  "meta": {
    "backend": "fake_jakarta",
    "n_qubits": 5,
    "depth_in": 13,
    "depth_transpiled": 15,
    "size_transpiled": 19,
    "quasi_dist": {
      "0": 0.5390625,
      "31": 0.4609375
    }
  }
}