{
  "laps": {
    "01_setup": 7.1e-05,
    "03_transpile": 0.0335,
    "04_submit": 0.000865,
    "05_run": 0.002251,
    "06_collect": 0.000121,
    "total": 0.036808
  },
  "meta": {
    "backend": "fake_jakarta",
    "n_qubits": 6,
    "depth_in": 12,
    "depth_transpiled": 26,
    "size_transpiled": 83,
    "quasi_dist": {
      "8": 0.05859375,
      "0": 0.4013671875,
      "17": 0.0068359375,
      "18": 0.01171875,
      "61": 0.0009765625,
      "35": 0.0009765625,
      "12": 0.009765625,
      "4": 0.0634765625,
      "42": 0.0068359375,
      "1": 0.064453125,
      "43": 0.001953125,
      "2": 0.05078125,
      "25": 0.00390625,
      "6": 0.0078125,
      "16": 0.0654296875,
      "40": 0.0107421875,
      "32": 0.0693359375,
      "28": 0.00390625,
      "21": 0.005859375,
      "34": 0.0146484375,
      "9": 0.01171875,
      "37": 0.001953125,
      "14": 0.00390625,
      "24": 0.0107421875,
      "46": 0.0009765625,
      "50": 0.0029296875,
      "5": 0.009765625,
      "3": 0.0126953125,
      "44": 0.001953125,
      "10": 0.0146484375,
      "33": 0.0107421875,
      "26": 0.00390625,
      "7": 0.001953125,
      "48": 0.0126953125,
      "58": 0.0009765625,
      "38": 0.0029296875,
      "20": 0.0146484375,
      "36": 0.0078125,
      "13": 0.0029296875,
      "56": 0.0009765625,
      "57": 0.0009765625,
      "31": 0.0009765625,
      "19": 0.001953125,
      "27": 0.001953125,
      "22": 0.0029296875,
      "41": 0.0009765625
    }
  }
}