{
  "laps": {
    "01_setup": 4.7e-05,
    "02_cache_search": 9.4e-05,
    "04_submit": 0.000488,
    "05_run": 0.002924,
    "06_collect": 8.3e-05,
    "total": 0.003636
  },
  "meta": {
    "backend": "fake_jakarta",
    "n_qubits": 3,
    "depth_in": 9,
    "depth_transpiled": 16,
    "size_transpiled": 38,
    "quasi_dist": {
      "0": 0.607421875,
      "1": 0.1064453125,
      "2": 0.1162109375,
      "4": 0.109375,
      "3": 0.025390625,
      "6": 0.0146484375,
      "5": 0.0185546875,
      "7": 0.001953125
    }
  }
}