{
  "laps": {
    "01_setup": 5.4e-05,
    "02_cache_search": 6.8e-05,
    "04_submit": 0.000409,
    "05_run": 0.002709,
    "06_collect": 4.2e-05,
    "total": 0.003282
  },
  "meta": {
    "backend": "fake_jakarta",
    "n_qubits": 5,
    "depth_in": 6,
    "depth_transpiled": 8,
    "size_transpiled": 12,
    "quasi_dist": {
      "0": 0.466796875,
      "31": 0.533203125
    }
  }
}