{
  "laps": {
    "01_setup": 6e-05,
    "03_transpile": 0.029736,
    "04_submit": 0.000838,
    "05_run": 0.002035,
    "06_collect": 9.6e-05,
    "total": 0.032765
  },
  "meta": {
    "backend": "fake_jakarta",
    "n_qubits": 5,
    "depth_in": 11,
    "depth_transpiled": 18,
    "size_transpiled": 66,
    "quasi_dist": {
      "17": 0.015625,
      "8": 0.0732421875,
      "0": 0.453125,
      "9": 0.01171875,
      "16": 0.0703125,
      "2": 0.09375,
      "4": 0.0703125,
      "18": 0.015625,
      "27": 0.0009765625,
      "1": 0.0791015625,
      "21": 0.001953125,
      "24": 0.0078125,
      "20": 0.009765625,
      "12": 0.017578125,
      "3": 0.013671875,
      "19": 0.0009765625,
      "10": 0.015625,
      "23": 0.0009765625,
      "7": 0.005859375,
      "5": 0.01171875,
      "22": 0.0009765625,
      "6": 0.01171875,
      "25": 0.0029296875,
      "26": 0.00390625,
      "13": 0.0029296875,
      "28": 0.0029296875,
      "11": 0.0029296875,
      "30": 0.0009765625,
      "14": 0.0009765625
    }
  }
}