{
  "laps": {
    "01_setup": 6.1e-05,
    "02_cache_search": 0.000221,
    "03_transpile": 0.024403,
    "07_cache_write": 0.00313,
    "04_submit": 0.000628,
    "05_run": 0.001647,
    "06_collect": 5e-05,
    "total": 0.03014
  },
  "meta": {
    "backend": "fake_jakarta",
    "n_qubits": 5,
    "depth_in": 7,
    "depth_transpiled": 9,
    "size_transpiled": 13,
    "quasi_dist": {
      "31": 0.5078125,
      "0": 0.4921875
    }
  }
}