{
  "01_setup": 0.00072,
  "03_transpile": 0.346808,
  "04_submit": 0.008913,
  "05_run": 0.023132,
  "06_collect": 0.001235,
  "total": 0.380808
}