{
  "laps": {
    "01_setup": 6.1e-05,
    "02_cache_search": 0.000384,
    "04_submit": 0.001351,
    "05_run": 0.003024,
    "06_collect": 0.000242,
    "total": 0.005062
  },
  "meta": {
    "backend": "fake_jakarta",
    "n_qubits": 5,
    "depth_in": 35,
    "depth_transpiled": 48,
    "size_transpiled": 174,
    "quasi_dist": {
      "17": 0.01171875,
      "0": 0.125,
      "3": 0.0244140625,
      "12": 0.078125,
      "30": 0.046875,
      "14": 0.0830078125,
      "7": 0.0361328125,
      "24": 0.078125,
      "29": 0.0205078125,
      "6": 0.076171875,
      "15": 0.0341796875,
      "31": 0.0087890625,
      "8": 0.05859375,
      "11": 0.013671875,
      "9": 0.0126953125,
      "16": 0.025390625,
      "13": 0.0078125,
      "4": 0.04296875,
      "28": 0.080078125,
      "27": 0.0146484375,
      "2": 0.0419921875,
      "22": 0.0068359375,
      "1": 0.0146484375,
      "20": 0.00390625,
      "5": 0.0244140625,
      "18": 0.0087890625,
      "10": 0.0078125,
      "26": 0.00390625,
      "25": 0.00390625,
      "21": 0.001953125,
      "23": 0.0029296875
    }
  }
}