{
  "laps": {
    "01_setup": 5e-05,
    "02_cache_search": 8.9e-05,
    "04_submit": 0.000434,
    "05_run": 0.001371,
    "06_collect": 6.3e-05,
    "total": 0.002007
  },
  "meta": {
    "backend": "fake_jakarta",
    "n_qubits": 3,
    "depth_in": 11,
    "depth_transpiled": 13,
    "size_transpiled": 15,
    "quasi_dist": {
      "7": 0.498046875,
      "0": 0.501953125
    }
  }
}