{
  "laps": {
    "01_setup": 7e-05,
    "03_transpile": 0.102446,
    "04_submit": 0.002965,
    "05_run": 0.005397,
    "06_collect": 0.000579,
    "total": 0.111457
  },
  "meta": {
    "backend": "fake_jakarta",
    "n_qubits": 6,
    "depth_in": 68,
    "depth_transpiled": 173,
    "size_transpiled": 433,
    "quasi_dist": {
      "30": 0.0419921875,
      "17": 0.001953125,
      "0": 0.2744140625,
      "16": 0.052734375,
      "10": 0.00390625,
      "63": 0.0302734375,
      "38": 0.001953125,
      "58": 0.009765625,
      "15": 0.048828125,
      "31": 0.0224609375,
      "56": 0.0380859375,
      "28": 0.015625,
      "24": 0.046875,
      "61": 0.0078125,
      "12": 0.0244140625,
      "7": 0.0361328125,
      "48": 0.0283203125,
      "32": 0.0234375,
      "49": 0.0009765625,
      "6": 0.01953125,
      "47": 0.0126953125,
      "8": 0.0234375,
      "39": 0.0029296875,
      "36": 0.00390625,
      "60": 0.0361328125,
      "13": 0.005859375,
      "50": 0.001953125,
      "5": 0.0029296875,
      "46": 0.00390625,
      "11": 0.0009765625,
      "34": 0.0078125,
      "62": 0.0322265625,
      "59": 0.0009765625,
      "14": 0.0546875,
      "42": 0.0009765625,
      "54": 0.0009765625,
      "1": 0.0107421875,
      "52": 0.001953125,
      "3": 0.0126953125,
      "44": 0.0068359375,
      "40": 0.0009765625,
      "45": 0.0048828125,
      "4": 0.0126953125,
      "19": 0.0048828125,
      "57": 0.001953125,
      "22": 0.001953125,
      "2": 0.00390625,
      "20": 0.0029296875,
      "41": 0.0009765625,
      "29": 0.00390625,
      "25": 0.0009765625,
      "23": 0.001953125,
      "18": 0.001953125,
      "26": 0.0009765625,
      "9": 0.0009765625
    }
  }
}