{
  "laps": {
    "01_setup": 6.1e-05,
    "03_transpile": 0.031641,
    "04_submit": 0.000619,
    "05_run": 0.001859,
    "06_collect": 6.3e-05,
    "total": 0.034243
  },
  "meta": {
    "backend": "fake_jakarta",
    "n_qubits": 7,
    "depth_in": 8,
    "depth_transpiled": 21,
    "size_transpiled": 32,
    "quasi_dist": {
      "0": 0.5244140625,
      "127": 0.4755859375
    }
  }
}