{
  "laps": {
    "01_setup": 6.7e-05,
    "03_transpile": 0.174961,
    "04_submit": 0.004994,
    "05_run": 0.008575,
    "06_collect": 0.001069,
    "total": 0.189666
  },
  "meta": {
    "backend": "fake_jakarta",
    "n_qubits": 6,
    "depth_in": 132,
    "depth_transpiled": 341,
    "size_transpiled": 833,
    "quasi_dist": {
      "59": 0.0009765625,
      "14": 0.025390625,
      "4": 0.0224609375,
      "45": 0.001953125,
      "51": 0.0087890625,
      "36": 0.001953125,
      "13": 0.005859375,
      "60": 0.119140625,
      "10": 0.0009765625,
      "33": 0.0087890625,
      "63": 0.0146484375,
      "48": 0.017578125,
      "7": 0.064453125,
      "0": 0.142578125,
      "38": 0.0009765625,
      "15": 0.0537109375,
      "58": 0.005859375,
      "31": 0.0419921875,
      "52": 0.0009765625,
      "3": 0.0419921875,
      "34": 0.0009765625,
      "11": 0.001953125,
      "62": 0.064453125,
      "56": 0.046875,
      "30": 0.0673828125,
      "2": 0.04296875,
      "61": 0.0009765625,
      "35": 0.009765625,
      "12": 0.025390625,
      "24": 0.0146484375,
      "8": 0.0087890625,
      "28": 0.0419921875,
      "26": 0.00390625,
      "49": 0.0048828125,
      "6": 0.0361328125,
      "54": 0.00390625,
      "1": 0.01171875,
      "39": 0.001953125,
      "9": 0.001953125,
      "46": 0.0009765625,
      "50": 0.00390625,
      "5": 0.0078125,
      "18": 0.001953125,
      "32": 0.00390625,
      "22": 0.001953125,
      "57": 0.0029296875,
      "17": 0.001953125,
      "27": 0.0009765625,
      "41": 0.0009765625,
      "16": 0.0009765625
    }
  }
}