{
  "laps": {
    "01_setup": 5.1e-05,
    "03_transpile": 0.019045,
    "04_submit": 0.00044,
    "05_run": 0.001787,
    "06_collect": 2.8e-05,
    "total": 0.021351
  },
  "meta": {
    "backend": "fake_jakarta",
    "n_qubits": 3,
    "depth_in": 4,
    "depth_transpiled": 6,
    "size_transpiled": 8,
    "quasi_dist": {
      "0": 0.5244140625,
      "7": 0.4755859375
    }
  }
}