{
  "laps": {
    "01_setup": 5.4e-05,
    "02_cache_search": 8.4e-05,
    "04_submit": 0.000518,
    "05_run": 0.003334,
    "06_collect": 6.7e-05,
    "total": 0.004057
  },
  "meta": {
    "backend": "fake_jakarta",
    "n_qubits": 7,
    "depth_in": 8,
    "depth_transpiled": 21,
    "size_transpiled": 32,
    "quasi_dist": {
      "0": 0.478515625,
      "127": 0.521484375
    }
  }
}