{
  "laps": {
    "01_setup": 9.5e-05,
    "03_transpile": 0.030911,
    "04_submit": 0.00085,
    "05_run": 0.001794,
    "06_collect": 6.7e-05,
    "total": 0.033717
  },
  "meta": {
    "backend": "fake_jakarta",
    "n_qubits": 5,
    "depth_in": 9,
    "depth_transpiled": 11,
    "size_transpiled": 15,
    "quasi_dist": {
      "0": 0.49609375,
      "31": 0.50390625
    }
  }
}