{
  "laps": {
    "01_setup": 6.7e-05,
    "02_cache_search": 0.000652,
    "04_submit": 0.001939,
    "05_run": 0.003649,
    "06_collect": 0.000404,
    "total": 0.006711
  },
  "meta": {
    "backend": "fake_jakarta",
    "n_qubits": 5,
    "depth_in": 67,
    "depth_transpiled": 88,
    "size_transpiled": 318,
    "quasi_dist": {
      "20": 0.01171875,
      "24": 0.04296875,
      "26": 0.005859375,
      "0": 0.41796875,
      "15": 0.0224609375,
      "19": 0.013671875,
      "28": 0.0869140625,
      "30": 0.0126953125,
      "6": 0.04296875,
      "1": 0.0458984375,
      "13": 0.0234375,
      "14": 0.0654296875,
      "12": 0.052734375,
      "3": 0.0224609375,
      "31": 0.0185546875,
      "25": 0.0166015625,
      "11": 0.005859375,
      "5": 0.005859375,
      "18": 0.0068359375,
      "2": 0.0107421875,
      "7": 0.0224609375,
      "21": 0.0029296875,
      "16": 0.0078125,
      "29": 0.0078125,
      "17": 0.00390625,
      "8": 0.005859375,
      "10": 0.0048828125,
      "22": 0.0068359375,
      "4": 0.0029296875,
      "23": 0.001953125,
      "27": 0.0009765625
    }
  }
}