{
  "laps": {
    "01_setup": 4.7e-05,
    "02_cache_search": 0.000142,
    "04_submit": 0.000624,
    "05_run": 0.001932,
    "06_collect": 0.000137,
    "total": 0.002882
  },
  "meta": {
    "backend": "fake_jakarta",
    "n_qubits": 6,
    "depth_in": 22,
    "depth_transpiled": 33,
    "size_transpiled": 43,
    "quasi_dist": {
      "0": 0.49609375,
      "63": 0.50390625
    }
  }
}