{
  "laps": {
    "01_setup": 5.6e-05,
    "03_transpile": 0.020864,
    "04_submit": 0.000512,
    "05_run": 0.001495,
    "06_collect": 4.4e-05,
    "total": 0.022971
  },
  "meta": {
    "backend": "fake_jakarta",
    "n_qubits": 5,
    "depth_in": 7,
    "depth_transpiled": 9,
    "size_transpiled": 13,
    "quasi_dist": {
      "31": 0.4970703125,
      "0": 0.5029296875
    }
  }
}