{
  "laps": {
    "01_setup": 7.6e-05,
    "03_transpile": 0.031802,
    "04_submit": 0.000639,
    "05_run": 0.001812,
    "06_collect": 6.2e-05,
    "total": 0.034391
  },
  "meta": {
    "backend": "fake_jakarta",
    "n_qubits": 6,
    "depth_in": 8,
    "depth_transpiled": 18,
    "size_transpiled": 28,
    "quasi_dist": {
      "0": 0.513671875,
      "63": 0.486328125
    }
  }
}