{
  "laps": {
    "01_setup": 5.6e-05,
    "02_cache_search": 9.6e-05,
    "04_submit": 0.0005,
    "05_run": 0.001855,
    "06_collect": 7.6e-05,
    "total": 0.002583
  },
  "meta": {
    "backend": "fake_jakarta",
    "n_qubits": 7,
    "depth_in": 11,
    "depth_transpiled": 24,
    "size_transpiled": 35,
    "quasi_dist": {
      "0": 0.517578125,
      "127": 0.482421875
    }
  }
}