{
  "laps": {
    "01_setup": 0.0001,
    "03_transpile": 0.026651,
    "04_submit": 0.000762,
    "05_run": 0.001905,
    "06_collect": 7e-05,
    "total": 0.029488
  },
  "meta": {
    "backend": "fake_jakarta",
    "n_qubits": 5,
    "depth_in": 7,
    "depth_transpiled": 13,
    "size_transpiled": 48,
    "quasi_dist": {
      "31": 0.0390625,
      "19": 0.03125,
      "13": 0.0390625,
      "30": 0.0322265625,
      "25": 0.0361328125,
      "0": 0.03125,
      "16": 0.041015625,
      "29": 0.0498046875,
      "26": 0.025390625,
      "1": 0.015625,
      "22": 0.0341796875,
      "24": 0.0322265625,
      "18": 0.0341796875,
      "2": 0.01953125,
      "17": 0.025390625,
      "6": 0.029296875,
      "7": 0.02734375,
      "4": 0.029296875,
      "11": 0.037109375,
      "8": 0.0341796875,
      "12": 0.0322265625,
      "23": 0.0283203125,
      "14": 0.037109375,
      "27": 0.033203125,
      "28": 0.0283203125,
      "10": 0.0341796875,
      "20": 0.0302734375,
      "3": 0.0146484375,
      "21": 0.0400390625,
      "15": 0.029296875,
      "9": 0.0302734375,
      "5": 0.0185546875
    }
  }
}