{
  "laps": {
    "01_setup": 5.9e-05,
    "03_transpile": 0.046674,
    "04_submit": 0.001459,
    "05_run": 0.002365,
    "06_collect": 0.000104,
    "total": 0.050661
  },
  "meta": {
    "backend": "fake_jakarta",
    "n_qubits": 5,
    "depth_in": 10,
    "depth_transpiled": 52,
    "size_transpiled": 77,
    "quasi_dist": {
      "31": 0.0302734375,
      "27": 0.0341796875,
      "12": 0.0302734375,
      "4": 0.03515625,
      "30": 0.029296875,
      "29": 0.033203125,
      "11": 0.044921875,
      "10": 0.03125,
      "24": 0.02734375,
      "8": 0.0302734375,
      "25": 0.03125,
      "1": 0.033203125,
      "28": 0.037109375,
      "20": 0.02734375,
      "3": 0.0234375,
      "14": 0.029296875,
      "9": 0.0283203125,
      "21": 0.029296875,
      "18": 0.037109375,
      "23": 0.025390625,
      "22": 0.0283203125,
      "2": 0.033203125,
      "17": 0.0341796875,
      "13": 0.0341796875,
      "6": 0.0244140625,
      "26": 0.025390625,
      "19": 0.0400390625,
      "0": 0.0234375,
      "7": 0.03125,
      "15": 0.03515625,
      "16": 0.0283203125,
      "5": 0.0341796875
    }
  }
}