{
  "laps": {
    "01_setup": 0.000116,
    "02_cache_search": 0.004846,
    "04_submit": 0.046866,
    "05_run": 0.073927,
    "06_collect": 0.006772,
    "total": 0.132527
  },
  "meta": {
    "backend": "fake_jakarta",
    "n_qubits": 7,
    "depth_in": 231,
    "depth_transpiled": 2884,
    "size_transpiled": 5681,
    "quasi_dist": {
      "0": 1.0
    }
  }
}