{
  "01_setup": 0.000724,
  "02_cache_search": 0.001362,
  "03_transpile": 0.033285,
  "07_cache_write": 0.010397,
  "04_submit": 0.006966,
  "05_run": 0.025102,
  "06_collect": 0.000792,
  "total": 0.078628
}