{
  "laps": {
    "01_setup": 7.1e-05,
    "03_transpile": 0.077884,
    "04_submit": 0.002302,
    "05_run": 0.003883,
    "06_collect": 0.000415,
    "total": 0.084555
  },
  "meta": {
    "backend": "fake_jakarta",
    "n_qubits": 5,
    "depth_in": 67,
    "depth_transpiled": 88,
    "size_transpiled": 318,
    "quasi_dist": {
      "28": 0.0849609375,
      "14": 0.046875,
      "24": 0.0458984375,
      "31": 0.021484375,
      "25": 0.017578125,
      "0": 0.443359375,
      "4": 0.0068359375,
      "18": 0.0087890625,
      "2": 0.0107421875,
      "16": 0.0048828125,
      "7": 0.0302734375,
      "3": 0.0205078125,
      "13": 0.015625,
      "5": 0.0078125,
      "1": 0.044921875,
      "30": 0.0107421875,
      "6": 0.03515625,
      "12": 0.0615234375,
      "27": 0.0009765625,
      "21": 0.001953125,
      "15": 0.021484375,
      "20": 0.009765625,
      "8": 0.00390625,
      "19": 0.0048828125,
      "29": 0.01171875,
      "22": 0.0087890625,
      "26": 0.0068359375,
      "10": 0.0048828125,
      "17": 0.0009765625,
      "23": 0.001953125,
      "11": 0.00390625
    }
  }
}