{
  "laps": {
    "01_setup": 0.000106,
    "02_cache_search": 0.003116,
    "04_submit": 0.032979,
    "05_run": 0.047979,
    "06_collect": 0.006076,
    "total": 0.090256
  },
  "meta": {
    "backend": "fake_jakarta",
    "n_qubits": 6,
    "depth_in": 198,
    "depth_transpiled": 2037,
    "size_transpiled": 3962,
    "quasi_dist": {
      "0": 1.0
    }
  }
}