{
  "laps": {
    "01_setup": 5.6e-05,
    "03_transpile": 0.026339,
    "04_submit": 0.000738,
    "05_run": 0.001548,
    "06_collect": 6.2e-05,
    "total": 0.028743
  },
  "meta": {
    "backend": "fake_jakarta",
    "n_qubits": 3,
    "depth_in": 9,
    "depth_transpiled": 16,
    "size_transpiled": 38,
    "quasi_dist": {
      "0": 0.6123046875,
      "2": 0.1044921875,
      "5": 0.025390625,
      "4": 0.1103515625,
      "1": 0.1064453125,
      "6": 0.0283203125,
      "3": 0.0107421875,
      "7": 0.001953125
    }
  }
}