{
  "laps": {
    "01_setup": 4.9e-05,
    "02_cache_search": 7.5e-05,
    "04_submit": 0.000509,
    "05_run": 0.001815,
    "06_collect": 6.2e-05,
    "total": 0.00251
  },
  "meta": {
    "backend": "fake_jakarta",
    "n_qubits": 7,
    "depth_in": 8,
    "depth_transpiled": 21,
    "size_transpiled": 32,
    "quasi_dist": {
      "0": 0.5146484375,
      "127": 0.4853515625
    }
  }
}