{
  "laps": {
    "01_setup": 5.3e-05,
    "02_cache_search": 0.000225,
    "04_submit": 0.001014,
    "05_run": 0.002166,
    "06_collect": 0.000221,
    "total": 0.003679
  },
  "meta": {
    "backend": "fake_jakarta",
    "n_qubits": 6,
    "depth_in": 38,
    "depth_transpiled": 49,
    "size_transpiled": 59,
    "quasi_dist": {
      "0": 0.490234375,
      "63": 0.509765625
    }
  }
}