{
  "laps": {
    "01_setup": 4.8e-05,
    "02_cache_search": 0.000655,
    "04_submit": 0.002015,
    "05_run": 0.003791,
    "06_collect": 0.0004,
    "total": 0.006909
  },
  "meta": {
    "backend": "fake_jakarta",
    "n_qubits": 5,
    "depth_in": 67,
    "depth_transpiled": 88,
    "size_transpiled": 318,
    "quasi_dist": {
      "25": 0.0166015625,
      "0": 0.4716796875,
      "13": 0.0205078125,
      "19": 0.0107421875,
      "28": 0.0849609375,
      "7": 0.037109375,
      "12": 0.046875,
      "1": 0.0400390625,
      "22": 0.005859375,
      "15": 0.015625,
      "17": 0.0048828125,
      "3": 0.0205078125,
      "6": 0.033203125,
      "24": 0.0263671875,
      "5": 0.0078125,
      "14": 0.046875,
      "20": 0.005859375,
      "8": 0.0029296875,
      "31": 0.021484375,
      "2": 0.013671875,
      "29": 0.0166015625,
      "30": 0.0126953125,
      "26": 0.0078125,
      "16": 0.0048828125,
      "10": 0.005859375,
      "21": 0.005859375,
      "18": 0.0068359375,
      "4": 0.0009765625,
      "11": 0.0029296875,
      "27": 0.0009765625,
      "23": 0.0009765625
    }
  }
}