{
  "laps": {
    "01_setup": 4.9e-05,
    "02_cache_search": 0.000652,
    "04_submit": 0.001891,
    "05_run": 0.003656,
    "06_collect": 0.000392,
    "total": 0.00664
  },
  "meta": {
    "backend": "fake_jakarta",
    "n_qubits": 5,
    "depth_in": 67,
    "depth_transpiled": 88,
    "size_transpiled": 318,
    "quasi_dist": {
      "29": 0.025390625,
      "0": 0.4541015625,
      "28": 0.0791015625,
      "2": 0.009765625,
      "21": 0.0048828125,
      "18": 0.005859375,
      "12": 0.0517578125,
      "22": 0.0126953125,
      "7": 0.0263671875,
      "24": 0.0380859375,
      "1": 0.05078125,
      "14": 0.052734375,
      "16": 0.0078125,
      "6": 0.0322265625,
      "8": 0.005859375,
      "19": 0.009765625,
      "13": 0.0244140625,
      "3": 0.0283203125,
      "26": 0.005859375,
      "31": 0.0185546875,
      "15": 0.021484375,
      "20": 0.0048828125,
      "23": 0.00390625,
      "30": 0.001953125,
      "27": 0.0029296875,
      "25": 0.0048828125,
      "10": 0.001953125,
      "4": 0.0009765625,
      "5": 0.0068359375,
      "11": 0.0029296875,
      "17": 0.0029296875
    }
  }
}