{
  "laps": {
    "01_setup": 4.9e-05,
    "02_cache_search": 0.000216,
    "04_submit": 0.001004,
    "05_run": 0.002201,
    "06_collect": 0.000222,
    "total": 0.003692
  },
  "meta": {
    "backend": "fake_jakarta",
    "n_qubits": 6,
    "depth_in": 38,
    "depth_transpiled": 49,
    "size_transpiled": 59,
    "quasi_dist": {
      "63": 0.4873046875,
      "0": 0.5126953125
    }
  }
}