{
  "laps": {
    "01_setup": 8.5e-05,
    "02_cache_search": 9.8e-05,
    "04_submit": 0.000648,
    "05_run": 0.002958,
    "06_collect": 6.4e-05,
    "total": 0.003853
  },
  "meta": {
    "backend": "fake_jakarta",
    "n_qubits": 6,
    "depth_in": 7,
    "depth_transpiled": 12,
    "size_transpiled": 17,
    "quasi_dist": {
      "0": 0.4638671875,
      "63": 0.5361328125
    }
  }
}