{
  "laps": {
    "01_setup": 9.8e-05,
    "03_transpile": 0.025229,
    "04_submit": 0.001006,
    "05_run": 0.002136,
    "06_collect": 0.000131,
    "total": 0.0286
  },
  "meta": {
    "backend": "fake_jakarta",
    "n_qubits": 5,
    "depth_in": 21,
    "depth_transpiled": 23,
    "size_transpiled": 27,
    "quasi_dist": {
      "0": 0.501953125,
      "31": 0.498046875
    }
  }
}