{
  "laps": {
    "01_setup": 6.2e-05,
    "03_transpile": 0.022735,
    "04_submit": 0.000745,
    "05_run": 0.001501,
    "06_collect": 8.7e-05,
    "total": 0.02513
  },
  "meta": {
    "backend": "fake_jakarta",
    "n_qubits": 3,
    "depth_in": 19,
    "depth_transpiled": 21,
    "size_transpiled": 23,
    "quasi_dist": {
      "0": 0.52734375,
      "7": 0.47265625
    }
  }
}