{
  "01_setup": 0.000634,
  "03_transpile": 0.310974,
  "04_submit": 0.008451,
  "05_run": 0.020418,
  "06_collect": 0.000987,
  "total": 0.341464
}