{
  "laps": {
    "01_setup": 7.4e-05,
    "03_transpile": 0.053041,
    "04_submit": 0.001658,
    "05_run": 0.003476,
    "06_collect": 0.000273,
    "total": 0.058522
  },
  "meta": {
    "backend": "fake_jakarta",
    "n_qubits": 5,
    "depth_in": 35,
    "depth_transpiled": 48,
    "size_transpiled": 174,
    "quasi_dist": {
      "6": 0.0771484375,
      "31": 0.0078125,
      "13": 0.0185546875,
      "4": 0.0576171875,
      "27": 0.0087890625,
      "8": 0.046875,
      "16": 0.0380859375,
      "2": 0.0419921875,
      "0": 0.125,
      "7": 0.037109375,
      "15": 0.0380859375,
      "24": 0.0732421875,
      "11": 0.0107421875,
      "30": 0.0400390625,
      "3": 0.01953125,
      "14": 0.0732421875,
      "28": 0.064453125,
      "12": 0.076171875,
      "18": 0.013671875,
      "21": 0.0078125,
      "26": 0.0068359375,
      "5": 0.029296875,
      "1": 0.01171875,
      "10": 0.00390625,
      "22": 0.00390625,
      "25": 0.009765625,
      "19": 0.0009765625,
      "29": 0.021484375,
      "9": 0.01171875,
      "17": 0.0146484375,
      "20": 0.00390625,
      "23": 0.005859375
    }
  }
}