{
  "laps": {
    "01_setup": 5.2e-05,
    "03_transpile": 0.020993,
    "04_submit": 0.000468,
    "05_run": 0.001979,
    "06_collect": 3e-05,
    "total": 0.023522
  },
  "meta": {
    "backend": "fake_jakarta",
    "n_qubits": 3,
    "depth_in": 4,
    "depth_transpiled": 6,
    "size_transpiled": 8,
    "quasi_dist": {
      "7": 0.5146484375,
      "0": 0.4853515625
    }
  }
}