{
  "laps": {
    "01_setup": 6.7e-05,
    "02_cache_search": 0.000645,
    "03_transpile": 0.075158,
    "07_cache_write": 0.099101,
    "04_submit": 0.002127,
    "05_run": 0.00468,
    "06_collect": 0.000544,
    "total": 0.182322
  },
  "meta": {
    "backend": "fake_jakarta",
    "n_qubits": 5,
    "depth_in": 67,
    "depth_transpiled": 88,
    "size_transpiled": 318,
    "quasi_dist": {
      "27": 0.0009765625,
      "3": 0.0244140625,
      "7": 0.0263671875,
      "25": 0.015625,
      "0": 0.4580078125,
      "1": 0.044921875,
      "14": 0.0712890625,
      "13": 0.0263671875,
      "12": 0.03125,
      "24": 0.0361328125,
      "31": 0.0224609375,
      "15": 0.015625,
      "19": 0.01171875,
      "28": 0.083984375,
      "6": 0.048828125,
      "18": 0.01171875,
      "22": 0.0087890625,
      "30": 0.0048828125,
      "26": 0.0087890625,
      "29": 0.01171875,
      "20": 0.0068359375,
      "16": 0.0029296875,
      "4": 0.0048828125,
      "23": 0.0029296875,
      "5": 0.001953125,
      "2": 0.00390625,
      "10": 0.0078125,
      "8": 0.0009765625,
      "11": 0.0029296875,
      "17": 0.0009765625
    }
  }
}