{
  "laps": {
    "01_setup": 5.3e-05,
    "02_cache_search": 0.000279,
    "04_submit": 0.000888,
    "05_run": 0.001563,
    "06_collect": 0.00014,
    "total": 0.002923
  },
  "meta": {
    "backend": "fake_jakarta",
    "n_qubits": 3,
    "depth_in": 35,
    "depth_transpiled": 37,
    "size_transpiled": 39,
    "quasi_dist": {
      "0": 0.52734375,
      "7": 0.47265625
    }
  }
}