{
  "01_setup": 0.000727,
  "02_cache_search": 0.01374,
  "03_transpile": 0.153838,
  "07_cache_write": 0.052058,
  "04_submit": 0.13784,
  "05_run": 0.066396,
  "06_collect": 0.008603,
  "total": 0.433202
}