{
  "laps": {
    "01_setup": 5.7e-05,
    "02_cache_search": 0.0004,
    "04_submit": 0.001351,
    "05_run": 0.002678,
    "06_collect": 0.000241,
    "total": 0.004727
  },
  "meta": {
    "backend": "fake_jakarta",
    "n_qubits": 3,
    "depth_in": 65,
    "depth_transpiled": 86,
    "size_transpiled": 178,
    "quasi_dist": {
      "0": 0.806640625,
      "6": 0.0595703125,
      "1": 0.0390625,
      "2": 0.0361328125,
      "4": 0.0078125,
      "3": 0.0380859375,
      "7": 0.0107421875,
      "5": 0.001953125
    }
  }
}