{
  "01_setup": 0.000759,
  "02_cache_search": 0.001212,
  "03_transpile": 0.026811,
  "07_cache_write": 0.001205,
  "04_submit": 0.007016,
  "05_run": 0.029821,
  "06_collect": 0.000614,
  "total": 0.067438
}