{
  "01_setup": 0.000691,
  "03_transpile": 0.332848,
  "04_submit": 0.007653,
  "05_run": 0.030705,
  "06_collect": 0.00077,
  "total": 0.372667
}