{
  "laps": {
    "01_setup": 4.7e-05,
    "02_cache_search": 0.000129,
    "04_submit": 0.000513,
    "05_run": 0.001671,
    "06_collect": 8.2e-05,
    "total": 0.002442
  },
  "meta": {
    "backend": "fake_jakarta",
    "n_qubits": 3,
    "depth_in": 17,
    "depth_transpiled": 26,
    "size_transpiled": 58,
    "quasi_dist": {
      "0": 0.4482421875,
      "3": 0.16796875,
      "1": 0.0849609375,
      "4": 0.0791015625,
      "2": 0.0458984375,
      "7": 0.0234375,
      "6": 0.1064453125,
      "5": 0.0439453125
    }
  }
}