{
  "laps": {
    "01_setup": 8.6e-05,
    "02_cache_search": 0.000252,
    "04_submit": 0.001194,
    "05_run": 0.002375,
    "06_collect": 0.000246,
    "total": 0.004153
  },
  "meta": {
    "backend": "fake_jakarta",
    "n_qubits": 7,
    "depth_in": 39,
    "depth_transpiled": 53,
    "size_transpiled": 64,
    "quasi_dist": {
      "127": 0.4912109375,
      "0": 0.5087890625
    }
  }
}