{
  "laps": {
    "01_setup": 0.000121,
    "02_cache_search": 0.000477,
    "03_transpile": 0.161658,
    "07_cache_write": 0.021823,
    "04_submit": 0.002996,
    "05_run": 0.004876,
    "06_collect": 0.000446,
    "total": 0.192397
  },
  "meta": {
    "backend": "fake_jakarta",
    "n_qubits": 3,
    "depth_in": 51,
    "depth_transpiled": 313,
    "size_transpiled": 420,
    "quasi_dist": {
      "0": 1.0
    }
  }
}