{
  "01_setup": 0.000517,
  "02_cache_search": 0.000958,
  "03_transpile": 0.031413,
  "07_cache_write": 0.004254,
  "04_submit": 0.00513,
  "05_run": 0.017785,
  "06_collect": 0.000583,
  "total": 0.06064
}