{
  "laps": {
    "01_setup": 6.1e-05,
    "03_transpile": 0.031538,
    "04_submit": 0.000807,
    "05_run": 0.001966,
    "06_collect": 6.9e-05,
    "total": 0.034441
  },
  "meta": {
    "backend": "fake_jakarta",
    "n_qubits": 6,
    "depth_in": 8,
    "depth_transpiled": 18,
    "size_transpiled": 28,
    "quasi_dist": {
      "0": 0.4931640625,
      "63": 0.5068359375
    }
  }
}