{
  "laps": {
    "01_setup": 7.4e-05,
    "02_cache_search": 0.000124,
    "04_submit": 0.000652,
    "05_run": 0.002022,
    "06_collect": 7.7e-05,
    "total": 0.002949
  },
  "meta": {
    "backend": "fake_jakarta",
    "n_qubits": 7,
    "depth_in": 11,
    "depth_transpiled": 24,
    "size_transpiled": 35,
    "quasi_dist": {
      "127": 0.4716796875,
      "0": 0.5283203125
    }
  }
}