{
  "laps": {
    "01_setup": 5.8e-05,
    "02_cache_search": 0.000812,
    "04_submit": 0.002599,
    "05_run": 0.005391,
    "06_collect": 0.000593,
    "total": 0.009453
  },
  "meta": {
    "backend": "fake_jakarta",
    "n_qubits": 6,
    "depth_in": 68,
    "depth_transpiled": 173,
    "size_transpiled": 433,
    "quasi_dist": {
      "55": 0.0029296875,
      "0": 0.2705078125,
      "2": 0.0068359375,
      "43": 0.001953125,
      "31": 0.021484375,
      "39": 0.0029296875,
      "63": 0.0341796875,
      "10": 0.0048828125,
      "54": 0.0029296875,
      "42": 0.0009765625,
      "1": 0.005859375,
      "13": 0.0126953125,
      "36": 0.001953125,
      "60": 0.04296875,
      "32": 0.0185546875,
      "24": 0.029296875,
      "48": 0.0380859375,
      "7": 0.0478515625,
      "16": 0.0498046875,
      "11": 0.0009765625,
      "34": 0.00390625,
      "62": 0.0380859375,
      "61": 0.005859375,
      "12": 0.021484375,
      "4": 0.00390625,
      "45": 0.005859375,
      "52": 0.0009765625,
      "44": 0.005859375,
      "3": 0.009765625,
      "8": 0.01953125,
      "47": 0.0107421875,
      "6": 0.0439453125,
      "30": 0.0390625,
      "58": 0.0068359375,
      "15": 0.0556640625,
      "19": 0.005859375,
      "56": 0.029296875,
      "59": 0.001953125,
      "14": 0.0478515625,
      "5": 0.00390625,
      "50": 0.001953125,
      "46": 0.0009765625,
      "28": 0.01171875,
      "29": 0.0048828125,
      "25": 0.0029296875,
      "40": 0.0029296875,
      "20": 0.00390625,
      "18": 0.001953125,
      "17": 0.001953125,
      "23": 0.0029296875,
      "26": 0.001953125,
      "9": 0.001953125,
      "41": 0.0009765625,
      "22": 0.0009765625
    }
  }
}