{
  "laps": {
    "01_setup": 9.7e-05,
    "03_transpile": 0.036358,
    "04_submit": 0.000942,
    "05_run": 0.002283,
    "06_collect": 0.000122,
    "total": 0.039802
  },
  "meta": {
    "backend": "fake_jakarta",
    "n_qubits": 6,
    "depth_in": 12,
    "depth_transpiled": 26,
    "size_transpiled": 83,
    "quasi_dist": {
      "55": 0.0009765625,
      "0": 0.3779296875,
      "32": 0.068359375,
      "8": 0.08203125,
      "1": 0.0654296875,
      "9": 0.0068359375,
      "4": 0.0673828125,
      "13": 0.0009765625,
      "60": 0.0009765625,
      "36": 0.0205078125,
      "2": 0.068359375,
      "10": 0.0107421875,
      "33": 0.0126953125,
      "50": 0.0009765625,
      "5": 0.015625,
      "34": 0.0087890625,
      "11": 0.00390625,
      "16": 0.06640625,
      "7": 0.0029296875,
      "48": 0.015625,
      "17": 0.0087890625,
      "49": 0.00390625,
      "6": 0.009765625,
      "26": 0.00390625,
      "14": 0.00390625,
      "18": 0.0068359375,
      "35": 0.00390625,
      "12": 0.0087890625,
      "31": 0.0009765625,
      "3": 0.0087890625,
      "21": 0.001953125,
      "24": 0.005859375,
      "40": 0.0126953125,
      "20": 0.0068359375,
      "28": 0.00390625,
      "25": 0.001953125,
      "56": 0.0009765625,
      "22": 0.0029296875,
      "19": 0.0029296875,
      "41": 0.0009765625,
      "57": 0.0009765625,
      "38": 0.0009765625
    }
  }
}