{
  "laps": {
    "01_setup": 6.9e-05,
    "02_cache_search": 8.9e-05,
    "03_transpile": 0.032261,
    "07_cache_write": 0.000665,
    "04_submit": 0.000691,
    "05_run": 0.001589,
    "06_collect": 5.2e-05,
    "total": 0.035416
  },
  "meta": {
    "backend": "fake_jakarta",
    "n_qubits": 3,
    "depth_in": 6,
    "depth_transpiled": 20,
    "size_transpiled": 26,
    "quasi_dist": {
      "0": 0.1337890625,
      "3": 0.134765625,
      "6": 0.1328125,
      "2": 0.1123046875,
      "4": 0.123046875,
      "7": 0.125,
      "1": 0.1171875,
      "5": 0.12109375
    }
  }
}