{
  "laps": {
    "01_setup": 6.7e-05,
    "03_transpile": 0.076895,
    "04_submit": 0.002682,
    "05_run": 0.003972,
    "06_collect": 0.000434,
    "total": 0.08405
  },
  "meta": {
    "backend": "fake_jakarta",
    "n_qubits": 5,
    "depth_in": 67,
    "depth_transpiled": 88,
    "size_transpiled": 318,
    "quasi_dist": {
      "26": 0.0146484375,
      "0": 0.4091796875,
      "28": 0.083984375,
      "12": 0.0537109375,
      "14": 0.0615234375,
      "15": 0.0302734375,
      "6": 0.041015625,
      "31": 0.0205078125,
      "24": 0.0390625,
      "17": 0.0029296875,
      "2": 0.01171875,
      "7": 0.0302734375,
      "20": 0.009765625,
      "19": 0.0166015625,
      "1": 0.0517578125,
      "25": 0.0107421875,
      "22": 0.013671875,
      "13": 0.021484375,
      "10": 0.009765625,
      "3": 0.0166015625,
      "18": 0.013671875,
      "16": 0.0068359375,
      "29": 0.0107421875,
      "9": 0.0009765625,
      "4": 0.001953125,
      "23": 0.005859375,
      "5": 0.001953125,
      "30": 0.0048828125,
      "21": 0.001953125,
      "8": 0.0009765625,
      "27": 0.0009765625
    }
  }
}