{
  "laps": {
    "01_setup": 0.000168,
    "03_transpile": 0.029791,
    "04_submit": 0.000774,
    "05_run": 0.001504,
    "06_collect": 8.3e-05,
    "total": 0.03232
  },
  "meta": {
    "backend": "fake_jakarta",
    "n_qubits": 3,
    "depth_in": 19,
    "depth_transpiled": 21,
    "size_transpiled": 23,
    "quasi_dist": {
      "0": 0.5126953125,
      "7": 0.4873046875
    }
  }
}