{
  "laps": {
    "01_setup": 4.7e-05,
    "02_cache_search": 0.000146,
    "04_submit": 0.00069,
    "05_run": 0.002244,
    "06_collect": 0.000121,
    "total": 0.003248
  },
  "meta": {
    "backend": "fake_jakarta",
    "n_qubits": 6,
    "depth_in": 12,
    "depth_transpiled": 26,
    "size_transpiled": 83,
    "quasi_dist": {
      "8": 0.0693359375,
      "0": 0.392578125,
      "28": 0.0029296875,
      "53": 0.0009765625,
      "43": 0.0009765625,
      "2": 0.0634765625,
      "10": 0.0107421875,
      "33": 0.0126953125,
      "16": 0.06640625,
      "20": 0.0087890625,
      "36": 0.015625,
      "13": 0.001953125,
      "32": 0.0712890625,
      "51": 0.0009765625,
      "45": 0.0009765625,
      "4": 0.052734375,
      "17": 0.015625,
      "42": 0.00390625,
      "1": 0.0546875,
      "49": 0.0009765625,
      "6": 0.0087890625,
      "18": 0.017578125,
      "35": 0.001953125,
      "12": 0.0087890625,
      "7": 0.0009765625,
      "48": 0.0146484375,
      "39": 0.0009765625,
      "46": 0.0009765625,
      "5": 0.0166015625,
      "26": 0.00390625,
      "52": 0.001953125,
      "3": 0.009765625,
      "24": 0.009765625,
      "9": 0.0146484375,
      "40": 0.005859375,
      "37": 0.0029296875,
      "14": 0.0009765625,
      "38": 0.001953125,
      "15": 0.0009765625,
      "11": 0.0029296875,
      "34": 0.009765625,
      "56": 0.0009765625,
      "21": 0.001953125,
      "25": 0.0029296875,
      "22": 0.00390625,
      "19": 0.001953125,
      "41": 0.001953125,
      "27": 0.0009765625,
      "57": 0.0009765625
    }
  }
}