{
  "01_setup": 0.000581,
  "02_cache_search": 0.006445,
  "03_transpile": 0.075158,
  "07_cache_write": 0.099101,
  "04_submit": 0.020231,
  "05_run": 0.03824,
  "06_collect": 0.004102,
  "total": 0.243858
}