{
  "laps": {
    "01_setup": 9.1e-05,
    "02_cache_search": 0.000335,
    "04_submit": 0.001206,
    "05_run": 0.003249,
    "06_collect": 0.000216,
    "total": 0.005097
  },
  "meta": {
    "backend": "fake_jakarta",
    "n_qubits": 6,
    "depth_in": 20,
    "depth_transpiled": 47,
    "size_transpiled": 133,
    "quasi_dist": {
      "16": 0.0693359375,
      "42": 0.0048828125,
      "54": 0.0068359375,
      "1": 0.0615234375,
      "10": 0.001953125,
      "33": 0.009765625,
      "63": 0.03125,
      "61": 0.0029296875,
      "35": 0.0146484375,
      "12": 0.025390625,
      "36": 0.0009765625,
      "13": 0.0078125,
      "60": 0.013671875,
      "45": 0.001953125,
      "51": 0.01171875,
      "4": 0.033203125,
      "58": 0.0078125,
      "38": 0.01953125,
      "15": 0.0185546875,
      "57": 0.005859375,
      "59": 0.0009765625,
      "37": 0.0029296875,
      "14": 0.0224609375,
      "26": 0.0068359375,
      "30": 0.03125,
      "48": 0.001953125,
      "7": 0.0234375,
      "19": 0.0078125,
      "8": 0.033203125,
      "55": 0.0029296875,
      "0": 0.1796875,
      "24": 0.02734375,
      "56": 0.0166015625,
      "47": 0.001953125,
      "49": 0.009765625,
      "6": 0.0234375,
      "43": 0.001953125,
      "2": 0.04296875,
      "52": 0.0029296875,
      "3": 0.0283203125,
      "44": 0.009765625,
      "28": 0.0087890625,
      "29": 0.0078125,
      "17": 0.005859375,
      "32": 0.037109375,
      "41": 0.0068359375,
      "25": 0.013671875,
      "34": 0.001953125,
      "11": 0.001953125,
      "62": 0.01171875,
      "50": 0.01171875,
      "5": 0.0029296875,
      "46": 0.0068359375,
      "23": 0.01171875,
      "40": 0.00390625,
      "20": 0.0048828125,
      "27": 0.015625,
      "9": 0.005859375,
      "18": 0.0048828125,
      "39": 0.0048828125,
      "31": 0.001953125,
      "21": 0.0009765625
    }
  }
}