{
  "laps": {
    "01_setup": 7.1e-05,
    "03_transpile": 0.026444,
    "04_submit": 0.000658,
    "05_run": 0.003034,
    "06_collect": 5.5e-05,
    "total": 0.030262
  },
  "meta": {
    "backend": "fake_jakarta",
    "n_qubits": 6,
    "depth_in": 7,
    "depth_transpiled": 12,
    "size_transpiled": 17,
    "quasi_dist": {
      "63": 0.4912109375,
      "0": 0.5087890625
    }
  }
}