{
  "laps": {
    "01_setup": 8.7e-05,
    "03_transpile": 0.036468,
    "04_submit": 0.001057,
    "05_run": 0.002406,
    "06_collect": 0.000135,
    "total": 0.040153
  },
  "meta": {
    "backend": "fake_jakarta",
    "n_qubits": 6,
    "depth_in": 12,
    "depth_transpiled": 26,
    "size_transpiled": 83,
    "quasi_dist": {
      "17": 0.0087890625,
      "8": 0.0712890625,
      "32": 0.0703125,
      "0": 0.373046875,
      "4": 0.0869140625,
      "43": 0.0009765625,
      "53": 0.0009765625,
      "2": 0.072265625,
      "54": 0.0009765625,
      "1": 0.0732421875,
      "9": 0.0126953125,
      "49": 0.0009765625,
      "6": 0.01171875,
      "16": 0.0654296875,
      "10": 0.0068359375,
      "33": 0.0126953125,
      "21": 0.0029296875,
      "50": 0.0029296875,
      "46": 0.0009765625,
      "5": 0.0078125,
      "40": 0.0078125,
      "34": 0.0146484375,
      "18": 0.0078125,
      "20": 0.013671875,
      "52": 0.001953125,
      "44": 0.001953125,
      "3": 0.009765625,
      "13": 0.0029296875,
      "36": 0.0166015625,
      "60": 0.001953125,
      "28": 0.001953125,
      "29": 0.0009765625,
      "26": 0.0048828125,
      "24": 0.0068359375,
      "48": 0.0078125,
      "12": 0.0087890625,
      "14": 0.0009765625,
      "37": 0.0009765625,
      "22": 0.0029296875,
      "25": 0.0009765625
    }
  }
}