{
  "laps": {
    "01_setup": 4.8e-05,
    "02_cache_search": 0.000117,
    "04_submit": 0.000498,
    "05_run": 0.001951,
    "06_collect": 8.6e-05,
    "total": 0.0027
  },
  "meta": {
    "backend": "fake_jakarta",
    "n_qubits": 6,
    "depth_in": 14,
    "depth_transpiled": 19,
    "size_transpiled": 24,
    "quasi_dist": {
      "0": 0.494140625,
      "63": 0.505859375
    }
  }
}