{
  "laps": {
    "01_setup": 6.1e-05,
    "03_transpile": 0.023651,
    "04_submit": 0.0009,
    "05_run": 0.00181,
    "06_collect": 0.00013,
    "total": 0.026552
  },
  "meta": {
    "backend": "fake_jakarta",
    "n_qubits": 3,
    "depth_in": 19,
    "depth_transpiled": 21,
    "size_transpiled": 23,
    "quasi_dist": {
      "0": 0.5419921875,
      "7": 0.4580078125
    }
  }
}