{
  "laps": {
    "01_setup": 6.5e-05,
    "02_cache_search": 0.00023,
    "03_transpile": 0.025219,
    "07_cache_write": 0.013127,
    "04_submit": 0.000928,
    "05_run": 0.002012,
    "06_collect": 9.3e-05,
    "total": 0.041674
  },
  "meta": {
    "backend": "fake_jakarta",
    "n_qubits": 5,
    "depth_in": 13,
    "depth_transpiled": 15,
    "size_transpiled": 19,
    "quasi_dist": {
      "31": 0.5283203125,
      "0": 0.4716796875
    }
  }
}