{
  "01_setup": 0.00089,
  "02_cache_search": 0.00176,
  "03_transpile": 0.060102,
  "07_cache_write": 0.001626,
  "04_submit": 0.011366,
  "05_run": 0.027415,
  "06_collect": 0.001632,
  "total": 0.104791
}