{
  "laps": {
    "01_setup": 8.1e-05,
    "03_transpile": 0.02542,
    "04_submit": 0.000867,
    "05_run": 0.001741,
    "06_collect": 8e-05,
    "total": 0.028189
  },
  "meta": {
    "backend": "fake_jakarta",
    "n_qubits": 5,
    "depth_in": 13,
    "depth_transpiled": 15,
    "size_transpiled": 19,
    "quasi_dist": {
      "31": 0.49609375,
      "0": 0.50390625
    }
  }
}