{
  "01_setup": 0.000554,
  "02_cache_search": 0.002112,
  "03_transpile": 0.036807,
  "07_cache_write": 0.006557,
  "04_submit": 0.008305,
  "05_run": 0.022885,
  "06_collect": 0.001373,
  "total": 0.078593
}