{
  "laps": {
    "01_setup": 5.7e-05,
    "03_transpile": 0.027212,
    "04_submit": 0.000627,
    "05_run": 0.001727,
    "06_collect": 6.3e-05,
    "total": 0.029686
  },
  "meta": {
    "backend": "fake_jakarta",
    "n_qubits": 6,
    "depth_in": 10,
    "depth_transpiled": 15,
    "size_transpiled": 20,
    "quasi_dist": {
      "0": 0.5048828125,
      "63": 0.4951171875
    }
  }
}