{
  "laps": {
    "01_setup": 6.9e-05,
    "03_transpile": 0.172657,
    "04_submit": 0.005693,
    "05_run": 0.00827,
    "06_collect": 0.001045,
    "total": 0.187734
  },
  "meta": {
    "backend": "fake_jakarta",
    "n_qubits": 6,
    "depth_in": 132,
    "depth_transpiled": 341,
    "size_transpiled": 833,
    "quasi_dist": {
      "43": 0.0009765625,
      "2": 0.0458984375,
      "28": 0.0576171875,
      "52": 0.0029296875,
      "3": 0.0517578125,
      "38": 0.0009765625,
      "58": 0.005859375,
      "15": 0.0576171875,
      "56": 0.048828125,
      "7": 0.0546875,
      "48": 0.0234375,
      "0": 0.11328125,
      "36": 0.0009765625,
      "13": 0.0126953125,
      "60": 0.083984375,
      "37": 0.0009765625,
      "14": 0.03125,
      "30": 0.0634765625,
      "11": 0.0029296875,
      "34": 0.0009765625,
      "62": 0.052734375,
      "49": 0.005859375,
      "6": 0.0419921875,
      "32": 0.0068359375,
      "31": 0.064453125,
      "24": 0.0205078125,
      "39": 0.001953125,
      "8": 0.0126953125,
      "51": 0.0087890625,
      "4": 0.0244140625,
      "35": 0.005859375,
      "12": 0.0244140625,
      "46": 0.0009765625,
      "50": 0.001953125,
      "5": 0.00390625,
      "54": 0.0009765625,
      "1": 0.01171875,
      "26": 0.005859375,
      "9": 0.0029296875,
      "10": 0.0029296875,
      "33": 0.00390625,
      "63": 0.0146484375,
      "18": 0.0029296875,
      "16": 0.00390625,
      "22": 0.001953125,
      "17": 0.001953125,
      "57": 0.0009765625,
      "27": 0.0029296875,
      "25": 0.001953125,
      "20": 0.001953125
    }
  }
}