{
  "01_setup": 0.001039,
  "03_transpile": 0.926858,
  "04_submit": 0.02403,
  "05_run": 0.039848,
  "06_collect": 0.004465,
  "total": 0.99624
}