{
  "laps": {
    "01_setup": 6.1e-05,
    "03_transpile": 0.021422,
    "04_submit": 0.000576,
    "05_run": 0.00272,
    "06_collect": 5.2e-05,
    "total": 0.024831
  },
  "meta": {
    "backend": "fake_jakarta",
    "n_qubits": 5,
    "depth_in": 6,
    "depth_transpiled": 8,
    "size_transpiled": 12,
    "quasi_dist": {
      "0": 0.4853515625,
      "31": 0.5146484375
    }
  }
}