{
  "laps": {
    "01_setup": 5.1e-05,
    "02_cache_search": 0.00014,
    "04_submit": 0.000578,
    "05_run": 0.002055,
    "06_collect": 0.000154,
    "total": 0.002978
  },
  "meta": {
    "backend": "fake_jakarta",
    "n_qubits": 3,
    "depth_in": 17,
    "depth_transpiled": 26,
    "size_transpiled": 58,
    "quasi_dist": {
      "1": 0.0703125,
      "0": 0.42578125,
      "6": 0.12890625,
      "4": 0.078125,
      "3": 0.173828125,
      "2": 0.05859375,
      "5": 0.044921875,
      "7": 0.01953125
    }
  }
}