{
  "laps": {
    "01_setup": 6.3e-05,
    "02_cache_search": 0.00129,
    "04_submit": 0.003788,
    "05_run": 0.006603,
    "06_collect": 0.000789,
    "total": 0.012533
  },
  "meta": {
    "backend": "fake_jakarta",
    "n_qubits": 5,
    "depth_in": 131,
    "depth_transpiled": 168,
    "size_transpiled": 606,
    "quasi_dist": {
      "0": 0.041015625,
      "4": 0.04296875,
      "5": 0.0263671875,
      "14": 0.0341796875,
      "3": 0.015625,
      "18": 0.0361328125,
      "27": 0.02734375,
      "9": 0.0478515625,
      "26": 0.033203125,
      "19": 0.0322265625,
      "1": 0.021484375,
      "28": 0.0302734375,
      "20": 0.02734375,
      "7": 0.0166015625,
      "10": 0.0302734375,
      "12": 0.0556640625,
      "15": 0.0234375,
      "25": 0.0498046875,
      "29": 0.041015625,
      "24": 0.0302734375,
      "8": 0.021484375,
      "22": 0.01953125,
      "21": 0.0498046875,
      "6": 0.033203125,
      "16": 0.015625,
      "13": 0.0615234375,
      "31": 0.0224609375,
      "23": 0.0166015625,
      "11": 0.0341796875,
      "2": 0.0263671875,
      "17": 0.021484375,
      "30": 0.0146484375
    }
  }
}