{
  "laps": {
    "01_setup": 0.000117,
    "03_transpile": 0.033904,
    "04_submit": 0.000914,
    "05_run": 0.002194,
    "06_collect": 8.5e-05,
    "total": 0.037214
  },
  "meta": {
    "backend": "fake_jakarta",
    "n_qubits": 7,
    "depth_in": 8,
    "depth_transpiled": 22,
    "size_transpiled": 33,
    "quasi_dist": {
      "0": 0.5107421875,
      "127": 0.4892578125
    }
  }
}