{
  "laps": {
    "01_setup": 6.4e-05,
    "03_transpile": 0.025284,
    "04_submit": 0.000744,
    "05_run": 0.001927,
    "06_collect": 8.2e-05,
    "total": 0.028101
  },
  "meta": {
    "backend": "fake_jakarta",
    "n_qubits": 5,
    "depth_in": 13,
    "depth_transpiled": 15,
    "size_transpiled": 19,
    "quasi_dist": {
      "31": 0.4951171875,
      "0": 0.5048828125
    }
  }
}