{
  "laps": {
    "01_setup": 6e-05,
    "03_transpile": 0.032038,
    "04_submit": 0.000723,
    "05_run": 0.002003,
    "06_collect": 7.6e-05,
    "total": 0.0349
  },
  "meta": {
    "backend": "fake_jakarta",
    "n_qubits": 7,
    "depth_in": 9,
    "depth_transpiled": 22,
    "size_transpiled": 33,
    "quasi_dist": {
      "0": 0.4990234375,
      "127": 0.5009765625
    }
  }
}