{
  "laps": {
    "01_setup": 0.000142,
    "02_cache_search": 0.002829,
    "04_submit": 0.031835,
    "05_run": 0.037054,
    "06_collect": 0.003361,
    "total": 0.075221
  },
  "meta": {
    "backend": "fake_jakarta",
    "n_qubits": 5,
    "depth_in": 165,
    "depth_transpiled": 1696,
    "size_transpiled": 2845,
    "quasi_dist": {
      "0": 1.0
    }
  }
}