{
  "laps": {
    "01_setup": 9.9e-05,
    "03_transpile": 0.084363,
    "04_submit": 0.002848,
    "05_run": 0.003994,
    "06_collect": 0.000694,
    "total": 0.091998
  },
  "meta": {
    "backend": "fake_jakarta",
    "n_qubits": 7,
    "depth_in": 39,
    "depth_transpiled": 52,
    "size_transpiled": 63,
    "quasi_dist": {
      "0": 0.51171875,
      "127": 0.48828125
    }
  }
}