{
  "01_setup": 0.000765,
  "03_transpile": 0.475369,
  "04_submit": 0.013045,
  "05_run": 0.029886,
  "06_collect": 0.001988,
  "total": 0.521053
}