{
  "laps": {
    "01_setup": 6.3e-05,
    "02_cache_search": 0.000113,
    "04_submit": 0.000559,
    "05_run": 0.001724,
    "06_collect": 6.1e-05,
    "total": 0.00252
  },
  "meta": {
    "backend": "fake_jakarta",
    "n_qubits": 5,
    "depth_in": 9,
    "depth_transpiled": 11,
    "size_transpiled": 15,
    "quasi_dist": {
      "0": 0.51171875,
      "31": 0.48828125
    }
  }
}