{
  "01_setup": 0.000687,
  "03_transpile": 0.46476,
  "04_submit": 0.011045,
  "05_run": 0.024754,
  "06_collect": 0.001474,
  "total": 0.50272
}