{
  "laps": {
    "01_setup": 4.5e-05,
    "02_cache_search": 7.5e-05,
    "04_submit": 0.000461,
    "05_run": 0.001843,
    "06_collect": 5.7e-05,
    "total": 0.002481
  },
  "meta": {
    "backend": "fake_jakarta",
    "n_qubits": 6,
    "depth_in": 8,
    "depth_transpiled": 18,
    "size_transpiled": 28,
    "quasi_dist": {
      "63": 0.4951171875,
      "0": 0.5048828125
    }
  }
}