{
  "laps": {
    "01_setup": 7.3e-05,
    "02_cache_search": 0.000171,
    "04_submit": 0.000754,
    "05_run": 0.002163,
    "06_collect": 0.000119,
    "total": 0.00328
  },
  "meta": {
    "backend": "fake_jakarta",
    "n_qubits": 6,
    "depth_in": 12,
    "depth_transpiled": 26,
    "size_transpiled": 83,
    "quasi_dist": {
      "32": 0.078125,
      "8": 0.0625,
      "0": 0.3720703125,
      "16": 0.0654296875,
      "54": 0.0009765625,
      "1": 0.078125,
      "6": 0.009765625,
      "49": 0.0009765625,
      "4": 0.0673828125,
      "53": 0.0009765625,
      "43": 0.0009765625,
      "2": 0.0576171875,
      "20": 0.0166015625,
      "24": 0.015625,
      "9": 0.013671875,
      "50": 0.00390625,
      "5": 0.009765625,
      "26": 0.001953125,
      "7": 0.0009765625,
      "48": 0.017578125,
      "11": 0.00390625,
      "34": 0.0107421875,
      "41": 0.001953125,
      "21": 0.001953125,
      "35": 0.0009765625,
      "12": 0.01171875,
      "44": 0.0009765625,
      "52": 0.0009765625,
      "3": 0.0068359375,
      "17": 0.013671875,
      "40": 0.0166015625,
      "25": 0.001953125,
      "19": 0.00390625,
      "10": 0.0078125,
      "33": 0.01171875,
      "36": 0.009765625,
      "13": 0.0009765625,
      "18": 0.0078125,
      "37": 0.001953125,
      "14": 0.0029296875,
      "22": 0.0009765625,
      "56": 0.001953125,
      "27": 0.0009765625,
      "38": 0.0009765625,
      "29": 0.0009765625
    }
  }
}