{
  "laps": {
    "01_setup": 0.000111,
    "03_transpile": 0.048604,
    "04_submit": 0.001442,
    "05_run": 0.002691,
    "06_collect": 0.000258,
    "total": 0.053106
  },
  "meta": {
    "backend": "fake_jakarta",
    "n_qubits": 7,
    "depth_in": 39,
    "depth_transpiled": 53,
    "size_transpiled": 64,
    "quasi_dist": {
      "127": 0.4892578125,
      "0": 0.5107421875
    }
  }
}