{
  "01_setup": 0.000806,
  "02_cache_search": 0.001558,
  "03_transpile": 0.059176,
  "07_cache_write": 0.001154,
  "04_submit": 0.009482,
  "05_run": 0.023779,
  "06_collect": 0.001166,
  "total": 0.097121
}