{
  "laps": {
    "01_setup": 5.4e-05,
    "02_cache_search": 0.000425,
    "04_submit": 0.001533,
    "05_run": 0.003486,
    "06_collect": 0.000291,
    "total": 0.005789
  },
  "meta": {
    "backend": "fake_jakarta",
    "n_qubits": 6,
    "depth_in": 36,
    "depth_transpiled": 89,
    "size_transpiled": 233,
    "quasi_dist": {
      "20": 0.015625,
      "59": 0.0009765625,
      "37": 0.0048828125,
      "14": 0.0361328125,
      "55": 0.0146484375,
      "0": 0.1728515625,
      "16": 0.017578125,
      "24": 0.02734375,
      "27": 0.0048828125,
      "49": 0.001953125,
      "47": 0.0126953125,
      "6": 0.0283203125,
      "38": 0.0048828125,
      "58": 0.01171875,
      "15": 0.076171875,
      "28": 0.056640625,
      "13": 0.0029296875,
      "36": 0.0068359375,
      "60": 0.0390625,
      "8": 0.0146484375,
      "11": 0.00390625,
      "62": 0.009765625,
      "48": 0.0283203125,
      "7": 0.015625,
      "32": 0.0166015625,
      "2": 0.015625,
      "31": 0.01953125,
      "61": 0.0107421875,
      "35": 0.0048828125,
      "12": 0.0361328125,
      "56": 0.078125,
      "30": 0.025390625,
      "5": 0.009765625,
      "63": 0.0029296875,
      "33": 0.0087890625,
      "10": 0.0166015625,
      "44": 0.0009765625,
      "3": 0.0234375,
      "52": 0.0048828125,
      "54": 0.00390625,
      "1": 0.0322265625,
      "40": 0.0107421875,
      "29": 0.0078125,
      "39": 0.0029296875,
      "19": 0.0146484375,
      "25": 0.00390625,
      "26": 0.0087890625,
      "57": 0.0087890625,
      "51": 0.001953125,
      "4": 0.0126953125,
      "22": 0.0009765625,
      "9": 0.0078125
    }
  }
}