{
  "laps": {
    "01_setup": 5.1e-05,
    "02_cache_search": 0.000643,
    "04_submit": 0.001907,
    "05_run": 0.003672,
    "06_collect": 0.00039,
    "total": 0.006663
  },
  "meta": {
    "backend": "fake_jakarta",
    "n_qubits": 5,
    "depth_in": 67,
    "depth_transpiled": 88,
    "size_transpiled": 318,
    "quasi_dist": {
      "0": 0.453125,
      "31": 0.021484375,
      "7": 0.02734375,
      "1": 0.0517578125,
      "24": 0.046875,
      "15": 0.0166015625,
      "30": 0.0078125,
      "13": 0.01953125,
      "3": 0.02734375,
      "18": 0.01171875,
      "6": 0.04296875,
      "8": 0.00390625,
      "16": 0.0078125,
      "12": 0.0498046875,
      "28": 0.08203125,
      "14": 0.0478515625,
      "20": 0.001953125,
      "29": 0.0224609375,
      "19": 0.0146484375,
      "2": 0.001953125,
      "22": 0.0087890625,
      "26": 0.0029296875,
      "25": 0.0146484375,
      "5": 0.00390625,
      "10": 0.005859375,
      "21": 0.0009765625,
      "17": 0.001953125,
      "27": 0.0009765625,
      "11": 0.0009765625
    }
  }
}