{
  "laps": {
    "01_setup": 5.3e-05,
    "02_cache_search": 0.000112,
    "04_submit": 0.000573,
    "05_run": 0.001661,
    "06_collect": 8.6e-05,
    "total": 0.002485
  },
  "meta": {
    "backend": "fake_jakarta",
    "n_qubits": 6,
    "depth_in": 14,
    "depth_transpiled": 19,
    "size_transpiled": 24,
    "quasi_dist": {
      "0": 0.48046875,
      "63": 0.51953125
    }
  }
}