{
  "laps": {
    "01_setup": 7.5e-05,
    "02_cache_search": 0.000151,
    "04_submit": 0.000772,
    "05_run": 0.002242,
    "06_collect": 0.00012,
    "total": 0.00336
  },
  "meta": {
    "backend": "fake_jakarta",
    "n_qubits": 6,
    "depth_in": 12,
    "depth_transpiled": 26,
    "size_transpiled": 83,
    "quasi_dist": {
      "42": 0.0029296875,
      "1": 0.0673828125,
      "16": 0.072265625,
      "2": 0.052734375,
      "4": 0.0703125,
      "18": 0.0166015625,
      "32": 0.052734375,
      "8": 0.0615234375,
      "0": 0.4130859375,
      "20": 0.0126953125,
      "17": 0.01171875,
      "24": 0.0146484375,
      "10": 0.0068359375,
      "33": 0.009765625,
      "7": 0.001953125,
      "48": 0.009765625,
      "6": 0.0078125,
      "49": 0.00390625,
      "44": 0.001953125,
      "3": 0.0068359375,
      "14": 0.001953125,
      "37": 0.0029296875,
      "9": 0.015625,
      "11": 0.0009765625,
      "34": 0.0087890625,
      "35": 0.001953125,
      "12": 0.0087890625,
      "57": 0.0009765625,
      "41": 0.0029296875,
      "56": 0.0009765625,
      "5": 0.009765625,
      "50": 0.00390625,
      "13": 0.00390625,
      "36": 0.0107421875,
      "40": 0.017578125,
      "21": 0.0029296875,
      "25": 0.0009765625,
      "28": 0.001953125,
      "39": 0.0009765625,
      "26": 0.001953125,
      "38": 0.0009765625,
      "22": 0.0009765625
    }
  }
}