{
  "laps": {
    "01_setup": 6e-05,
    "03_transpile": 0.038947,
    "04_submit": 0.000984,
    "05_run": 0.002054,
    "06_collect": 0.00014,
    "total": 0.042185
  },
  "meta": {
    "backend": "fake_jakarta",
    "n_qubits": 3,
    "depth_in": 33,
    "depth_transpiled": 46,
    "size_transpiled": 98,
    "quasi_dist": {
      "5": 0.0888671875,
      "6": 0.140625,
      "1": 0.15625,
      "0": 0.1396484375,
      "7": 0.083984375,
      "2": 0.14453125,
      "3": 0.1728515625,
      "4": 0.0732421875
    }
  }
}