{
  "laps": {
    "01_setup": 6.1e-05,
    "03_transpile": 0.035771,
    "04_submit": 0.000945,
    "05_run": 0.00225,
    "06_collect": 0.000135,
    "total": 0.039162
  },
  "meta": {
    "backend": "fake_jakarta",
    "n_qubits": 5,
    "depth_in": 19,
    "depth_transpiled": 28,
    "size_transpiled": 102,
    "quasi_dist": {
      "13": 0.0166015625,
      "0": 0.2763671875,
      "8": 0.0625,
      "11": 0.021484375,
      "6": 0.03125,
      "14": 0.048828125,
      "12": 0.0361328125,
      "22": 0.0244140625,
      "7": 0.03515625,
      "16": 0.0234375,
      "26": 0.0107421875,
      "1": 0.0537109375,
      "19": 0.0234375,
      "2": 0.046875,
      "25": 0.01171875,
      "4": 0.052734375,
      "29": 0.001953125,
      "28": 0.033203125,
      "20": 0.00390625,
      "31": 0.0341796875,
      "17": 0.025390625,
      "18": 0.0146484375,
      "15": 0.0244140625,
      "3": 0.041015625,
      "30": 0.015625,
      "10": 0.0048828125,
      "9": 0.0126953125,
      "27": 0.00390625,
      "24": 0.001953125,
      "5": 0.0048828125,
      "23": 0.0009765625,
      "21": 0.0009765625
    }
  }
}