{
  "laps": {
    "01_setup": 6.3e-05,
    "02_cache_search": 0.000114,
    "03_transpile": 0.027858,
    "07_cache_write": 0.003452,
    "04_submit": 0.000725,
    "05_run": 0.001584,
    "06_collect": 6.2e-05,
    "total": 0.033858
  },
  "meta": {
    "backend": "fake_jakarta",
    "n_qubits": 3,
    "depth_in": 9,
    "depth_transpiled": 16,
    "size_transpiled": 38,
    "quasi_dist": {
      "0": 0.6259765625,
      "4": 0.09375,
      "2": 0.1279296875,
      "1": 0.1005859375,
      "3": 0.0146484375,
      "7": 0.005859375,
      "5": 0.017578125,
      "6": 0.013671875
    }
  }
}