{
  "laps": {
    "01_setup": 7.3e-05,
    "02_cache_search": 0.000863,
    "03_transpile": 0.099355,
    "07_cache_write": 0.043343,
    "04_submit": 0.002413,
    "05_run": 0.004189,
    "06_collect": 0.000462,
    "total": 0.150698
  },
  "meta": {
    "backend": "fake_jakarta",
    "n_qubits": 3,
    "depth_in": 129,
    "depth_transpiled": 166,
    "size_transpiled": 338,
    "quasi_dist": {
      "1": 0.1650390625,
      "0": 0.5654296875,
      "2": 0.1689453125,
      "6": 0.0205078125,
      "3": 0.0546875,
      "4": 0.01171875,
      "5": 0.01171875,
      "7": 0.001953125
    }
  }
}