{
  "laps": {
    "01_setup": 5.6e-05,
    "02_cache_search": 9.4e-05,
    "04_submit": 0.000658,
    "05_run": 0.002037,
    "06_collect": 7e-05,
    "total": 0.002915
  },
  "meta": {
    "backend": "fake_jakarta",
    "n_qubits": 7,
    "depth_in": 9,
    "depth_transpiled": 22,
    "size_transpiled": 33,
    "quasi_dist": {
      "127": 0.5068359375,
      "0": 0.4931640625
    }
  }
}