{
  "laps": {
    "01_setup": 6.6e-05,
    "02_cache_search": 0.002031,
    "04_submit": 0.005523,
    "05_run": 0.01923,
    "06_collect": 0.001077,
    "total": 0.027927
  },
  "meta": {
    "backend": "fake_jakarta",
    "n_qubits": 6,
    "depth_in": 132,
    "depth_transpiled": 341,
    "size_transpiled": 833,
    "quasi_dist": {
      "28": 0.0537109375,
      "58": 0.0078125,
      "15": 0.0546875,
      "7": 0.05859375,
      "48": 0.0224609375,
      "16": 0.00390625,
      "55": 0.0048828125,
      "0": 0.12109375,
      "13": 0.0068359375,
      "36": 0.0009765625,
      "60": 0.099609375,
      "52": 0.0029296875,
      "3": 0.048828125,
      "10": 0.0009765625,
      "33": 0.00390625,
      "63": 0.021484375,
      "9": 0.0029296875,
      "56": 0.0419921875,
      "35": 0.0107421875,
      "12": 0.025390625,
      "2": 0.03515625,
      "59": 0.0009765625,
      "37": 0.0029296875,
      "14": 0.0234375,
      "51": 0.0087890625,
      "4": 0.029296875,
      "31": 0.0595703125,
      "11": 0.0009765625,
      "34": 0.0009765625,
      "62": 0.0673828125,
      "54": 0.001953125,
      "1": 0.0068359375,
      "30": 0.060546875,
      "17": 0.0068359375,
      "39": 0.00390625,
      "49": 0.00390625,
      "6": 0.0302734375,
      "24": 0.017578125,
      "8": 0.009765625,
      "32": 0.005859375,
      "50": 0.0029296875,
      "5": 0.0078125,
      "25": 0.0009765625,
      "29": 0.001953125,
      "18": 0.00390625,
      "26": 0.005859375,
      "27": 0.0009765625,
      "57": 0.0029296875,
      "23": 0.001953125
    }
  }
}