{
  "01_setup": 0.000641,
  "03_transpile": 0.256869,
  "04_submit": 0.007597,
  "05_run": 0.019721,
  "06_collect": 0.000717,
  "total": 0.285545
}