{
  "laps": {
    "01_setup": 5.1e-05,
    "02_cache_search": 0.00022,
    "04_submit": 0.001077,
    "05_run": 0.002041,
    "06_collect": 0.000241,
    "total": 0.00363
  },
  "meta": {
    "backend": "fake_jakarta",
    "n_qubits": 6,
    "depth_in": 38,
    "depth_transpiled": 49,
    "size_transpiled": 59,
    "quasi_dist": {
      "63": 0.51953125,
      "0": 0.48046875
    }
  }
}