{
  "laps": {
    "01_setup": 5.9e-05,
    "03_transpile": 0.034163,
    "04_submit": 0.00085,
    "05_run": 0.002406,
    "06_collect": 0.000127,
    "total": 0.037605
  },
  "meta": {
    "backend": "fake_jakarta",
    "n_qubits": 6,
    "depth_in": 12,
    "depth_transpiled": 26,
    "size_transpiled": 83,
    "quasi_dist": {
      "50": 0.0009765625,
      "46": 0.0009765625,
      "5": 0.013671875,
      "20": 0.013671875,
      "32": 0.0732421875,
      "0": 0.37109375,
      "28": 0.00390625,
      "42": 0.001953125,
      "1": 0.0771484375,
      "10": 0.0068359375,
      "33": 0.0146484375,
      "51": 0.0009765625,
      "4": 0.064453125,
      "60": 0.0009765625,
      "36": 0.009765625,
      "2": 0.0673828125,
      "8": 0.0703125,
      "16": 0.0673828125,
      "12": 0.009765625,
      "35": 0.001953125,
      "39": 0.001953125,
      "18": 0.009765625,
      "7": 0.0009765625,
      "48": 0.0107421875,
      "11": 0.0029296875,
      "34": 0.009765625,
      "19": 0.001953125,
      "15": 0.0009765625,
      "58": 0.0009765625,
      "38": 0.005859375,
      "44": 0.0009765625,
      "52": 0.001953125,
      "3": 0.01171875,
      "17": 0.0048828125,
      "49": 0.0029296875,
      "6": 0.009765625,
      "22": 0.001953125,
      "9": 0.015625,
      "40": 0.0068359375,
      "21": 0.0009765625,
      "14": 0.0048828125,
      "24": 0.0087890625,
      "56": 0.001953125,
      "25": 0.0029296875,
      "41": 0.0029296875,
      "26": 0.001953125,
      "57": 0.0009765625,
      "29": 0.0009765625
    }
  }
}