{
  "laps": {
    "01_setup": 4.5e-05,
    "02_cache_search": 0.000103,
    "04_submit": 0.000496,
    "05_run": 0.001706,
    "06_collect": 9.1e-05,
    "total": 0.002441
  },
  "meta": {
    "backend": "fake_jakarta",
    "n_qubits": 6,
    "depth_in": 14,
    "depth_transpiled": 19,
    "size_transpiled": 24,
    "quasi_dist": {
      "0": 0.498046875,
      "63": 0.501953125
    }
  }
}