{
  "01_setup": 0.000684,
  "02_cache_search": 0.001797,
  "03_transpile": 0.033529,
  "07_cache_write": 0.055007,
  "04_submit": 0.00786,
  "05_run": 0.018005,
  "06_collect": 0.001199,
  "total": 0.118081
}