{
  "01_setup": 0.000676,
  "03_transpile": 0.871611,
  "04_submit": 0.062574,
  "05_run": 0.038572,
  "06_collect": 0.002182,
  "total": 0.975615
}