{
  "01_setup": 0.00066,
  "03_transpile": 0.744218,
  "04_submit": 0.023844,
  "05_run": 0.040352,
  "06_collect": 0.004139,
  "total": 0.813213
}