{
  "laps": {
    "01_setup": 5.3e-05,
    "02_cache_search": 9.1e-05,
    "04_submit": 0.000623,
    "05_run": 0.001616,
    "06_collect": 5.3e-05,
    "total": 0.002436
  },
  "meta": {
    "backend": "fake_jakarta",
    "n_qubits": 5,
    "depth_in": 9,
    "depth_transpiled": 11,
    "size_transpiled": 15,
    "quasi_dist": {
      "0": 0.529296875,
      "31": 0.470703125
    }
  }
}