{
  "laps": {
    "01_setup": 5.8e-05,
    "02_cache_search": 8.7e-05,
    "04_submit": 0.000427,
    "05_run": 0.001715,
    "06_collect": 4.9e-05,
    "total": 0.002336
  },
  "meta": {
    "backend": "fake_jakarta",
    "n_qubits": 5,
    "depth_in": 7,
    "depth_transpiled": 9,
    "size_transpiled": 13,
    "quasi_dist": {
      "31": 0.4931640625,
      "0": 0.5068359375
    }
  }
}