{
  "laps": {
    "01_setup": 0.0001,
    "03_transpile": 0.285716,
    "04_submit": 0.003974,
    "05_run": 0.009496,
    "06_collect": 0.001387,
    "total": 0.300673
  },
  "meta": {
    "backend": "fake_jakarta",
    "n_qubits": 5,
    "depth_in": 131,
    "depth_transpiled": 168,
    "size_transpiled": 606,
    "quasi_dist": {
      "29": 0.0390625,
      "20": 0.0390625,
      "23": 0.025390625,
      "22": 0.033203125,
      "7": 0.0126953125,
      "17": 0.0224609375,
      "25": 0.0693359375,
      "10": 0.0244140625,
      "24": 0.03515625,
      "6": 0.033203125,
      "5": 0.02734375,
      "3": 0.0107421875,
      "27": 0.037109375,
      "12": 0.048828125,
      "28": 0.0322265625,
      "26": 0.041015625,
      "11": 0.0234375,
      "21": 0.0361328125,
      "13": 0.0595703125,
      "16": 0.0166015625,
      "14": 0.0283203125,
      "0": 0.03515625,
      "2": 0.029296875,
      "15": 0.0302734375,
      "8": 0.0224609375,
      "19": 0.0341796875,
      "4": 0.0302734375,
      "30": 0.0166015625,
      "9": 0.0400390625,
      "18": 0.025390625,
      "31": 0.01953125,
      "1": 0.021484375
    }
  }
}