{
  "laps": {
    "01_setup": 8.3e-05,
    "03_transpile": 0.065222,
    "04_submit": 0.001449,
    "05_run": 0.002622,
    "06_collect": 0.000257,
    "total": 0.069633
  },
  "meta": {
    "backend": "fake_jakarta",
    "n_qubits": 7,
    "depth_in": 39,
    "depth_transpiled": 53,
    "size_transpiled": 64,
    "quasi_dist": {
      "0": 0.5009765625,
      "127": 0.4990234375
    }
  }
}