{
  "laps": {
    "01_setup": 6.1e-05,
    "03_transpile": 0.035332,
    "04_submit": 0.000947,
    "05_run": 0.00228,
    "06_collect": 0.00012,
    "total": 0.03874
  },
  "meta": {
    "backend": "fake_jakarta",
    "n_qubits": 6,
    "depth_in": 12,
    "depth_transpiled": 26,
    "size_transpiled": 83,
    "quasi_dist": {
      "50": 0.0009765625,
      "46": 0.0009765625,
      "5": 0.0107421875,
      "14": 0.001953125,
      "37": 0.0009765625,
      "34": 0.017578125,
      "11": 0.00390625,
      "16": 0.0673828125,
      "42": 0.0009765625,
      "1": 0.0654296875,
      "0": 0.365234375,
      "44": 0.0009765625,
      "3": 0.01171875,
      "61": 0.0009765625,
      "35": 0.001953125,
      "12": 0.015625,
      "4": 0.0703125,
      "32": 0.0732421875,
      "43": 0.0009765625,
      "2": 0.0791015625,
      "8": 0.0556640625,
      "36": 0.013671875,
      "40": 0.009765625,
      "26": 0.0029296875,
      "28": 0.0029296875,
      "6": 0.01171875,
      "10": 0.0087890625,
      "33": 0.01171875,
      "9": 0.0146484375,
      "24": 0.01171875,
      "57": 0.001953125,
      "25": 0.00390625,
      "20": 0.0107421875,
      "56": 0.00390625,
      "18": 0.013671875,
      "39": 0.0009765625,
      "19": 0.001953125,
      "17": 0.0107421875,
      "7": 0.001953125,
      "48": 0.0078125,
      "30": 0.001953125,
      "58": 0.0009765625,
      "38": 0.0009765625,
      "15": 0.0009765625,
      "21": 0.001953125,
      "22": 0.0009765625
    }
  }
}