{
  "laps": {
    "01_setup": 0.00012,
    "02_cache_search": 0.001329,
    "03_transpile": 0.153838,
    "07_cache_write": 0.052058,
    "04_submit": 0.00601,
    "05_run": 0.006602,
    "06_collect": 0.000817,
    "total": 0.220774
  },
  "meta": {
    "backend": "fake_jakarta",
    "n_qubits": 5,
    "depth_in": 131,
    "depth_transpiled": 168,
    "size_transpiled": 606,
    "quasi_dist": {
      "17": 0.0283203125,
      "8": 0.0302734375,
      "28": 0.0244140625,
      "16": 0.0185546875,
      "22": 0.025390625,
      "14": 0.0322265625,
      "29": 0.046875,
      "12": 0.05078125,
      "9": 0.052734375,
      "13": 0.0576171875,
      "4": 0.02734375,
      "31": 0.0185546875,
      "30": 0.01953125,
      "3": 0.0087890625,
      "10": 0.0283203125,
      "24": 0.044921875,
      "0": 0.0380859375,
      "26": 0.04296875,
      "6": 0.037109375,
      "20": 0.017578125,
      "2": 0.025390625,
      "19": 0.0283203125,
      "23": 0.0166015625,
      "25": 0.064453125,
      "5": 0.0263671875,
      "21": 0.041015625,
      "27": 0.0380859375,
      "18": 0.0224609375,
      "15": 0.0244140625,
      "7": 0.0166015625,
      "11": 0.0234375,
      "1": 0.0224609375
    }
  }
}