{
  "laps": {
    "01_setup": 6.2e-05,
    "03_transpile": 0.073259,
    "04_submit": 0.00261,
    "05_run": 0.004164,
    "06_collect": 0.000414,
    "total": 0.080509
  },
  "meta": {
    "backend": "fake_jakarta",
    "n_qubits": 5,
    "depth_in": 67,
    "depth_transpiled": 88,
    "size_transpiled": 318,
    "quasi_dist": {
      "19": 0.0107421875,
      "24": 0.03515625,
      "1": 0.044921875,
      "14": 0.080078125,
      "5": 0.0087890625,
      "0": 0.431640625,
      "12": 0.0478515625,
      "3": 0.0283203125,
      "28": 0.078125,
      "7": 0.0302734375,
      "31": 0.0224609375,
      "25": 0.01171875,
      "26": 0.009765625,
      "18": 0.0107421875,
      "22": 0.0087890625,
      "27": 0.001953125,
      "13": 0.0263671875,
      "16": 0.005859375,
      "6": 0.03515625,
      "21": 0.001953125,
      "29": 0.0146484375,
      "15": 0.015625,
      "4": 0.001953125,
      "20": 0.0068359375,
      "30": 0.0078125,
      "8": 0.0048828125,
      "10": 0.001953125,
      "2": 0.0087890625,
      "17": 0.0048828125,
      "23": 0.0009765625,
      "9": 0.0009765625
    }
  }
}