{
  "laps": {
    "01_setup": 0.000144,
    "02_cache_search": 0.004019,
    "03_transpile": 1.568494,
    "07_cache_write": 0.062757,
    "04_submit": 0.021197,
    "05_run": 0.034133,
    "06_collect": 0.003167,
    "total": 1.693911
  },
  "meta": {
    "backend": "fake_jakarta",
    "n_qubits": 5,
    "depth_in": 165,
    "depth_transpiled": 1696,
    "size_transpiled": 2845,
    "quasi_dist": {
      "0": 1.0
    }
  }
}