{
  "laps": {
    "01_setup": 8e-05,
    "03_transpile": 0.02169,
    "04_submit": 0.000823,
    "05_run": 0.001595,
    "06_collect": 4.9e-05,
    "total": 0.024237
  },
  "meta": {
    "backend": "fake_jakarta",
    "n_qubits": 5,
    "depth_in": 7,
    "depth_transpiled": 9,
    "size_transpiled": 13,
    "quasi_dist": {
      "31": 0.5224609375,
      "0": 0.4775390625
    }
  }
}