{
  "01_setup": 0.000519,
  "02_cache_search": 0.002279,
  "03_transpile": 0.041907,
  "07_cache_write": 0.011852,
  "04_submit": 0.008047,
  "05_run": 0.020809,
  "06_collect": 0.001383,
  "total": 0.086796
}