{
  "laps": {
    "01_setup": 0.000102,
    "03_transpile": 2.245408,
    "04_submit": 0.035557,
    "05_run": 0.057682,
    "06_collect": 0.005698,
    "total": 2.344447
  },
  "meta": {
    "backend": "fake_jakarta",
    "n_qubits": 7,
    "depth_in": 231,
    "depth_transpiled": 2906,
    "size_transpiled": 5639,
    "quasi_dist": {
      "0": 1.0
    }
  }
}