{
  "laps": {
    "01_setup": 7.6e-05,
    "02_cache_search": 0.000173,
    "04_submit": 0.000771,
    "05_run": 0.00172,
    "06_collect": 0.000124,
    "total": 0.002864
  },
  "meta": {
    "backend": "fake_jakarta",
    "n_qubits": 5,
    "depth_in": 21,
    "depth_transpiled": 23,
    "size_transpiled": 27,
    "quasi_dist": {
      "0": 0.49609375,
      "31": 0.50390625
    }
  }
}