{
  "laps": {
    "01_setup": 6.2e-05,
    "02_cache_search": 0.000115,
    "04_submit": 0.000497,
    "05_run": 0.001376,
    "06_collect": 5.5e-05,
    "total": 0.002105
  },
  "meta": {
    "backend": "fake_jakarta",
    "n_qubits": 3,
    "depth_in": 11,
    "depth_transpiled": 13,
    "size_transpiled": 15,
    "quasi_dist": {
      "0": 0.5087890625,
      "7": 0.4912109375
    }
  }
}