{
  "laps": {
    "01_setup": 9.1e-05,
    "03_transpile": 0.060036,
    "04_submit": 0.001413,
    "05_run": 0.007646,
    "06_collect": 0.000257,
    "total": 0.069443
  },
  "meta": {
    "backend": "fake_jakarta",
    "n_qubits": 7,
    "depth_in": 39,
    "depth_transpiled": 52,
    "size_transpiled": 63,
    "quasi_dist": {
      "0": 0.4873046875,
      "127": 0.5126953125
    }
  }
}