{
  "laps": {
    "01_setup": 0.000108,
    "03_transpile": 0.031676,
    "04_submit": 0.00081,
    "05_run": 0.002433,
    "06_collect": 9e-05,
    "total": 0.035117
  },
  "meta": {
    "backend": "fake_jakarta",
    "n_qubits": 3,
    "depth_in": 17,
    "depth_transpiled": 26,
    "size_transpiled": 58,
    "quasi_dist": {
      "1": 0.0986328125,
      "0": 0.447265625,
      "4": 0.076171875,
      "2": 0.056640625,
      "5": 0.0283203125,
      "3": 0.1669921875,
      "6": 0.10546875,
      "7": 0.0205078125
    }
  }
}