{
  "01_setup": 0.001041,
  "02_cache_search": 0.002978,
  "03_transpile": 0.06313,
  "07_cache_write": 0.049352,
  "04_submit": 0.022956,
  "05_run": 0.035037,
  "06_collect": 0.002677,
  "total": 0.177171
}