{
  "laps": {
    "01_setup": 7.1e-05,
    "03_transpile": 0.026285,
    "04_submit": 0.000632,
    "05_run": 0.002979,
    "06_collect": 5.1e-05,
    "total": 0.030018
  },
  "meta": {
    "backend": "fake_jakarta",
    "n_qubits": 6,
    "depth_in": 7,
    "depth_transpiled": 12,
    "size_transpiled": 17,
    "quasi_dist": {
      "0": 0.5048828125,
      "63": 0.4951171875
    }
  }
}