{
  "laps": {
    "01_setup": 5.4e-05,
    "02_cache_search": 0.000421,
    "04_submit": 0.001521,
    "05_run": 0.003815,
    "06_collect": 0.000293,
    "total": 0.006104
  },
  "meta": {
    "backend": "fake_jakarta",
    "n_qubits": 6,
    "depth_in": 36,
    "depth_transpiled": 89,
    "size_transpiled": 233,
    "quasi_dist": {
      "38": 0.001953125,
      "58": 0.013671875,
      "15": 0.0654296875,
      "63": 0.0029296875,
      "33": 0.0087890625,
      "10": 0.0185546875,
      "42": 0.0009765625,
      "54": 0.005859375,
      "1": 0.0302734375,
      "56": 0.0810546875,
      "55": 0.0078125,
      "0": 0.19140625,
      "8": 0.0185546875,
      "11": 0.0087890625,
      "62": 0.0126953125,
      "61": 0.00390625,
      "12": 0.0341796875,
      "35": 0.009765625,
      "49": 0.001953125,
      "47": 0.01171875,
      "6": 0.021484375,
      "28": 0.078125,
      "5": 0.015625,
      "36": 0.0048828125,
      "13": 0.0078125,
      "60": 0.0361328125,
      "48": 0.0166015625,
      "7": 0.021484375,
      "31": 0.0185546875,
      "24": 0.0283203125,
      "59": 0.0029296875,
      "37": 0.001953125,
      "14": 0.0361328125,
      "30": 0.03515625,
      "26": 0.01171875,
      "3": 0.0205078125,
      "20": 0.0087890625,
      "51": 0.001953125,
      "4": 0.01171875,
      "32": 0.0078125,
      "25": 0.0048828125,
      "16": 0.021484375,
      "19": 0.01171875,
      "39": 0.0029296875,
      "57": 0.01171875,
      "40": 0.0048828125,
      "23": 0.0009765625,
      "43": 0.001953125,
      "2": 0.0107421875,
      "27": 0.0009765625,
      "9": 0.00390625,
      "29": 0.0029296875,
      "41": 0.001953125,
      "17": 0.0009765625
    }
  }
}