{
  "laps": {
    "01_setup": 0.000115,
    "03_transpile": 0.124328,
    "04_submit": 0.001635,
    "05_run": 0.003225,
    "06_collect": 0.000243,
    "total": 0.129546
  },
  "meta": {
    "backend": "fake_jakarta",
    "n_qubits": 5,
    "depth_in": 35,
    "depth_transpiled": 48,
    "size_transpiled": 174,
    "quasi_dist": {
      "12": 0.076171875,
      "3": 0.02734375,
      "8": 0.0458984375,
      "0": 0.1240234375,
      "4": 0.05859375,
      "2": 0.046875,
      "23": 0.005859375,
      "6": 0.08203125,
      "7": 0.0400390625,
      "30": 0.033203125,
      "5": 0.02734375,
      "24": 0.0654296875,
      "15": 0.03125,
      "11": 0.0126953125,
      "16": 0.0380859375,
      "13": 0.0126953125,
      "14": 0.0810546875,
      "29": 0.0166015625,
      "1": 0.0166015625,
      "28": 0.0791015625,
      "9": 0.005859375,
      "27": 0.013671875,
      "17": 0.009765625,
      "18": 0.0078125,
      "10": 0.0048828125,
      "25": 0.00390625,
      "31": 0.0126953125,
      "20": 0.0048828125,
      "21": 0.00390625,
      "26": 0.0078125,
      "22": 0.00390625
    }
  }
}