{
  "laps": {
    "01_setup": 7e-05,
    "02_cache_search": 0.000832,
    "04_submit": 0.003367,
    "05_run": 0.005351,
    "06_collect": 0.000558,
    "total": 0.010178
  },
  "meta": {
    "backend": "fake_jakarta",
    "n_qubits": 6,
    "depth_in": 68,
    "depth_transpiled": 173,
    "size_transpiled": 433,
    "quasi_dist": {
      "30": 0.05078125,
      "32": 0.0234375,
      "55": 0.001953125,
      "0": 0.26171875,
      "9": 0.001953125,
      "33": 0.0009765625,
      "10": 0.00390625,
      "63": 0.0361328125,
      "59": 0.0009765625,
      "14": 0.0615234375,
      "61": 0.009765625,
      "12": 0.017578125,
      "39": 0.005859375,
      "7": 0.041015625,
      "48": 0.02734375,
      "38": 0.001953125,
      "58": 0.001953125,
      "15": 0.0546875,
      "31": 0.033203125,
      "25": 0.0048828125,
      "16": 0.0419921875,
      "34": 0.001953125,
      "62": 0.0361328125,
      "11": 0.0029296875,
      "24": 0.02734375,
      "56": 0.046875,
      "28": 0.021484375,
      "49": 0.0009765625,
      "6": 0.0205078125,
      "47": 0.0078125,
      "52": 0.001953125,
      "44": 0.009765625,
      "3": 0.0048828125,
      "36": 0.0009765625,
      "60": 0.0341796875,
      "13": 0.0107421875,
      "29": 0.015625,
      "57": 0.00390625,
      "19": 0.001953125,
      "8": 0.0166015625,
      "5": 0.0048828125,
      "50": 0.00390625,
      "46": 0.0087890625,
      "1": 0.001953125,
      "42": 0.00390625,
      "45": 0.001953125,
      "4": 0.0078125,
      "22": 0.001953125,
      "43": 0.0009765625,
      "23": 0.001953125,
      "26": 0.0029296875,
      "20": 0.0009765625,
      "41": 0.0009765625,
      "17": 0.0048828125,
      "40": 0.001953125
    }
  }
}