{
  "01_setup": 0.000893,
  "02_cache_search": 0.004695,
  "03_transpile": 0.161658,
  "07_cache_write": 0.021823,
  "04_submit": 0.033391,
  "05_run": 0.050884,
  "06_collect": 0.004637,
  "total": 0.277981
}