{
  "laps": {
    "01_setup": 0.000125,
    "03_transpile": 0.06487,
    "04_submit": 0.001864,
    "05_run": 0.003621,
    "06_collect": 0.000301,
    "total": 0.070781
  },
  "meta": {
    "backend": "fake_jakarta",
    "n_qubits": 6,
    "depth_in": 36,
    "depth_transpiled": 89,
    "size_transpiled": 233,
    "quasi_dist": {
      "18": 0.0009765625,
      "28": 0.0625,
      "38": 0.005859375,
      "58": 0.0087890625,
      "15": 0.076171875,
      "9": 0.0029296875,
      "54": 0.01171875,
      "1": 0.025390625,
      "55": 0.0185546875,
      "0": 0.1708984375,
      "59": 0.00390625,
      "37": 0.0029296875,
      "14": 0.041015625,
      "56": 0.072265625,
      "32": 0.013671875,
      "35": 0.0126953125,
      "12": 0.0390625,
      "61": 0.0048828125,
      "31": 0.0224609375,
      "47": 0.005859375,
      "6": 0.029296875,
      "44": 0.001953125,
      "52": 0.0029296875,
      "3": 0.0234375,
      "63": 0.001953125,
      "33": 0.0068359375,
      "10": 0.0078125,
      "8": 0.0126953125,
      "36": 0.0068359375,
      "13": 0.0078125,
      "60": 0.0390625,
      "48": 0.021484375,
      "7": 0.0166015625,
      "26": 0.01171875,
      "30": 0.0419921875,
      "57": 0.0126953125,
      "4": 0.0205078125,
      "51": 0.0029296875,
      "11": 0.0048828125,
      "62": 0.0107421875,
      "46": 0.0009765625,
      "5": 0.0078125,
      "16": 0.0263671875,
      "29": 0.0146484375,
      "24": 0.017578125,
      "19": 0.0107421875,
      "20": 0.0087890625,
      "40": 0.0078125,
      "27": 0.001953125,
      "39": 0.0029296875,
      "25": 0.0048828125,
      "21": 0.0029296875,
      "2": 0.0048828125,
      "22": 0.0009765625
    }
  }
}