{
  "01_setup": 0.000907,
  "02_cache_search": 0.022158,
  "03_transpile": 0.961886,
  "07_cache_write": 0.131848,
  "04_submit": 0.279572,
  "05_run": 0.26104,
  "06_collect": 0.031021,
  "total": 1.688432
}