{
  "laps": {
    "01_setup": 9e-05,
    "02_cache_search": 0.000166,
    "04_submit": 0.000946,
    "05_run": 0.003873,
    "06_collect": 8.7e-05,
    "total": 0.005162
  },
  "meta": {
    "backend": "fake_jakarta",
    "n_qubits": 6,
    "depth_in": 7,
    "depth_transpiled": 12,
    "size_transpiled": 17,
    "quasi_dist": {
      "63": 0.482421875,
      "0": 0.517578125
    }
  }
}