{
  "01_setup": 0.000654,
  "03_transpile": 0.550644,
  "04_submit": 0.015557,
  "05_run": 0.028269,
  "06_collect": 0.002611,
  "total": 0.597735
}