{
  "laps": {
    "01_setup": 6.4e-05,
    "02_cache_search": 0.00014,
    "04_submit": 0.000614,
    "05_run": 0.002021,
    "06_collect": 8.7e-05,
    "total": 0.002926
  },
  "meta": {
    "backend": "fake_jakarta",
    "n_qubits": 5,
    "depth_in": 13,
    "depth_transpiled": 15,
    "size_transpiled": 19,
    "quasi_dist": {
      "0": 0.505859375,
      "31": 0.494140625
    }
  }
}