{
  "laps": {
    "01_setup": 8e-05,
    "03_transpile": 0.034295,
    "04_submit": 0.00081,
    "05_run": 0.002481,
    "06_collect": 0.000125,
    "total": 0.037791
  },
  "meta": {
    "backend": "fake_jakarta",
    "n_qubits": 7,
    "depth_in": 15,
    "depth_transpiled": 29,
    "size_transpiled": 40,
    "quasi_dist": {
      "0": 0.48828125,
      "127": 0.51171875
    }
  }
}