{
  "laps": {
    "01_setup": 7.6e-05,
    "02_cache_search": 0.000101,
    "04_submit": 0.00051,
    "05_run": 0.001793,
    "06_collect": 5.9e-05,
    "total": 0.002539
  },
  "meta": {
    "backend": "fake_jakarta",
    "n_qubits": 3,
    "depth_in": 9,
    "depth_transpiled": 16,
    "size_transpiled": 38,
    "quasi_dist": {
      "1": 0.1123046875,
      "2": 0.09375,
      "6": 0.0205078125,
      "0": 0.623046875,
      "4": 0.115234375,
      "3": 0.021484375,
      "7": 0.00390625,
      "5": 0.009765625
    }
  }
}