{
  "laps": {
    "01_setup": 4.7e-05,
    "02_cache_search": 0.000204,
    "04_submit": 0.00088,
    "05_run": 0.001726,
    "06_collect": 0.000184,
    "total": 0.003041
  },
  "meta": {
    "backend": "fake_jakarta",
    "n_qubits": 5,
    "depth_in": 37,
    "depth_transpiled": 39,
    "size_transpiled": 43,
    "quasi_dist": {
      "0": 0.4931640625,
      "31": 0.5068359375
    }
  }
}