{
  "laps": {
    "01_setup": 0.00016,
    "03_transpile": 0.031908,
    "04_submit": 0.000871,
    "05_run": 0.002087,
    "06_collect": 0.000106,
    "total": 0.035132
  },
  "meta": {
    "backend": "fake_jakarta",
    "n_qubits": 6,
    "depth_in": 14,
    "depth_transpiled": 25,
    "size_transpiled": 35,
    "quasi_dist": {
      "63": 0.498046875,
      "0": 0.501953125
    }
  }
}