{
  "laps": {
    "01_setup": 7e-05,
    "02_cache_search": 0.000804,
    "03_transpile": 0.101296,
    "07_cache_write": 0.027467,
    "04_submit": 0.003154,
    "05_run": 0.005386,
    "06_collect": 0.00059,
    "total": 0.138767
  },
  "meta": {
    "backend": "fake_jakarta",
    "n_qubits": 6,
    "depth_in": 68,
    "depth_transpiled": 173,
    "size_transpiled": 433,
    "quasi_dist": {
      "52": 0.00390625,
      "44": 0.009765625,
      "3": 0.0126953125,
      "12": 0.0205078125,
      "61": 0.0078125,
      "55": 0.0009765625,
      "0": 0.25,
      "37": 0.0009765625,
      "59": 0.001953125,
      "14": 0.06640625,
      "47": 0.0078125,
      "6": 0.033203125,
      "30": 0.03515625,
      "48": 0.0341796875,
      "7": 0.0400390625,
      "56": 0.0390625,
      "29": 0.005859375,
      "39": 0.0078125,
      "24": 0.044921875,
      "13": 0.005859375,
      "60": 0.029296875,
      "2": 0.00390625,
      "8": 0.0205078125,
      "40": 0.0068359375,
      "28": 0.01953125,
      "34": 0.0029296875,
      "62": 0.0419921875,
      "23": 0.0029296875,
      "38": 0.001953125,
      "58": 0.005859375,
      "15": 0.05859375,
      "17": 0.00390625,
      "31": 0.015625,
      "16": 0.0390625,
      "45": 0.0029296875,
      "4": 0.0126953125,
      "32": 0.01953125,
      "19": 0.0029296875,
      "18": 0.0009765625,
      "46": 0.0126953125,
      "50": 0.0029296875,
      "5": 0.001953125,
      "33": 0.001953125,
      "63": 0.0380859375,
      "10": 0.0048828125,
      "25": 0.005859375,
      "54": 0.0009765625,
      "1": 0.0029296875,
      "20": 0.001953125,
      "9": 0.0009765625,
      "26": 0.0009765625,
      "22": 0.0029296875
    }
  }
}