{
  "01_setup": 0.000887,
  "03_transpile": 9.361281,
  "04_submit": 0.434245,
  "05_run": 0.261472,
  "06_collect": 0.029524,
  "total": 10.087409
}