{
  "laps": {
    "01_setup": 6.1e-05,
    "02_cache_search": 7.2e-05,
    "04_submit": 0.000423,
    "05_run": 0.001615,
    "06_collect": 3.4e-05,
    "total": 0.002205
  },
  "meta": {
    "backend": "fake_jakarta",
    "n_qubits": 3,
    "depth_in": 5,
    "depth_transpiled": 7,
    "size_transpiled": 9,
    "quasi_dist": {
      "0": 0.4912109375,
      "7": 0.5087890625
    }
  }
}