{
  "laps": {
    "01_setup": 5.2e-05,
    "02_cache_search": 0.000152,
    "04_submit": 0.000633,
    "05_run": 0.001699,
    "06_collect": 0.000114,
    "total": 0.00265
  },
  "meta": {
    "backend": "fake_jakarta",
    "n_qubits": 5,
    "depth_in": 21,
    "depth_transpiled": 23,
    "size_transpiled": 27,
    "quasi_dist": {
      "0": 0.509765625,
      "31": 0.490234375
    }
  }
}