{
  "laps": {
    "01_setup": 6.1e-05,
    "02_cache_search": 0.000408,
    "04_submit": 0.001221,
    "05_run": 0.002553,
    "06_collect": 0.000243,
    "total": 0.004486
  },
  "meta": {
    "backend": "fake_jakarta",
    "n_qubits": 3,
    "depth_in": 65,
    "depth_transpiled": 86,
    "size_transpiled": 178,
    "quasi_dist": {
      "0": 0.7958984375,
      "6": 0.0703125,
      "1": 0.0517578125,
      "2": 0.029296875,
      "4": 0.00390625,
      "3": 0.0400390625,
      "7": 0.0048828125,
      "5": 0.00390625
    }
  }
}