{
  "laps": {
    "01_setup": 4.9e-05,
    "02_cache_search": 9.6e-05,
    "04_submit": 0.000513,
    "05_run": 0.001829,
    "06_collect": 0.000261,
    "total": 0.002748
  },
  "meta": {
    "backend": "fake_jakarta",
    "n_qubits": 5,
    "depth_in": 7,
    "depth_transpiled": 13,
    "size_transpiled": 48,
    "quasi_dist": {
      "11": 0.0341796875,
      "28": 0.0283203125,
      "17": 0.0361328125,
      "14": 0.029296875,
      "22": 0.033203125,
      "16": 0.033203125,
      "1": 0.0283203125,
      "15": 0.025390625,
      "21": 0.0244140625,
      "26": 0.0341796875,
      "12": 0.0244140625,
      "13": 0.02734375,
      "3": 0.0302734375,
      "4": 0.0322265625,
      "9": 0.02734375,
      "6": 0.04296875,
      "31": 0.0234375,
      "8": 0.04296875,
      "19": 0.03125,
      "0": 0.03515625,
      "5": 0.03125,
      "10": 0.0322265625,
      "27": 0.025390625,
      "30": 0.029296875,
      "23": 0.037109375,
      "24": 0.0380859375,
      "29": 0.03515625,
      "25": 0.0322265625,
      "2": 0.0263671875,
      "20": 0.03125,
      "18": 0.0322265625,
      "7": 0.025390625
    }
  }
}