{
  "laps": {
    "01_setup": 4.9e-05,
    "02_cache_search": 6.8e-05,
    "04_submit": 0.000359,
    "05_run": 0.002359,
    "06_collect": 3.7e-05,
    "total": 0.002872
  },
  "meta": {
    "backend": "fake_jakarta",
    "n_qubits": 5,
    "depth_in": 6,
    "depth_transpiled": 8,
    "size_transpiled": 12,
    "quasi_dist": {
      "31": 0.4892578125,
      "0": 0.5107421875
    }
  }
}