{
  "laps": {
    "01_setup": 6.4e-05,
    "02_cache_search": 0.00043,
    "04_submit": 0.001579,
    "05_run": 0.003366,
    "06_collect": 0.000293,
    "total": 0.005732
  },
  "meta": {
    "backend": "fake_jakarta",
    "n_qubits": 6,
    "depth_in": 36,
    "depth_transpiled": 89,
    "size_transpiled": 233,
    "quasi_dist": {
      "63": 0.0009765625,
      "10": 0.0126953125,
      "33": 0.0126953125,
      "47": 0.0087890625,
      "6": 0.0322265625,
      "38": 0.0029296875,
      "15": 0.05859375,
      "58": 0.01171875,
      "8": 0.0185546875,
      "55": 0.0126953125,
      "0": 0.18359375,
      "32": 0.0185546875,
      "11": 0.005859375,
      "62": 0.0185546875,
      "13": 0.0009765625,
      "60": 0.04296875,
      "36": 0.0068359375,
      "30": 0.0302734375,
      "51": 0.0048828125,
      "4": 0.013671875,
      "56": 0.05859375,
      "24": 0.0390625,
      "22": 0.0029296875,
      "26": 0.005859375,
      "59": 0.0029296875,
      "14": 0.0390625,
      "7": 0.0146484375,
      "48": 0.0302734375,
      "46": 0.0009765625,
      "5": 0.0107421875,
      "19": 0.009765625,
      "61": 0.00390625,
      "35": 0.0078125,
      "12": 0.0400390625,
      "52": 0.0009765625,
      "3": 0.0283203125,
      "57": 0.017578125,
      "25": 0.009765625,
      "54": 0.0068359375,
      "1": 0.0244140625,
      "29": 0.0107421875,
      "28": 0.056640625,
      "16": 0.0146484375,
      "39": 0.00390625,
      "9": 0.0078125,
      "31": 0.01953125,
      "20": 0.009765625,
      "23": 0.0009765625,
      "53": 0.0009765625,
      "43": 0.0009765625,
      "2": 0.01171875,
      "40": 0.0078125,
      "27": 0.001953125
    }
  }
}