{
  "laps": {
    "01_setup": 0.000215,
    "03_transpile": 0.031903,
    "04_submit": 0.000687,
    "05_run": 0.001567,
    "06_collect": 5e-05,
    "total": 0.034422
  },
  "meta": {
    "backend": "fake_jakarta",
    "n_qubits": 3,
    "depth_in": 6,
    "depth_transpiled": 23,
    "size_transpiled": 26,
    "quasi_dist": {
      "1": 0.1240234375,
      "4": 0.1337890625,
      "5": 0.123046875,
      "3": 0.1201171875,
      "6": 0.12890625,
      "0": 0.1298828125,
      "7": 0.12890625,
      "2": 0.111328125
    }
  }
}