{
  "laps": {
    "01_setup": 9.1e-05,
    "03_transpile": 0.025913,
    "04_submit": 0.000961,
    "05_run": 0.002086,
    "06_collect": 0.00029,
    "total": 0.029341
  },
  "meta": {
    "backend": "fake_jakarta",
    "n_qubits": 3,
    "depth_in": 35,
    "depth_transpiled": 37,
    "size_transpiled": 39,
    "quasi_dist": {
      "0": 0.484375,
      "7": 0.515625
    }
  }
}