{
  "laps": {
    "01_setup": 5.4e-05,
    "02_cache_search": 7.4e-05,
    "04_submit": 0.000483,
    "05_run": 0.001417,
    "06_collect": 4.7e-05,
    "total": 0.002075
  },
  "meta": {
    "backend": "fake_jakarta",
    "n_qubits": 3,
    "depth_in": 6,
    "depth_transpiled": 20,
    "size_transpiled": 26,
    "quasi_dist": {
      "1": 0.1103515625,
      "4": 0.119140625,
      "3": 0.1171875,
      "7": 0.1328125,
      "0": 0.146484375,
      "6": 0.1259765625,
      "2": 0.130859375,
      "5": 0.1171875
    }
  }
}