{
  "01_setup": 0.001034,
  "03_transpile": 2.57095,
  "04_submit": 0.144473,
  "05_run": 0.084337,
  "06_collect": 0.008925,
  "total": 2.809719
}