{
  "laps": {
    "01_setup": 6.8e-05,
    "02_cache_search": 0.000196,
    "03_transpile": 0.022337,
    "07_cache_write": 0.002707,
    "04_submit": 0.000622,
    "05_run": 0.001438,
    "06_collect": 3.6e-05,
    "total": 0.027404
  },
  "meta": {
    "backend": "fake_jakarta",
    "n_qubits": 3,
    "depth_in": 5,
    "depth_transpiled": 7,
    "size_transpiled": 9,
    "quasi_dist": {
      "0": 0.5087890625,
      "7": 0.4912109375
    }
  }
}