{
  "laps": {
    "01_setup": 7.8e-05,
    "03_transpile": 0.051983,
    "04_submit": 0.001649,
    "05_run": 0.003623,
    "06_collect": 0.000268,
    "total": 0.057601
  },
  "meta": {
    "backend": "fake_jakarta",
    "n_qubits": 5,
    "depth_in": 35,
    "depth_transpiled": 48,
    "size_transpiled": 174,
    "quasi_dist": {
      "12": 0.091796875,
      "28": 0.068359375,
      "24": 0.0615234375,
      "10": 0.0068359375,
      "15": 0.0283203125,
      "6": 0.08984375,
      "14": 0.083984375,
      "0": 0.125,
      "5": 0.0244140625,
      "4": 0.044921875,
      "30": 0.0537109375,
      "27": 0.009765625,
      "26": 0.0078125,
      "29": 0.0166015625,
      "11": 0.01171875,
      "18": 0.0107421875,
      "7": 0.041015625,
      "17": 0.0107421875,
      "8": 0.046875,
      "2": 0.02734375,
      "22": 0.0068359375,
      "3": 0.029296875,
      "16": 0.0361328125,
      "20": 0.0048828125,
      "13": 0.015625,
      "1": 0.0146484375,
      "21": 0.0068359375,
      "25": 0.0048828125,
      "23": 0.0029296875,
      "31": 0.005859375,
      "9": 0.0107421875
    }
  }
}