{
  "laps": {
    "01_setup": 4.6e-05,
    "02_cache_search": 0.000112,
    "04_submit": 0.000661,
    "05_run": 0.002357,
    "06_collect": 0.000103,
    "total": 0.003279
  },
  "meta": {
    "backend": "fake_jakarta",
    "n_qubits": 7,
    "depth_in": 15,
    "depth_transpiled": 29,
    "size_transpiled": 40,
    "quasi_dist": {
      "127": 0.4990234375,
      "0": 0.5009765625
    }
  }
}