{
  "laps": {
    "01_setup": 6.2e-05,
    "02_cache_search": 0.000111,
    "04_submit": 0.000508,
    "05_run": 0.002627,
    "06_collect": 5.9e-05,
    "total": 0.003367
  },
  "meta": {
    "backend": "fake_jakarta",
    "n_qubits": 3,
    "depth_in": 9,
    "depth_transpiled": 16,
    "size_transpiled": 38,
    "quasi_dist": {
      "0": 0.6240234375,
      "1": 0.0966796875,
      "2": 0.0986328125,
      "5": 0.0205078125,
      "4": 0.1005859375,
      "6": 0.0322265625,
      "3": 0.0263671875,
      "7": 0.0009765625
    }
  }
}