{
  "laps": {
    "01_setup": 4.8e-05,
    "02_cache_search": 0.000141,
    "04_submit": 0.000677,
    "05_run": 0.001814,
    "06_collect": 0.000132,
    "total": 0.002812
  },
  "meta": {
    "backend": "fake_jakarta",
    "n_qubits": 6,
    "depth_in": 22,
    "depth_transpiled": 33,
    "size_transpiled": 43,
    "quasi_dist": {
      "0": 0.5263671875,
      "63": 0.4736328125
    }
  }
}