{
  "laps": {
    "01_setup": 5.9e-05,
    "02_cache_search": 0.000108,
    "04_submit": 0.000542,
    "05_run": 0.001847,
    "06_collect": 7e-05,
    "total": 0.002626
  },
  "meta": {
    "backend": "fake_jakarta",
    "n_qubits": 6,
    "depth_in": 10,
    "depth_transpiled": 20,
    "size_transpiled": 30,
    "quasi_dist": {
      "0": 0.5087890625,
      "63": 0.4912109375
    }
  }
}