{
  "laps": {
    "01_setup": 5.6e-05,
    "03_transpile": 0.028722,
    "04_submit": 0.000613,
    "05_run": 0.001531,
    "06_collect": 4.9e-05,
    "total": 0.030971
  },
  "meta": {
    "backend": "fake_jakarta",
    "n_qubits": 3,
    "depth_in": 6,
    "depth_transpiled": 23,
    "size_transpiled": 26,
    "quasi_dist": {
      "2": 0.1337890625,
      "3": 0.1162109375,
      "1": 0.1201171875,
      "7": 0.1181640625,
      "5": 0.138671875,
      "6": 0.1171875,
      "0": 0.111328125,
      "4": 0.14453125
    }
  }
}