{
  "laps": {
    "01_setup": 7.9e-05,
    "03_transpile": 0.029544,
    "04_submit": 0.000849,
    "05_run": 0.00183,
    "06_collect": 8.6e-05,
    "total": 0.032388
  },
  "meta": {
    "backend": "fake_jakarta",
    "n_qubits": 6,
    "depth_in": 14,
    "depth_transpiled": 19,
    "size_transpiled": 24,
    "quasi_dist": {
      "0": 0.505859375,
      "63": 0.494140625
    }
  }
}