{
  "laps": {
    "01_setup": 4.9e-05,
    "02_cache_search": 0.000206,
    "04_submit": 0.000771,
    "05_run": 0.002177,
    "06_collect": 0.000135,
    "total": 0.003338
  },
  "meta": {
    "backend": "fake_jakarta",
    "n_qubits": 5,
    "depth_in": 19,
    "depth_transpiled": 28,
    "size_transpiled": 102,
    "quasi_dist": {
      "31": 0.0322265625,
      "7": 0.0419921875,
      "0": 0.2587890625,
      "14": 0.0517578125,
      "5": 0.0048828125,
      "29": 0.00390625,
      "6": 0.02734375,
      "3": 0.048828125,
      "12": 0.03125,
      "13": 0.017578125,
      "16": 0.0302734375,
      "2": 0.046875,
      "18": 0.0224609375,
      "8": 0.05859375,
      "25": 0.0166015625,
      "26": 0.0087890625,
      "28": 0.0380859375,
      "11": 0.013671875,
      "30": 0.0244140625,
      "22": 0.021484375,
      "17": 0.02734375,
      "19": 0.0205078125,
      "20": 0.009765625,
      "15": 0.0205078125,
      "4": 0.03125,
      "10": 0.00390625,
      "9": 0.017578125,
      "1": 0.0498046875,
      "24": 0.01171875,
      "27": 0.00390625,
      "21": 0.00390625
    }
  }
}