{
  "01_setup": 0.000732,
  "03_transpile": 1.087909,
  "04_submit": 0.02972,
  "05_run": 0.05168,
  "06_collect": 0.005609,
  "total": 1.17565
}