{
  "01_setup": 0.000685,
  "03_transpile": 0.386662,
  "04_submit": 0.011046,
  "05_run": 0.021204,
  "06_collect": 0.001493,
  "total": 0.42109
}