{
  "laps": {
    "01_setup": 5e-05,
    "02_cache_search": 7.4e-05,
    "04_submit": 0.000397,
    "05_run": 0.001246,
    "06_collect": 4e-05,
    "total": 0.001807
  },
  "meta": {
    "backend": "fake_jakarta",
    "n_qubits": 3,
    "depth_in": 7,
    "depth_transpiled": 9,
    "size_transpiled": 11,
    "quasi_dist": {
      "7": 0.4716796875,
      "0": 0.5283203125
    }
  }
}