{
  "laps": {
    "01_setup": 0.000541,
    "02_cache_search": 0.000221,
    "03_transpile": 0.021972,
    "07_cache_write": 0.000764,
    "04_submit": 0.000573,
    "05_run": 0.003284,
    "06_collect": 4.4e-05,
    "total": 0.027399
  },
  "meta": {
    "backend": "fake_jakarta",
    "n_qubits": 5,
    "depth_in": 6,
    "depth_transpiled": 8,
    "size_transpiled": 12,
    "quasi_dist": {
      "31": 0.4970703125,
      "0": 0.5029296875
    }
  }
}