{
  "01_setup": 0.000945,
  "03_transpile": 0.632281,
  "04_submit": 0.017204,
  "05_run": 0.04104,
  "06_collect": 0.003532,
  "total": 0.695002
}