{
  "laps": {
    "01_setup": 5.2e-05,
    "02_cache_search": 0.000438,
    "04_submit": 0.00154,
    "05_run": 0.00336,
    "06_collect": 0.000292,
    "total": 0.005682
  },
  "meta": {
    "backend": "fake_jakarta",
    "n_qubits": 6,
    "depth_in": 36,
    "depth_transpiled": 89,
    "size_transpiled": 233,
    "quasi_dist": {
      "55": 0.0166015625,
      "0": 0.1650390625,
      "62": 0.0166015625,
      "11": 0.005859375,
      "35": 0.0087890625,
      "61": 0.005859375,
      "12": 0.0390625,
      "7": 0.0205078125,
      "48": 0.03125,
      "56": 0.0791015625,
      "36": 0.0048828125,
      "13": 0.0048828125,
      "60": 0.0283203125,
      "29": 0.0126953125,
      "38": 0.0048828125,
      "58": 0.0126953125,
      "15": 0.064453125,
      "17": 0.0029296875,
      "63": 0.00390625,
      "10": 0.0126953125,
      "33": 0.0078125,
      "28": 0.0693359375,
      "21": 0.001953125,
      "16": 0.021484375,
      "54": 0.0087890625,
      "1": 0.0302734375,
      "49": 0.0009765625,
      "47": 0.009765625,
      "6": 0.0244140625,
      "20": 0.0166015625,
      "40": 0.009765625,
      "32": 0.009765625,
      "30": 0.0283203125,
      "53": 0.0009765625,
      "2": 0.0146484375,
      "43": 0.001953125,
      "24": 0.0234375,
      "9": 0.0107421875,
      "37": 0.0009765625,
      "59": 0.0029296875,
      "14": 0.0322265625,
      "39": 0.0078125,
      "8": 0.01171875,
      "26": 0.0078125,
      "31": 0.025390625,
      "57": 0.013671875,
      "27": 0.001953125,
      "19": 0.0146484375,
      "46": 0.0009765625,
      "50": 0.0009765625,
      "5": 0.001953125,
      "3": 0.029296875,
      "51": 0.0009765625,
      "4": 0.0087890625,
      "18": 0.001953125,
      "25": 0.00390625
    }
  }
}