{
  "laps": {
    "01_setup": 5.3e-05,
    "03_transpile": 0.023433,
    "04_submit": 0.000541,
    "05_run": 0.001479,
    "06_collect": 4.8e-05,
    "total": 0.025554
  },
  "meta": {
    "backend": "fake_jakarta",
    "n_qubits": 3,
    "depth_in": 5,
    "depth_transpiled": 11,
    "size_transpiled": 28,
    "quasi_dist": {
      "6": 0.1162109375,
      "0": 0.1162109375,
      "4": 0.12890625,
      "2": 0.125,
      "3": 0.1318359375,
      "5": 0.1357421875,
      "7": 0.1220703125,
      "1": 0.1240234375
    }
  }
}