{
  "laps": {
    "01_setup": 5.2e-05,
    "02_cache_search": 0.000145,
    "04_submit": 0.000628,
    "05_run": 0.001677,
    "06_collect": 0.000111,
    "total": 0.002613
  },
  "meta": {
    "backend": "fake_jakarta",
    "n_qubits": 5,
    "depth_in": 21,
    "depth_transpiled": 23,
    "size_transpiled": 27,
    "quasi_dist": {
      "31": 0.5048828125,
      "0": 0.4951171875
    }
  }
}