{
  "01_setup": 0.001,
  "03_transpile": 23.677371,
  "04_submit": 0.648026,
  "05_run": 0.640848,
  "06_collect": 0.070192,
  "total": 25.037437
}