{
  "laps": {
    "01_setup": 7.3e-05,
    "02_cache_search": 0.000328,
    "04_submit": 0.001286,
    "05_run": 0.002449,
    "06_collect": 0.000256,
    "total": 0.004392
  },
  "meta": {
    "backend": "fake_jakarta",
    "n_qubits": 7,
    "depth_in": 39,
    "depth_transpiled": 53,
    "size_transpiled": 64,
    "quasi_dist": {
      "127": 0.4892578125,
      "0": 0.5107421875
    }
  }
}