{
  "laps": {
    "01_setup": 7.3e-05,
    "03_transpile": 0.118176,
    "04_submit": 0.000979,
    "05_run": 0.001898,
    "06_collect": 0.000131,
    "total": 0.121257
  },
  "meta": {
    "backend": "fake_jakarta",
    "n_qubits": 5,
    "depth_in": 21,
    "depth_transpiled": 23,
    "size_transpiled": 27,
    "quasi_dist": {
      "0": 0.5048828125,
      "31": 0.4951171875
    }
  }
}