{
  "laps": {
    "01_setup": 8.1e-05,
    "03_transpile": 0.034029,
    "04_submit": 0.000828,
    "05_run": 0.002581,
    "06_collect": 0.000122,
    "total": 0.037641
  },
  "meta": {
    "backend": "fake_jakarta",
    "n_qubits": 6,
    "depth_in": 12,
    "depth_transpiled": 26,
    "size_transpiled": 83,
    "quasi_dist": {
      "0": 0.3701171875,
      "8": 0.0693359375,
      "11": 0.001953125,
      "34": 0.0126953125,
      "2": 0.078125,
      "7": 0.001953125,
      "48": 0.0107421875,
      "10": 0.009765625,
      "33": 0.01171875,
      "16": 0.072265625,
      "45": 0.0009765625,
      "4": 0.0732421875,
      "32": 0.0634765625,
      "1": 0.0654296875,
      "49": 0.0009765625,
      "6": 0.0126953125,
      "24": 0.015625,
      "40": 0.0126953125,
      "3": 0.015625,
      "52": 0.0029296875,
      "44": 0.0029296875,
      "12": 0.005859375,
      "35": 0.0029296875,
      "9": 0.01171875,
      "5": 0.013671875,
      "38": 0.0048828125,
      "58": 0.0009765625,
      "25": 0.001953125,
      "56": 0.0009765625,
      "18": 0.0087890625,
      "13": 0.0009765625,
      "36": 0.009765625,
      "28": 0.0009765625,
      "57": 0.001953125,
      "17": 0.01171875,
      "37": 0.0009765625,
      "14": 0.00390625,
      "41": 0.00390625,
      "26": 0.0009765625,
      "27": 0.001953125,
      "20": 0.00390625,
      "29": 0.0009765625,
      "21": 0.0009765625
    }
  }
}