{
  "laps": {
    "01_setup": 9.5e-05,
    "02_cache_search": 0.000401,
    "03_transpile": 0.033529,
    "07_cache_write": 0.055007,
    "04_submit": 0.001622,
    "05_run": 0.002463,
    "06_collect": 0.00015,
    "total": 0.093267
  },
  "meta": {
    "backend": "fake_jakarta",
    "n_qubits": 5,
    "depth_in": 21,
    "depth_transpiled": 23,
    "size_transpiled": 27,
    "quasi_dist": {
      "31": 0.4765625,
      "0": 0.5234375
    }
  }
}