{
  "laps": {
    "01_setup": 5e-05,
    "03_transpile": 0.03376,
    "04_submit": 0.000805,
    "05_run": 0.002811,
    "06_collect": 0.000116,
    "total": 0.037542
  },
  "meta": {
    "backend": "fake_jakarta",
    "n_qubits": 3,
    "depth_in": 17,
    "depth_transpiled": 26,
    "size_transpiled": 58,
    "quasi_dist": {
      "0": 0.4638671875,
      "3": 0.1611328125,
      "2": 0.05078125,
      "1": 0.0751953125,
      "4": 0.078125,
      "6": 0.099609375,
      "7": 0.02734375,
      "5": 0.0439453125
    }
  }
}