{
  "laps": {
    "01_setup": 6.3e-05,
    "03_transpile": 0.026099,
    "04_submit": 0.000917,
    "05_run": 0.001689,
    "06_collect": 0.000157,
    "total": 0.028925
  },
  "meta": {
    "backend": "fake_jakarta",
    "n_qubits": 3,
    "depth_in": 35,
    "depth_transpiled": 37,
    "size_transpiled": 39,
    "quasi_dist": {
      "0": 0.5166015625,
      "7": 0.4833984375
    }
  }
}