{
  "laps": {
    "01_setup": 4.7e-05,
    "02_cache_search": 8.4e-05,
    "04_submit": 0.000456,
    "05_run": 0.001905,
    "06_collect": 6.5e-05,
    "total": 0.002557
  },
  "meta": {
    "backend": "fake_jakarta",
    "n_qubits": 7,
    "depth_in": 9,
    "depth_transpiled": 22,
    "size_transpiled": 33,
    "quasi_dist": {
      "0": 0.5087890625,
      "127": 0.4912109375
    }
  }
}