{
  "laps": {
    "01_setup": 5.5e-05,
    "02_cache_search": 0.000386,
    "04_submit": 0.001279,
    "05_run": 0.002924,
    "06_collect": 0.000246,
    "total": 0.00489
  },
  "meta": {
    "backend": "fake_jakarta",
    "n_qubits": 5,
    "depth_in": 35,
    "depth_transpiled": 48,
    "size_transpiled": 174,
    "quasi_dist": {
      "1": 0.0244140625,
      "24": 0.0595703125,
      "30": 0.0478515625,
      "6": 0.072265625,
      "14": 0.0693359375,
      "8": 0.0615234375,
      "28": 0.0791015625,
      "3": 0.02734375,
      "13": 0.0126953125,
      "12": 0.072265625,
      "7": 0.05078125,
      "17": 0.009765625,
      "22": 0.0078125,
      "10": 0.00390625,
      "0": 0.1259765625,
      "2": 0.0439453125,
      "16": 0.033203125,
      "31": 0.0078125,
      "4": 0.0439453125,
      "26": 0.0087890625,
      "18": 0.0126953125,
      "25": 0.0029296875,
      "15": 0.033203125,
      "5": 0.02734375,
      "27": 0.0185546875,
      "29": 0.015625,
      "9": 0.00390625,
      "11": 0.0087890625,
      "21": 0.0068359375,
      "23": 0.005859375,
      "20": 0.001953125
    }
  }
}