{
  "laps": {
    "01_setup": 6.3e-05,
    "03_transpile": 0.036549,
    "04_submit": 0.001209,
    "05_run": 0.002081,
    "06_collect": 0.000148,
    "total": 0.04005
  },
  "meta": {
    "backend": "fake_jakarta",
    "n_qubits": 7,
    "depth_in": 23,
    "depth_transpiled": 37,
    "size_transpiled": 48,
    "quasi_dist": {
      "127": 0.4921875,
      "0": 0.5078125
    }
  }
}