{
  "laps": {
    "01_setup": 9.5e-05,
    "03_transpile": 0.035572,
    "04_submit": 0.001006,
    "05_run": 0.002027,
    "06_collect": 0.000105,
    "total": 0.038805
  },
  "meta": {
    "backend": "fake_jakarta",
    "n_qubits": 7,
    "depth_in": 15,
    "depth_transpiled": 28,
    "size_transpiled": 39,
    "quasi_dist": {
      "127": 0.517578125,
      "0": 0.482421875
    }
  }
}