{
  "laps": {
    "01_setup": 5e-05,
    "03_transpile": 0.019276,
    "04_submit": 0.000485,
    "05_run": 0.001892,
    "06_collect": 3.8e-05,
    "total": 0.021741
  },
  "meta": {
    "backend": "fake_jakarta",
    "n_qubits": 3,
    "depth_in": 4,
    "depth_transpiled": 6,
    "size_transpiled": 8,
    "quasi_dist": {
      "0": 0.5087890625,
      "7": 0.4912109375
    }
  }
}