{
  "laps": {
    "01_setup": 6.1e-05,
    "03_transpile": 0.0288,
    "04_submit": 0.000875,
    "05_run": 0.001866,
    "06_collect": 0.000137,
    "total": 0.031739
  },
  "meta": {
    "backend": "fake_jakarta",
    "n_qubits": 6,
    "depth_in": 22,
    "depth_transpiled": 27,
    "size_transpiled": 32,
    "quasi_dist": {
      "0": 0.501953125,
      "63": 0.498046875
    }
  }
}