{
  "laps": {
    "01_setup": 0.000106,
    "02_cache_search": 0.001866,
    "04_submit": 0.006921,
    "05_run": 0.009847,
    "06_collect": 0.003625,
    "total": 0.022365
  },
  "meta": {
    "backend": "fake_jakarta",
    "n_qubits": 6,
    "depth_in": 132,
    "depth_transpiled": 341,
    "size_transpiled": 833,
    "quasi_dist": {
      "28": 0.0419921875,
      "11": 0.0009765625,
      "62": 0.0732421875,
      "18": 0.0048828125,
      "52": 0.0009765625,
      "3": 0.044921875,
      "57": 0.0029296875,
      "55": 0.0029296875,
      "0": 0.123046875,
      "48": 0.015625,
      "7": 0.056640625,
      "13": 0.0087890625,
      "36": 0.001953125,
      "60": 0.095703125,
      "30": 0.0634765625,
      "56": 0.0419921875,
      "6": 0.0361328125,
      "49": 0.0048828125,
      "58": 0.005859375,
      "38": 0.0029296875,
      "15": 0.0498046875,
      "31": 0.0537109375,
      "2": 0.0419921875,
      "61": 0.0009765625,
      "35": 0.0146484375,
      "12": 0.0302734375,
      "32": 0.00390625,
      "37": 0.0009765625,
      "59": 0.0009765625,
      "14": 0.037109375,
      "29": 0.0029296875,
      "51": 0.0029296875,
      "4": 0.02734375,
      "10": 0.001953125,
      "63": 0.015625,
      "33": 0.001953125,
      "24": 0.015625,
      "8": 0.013671875,
      "9": 0.0029296875,
      "54": 0.0068359375,
      "1": 0.0166015625,
      "22": 0.005859375,
      "26": 0.0048828125,
      "39": 0.0048828125,
      "16": 0.001953125,
      "17": 0.0009765625,
      "25": 0.0009765625,
      "5": 0.0029296875,
      "46": 0.0009765625,
      "50": 0.0029296875,
      "27": 0.0009765625
    }
  }
}