{
  "laps": {
    "01_setup": 5.9e-05,
    "03_transpile": 0.025582,
    "04_submit": 0.000603,
    "05_run": 0.0015,
    "06_collect": 5.9e-05,
    "total": 0.027803
  },
  "meta": {
    "backend": "fake_jakarta",
    "n_qubits": 3,
    "depth_in": 9,
    "depth_transpiled": 16,
    "size_transpiled": 38,
    "quasi_dist": {
      "0": 0.6240234375,
      "1": 0.1103515625,
      "4": 0.111328125,
      "3": 0.01953125,
      "2": 0.1044921875,
      "5": 0.0126953125,
      "6": 0.015625,
      "7": 0.001953125
    }
  }
}