{
  "laps": {
    "01_setup": 4.7e-05,
    "02_cache_search": 0.000653,
    "04_submit": 0.001893,
    "05_run": 0.004031,
    "06_collect": 0.000396,
    "total": 0.00702
  },
  "meta": {
    "backend": "fake_jakarta",
    "n_qubits": 5,
    "depth_in": 67,
    "depth_transpiled": 88,
    "size_transpiled": 318,
    "quasi_dist": {
      "14": 0.0400390625,
      "5": 0.005859375,
      "0": 0.4521484375,
      "24": 0.044921875,
      "1": 0.0556640625,
      "2": 0.0107421875,
      "6": 0.0361328125,
      "18": 0.01171875,
      "16": 0.0068359375,
      "15": 0.0263671875,
      "12": 0.0458984375,
      "28": 0.0830078125,
      "19": 0.0078125,
      "7": 0.033203125,
      "3": 0.015625,
      "21": 0.005859375,
      "13": 0.0205078125,
      "10": 0.005859375,
      "26": 0.0068359375,
      "31": 0.021484375,
      "30": 0.0078125,
      "29": 0.0126953125,
      "25": 0.0146484375,
      "20": 0.009765625,
      "4": 0.0029296875,
      "11": 0.001953125,
      "23": 0.001953125,
      "17": 0.0009765625,
      "22": 0.005859375,
      "8": 0.00390625,
      "27": 0.0009765625
    }
  }
}