{
  "laps": {
    "01_setup": 6.5e-05,
    "03_transpile": 0.030436,
    "04_submit": 0.001048,
    "05_run": 0.002383,
    "06_collect": 0.000104,
    "total": 0.034036
  },
  "meta": {
    "backend": "fake_jakarta",
    "n_qubits": 6,
    "depth_in": 14,
    "depth_transpiled": 25,
    "size_transpiled": 35,
    "quasi_dist": {
      "0": 0.4931640625,
      "63": 0.5068359375
    }
  }
}