{
  "laps": {
    "01_setup": 6e-05,
    "03_transpile": 0.025414,
    "04_submit": 0.000875,
    "05_run": 0.001768,
    "06_collect": 0.000149,
    "total": 0.028266
  },
  "meta": {
    "backend": "fake_jakarta",
    "n_qubits": 3,
    "depth_in": 35,
    "depth_transpiled": 37,
    "size_transpiled": 39,
    "quasi_dist": {
      "7": 0.4580078125,
      "0": 0.5419921875
    }
  }
}