{
  "laps": {
    "01_setup": 8.7e-05,
    "03_transpile": 0.027687,
    "04_submit": 0.000884,
    "05_run": 0.001721,
    "06_collect": 0.00012,
    "total": 0.030499
  },
  "meta": {
    "backend": "fake_jakarta",
    "n_qubits": 5,
    "depth_in": 21,
    "depth_transpiled": 23,
    "size_transpiled": 27,
    "quasi_dist": {
      "31": 0.5009765625,
      "0": 0.4990234375
    }
  }
}