{
  "laps": {
    "01_setup": 5.4e-05,
    "03_transpile": 0.021584,
    "04_submit": 0.000528,
    "05_run": 0.002397,
    "06_collect": 3.8e-05,
    "total": 0.024601
  },
  "meta": {
    "backend": "fake_jakarta",
    "n_qubits": 5,
    "depth_in": 6,
    "depth_transpiled": 8,
    "size_transpiled": 12,
    "quasi_dist": {
      "0": 0.478515625,
      "31": 0.521484375
    }
  }
}