{
  "laps": {
    "01_setup": 6.1e-05,
    "03_transpile": 0.032792,
    "04_submit": 0.000725,
    "05_run": 0.001925,
    "06_collect": 6.8e-05,
    "total": 0.035571
  },
  "meta": {
    "backend": "fake_jakarta",
    "n_qubits": 7,
    "depth_in": 9,
    "depth_transpiled": 22,
    "size_transpiled": 33,
    "quasi_dist": {
      "0": 0.494140625,
      "127": 0.505859375
    }
  }
}