{
  "laps": {
    "01_setup": 6e-05,
    "03_transpile": 0.025162,
    "04_submit": 0.00065,
    "05_run": 0.001528,
    "06_collect": 5.9e-05,
    "total": 0.027459
  },
  "meta": {
    "backend": "fake_jakarta",
    "n_qubits": 3,
    "depth_in": 9,
    "depth_transpiled": 16,
    "size_transpiled": 38,
    "quasi_dist": {
      "4": 0.1181640625,
      "5": 0.0107421875,
      "0": 0.6357421875,
      "2": 0.0888671875,
      "6": 0.01953125,
      "1": 0.1083984375,
      "3": 0.015625,
      "7": 0.0029296875
    }
  }
}