{
  "01_setup": 0.000658,
  "03_transpile": 0.380202,
  "04_submit": 0.008868,
  "05_run": 0.023648,
  "06_collect": 0.000967,
  "total": 0.414343
}