{
  "laps": {
    "01_setup": 8.5e-05,
    "02_cache_search": 0.000363,
    "03_transpile": 0.029015,
    "07_cache_write": 0.014474,
    "04_submit": 0.000904,
    "05_run": 0.001904,
    "06_collect": 8.9e-05,
    "total": 0.046834
  },
  "meta": {
    "backend": "fake_jakarta",
    "n_qubits": 6,
    "depth_in": 14,
    "depth_transpiled": 19,
    "size_transpiled": 24,
    "quasi_dist": {
      "0": 0.5029296875,
      "63": 0.4970703125
    }
  }
}