{
  "laps": {
    "01_setup": 8.9e-05,
    "03_transpile": 0.04863,
    "04_submit": 0.002039,
    "05_run": 0.004867,
    "06_collect": 0.000509,
    "total": 0.056134
  },
  "meta": {
    "backend": "fake_jakarta",
    "n_qubits": 7,
    "depth_in": 39,
    "depth_transpiled": 53,
    "size_transpiled": 64,
    "quasi_dist": {
      "127": 0.486328125,
      "0": 0.513671875
    }
  }
}