{
  "laps": {
    "01_setup": 0.0001,
    "02_cache_search": 0.000103,
    "04_submit": 0.000738,
    "05_run": 0.001993,
    "06_collect": 7.4e-05,
    "total": 0.003008
  },
  "meta": {
    "backend": "fake_jakarta",
    "n_qubits": 7,
    "depth_in": 8,
    "depth_transpiled": 21,
    "size_transpiled": 32,
    "quasi_dist": {
      "0": 0.533203125,
      "127": 0.466796875
    }
  }
}