{
  "laps": {
    "01_setup": 8.5e-05,
    "02_cache_search": 0.000111,
    "04_submit": 0.000886,
    "05_run": 0.001878,
    "06_collect": 7.6e-05,
    "total": 0.003036
  },
  "meta": {
    "backend": "fake_jakarta",
    "n_qubits": 6,
    "depth_in": 10,
    "depth_transpiled": 20,
    "size_transpiled": 30,
    "quasi_dist": {
      "0": 0.5341796875,
      "63": 0.4658203125
    }
  }
}