{
  "laps": {
    "01_setup": 5.4e-05,
    "03_transpile": 0.019746,
    "04_submit": 0.000437,
    "05_run": 0.00173,
    "06_collect": 2.8e-05,
    "total": 0.021995
  },
  "meta": {
    "backend": "fake_jakarta",
    "n_qubits": 3,
    "depth_in": 4,
    "depth_transpiled": 6,
    "size_transpiled": 8,
    "quasi_dist": {
      "0": 0.5205078125,
      "7": 0.4794921875
    }
  }
}