{
  "laps": {
    "01_setup": 7.6e-05,
    "02_cache_search": 0.000826,
    "04_submit": 0.002889,
    "05_run": 0.005403,
    "06_collect": 0.000739,
    "total": 0.009933
  },
  "meta": {
    "backend": "fake_jakarta",
    "n_qubits": 6,
    "depth_in": 68,
    "depth_transpiled": 173,
    "size_transpiled": 433,
    "quasi_dist": {
      "10": 0.0029296875,
      "63": 0.01953125,
      "16": 0.0556640625,
      "55": 0.0009765625,
      "0": 0.265625,
      "34": 0.0029296875,
      "11": 0.005859375,
      "62": 0.0341796875,
      "38": 0.0009765625,
      "58": 0.00390625,
      "15": 0.0556640625,
      "7": 0.046875,
      "48": 0.0322265625,
      "61": 0.01171875,
      "12": 0.0224609375,
      "49": 0.0009765625,
      "47": 0.005859375,
      "6": 0.0361328125,
      "24": 0.03515625,
      "26": 0.0029296875,
      "37": 0.0009765625,
      "59": 0.001953125,
      "14": 0.0615234375,
      "30": 0.0341796875,
      "32": 0.017578125,
      "13": 0.0087890625,
      "36": 0.0009765625,
      "60": 0.03515625,
      "56": 0.046875,
      "8": 0.02734375,
      "31": 0.0205078125,
      "28": 0.0146484375,
      "40": 0.0068359375,
      "2": 0.00390625,
      "52": 0.0009765625,
      "3": 0.0078125,
      "44": 0.0146484375,
      "22": 0.0048828125,
      "1": 0.0029296875,
      "46": 0.00390625,
      "5": 0.0048828125,
      "50": 0.0087890625,
      "21": 0.0009765625,
      "23": 0.0009765625,
      "39": 0.0029296875,
      "45": 0.00390625,
      "4": 0.0078125,
      "29": 0.0029296875,
      "19": 0.001953125,
      "25": 0.001953125,
      "17": 0.0009765625,
      "20": 0.001953125,
      "57": 0.0009765625
    }
  }
}