{
  "laps": {
    "01_setup": 7.8e-05,
    "02_cache_search": 0.000151,
    "04_submit": 0.000716,
    "05_run": 0.002129,
    "06_collect": 0.000121,
    "total": 0.003195
  },
  "meta": {
    "backend": "fake_jakarta",
    "n_qubits": 6,
    "depth_in": 12,
    "depth_transpiled": 26,
    "size_transpiled": 83,
    "quasi_dist": {
      "32": 0.078125,
      "25": 0.00390625,
      "8": 0.052734375,
      "0": 0.416015625,
      "24": 0.013671875,
      "7": 0.001953125,
      "48": 0.0068359375,
      "2": 0.0732421875,
      "50": 0.001953125,
      "5": 0.01171875,
      "17": 0.01171875,
      "45": 0.0009765625,
      "4": 0.0615234375,
      "1": 0.064453125,
      "42": 0.001953125,
      "16": 0.0556640625,
      "20": 0.0107421875,
      "40": 0.009765625,
      "11": 0.0009765625,
      "34": 0.0107421875,
      "52": 0.0009765625,
      "44": 0.001953125,
      "3": 0.0107421875,
      "18": 0.0078125,
      "35": 0.001953125,
      "12": 0.009765625,
      "49": 0.001953125,
      "6": 0.009765625,
      "10": 0.009765625,
      "33": 0.0107421875,
      "56": 0.00390625,
      "13": 0.001953125,
      "36": 0.0185546875,
      "28": 0.005859375,
      "9": 0.0068359375,
      "14": 0.001953125,
      "19": 0.0009765625,
      "41": 0.001953125,
      "22": 0.001953125,
      "38": 0.0009765625,
      "21": 0.0009765625
    }
  }
}