{
  "laps": {
    "01_setup": 6.7e-05,
    "02_cache_search": 0.000244,
    "03_transpile": 0.031413,
    "07_cache_write": 0.004254,
    "04_submit": 0.000771,
    "05_run": 0.001808,
    "06_collect": 6.3e-05,
    "total": 0.03862
  },
  "meta": {
    "backend": "fake_jakarta",
    "n_qubits": 6,
    "depth_in": 8,
    "depth_transpiled": 18,
    "size_transpiled": 28,
    "quasi_dist": {
      "0": 0.51171875,
      "63": 0.48828125
    }
  }
}