{
  "laps": {
    "01_setup": 7.2e-05,
    "03_transpile": 0.295649,
    "04_submit": 0.005381,
    "05_run": 0.00836,
    "06_collect": 0.001138,
    "total": 0.3106
  },
  "meta": {
    "backend": "fake_jakarta",
    "n_qubits": 6,
    "depth_in": 132,
    "depth_transpiled": 341,
    "size_transpiled": 833,
    "quasi_dist": {
      "43": 0.0009765625,
      "53": 0.0009765625,
      "2": 0.0419921875,
      "28": 0.046875,
      "0": 0.125,
      "60": 0.11328125,
      "13": 0.00390625,
      "48": 0.013671875,
      "7": 0.060546875,
      "38": 0.0029296875,
      "15": 0.0712890625,
      "58": 0.00390625,
      "56": 0.0390625,
      "31": 0.0498046875,
      "34": 0.0029296875,
      "11": 0.001953125,
      "62": 0.0576171875,
      "45": 0.0009765625,
      "51": 0.0087890625,
      "4": 0.021484375,
      "32": 0.005859375,
      "52": 0.0048828125,
      "3": 0.041015625,
      "8": 0.0166015625,
      "35": 0.0048828125,
      "12": 0.0302734375,
      "47": 0.0009765625,
      "49": 0.009765625,
      "6": 0.0419921875,
      "57": 0.00390625,
      "1": 0.0107421875,
      "54": 0.001953125,
      "30": 0.0703125,
      "59": 0.001953125,
      "14": 0.01953125,
      "24": 0.0126953125,
      "5": 0.0068359375,
      "50": 0.001953125,
      "18": 0.0078125,
      "33": 0.0009765625,
      "63": 0.0126953125,
      "10": 0.00390625,
      "17": 0.00390625,
      "20": 0.0009765625,
      "39": 0.00390625,
      "26": 0.00390625,
      "16": 0.0009765625,
      "29": 0.0029296875,
      "9": 0.0029296875,
      "19": 0.0009765625
    }
  }
}