{
  "laps": {
    "01_setup": 7.2e-05,
    "03_transpile": 0.037884,
    "04_submit": 0.001079,
    "05_run": 0.002571,
    "06_collect": 0.000146,
    "total": 0.041752
  },
  "meta": {
    "backend": "fake_jakarta",
    "n_qubits": 5,
    "depth_in": 19,
    "depth_transpiled": 28,
    "size_transpiled": 102,
    "quasi_dist": {
      "14": 0.05859375,
      "6": 0.02734375,
      "8": 0.0654296875,
      "0": 0.259765625,
      "30": 0.009765625,
      "19": 0.0283203125,
      "18": 0.0185546875,
      "12": 0.0380859375,
      "4": 0.0380859375,
      "1": 0.041015625,
      "2": 0.03515625,
      "15": 0.0322265625,
      "28": 0.0390625,
      "31": 0.03125,
      "25": 0.01953125,
      "7": 0.05078125,
      "17": 0.029296875,
      "13": 0.0224609375,
      "26": 0.0107421875,
      "16": 0.025390625,
      "24": 0.0087890625,
      "9": 0.015625,
      "3": 0.0361328125,
      "27": 0.0048828125,
      "20": 0.01171875,
      "22": 0.0166015625,
      "5": 0.0087890625,
      "11": 0.0107421875,
      "21": 0.001953125,
      "10": 0.001953125,
      "29": 0.001953125
    }
  }
}