{
  "laps": {
    "01_setup": 8.2e-05,
    "03_transpile": 0.147279,
    "04_submit": 0.004242,
    "05_run": 0.009912,
    "06_collect": 0.000918,
    "total": 0.162433
  },
  "meta": {
    "backend": "fake_jakarta",
    "n_qubits": 5,
    "depth_in": 131,
    "depth_transpiled": 168,
    "size_transpiled": 606,
    "quasi_dist": {
      "0": 0.0419921875,
      "26": 0.029296875,
      "21": 0.0322265625,
      "13": 0.0625,
      "15": 0.021484375,
      "1": 0.015625,
      "9": 0.046875,
      "20": 0.0390625,
      "12": 0.0634765625,
      "5": 0.0302734375,
      "4": 0.0224609375,
      "25": 0.0703125,
      "2": 0.0283203125,
      "24": 0.037109375,
      "31": 0.021484375,
      "8": 0.029296875,
      "16": 0.0205078125,
      "17": 0.0205078125,
      "19": 0.0341796875,
      "30": 0.01171875,
      "22": 0.0283203125,
      "6": 0.0341796875,
      "29": 0.0361328125,
      "10": 0.029296875,
      "14": 0.0283203125,
      "27": 0.0341796875,
      "28": 0.0419921875,
      "23": 0.01953125,
      "3": 0.005859375,
      "11": 0.0224609375,
      "18": 0.02734375,
      "7": 0.013671875
    }
  }
}