{
  "laps": {
    "01_setup": 5e-05,
    "02_cache_search": 9.2e-05,
    "04_submit": 0.00092,
    "05_run": 0.001452,
    "06_collect": 5.9e-05,
    "total": 0.002573
  },
  "meta": {
    "backend": "fake_jakarta",
    "n_qubits": 3,
    "depth_in": 9,
    "depth_transpiled": 16,
    "size_transpiled": 38,
    "quasi_dist": {
      "5": 0.0244140625,
      "6": 0.017578125,
      "0": 0.6337890625,
      "2": 0.103515625,
      "4": 0.1044921875,
      "1": 0.095703125,
      "3": 0.0166015625,
      "7": 0.00390625
    }
  }
}