{
  "laps": {
    "01_setup": 6e-05,
    "03_transpile": 0.025098,
    "04_submit": 0.00062,
    "05_run": 0.001717,
    "06_collect": 5.5e-05,
    "total": 0.02755
  },
  "meta": {
    "backend": "fake_jakarta",
    "n_qubits": 6,
    "depth_in": 8,
    "depth_transpiled": 13,
    "size_transpiled": 18,
    "quasi_dist": {
      "0": 0.50390625,
      "63": 0.49609375
    }
  }
}