{
  "01_setup": 0.001036,
  "03_transpile": 0.293947,
  "04_submit": 0.006765,
  "05_run": 0.016055,
  "06_collect": 0.000552,
  "total": 0.318355
}