{
  "01_setup": 0.000773,
  "03_transpile": 0.30458,
  "04_submit": 0.00825,
  "05_run": 0.020046,
  "06_collect": 0.001017,
  "total": 0.334666
}