{
  "laps": {
    "01_setup": 0.000122,
    "03_transpile": 0.023398,
    "04_submit": 0.000652,
    "05_run": 0.002425,
    "06_collect": 4e-05,
    "total": 0.026637
  },
  "meta": {
    "backend": "fake_jakarta",
    "n_qubits": 5,
    "depth_in": 6,
    "depth_transpiled": 8,
    "size_transpiled": 12,
    "quasi_dist": {
      "31": 0.5048828125,
      "0": 0.4951171875
    }
  }
}