{
  "laps": {
    "01_setup": 6.4e-05,
    "02_cache_search": 0.00015,
    "04_submit": 0.000583,
    "05_run": 0.001445,
    "06_collect": 8.3e-05,
    "total": 0.002325
  },
  "meta": {
    "backend": "fake_jakarta",
    "n_qubits": 3,
    "depth_in": 19,
    "depth_transpiled": 21,
    "size_transpiled": 23,
    "quasi_dist": {
      "7": 0.53515625,
      "0": 0.46484375
    }
  }
}