{
  "laps": {
    "01_setup": 0.000124,
    "03_transpile": 0.02569,
    "04_submit": 0.000795,
    "05_run": 0.001951,
    "06_collect": 9e-05,
    "total": 0.02865
  },
  "meta": {
    "backend": "fake_jakarta",
    "n_qubits": 5,
    "depth_in": 13,
    "depth_transpiled": 15,
    "size_transpiled": 19,
    "quasi_dist": {
      "31": 0.5146484375,
      "0": 0.4853515625
    }
  }
}