{
  "laps": {
    "01_setup": 4.7e-05,
    "02_cache_search": 7.3e-05,
    "04_submit": 0.000379,
    "05_run": 0.001256,
    "06_collect": 4.1e-05,
    "total": 0.001796
  },
  "meta": {
    "backend": "fake_jakarta",
    "n_qubits": 3,
    "depth_in": 7,
    "depth_transpiled": 9,
    "size_transpiled": 11,
    "quasi_dist": {
      "7": 0.4951171875,
      "0": 0.5048828125
    }
  }
}