{
  "laps": {
    "01_setup": 5.8e-05,
    "02_cache_search": 0.000204,
    "04_submit": 0.000824,
    "05_run": 0.002287,
    "06_collect": 0.000139,
    "total": 0.003512
  },
  "meta": {
    "backend": "fake_jakarta",
    "n_qubits": 5,
    "depth_in": 19,
    "depth_transpiled": 28,
    "size_transpiled": 102,
    "quasi_dist": {
      "14": 0.0419921875,
      "8": 0.0732421875,
      "0": 0.2607421875,
      "17": 0.029296875,
      "2": 0.046875,
      "28": 0.0537109375,
      "30": 0.0166015625,
      "18": 0.0146484375,
      "16": 0.029296875,
      "7": 0.0341796875,
      "19": 0.0205078125,
      "1": 0.05078125,
      "22": 0.021484375,
      "4": 0.041015625,
      "25": 0.013671875,
      "31": 0.0341796875,
      "15": 0.0244140625,
      "26": 0.0107421875,
      "6": 0.0224609375,
      "21": 0.0029296875,
      "13": 0.0205078125,
      "3": 0.0380859375,
      "5": 0.0048828125,
      "27": 0.0029296875,
      "9": 0.015625,
      "12": 0.033203125,
      "24": 0.01171875,
      "11": 0.0166015625,
      "20": 0.0087890625,
      "10": 0.00390625,
      "29": 0.0009765625
    }
  }
}