{
  "laps": {
    "01_setup": 5.9e-05,
    "03_transpile": 0.033505,
    "04_submit": 0.000718,
    "05_run": 0.003524,
    "06_collect": 7.7e-05,
    "total": 0.037883
  },
  "meta": {
    "backend": "fake_jakarta",
    "n_qubits": 7,
    "depth_in": 11,
    "depth_transpiled": 24,
    "size_transpiled": 35,
    "quasi_dist": {
      "0": 0.501953125,
      "127": 0.498046875
    }
  }
}