{
  "laps": {
    "01_setup": 6.1e-05,
    "03_transpile": 0.03239,
    "04_submit": 0.00085,
    "05_run": 0.002059,
    "06_collect": 9.5e-05,
    "total": 0.035455
  },
  "meta": {
    "backend": "fake_jakarta",
    "n_qubits": 5,
    "depth_in": 11,
    "depth_transpiled": 18,
    "size_transpiled": 66,
    "quasi_dist": {
      "10": 0.009765625,
      "24": 0.017578125,
      "1": 0.06640625,
      "6": 0.017578125,
      "4": 0.083984375,
      "25": 0.001953125,
      "0": 0.4716796875,
      "20": 0.0146484375,
      "16": 0.076171875,
      "8": 0.056640625,
      "2": 0.078125,
      "17": 0.013671875,
      "22": 0.001953125,
      "5": 0.0126953125,
      "21": 0.001953125,
      "13": 0.001953125,
      "9": 0.0166015625,
      "12": 0.015625,
      "3": 0.0166015625,
      "27": 0.0009765625,
      "18": 0.0146484375,
      "14": 0.001953125,
      "19": 0.0009765625,
      "11": 0.001953125,
      "7": 0.0029296875,
      "29": 0.0009765625
    }
  }
}