{
  "laps": {
    "01_setup": 6.5e-05,
    "02_cache_search": 0.001309,
    "04_submit": 0.100343,
    "05_run": 0.006693,
    "06_collect": 0.000813,
    "total": 0.109223
  },
  "meta": {
    "backend": "fake_jakarta",
    "n_qubits": 5,
    "depth_in": 131,
    "depth_transpiled": 168,
    "size_transpiled": 606,
    "quasi_dist": {
      "25": 0.0439453125,
      "31": 0.0263671875,
      "9": 0.037109375,
      "2": 0.0380859375,
      "19": 0.0361328125,
      "11": 0.0283203125,
      "21": 0.033203125,
      "30": 0.0224609375,
      "0": 0.037109375,
      "6": 0.046875,
      "10": 0.0244140625,
      "12": 0.0498046875,
      "20": 0.0263671875,
      "5": 0.0322265625,
      "24": 0.0400390625,
      "4": 0.0263671875,
      "17": 0.0263671875,
      "29": 0.0390625,
      "7": 0.0205078125,
      "16": 0.0146484375,
      "27": 0.0390625,
      "13": 0.0498046875,
      "22": 0.0263671875,
      "28": 0.0283203125,
      "15": 0.02734375,
      "26": 0.0263671875,
      "18": 0.0458984375,
      "1": 0.029296875,
      "14": 0.025390625,
      "23": 0.0166015625,
      "8": 0.0244140625,
      "3": 0.01171875
    }
  }
}