{
  "laps": {
    "01_setup": 8.2e-05,
    "03_transpile": 0.026642,
    "04_submit": 0.000838,
    "05_run": 0.00162,
    "06_collect": 5.2e-05,
    "total": 0.029234
  },
  "meta": {
    "backend": "fake_jakarta",
    "n_qubits": 3,
    "depth_in": 7,
    "depth_transpiled": 9,
    "size_transpiled": 11,
    "quasi_dist": {
      "0": 0.50390625,
      "7": 0.49609375
    }
  }
}