{
  "laps": {
    "01_setup": 5.2e-05,
    "03_transpile": 0.10462,
    "04_submit": 0.002884,
    "05_run": 0.005194,
    "06_collect": 0.000559,
    "total": 0.113309
  },
  "meta": {
    "backend": "fake_jakarta",
    "n_qubits": 6,
    "depth_in": 68,
    "depth_transpiled": 173,
    "size_transpiled": 433,
    "quasi_dist": {
      "8": 0.0224609375,
      "55": 0.0009765625,
      "0": 0.2763671875,
      "38": 0.0009765625,
      "58": 0.00390625,
      "15": 0.0517578125,
      "49": 0.0009765625,
      "47": 0.0078125,
      "6": 0.0283203125,
      "56": 0.0458984375,
      "48": 0.033203125,
      "7": 0.033203125,
      "19": 0.0087890625,
      "52": 0.0009765625,
      "3": 0.01171875,
      "44": 0.0078125,
      "40": 0.001953125,
      "2": 0.0068359375,
      "30": 0.0419921875,
      "34": 0.0068359375,
      "11": 0.0009765625,
      "62": 0.0322265625,
      "37": 0.0009765625,
      "14": 0.048828125,
      "32": 0.0263671875,
      "36": 0.0009765625,
      "13": 0.0126953125,
      "60": 0.0400390625,
      "61": 0.0078125,
      "12": 0.037109375,
      "16": 0.0439453125,
      "26": 0.001953125,
      "24": 0.03515625,
      "54": 0.0009765625,
      "42": 0.001953125,
      "1": 0.009765625,
      "4": 0.00390625,
      "28": 0.009765625,
      "5": 0.005859375,
      "50": 0.00390625,
      "46": 0.0029296875,
      "22": 0.001953125,
      "31": 0.021484375,
      "29": 0.005859375,
      "33": 0.0009765625,
      "10": 0.0029296875,
      "63": 0.0263671875,
      "20": 0.0009765625,
      "57": 0.0009765625,
      "9": 0.005859375,
      "39": 0.0029296875,
      "17": 0.0029296875,
      "25": 0.005859375
    }
  }
}