{
  "laps": {
    "01_setup": 6.2e-05,
    "03_transpile": 0.022343,
    "04_submit": 0.000594,
    "05_run": 0.002576,
    "06_collect": 4.2e-05,
    "total": 0.025617
  },
  "meta": {
    "backend": "fake_jakarta",
    "n_qubits": 5,
    "depth_in": 6,
    "depth_transpiled": 8,
    "size_transpiled": 12,
    "quasi_dist": {
      "31": 0.4912109375,
      "0": 0.5087890625
    }
  }
}