{
  "laps": {
    "01_setup": 7e-05,
    "02_cache_search": 0.00023,
    "04_submit": 0.001051,
    "05_run": 0.001849,
    "06_collect": 0.000187,
    "total": 0.003387
  },
  "meta": {
    "backend": "fake_jakarta",
    "n_qubits": 5,
    "depth_in": 37,
    "depth_transpiled": 39,
    "size_transpiled": 43,
    "quasi_dist": {
      "0": 0.494140625,
      "31": 0.505859375
    }
  }
}