{
  "01_setup": 0.000807,
  "02_cache_search": 0.017662,
  "03_transpile": 0.460193,
  "07_cache_write": 0.108624,
  "04_submit": 0.19691,
  "05_run": 0.171191,
  "06_collect": 0.020086,
  "total": 0.975473
}