{
  "laps": {
    "01_setup": 0.000253,
    "03_transpile": 0.026148,
    "04_submit": 0.00087,
    "05_run": 0.001919,
    "06_collect": 0.000148,
    "total": 0.029338
  },
  "meta": {
    "backend": "fake_jakarta",
    "n_qubits": 3,
    "depth_in": 35,
    "depth_transpiled": 37,
    "size_transpiled": 39,
    "quasi_dist": {
      "0": 0.4921875,
      "7": 0.5078125
    }
  }
}