{
  "laps": {
    "01_setup": 4.7e-05,
    "02_cache_search": 7.2e-05,
    "04_submit": 0.000472,
    "05_run": 0.001483,
    "06_collect": 4.6e-05,
    "total": 0.00212
  },
  "meta": {
    "backend": "fake_jakarta",
    "n_qubits": 3,
    "depth_in": 6,
    "depth_transpiled": 20,
    "size_transpiled": 26,
    "quasi_dist": {
      "7": 0.1357421875,
      "3": 0.1220703125,
      "0": 0.1240234375,
      "6": 0.1201171875,
      "1": 0.1298828125,
      "5": 0.1162109375,
      "2": 0.13671875,
      "4": 0.115234375
    }
  }
}