{
  "laps": {
    "01_setup": 7.7e-05,
    "03_transpile": 0.035597,
    "04_submit": 0.00087,
    "05_run": 0.002195,
    "06_collect": 0.000122,
    "total": 0.038861
  },
  "meta": {
    "backend": "fake_jakarta",
    "n_qubits": 6,
    "depth_in": 12,
    "depth_transpiled": 26,
    "size_transpiled": 83,
    "quasi_dist": {
      "4": 0.078125,
      "6": 0.0107421875,
      "49": 0.001953125,
      "32": 0.064453125,
      "8": 0.0576171875,
      "0": 0.361328125,
      "17": 0.0205078125,
      "48": 0.013671875,
      "39": 0.0009765625,
      "42": 0.0009765625,
      "1": 0.0703125,
      "20": 0.0107421875,
      "9": 0.0107421875,
      "18": 0.0126953125,
      "52": 0.001953125,
      "3": 0.0146484375,
      "2": 0.0654296875,
      "11": 0.0029296875,
      "34": 0.01171875,
      "16": 0.0703125,
      "14": 0.0029296875,
      "33": 0.0126953125,
      "10": 0.0146484375,
      "28": 0.0048828125,
      "12": 0.015625,
      "35": 0.001953125,
      "41": 0.001953125,
      "40": 0.0087890625,
      "56": 0.001953125,
      "26": 0.0029296875,
      "50": 0.0009765625,
      "5": 0.0166015625,
      "21": 0.00390625,
      "25": 0.001953125,
      "24": 0.0107421875,
      "13": 0.0029296875,
      "36": 0.0078125,
      "27": 0.0009765625,
      "19": 0.0009765625,
      "57": 0.0009765625,
      "38": 0.0009765625,
      "30": 0.0009765625
    }
  }
}