{
  "laps": {
    "01_setup": 6.4e-05,
    "02_cache_search": 0.000223,
    "03_transpile": 0.02169,
    "07_cache_write": 0.091218,
    "04_submit": 0.000893,
    "05_run": 0.001473,
    "06_collect": 6.3e-05,
    "total": 0.115624
  },
  "meta": {
    "backend": "fake_jakarta",
    "n_qubits": 3,
    "depth_in": 11,
    "depth_transpiled": 13,
    "size_transpiled": 15,
    "quasi_dist": {
      "0": 0.47265625,
      "7": 0.52734375
    }
  }
}