{
  "laps": {
    "01_setup": 5e-05,
    "02_cache_search": 0.000209,
    "04_submit": 0.00086,
    "05_run": 0.002213,
    "06_collect": 0.000135,
    "total": 0.003467
  },
  "meta": {
    "backend": "fake_jakarta",
    "n_qubits": 5,
    "depth_in": 19,
    "depth_transpiled": 28,
    "size_transpiled": 102,
    "quasi_dist": {
      "2": 0.0400390625,
      "24": 0.0146484375,
      "1": 0.05859375,
      "0": 0.2421875,
      "13": 0.0205078125,
      "30": 0.015625,
      "7": 0.0302734375,
      "20": 0.01171875,
      "28": 0.02734375,
      "16": 0.02734375,
      "14": 0.0478515625,
      "12": 0.0390625,
      "6": 0.0322265625,
      "4": 0.048828125,
      "8": 0.0869140625,
      "18": 0.0166015625,
      "25": 0.0126953125,
      "11": 0.017578125,
      "15": 0.025390625,
      "3": 0.0439453125,
      "19": 0.021484375,
      "31": 0.03515625,
      "5": 0.0068359375,
      "27": 0.0048828125,
      "26": 0.0068359375,
      "17": 0.0244140625,
      "22": 0.0205078125,
      "10": 0.0048828125,
      "21": 0.001953125,
      "9": 0.01171875,
      "29": 0.001953125
    }
  }
}