{
  "laps": {
    "01_setup": 9.8e-05,
    "02_cache_search": 0.004426,
    "03_transpile": 2.359839,
    "07_cache_write": 0.21758,
    "04_submit": 0.043854,
    "05_run": 0.06128,
    "06_collect": 0.008518,
    "total": 2.695595
  },
  "meta": {
    "backend": "fake_jakarta",
    "n_qubits": 7,
    "depth_in": 231,
    "depth_transpiled": 2884,
    "size_transpiled": 5681,
    "quasi_dist": {
      "0": 1.0
    }
  }
}