{
  "laps": {
    "01_setup": 5.7e-05,
    "03_transpile": 0.055156,
    "04_submit": 0.001902,
    "05_run": 0.003361,
    "06_collect": 0.000265,
    "total": 0.060741
  },
  "meta": {
    "backend": "fake_jakarta",
    "n_qubits": 5,
    "depth_in": 35,
    "depth_transpiled": 48,
    "size_transpiled": 174,
    "quasi_dist": {
      "29": 0.0126953125,
      "14": 0.0869140625,
      "0": 0.12109375,
      "30": 0.046875,
      "4": 0.0458984375,
      "28": 0.0830078125,
      "11": 0.013671875,
      "31": 0.005859375,
      "1": 0.017578125,
      "2": 0.04296875,
      "13": 0.0185546875,
      "6": 0.07421875,
      "18": 0.015625,
      "24": 0.0732421875,
      "15": 0.033203125,
      "3": 0.015625,
      "7": 0.046875,
      "12": 0.0927734375,
      "16": 0.0302734375,
      "17": 0.013671875,
      "8": 0.0400390625,
      "5": 0.0234375,
      "9": 0.0126953125,
      "22": 0.0107421875,
      "27": 0.0126953125,
      "25": 0.0029296875,
      "26": 0.0029296875,
      "10": 0.001953125,
      "23": 0.0009765625,
      "21": 0.0009765625
    }
  }
}