{
  "laps": {
    "01_setup": 5.1e-05,
    "02_cache_search": 0.000216,
    "04_submit": 0.000997,
    "05_run": 0.002183,
    "06_collect": 0.000221,
    "total": 0.003668
  },
  "meta": {
    "backend": "fake_jakarta",
    "n_qubits": 6,
    "depth_in": 38,
    "depth_transpiled": 49,
    "size_transpiled": 59,
    "quasi_dist": {
      "63": 0.52734375,
      "0": 0.47265625
    }
  }
}