{
  "laps": {
    "01_setup": 6.6e-05,
    "02_cache_search": 0.000814,
    "04_submit": 0.002875,
    "05_run": 0.004902,
    "06_collect": 0.000531,
    "total": 0.009188
  },
  "meta": {
    "backend": "fake_jakarta",
    "n_qubits": 6,
    "depth_in": 68,
    "depth_transpiled": 173,
    "size_transpiled": 433,
    "quasi_dist": {
      "10": 0.0009765625,
      "33": 0.0009765625,
      "63": 0.04296875,
      "11": 0.0009765625,
      "34": 0.005859375,
      "62": 0.029296875,
      "38": 0.00390625,
      "15": 0.0576171875,
      "58": 0.0087890625,
      "8": 0.0234375,
      "0": 0.2529296875,
      "61": 0.0068359375,
      "12": 0.025390625,
      "56": 0.0400390625,
      "25": 0.0048828125,
      "37": 0.0029296875,
      "14": 0.0654296875,
      "36": 0.00390625,
      "13": 0.0068359375,
      "60": 0.0458984375,
      "49": 0.0029296875,
      "47": 0.0068359375,
      "6": 0.0302734375,
      "50": 0.001953125,
      "5": 0.00390625,
      "46": 0.0048828125,
      "16": 0.0361328125,
      "23": 0.001953125,
      "44": 0.0068359375,
      "52": 0.0009765625,
      "3": 0.0126953125,
      "32": 0.01953125,
      "30": 0.0498046875,
      "48": 0.0263671875,
      "7": 0.0419921875,
      "40": 0.005859375,
      "28": 0.0126953125,
      "2": 0.0029296875,
      "43": 0.0009765625,
      "24": 0.0380859375,
      "31": 0.0244140625,
      "51": 0.0009765625,
      "45": 0.001953125,
      "4": 0.0068359375,
      "29": 0.005859375,
      "39": 0.0029296875,
      "1": 0.0068359375,
      "20": 0.001953125,
      "57": 0.0029296875,
      "17": 0.001953125,
      "9": 0.0009765625,
      "26": 0.001953125,
      "22": 0.001953125,
      "19": 0.0009765625
    }
  }
}