{
  "laps": {
    "01_setup": 6e-05,
    "03_transpile": 0.030218,
    "04_submit": 0.000727,
    "05_run": 0.00185,
    "06_collect": 9.2e-05,
    "total": 0.032947
  },
  "meta": {
    "backend": "fake_jakarta",
    "n_qubits": 6,
    "depth_in": 14,
    "depth_transpiled": 25,
    "size_transpiled": 35,
    "quasi_dist": {
      "0": 0.4931640625,
      "63": 0.5068359375
    }
  }
}