{
  "laps": {
    "01_setup": 5.5e-05,
    "03_transpile": 0.08397,
    "04_submit": 0.002725,
    "05_run": 0.004009,
    "06_collect": 0.000447,
    "total": 0.091206
  },
  "meta": {
    "backend": "fake_jakarta",
    "n_qubits": 3,
    "depth_in": 129,
    "depth_transpiled": 166,
    "size_transpiled": 338,
    "quasi_dist": {
      "0": 0.59375,
      "2": 0.1474609375,
      "7": 0.0029296875,
      "3": 0.052734375,
      "1": 0.1474609375,
      "6": 0.0263671875,
      "4": 0.015625,
      "5": 0.013671875
    }
  }
}