{
  "laps": {
    "01_setup": 6.5e-05,
    "03_transpile": 0.054645,
    "04_submit": 0.001898,
    "05_run": 0.002804,
    "06_collect": 0.000248,
    "total": 0.05966
  },
  "meta": {
    "backend": "fake_jakarta",
    "n_qubits": 3,
    "depth_in": 65,
    "depth_transpiled": 86,
    "size_transpiled": 178,
    "quasi_dist": {
      "1": 0.052734375,
      "0": 0.7861328125,
      "6": 0.0810546875,
      "2": 0.0341796875,
      "7": 0.0068359375,
      "3": 0.0302734375,
      "4": 0.0068359375,
      "5": 0.001953125
    }
  }
}