{
  "laps": {
    "01_setup": 6e-05,
    "03_transpile": 0.032713,
    "04_submit": 0.000676,
    "05_run": 0.00182,
    "06_collect": 7e-05,
    "total": 0.035339
  },
  "meta": {
    "backend": "fake_jakarta",
    "n_qubits": 6,
    "depth_in": 10,
    "depth_transpiled": 20,
    "size_transpiled": 30,
    "quasi_dist": {
      "0": 0.48828125,
      "63": 0.51171875
    }
  }
}