{
  "01_setup": 0.000666,
  "02_cache_search": 0.008373,
  "03_transpile": 0.282435,
  "07_cache_write": 0.077165,
  "04_submit": 0.064284,
  "05_run": 0.097111,
  "06_collect": 0.010207,
  "total": 0.540241
}