{
  "laps": {
    "01_setup": 4.5e-05,
    "02_cache_search": 0.000102,
    "04_submit": 0.000505,
    "05_run": 0.001624,
    "06_collect": 9.3e-05,
    "total": 0.002369
  },
  "meta": {
    "backend": "fake_jakarta",
    "n_qubits": 6,
    "depth_in": 14,
    "depth_transpiled": 19,
    "size_transpiled": 24,
    "quasi_dist": {
      "0": 0.5263671875,
      "63": 0.4736328125
    }
  }
}