{
  "laps": {
    "01_setup": 4.7e-05,
    "02_cache_search": 0.000206,
    "04_submit": 0.000879,
    "05_run": 0.001768,
    "06_collect": 0.000181,
    "total": 0.003081
  },
  "meta": {
    "backend": "fake_jakarta",
    "n_qubits": 5,
    "depth_in": 37,
    "depth_transpiled": 39,
    "size_transpiled": 43,
    "quasi_dist": {
      "0": 0.490234375,
      "31": 0.509765625
    }
  }
}