{
  "01_setup": 0.000633,
  "02_cache_search": 0.002502,
  "03_transpile": 0.095209,
  "07_cache_write": 0.004073,
  "04_submit": 0.019093,
  "05_run": 0.03565,
  "06_collect": 0.00285,
  "total": 0.16001
}