{
  "01_setup": 0.000776,
  "03_transpile": 3.067489,
  "04_submit": 0.07343,
  "05_run": 0.103631,
  "06_collect": 0.010688,
  "total": 3.256014
}