{
  "laps": {
    "01_setup": 5.8e-05,
    "03_transpile": 0.033146,
    "04_submit": 0.000696,
    "05_run": 0.00206,
    "06_collect": 7e-05,
    "total": 0.03603
  },
  "meta": {
    "backend": "fake_jakarta",
    "n_qubits": 7,
    "depth_in": 9,
    "depth_transpiled": 22,
    "size_transpiled": 33,
    "quasi_dist": {
      "0": 0.521484375,
      "127": 0.478515625
    }
  }
}