{
  "laps": {
    "01_setup": 5.8e-05,
    "02_cache_search": 0.000743,
    "04_submit": 0.002116,
    "05_run": 0.004547,
    "06_collect": 0.000442,
    "total": 0.007906
  },
  "meta": {
    "backend": "fake_jakarta",
    "n_qubits": 3,
    "depth_in": 129,
    "depth_transpiled": 166,
    "size_transpiled": 338,
    "quasi_dist": {
      "2": 0.1630859375,
      "3": 0.0439453125,
      "1": 0.1533203125,
      "0": 0.5927734375,
      "6": 0.01953125,
      "5": 0.0107421875,
      "4": 0.015625,
      "7": 0.0009765625
    }
  }
}