{
  "laps": {
    "01_setup": 6.6e-05,
    "03_transpile": 0.05074,
    "04_submit": 0.002145,
    "05_run": 0.003095,
    "06_collect": 0.000248,
    "total": 0.056294
  },
  "meta": {
    "backend": "fake_jakarta",
    "n_qubits": 5,
    "depth_in": 35,
    "depth_transpiled": 48,
    "size_transpiled": 174,
    "quasi_dist": {
      "12": 0.083984375,
      "28": 0.068359375,
      "17": 0.009765625,
      "8": 0.04296875,
      "26": 0.005859375,
      "6": 0.0712890625,
      "13": 0.017578125,
      "24": 0.068359375,
      "16": 0.0439453125,
      "0": 0.1083984375,
      "9": 0.0146484375,
      "22": 0.00390625,
      "5": 0.0302734375,
      "29": 0.017578125,
      "15": 0.041015625,
      "4": 0.05078125,
      "10": 0.005859375,
      "14": 0.0791015625,
      "3": 0.0166015625,
      "7": 0.041015625,
      "2": 0.044921875,
      "25": 0.0048828125,
      "30": 0.0439453125,
      "18": 0.01171875,
      "1": 0.0205078125,
      "20": 0.00390625,
      "27": 0.0078125,
      "31": 0.0126953125,
      "23": 0.0068359375,
      "11": 0.015625,
      "21": 0.005859375
    }
  }
}