{
  "laps": {
    "01_setup": 6.2e-05,
    "03_transpile": 0.028199,
    "04_submit": 0.0007,
    "05_run": 0.002587,
    "06_collect": 6.8e-05,
    "total": 0.031616
  },
  "meta": {
    "backend": "fake_jakarta",
    "n_qubits": 6,
    "depth_in": 10,
    "depth_transpiled": 15,
    "size_transpiled": 20,
    "quasi_dist": {
      "0": 0.5029296875,
      "63": 0.4970703125
    }
  }
}