{
  "laps": {
    "01_setup": 6.7e-05,
    "02_cache_search": 0.000163,
    "04_submit": 0.000831,
    "05_run": 0.002031,
    "06_collect": 0.000101,
    "total": 0.003193
  },
  "meta": {
    "backend": "fake_jakarta",
    "n_qubits": 5,
    "depth_in": 11,
    "depth_transpiled": 18,
    "size_transpiled": 66,
    "quasi_dist": {
      "8": 0.0703125,
      "0": 0.4619140625,
      "2": 0.0849609375,
      "4": 0.0869140625,
      "24": 0.009765625,
      "1": 0.0830078125,
      "16": 0.080078125,
      "5": 0.013671875,
      "3": 0.009765625,
      "9": 0.01171875,
      "10": 0.0107421875,
      "11": 0.0029296875,
      "28": 0.001953125,
      "18": 0.0107421875,
      "20": 0.013671875,
      "17": 0.0078125,
      "26": 0.0048828125,
      "6": 0.0107421875,
      "21": 0.0029296875,
      "12": 0.013671875,
      "25": 0.001953125,
      "19": 0.0029296875,
      "14": 0.0009765625,
      "22": 0.001953125
    }
  }
}