{
  "laps": {
    "01_setup": 7e-05,
    "03_transpile": 0.09044,
    "04_submit": 0.002544,
    "05_run": 0.004835,
    "06_collect": 0.000379,
    "total": 0.098268
  },
  "meta": {
    "backend": "fake_jakarta",
    "n_qubits": 7,
    "depth_in": 39,
    "depth_transpiled": 52,
    "size_transpiled": 63,
    "quasi_dist": {
      "127": 0.5234375,
      "0": 0.4765625
    }
  }
}