{
  "laps": {
    "01_setup": 6.7e-05,
    "02_cache_search": 0.001443,
    "04_submit": 0.004258,
    "05_run": 0.006498,
    "06_collect": 0.000768,
    "total": 0.013034
  },
  "meta": {
    "backend": "fake_jakarta",
    "n_qubits": 5,
    "depth_in": 131,
    "depth_transpiled": 168,
    "size_transpiled": 606,
    "quasi_dist": {
      "16": 0.0244140625,
      "24": 0.03515625,
      "14": 0.02734375,
      "29": 0.0361328125,
      "5": 0.0224609375,
      "27": 0.0390625,
      "13": 0.0556640625,
      "17": 0.029296875,
      "2": 0.0244140625,
      "19": 0.03125,
      "0": 0.03515625,
      "9": 0.033203125,
      "25": 0.0478515625,
      "12": 0.0439453125,
      "21": 0.029296875,
      "10": 0.0361328125,
      "11": 0.0283203125,
      "20": 0.033203125,
      "4": 0.04296875,
      "7": 0.0283203125,
      "22": 0.0244140625,
      "6": 0.0361328125,
      "30": 0.0205078125,
      "23": 0.0244140625,
      "28": 0.033203125,
      "26": 0.0400390625,
      "3": 0.015625,
      "18": 0.0283203125,
      "15": 0.0263671875,
      "31": 0.0263671875,
      "8": 0.021484375,
      "1": 0.01953125
    }
  }
}