{
  "laps": {
    "01_setup": 6e-05,
    "02_cache_search": 0.000144,
    "04_submit": 0.000866,
    "05_run": 0.001954,
    "06_collect": 0.000101,
    "total": 0.003125
  },
  "meta": {
    "backend": "fake_jakarta",
    "n_qubits": 5,
    "depth_in": 11,
    "depth_transpiled": 18,
    "size_transpiled": 66,
    "quasi_dist": {
      "16": 0.076171875,
      "1": 0.0810546875,
      "8": 0.0634765625,
      "0": 0.4453125,
      "5": 0.0166015625,
      "4": 0.0830078125,
      "27": 0.0009765625,
      "2": 0.0751953125,
      "7": 0.0048828125,
      "3": 0.0146484375,
      "29": 0.0009765625,
      "26": 0.005859375,
      "6": 0.013671875,
      "12": 0.009765625,
      "10": 0.017578125,
      "14": 0.0048828125,
      "24": 0.0126953125,
      "17": 0.015625,
      "13": 0.001953125,
      "9": 0.017578125,
      "19": 0.0029296875,
      "28": 0.0009765625,
      "20": 0.0146484375,
      "18": 0.01171875,
      "22": 0.0029296875,
      "30": 0.001953125,
      "11": 0.0009765625,
      "15": 0.0009765625,
      "21": 0.0009765625
    }
  }
}