{
  "laps": {
    "01_setup": 5.6e-05,
    "02_cache_search": 0.000399,
    "04_submit": 0.001619,
    "05_run": 0.00253,
    "06_collect": 0.000234,
    "total": 0.004838
  },
  "meta": {
    "backend": "fake_jakarta",
    "n_qubits": 3,
    "depth_in": 65,
    "depth_transpiled": 86,
    "size_transpiled": 178,
    "quasi_dist": {
      "0": 0.7900390625,
      "3": 0.0263671875,
      "6": 0.076171875,
      "2": 0.0283203125,
      "7": 0.0126953125,
      "1": 0.0576171875,
      "5": 0.0009765625,
      "4": 0.0078125
    }
  }
}