{
  "laps": {
    "01_setup": 6.4e-05,
    "03_transpile": 0.08356,
    "04_submit": 0.002337,
    "05_run": 0.004195,
    "06_collect": 0.000472,
    "total": 0.090628
  },
  "meta": {
    "backend": "fake_jakarta",
    "n_qubits": 3,
    "depth_in": 129,
    "depth_transpiled": 166,
    "size_transpiled": 338,
    "quasi_dist": {
      "0": 0.583984375,
      "2": 0.173828125,
      "1": 0.138671875,
      "3": 0.0625,
      "6": 0.017578125,
      "5": 0.013671875,
      "4": 0.0087890625,
      "7": 0.0009765625
    }
  }
}