{
  "laps": {
    "01_setup": 0.000132,
    "02_cache_search": 0.000195,
    "04_submit": 0.001489,
    "05_run": 0.003005,
    "06_collect": 8.5e-05,
    "total": 0.004906
  },
  "meta": {
    "backend": "fake_jakarta",
    "n_qubits": 7,
    "depth_in": 9,
    "depth_transpiled": 22,
    "size_transpiled": 33,
    "quasi_dist": {
      "127": 0.501953125,
      "0": 0.498046875
    }
  }
}