{
  "laps": {
    "01_setup": 4.6e-05,
    "02_cache_search": 0.000135,
    "04_submit": 0.000537,
    "05_run": 0.001548,
    "06_collect": 8.1e-05,
    "total": 0.002347
  },
  "meta": {
    "backend": "fake_jakarta",
    "n_qubits": 3,
    "depth_in": 17,
    "depth_transpiled": 26,
    "size_transpiled": 58,
    "quasi_dist": {
      "1": 0.0849609375,
      "3": 0.169921875,
      "4": 0.083984375,
      "0": 0.4453125,
      "6": 0.119140625,
      "5": 0.037109375,
      "2": 0.044921875,
      "7": 0.0146484375
    }
  }
}