{
  "laps": {
    "01_setup": 6e-05,
    "03_transpile": 0.025296,
    "04_submit": 0.00053,
    "05_run": 0.001505,
    "06_collect": 4.8e-05,
    "total": 0.027439
  },
  "meta": {
    "backend": "fake_jakarta",
    "n_qubits": 3,
    "depth_in": 5,
    "depth_transpiled": 11,
    "size_transpiled": 28,
    "quasi_dist": {
      "1": 0.142578125,
      "7": 0.1455078125,
      "6": 0.12109375,
      "5": 0.1298828125,
      "3": 0.107421875,
      "0": 0.1142578125,
      "2": 0.11328125,
      "4": 0.1259765625
    }
  }
}