{
  "laps": {
    "01_setup": 5.6e-05,
    "03_transpile": 0.031916,
    "04_submit": 0.00067,
    "05_run": 0.001927,
    "06_collect": 6.8e-05,
    "total": 0.034637
  },
  "meta": {
    "backend": "fake_jakarta",
    "n_qubits": 7,
    "depth_in": 8,
    "depth_transpiled": 22,
    "size_transpiled": 33,
    "quasi_dist": {
      "127": 0.50390625,
      "0": 0.49609375
    }
  }
}