{
  "laps": {
    "01_setup": 0.00023,
    "03_transpile": 0.023266,
    "04_submit": 0.000841,
    "05_run": 0.001581,
    "06_collect": 9.2e-05,
    "total": 0.02601
  },
  "meta": {
    "backend": "fake_jakarta",
    "n_qubits": 3,
    "depth_in": 19,
    "depth_transpiled": 21,
    "size_transpiled": 23,
    "quasi_dist": {
      "0": 0.5009765625,
      "7": 0.4990234375
    }
  }
}