{
  "laps": {
    "01_setup": 4.7e-05,
    "02_cache_search": 0.000217,
    "04_submit": 0.000755,
    "05_run": 0.002262,
    "06_collect": 0.000134,
    "total": 0.003415
  },
  "meta": {
    "backend": "fake_jakarta",
    "n_qubits": 3,
    "depth_in": 33,
    "depth_transpiled": 46,
    "size_transpiled": 98,
    "quasi_dist": {
      "3": 0.1552734375,
      "2": 0.1689453125,
      "7": 0.09765625,
      "5": 0.078125,
      "6": 0.1337890625,
      "1": 0.1396484375,
      "0": 0.1474609375,
      "4": 0.0791015625
    }
  }
}