{
  "01_setup": 0.000543,
  "02_cache_search": 0.000713,
  "03_transpile": 0.024354,
  "07_cache_write": 0.000549,
  "04_submit": 0.004574,
  "05_run": 0.013874,
  "06_collect": 0.000452,
  "total": 0.045059
}