{
  "laps": {
    "01_setup": 7.9e-05,
    "02_cache_search": 0.000619,
    "03_transpile": 0.181943,
    "07_cache_write": 0.013641,
    "04_submit": 0.004372,
    "05_run": 0.007202,
    "06_collect": 0.000655,
    "total": 0.208511
  },
  "meta": {
    "backend": "fake_jakarta",
    "n_qubits": 5,
    "depth_in": 45,
    "depth_transpiled": 412,
    "size_transpiled": 639,
    "quasi_dist": {
      "0": 1.0
    }
  }
}