{
  "laps": {
    "01_setup": 6.4e-05,
    "03_transpile": 0.039851,
    "04_submit": 0.001017,
    "05_run": 0.002138,
    "06_collect": 0.000145,
    "total": 0.043215
  },
  "meta": {
    "backend": "fake_jakarta",
    "n_qubits": 3,
    "depth_in": 33,
    "depth_transpiled": 46,
    "size_transpiled": 98,
    "quasi_dist": {
      "6": 0.1181640625,
      "4": 0.0830078125,
      "0": 0.146484375,
      "5": 0.1142578125,
      "2": 0.1552734375,
      "3": 0.169921875,
      "1": 0.1328125,
      "7": 0.080078125
    }
  }
}