{
  "laps": {
    "01_setup": 5.4e-05,
    "02_cache_search": 0.000105,
    "04_submit": 0.000508,
    "05_run": 0.001504,
    "06_collect": 7e-05,
    "total": 0.002241
  },
  "meta": {
    "backend": "fake_jakarta",
    "n_qubits": 3,
    "depth_in": 9,
    "depth_transpiled": 16,
    "size_transpiled": 38,
    "quasi_dist": {
      "0": 0.5986328125,
      "4": 0.123046875,
      "1": 0.109375,
      "2": 0.107421875,
      "6": 0.0283203125,
      "5": 0.0166015625,
      "3": 0.0146484375,
      "7": 0.001953125
    }
  }
}