{
  "laps": {
    "01_setup": 6.7e-05,
    "02_cache_search": 9.2e-05,
    "04_submit": 0.000559,
    "05_run": 0.003363,
    "06_collect": 6.6e-05,
    "total": 0.004147
  },
  "meta": {
    "backend": "fake_jakarta",
    "n_qubits": 7,
    "depth_in": 8,
    "depth_transpiled": 21,
    "size_transpiled": 32,
    "quasi_dist": {
      "127": 0.48046875,
      "0": 0.51953125
    }
  }
}