{
  "01_setup": 0.000564,
  "02_cache_search": 0.004328,
  "03_transpile": 0.064247,
  "07_cache_write": 0.014558,
  "04_submit": 0.016273,
  "05_run": 0.035036,
  "06_collect": 0.002933,
  "total": 0.137939
}