{
  "laps": {
    "01_setup": 0.000105,
    "03_transpile": 0.036284,
    "04_submit": 0.00083,
    "05_run": 0.00197,
    "06_collect": 0.000102,
    "total": 0.039291
  },
  "meta": {
    "backend": "fake_jakarta",
    "n_qubits": 7,
    "depth_in": 15,
    "depth_transpiled": 28,
    "size_transpiled": 39,
    "quasi_dist": {
      "0": 0.5029296875,
      "127": 0.4970703125
    }
  }
}