{
  "laps": {
    "01_setup": 6.6e-05,
    "02_cache_search": 0.000258,
    "04_submit": 0.001247,
    "05_run": 0.002417,
    "06_collect": 0.000243,
    "total": 0.004231
  },
  "meta": {
    "backend": "fake_jakarta",
    "n_qubits": 7,
    "depth_in": 39,
    "depth_transpiled": 53,
    "size_transpiled": 64,
    "quasi_dist": {
      "127": 0.51171875,
      "0": 0.48828125
    }
  }
}