{
  "laps": {
    "01_setup": 6.1e-05,
    "03_transpile": 0.020577,
    "04_submit": 0.00062,
    "05_run": 0.001385,
    "06_collect": 5.4e-05,
    "total": 0.022697
  },
  "meta": {
    "backend": "fake_jakarta",
    "n_qubits": 3,
    "depth_in": 11,
    "depth_transpiled": 13,
    "size_transpiled": 15,
    "quasi_dist": {
      "0": 0.4853515625,
      "7": 0.5146484375
    }
  }
}