{
  "laps": {
    "01_setup": 6.3e-05,
    "03_transpile": 0.023195,
    "04_submit": 0.000575,
    "05_run": 0.00151,
    "06_collect": 5.1e-05,
    "total": 0.025394
  },
  "meta": {
    "backend": "fake_jakarta",
    "n_qubits": 5,
    "depth_in": 9,
    "depth_transpiled": 11,
    "size_transpiled": 15,
    "quasi_dist": {
      "31": 0.48046875,
      "0": 0.51953125
    }
  }
}