{
  "01_setup": 0.000797,
  "02_cache_search": 0.011585,
  "03_transpile": 0.355203,
  "07_cache_write": 0.112967,
  "04_submit": 0.089745,
  "05_run": 0.120388,
  "06_collect": 0.013881,
  "total": 0.704566
}