{
  "laps": {
    "01_setup": 4.9e-05,
    "02_cache_search": 0.000204,
    "04_submit": 0.000755,
    "05_run": 0.002166,
    "06_collect": 0.000135,
    "total": 0.003309
  },
  "meta": {
    "backend": "fake_jakarta",
    "n_qubits": 5,
    "depth_in": 19,
    "depth_transpiled": 28,
    "size_transpiled": 102,
    "quasi_dist": {
      "0": 0.291015625,
      "17": 0.029296875,
      "8": 0.0625,
      "28": 0.0341796875,
      "2": 0.0439453125,
      "3": 0.0458984375,
      "13": 0.0205078125,
      "14": 0.0419921875,
      "31": 0.02734375,
      "4": 0.0478515625,
      "12": 0.029296875,
      "6": 0.02734375,
      "18": 0.017578125,
      "1": 0.052734375,
      "22": 0.0234375,
      "7": 0.0439453125,
      "5": 0.0068359375,
      "30": 0.0205078125,
      "25": 0.0126953125,
      "9": 0.01171875,
      "16": 0.01953125,
      "19": 0.0185546875,
      "15": 0.025390625,
      "24": 0.005859375,
      "20": 0.0087890625,
      "27": 0.00390625,
      "11": 0.017578125,
      "29": 0.0009765625,
      "26": 0.005859375,
      "10": 0.0029296875
    }
  }
}