{
  "laps": {
    "01_setup": 9.4e-05,
    "03_transpile": 0.174125,
    "04_submit": 0.004881,
    "05_run": 0.008661,
    "06_collect": 0.001055,
    "total": 0.188816
  },
  "meta": {
    "backend": "fake_jakarta",
    "n_qubits": 6,
    "depth_in": 132,
    "depth_transpiled": 341,
    "size_transpiled": 833,
    "quasi_dist": {
      "58": 0.0009765625,
      "15": 0.06640625,
      "31": 0.0478515625,
      "56": 0.0400390625,
      "50": 0.0048828125,
      "46": 0.0029296875,
      "5": 0.00390625,
      "53": 0.0009765625,
      "2": 0.056640625,
      "24": 0.0263671875,
      "36": 0.001953125,
      "13": 0.0048828125,
      "60": 0.0927734375,
      "55": 0.0009765625,
      "0": 0.1162109375,
      "54": 0.0078125,
      "1": 0.0146484375,
      "12": 0.0244140625,
      "35": 0.0146484375,
      "32": 0.005859375,
      "11": 0.0029296875,
      "34": 0.0029296875,
      "62": 0.0712890625,
      "49": 0.009765625,
      "6": 0.0390625,
      "30": 0.07421875,
      "52": 0.001953125,
      "3": 0.0439453125,
      "48": 0.013671875,
      "7": 0.0517578125,
      "63": 0.015625,
      "33": 0.0048828125,
      "59": 0.0009765625,
      "14": 0.02734375,
      "26": 0.0048828125,
      "45": 0.001953125,
      "51": 0.005859375,
      "4": 0.01953125,
      "22": 0.0029296875,
      "28": 0.0283203125,
      "18": 0.0078125,
      "9": 0.0068359375,
      "57": 0.0029296875,
      "8": 0.009765625,
      "39": 0.0078125,
      "17": 0.0009765625,
      "16": 0.001953125,
      "29": 0.0009765625,
      "23": 0.0009765625,
      "27": 0.0009765625
    }
  }
}