{
  "laps": {
    "01_setup": 5.8e-05,
    "03_transpile": 0.038529,
    "04_submit": 0.000948,
    "05_run": 0.001974,
    "06_collect": 0.000178,
    "total": 0.041687
  },
  "meta": {
    "backend": "fake_jakarta",
    "n_qubits": 3,
    "depth_in": 33,
    "depth_transpiled": 46,
    "size_transpiled": 98,
    "quasi_dist": {
      "0": 0.1396484375,
      "1": 0.1435546875,
      "5": 0.1044921875,
      "4": 0.1005859375,
      "2": 0.1845703125,
      "3": 0.1474609375,
      "7": 0.0703125,
      "6": 0.109375
    }
  }
}