{
  "laps": {
    "01_setup": 6.2e-05,
    "03_transpile": 0.03599,
    "04_submit": 0.000969,
    "05_run": 0.002336,
    "06_collect": 0.00014,
    "total": 0.039497
  },
  "meta": {
    "backend": "fake_jakarta",
    "n_qubits": 5,
    "depth_in": 19,
    "depth_transpiled": 28,
    "size_transpiled": 102,
    "quasi_dist": {
      "12": 0.0302734375,
      "28": 0.0439453125,
      "26": 0.0078125,
      "0": 0.267578125,
      "8": 0.0615234375,
      "14": 0.0380859375,
      "9": 0.0126953125,
      "30": 0.0185546875,
      "16": 0.02734375,
      "31": 0.03125,
      "1": 0.0498046875,
      "2": 0.037109375,
      "5": 0.0087890625,
      "15": 0.0263671875,
      "19": 0.0205078125,
      "21": 0.00390625,
      "22": 0.0322265625,
      "7": 0.0380859375,
      "6": 0.02734375,
      "4": 0.0419921875,
      "17": 0.0302734375,
      "13": 0.0234375,
      "3": 0.0439453125,
      "25": 0.0166015625,
      "24": 0.0068359375,
      "18": 0.0166015625,
      "11": 0.0185546875,
      "10": 0.001953125,
      "20": 0.0068359375,
      "29": 0.00390625,
      "27": 0.005859375
    }
  }
}