{
  "laps": {
    "01_setup": 6.6e-05,
    "02_cache_search": 0.000234,
    "03_transpile": 0.026811,
    "07_cache_write": 0.001205,
    "04_submit": 0.000594,
    "05_run": 0.002761,
    "06_collect": 5e-05,
    "total": 0.031721
  },
  "meta": {
    "backend": "fake_jakarta",
    "n_qubits": 6,
    "depth_in": 7,
    "depth_transpiled": 12,
    "size_transpiled": 17,
    "quasi_dist": {
      "63": 0.484375,
      "0": 0.515625
    }
  }
}