{
  "01_setup": 0.001021,
  "02_cache_search": 0.000815,
  "03_transpile": 0.021972,
  "07_cache_write": 0.000764,
  "04_submit": 0.004005,
  "05_run": 0.027133,
  "06_collect": 0.000397,
  "total": 0.056107
}