{
  "laps": {
    "01_setup": 5.4e-05,
    "02_cache_search": 0.000419,
    "04_submit": 0.000895,
    "05_run": 0.001765,
    "06_collect": 0.000186,
    "total": 0.003319
  },
  "meta": {
    "backend": "fake_jakarta",
    "n_qubits": 5,
    "depth_in": 37,
    "depth_transpiled": 39,
    "size_transpiled": 43,
    "quasi_dist": {
      "0": 0.517578125,
      "31": 0.482421875
    }
  }
}