{
  "laps": {
    "01_setup": 6.8e-05,
    "02_cache_search": 0.000379,
    "03_transpile": 0.026898,
    "07_cache_write": 0.040531,
    "04_submit": 0.001044,
    "05_run": 0.001761,
    "06_collect": 0.000157,
    "total": 0.070838
  },
  "meta": {
    "backend": "fake_jakarta",
    "n_qubits": 3,
    "depth_in": 35,
    "depth_transpiled": 37,
    "size_transpiled": 39,
    "quasi_dist": {
      "0": 0.509765625,
      "7": 0.490234375
    }
  }
}