{
  "laps": {
    "01_setup": 6.3e-05,
    "02_cache_search": 0.000854,
    "04_submit": 0.002952,
    "05_run": 0.00546,
    "06_collect": 0.0006,
    "total": 0.009929
  },
  "meta": {
    "backend": "fake_jakarta",
    "n_qubits": 6,
    "depth_in": 68,
    "depth_transpiled": 173,
    "size_transpiled": 433,
    "quasi_dist": {
      "32": 0.029296875,
      "8": 0.0302734375,
      "40": 0.0048828125,
      "55": 0.0009765625,
      "0": 0.2705078125,
      "37": 0.001953125,
      "59": 0.0009765625,
      "14": 0.0537109375,
      "34": 0.0029296875,
      "62": 0.037109375,
      "48": 0.033203125,
      "7": 0.052734375,
      "24": 0.0283203125,
      "16": 0.041015625,
      "43": 0.0009765625,
      "2": 0.00390625,
      "49": 0.001953125,
      "6": 0.02734375,
      "47": 0.0087890625,
      "38": 0.0009765625,
      "58": 0.0087890625,
      "15": 0.0712890625,
      "30": 0.0380859375,
      "13": 0.0029296875,
      "36": 0.001953125,
      "60": 0.03515625,
      "45": 0.0048828125,
      "4": 0.009765625,
      "39": 0.0048828125,
      "52": 0.0009765625,
      "44": 0.0107421875,
      "3": 0.0087890625,
      "63": 0.03515625,
      "10": 0.0029296875,
      "5": 0.00390625,
      "50": 0.001953125,
      "46": 0.0068359375,
      "17": 0.0048828125,
      "28": 0.0146484375,
      "57": 0.001953125,
      "56": 0.0283203125,
      "29": 0.0048828125,
      "61": 0.0107421875,
      "12": 0.0205078125,
      "31": 0.0166015625,
      "19": 0.001953125,
      "23": 0.0029296875,
      "25": 0.001953125,
      "42": 0.0009765625,
      "1": 0.00390625,
      "22": 0.00390625,
      "26": 0.0009765625
    }
  }
}