{
  "01_setup": 0.000639,
  "03_transpile": 1.151947,
  "04_submit": 0.112125,
  "05_run": 0.062815,
  "06_collect": 0.006886,
  "total": 1.334412
}