{
  "laps": {
    "01_setup": 7e-05,
    "03_transpile": 0.027188,
    "04_submit": 0.000698,
    "05_run": 0.00214,
    "06_collect": 8.8e-05,
    "total": 0.030184
  },
  "meta": {
    "backend": "fake_jakarta",
    "n_qubits": 6,
    "depth_in": 14,
    "depth_transpiled": 19,
    "size_transpiled": 24,
    "quasi_dist": {
      "63": 0.525390625,
      "0": 0.474609375
    }
  }
}