{
  "laps": {
    "01_setup": 8.3e-05,
    "02_cache_search": 0.000516,
    "03_transpile": 0.053408,
    "07_cache_write": 0.210919,
    "04_submit": 0.001952,
    "05_run": 0.002463,
    "06_collect": 0.000315,
    "total": 0.269656
  },
  "meta": {
    "backend": "fake_jakarta",
    "n_qubits": 7,
    "depth_in": 39,
    "depth_transpiled": 53,
    "size_transpiled": 64,
    "quasi_dist": {
      "127": 0.5078125,
      "0": 0.4921875
    }
  }
}