{
  "laps": {
    "01_setup": 7.2e-05,
    "02_cache_search": 0.001528,
    "04_submit": 0.005839,
    "05_run": 0.008279,
    "06_collect": 0.001008,
    "total": 0.016726
  },
  "meta": {
    "backend": "fake_jakarta",
    "n_qubits": 6,
    "depth_in": 132,
    "depth_transpiled": 341,
    "size_transpiled": 833,
    "quasi_dist": {
      "55": 0.0029296875,
      "0": 0.13671875,
      "58": 0.00390625,
      "15": 0.0576171875,
      "38": 0.00390625,
      "45": 0.001953125,
      "51": 0.0048828125,
      "4": 0.0244140625,
      "30": 0.0673828125,
      "28": 0.03515625,
      "29": 0.0029296875,
      "48": 0.017578125,
      "7": 0.0546875,
      "59": 0.00390625,
      "14": 0.0322265625,
      "56": 0.0458984375,
      "13": 0.0146484375,
      "60": 0.1005859375,
      "11": 0.0029296875,
      "34": 0.001953125,
      "62": 0.064453125,
      "54": 0.0029296875,
      "1": 0.015625,
      "31": 0.0517578125,
      "35": 0.0146484375,
      "12": 0.03125,
      "46": 0.0009765625,
      "50": 0.001953125,
      "5": 0.0078125,
      "33": 0.0009765625,
      "10": 0.001953125,
      "63": 0.0205078125,
      "39": 0.0048828125,
      "32": 0.01171875,
      "2": 0.0263671875,
      "49": 0.0068359375,
      "6": 0.0322265625,
      "24": 0.01171875,
      "9": 0.0048828125,
      "52": 0.0029296875,
      "3": 0.0390625,
      "16": 0.00390625,
      "18": 0.0048828125,
      "8": 0.0068359375,
      "26": 0.005859375,
      "17": 0.001953125,
      "27": 0.0009765625,
      "22": 0.001953125,
      "23": 0.0009765625,
      "57": 0.0009765625
    }
  }
}