{
  "laps": {
    "01_setup": 7.8e-05,
    "02_cache_search": 0.000281,
    "03_transpile": 0.049727,
    "07_cache_write": 0.01222,
    "04_submit": 0.00146,
    "05_run": 0.003533,
    "06_collect": 0.000258,
    "total": 0.067557
  },
  "meta": {
    "backend": "fake_jakarta",
    "n_qubits": 6,
    "depth_in": 20,
    "depth_transpiled": 47,
    "size_transpiled": 133,
    "quasi_dist": {
      "56": 0.0107421875,
      "59": 0.0009765625,
      "37": 0.0048828125,
      "14": 0.0107421875,
      "61": 0.0009765625,
      "12": 0.021484375,
      "35": 0.0078125,
      "30": 0.0244140625,
      "54": 0.0048828125,
      "42": 0.001953125,
      "1": 0.052734375,
      "16": 0.060546875,
      "0": 0.2109375,
      "34": 0.0029296875,
      "11": 0.01171875,
      "62": 0.0126953125,
      "33": 0.00390625,
      "10": 0.0029296875,
      "63": 0.0302734375,
      "8": 0.0341796875,
      "9": 0.0068359375,
      "43": 0.00390625,
      "2": 0.041015625,
      "51": 0.00390625,
      "45": 0.0009765625,
      "4": 0.0498046875,
      "58": 0.005859375,
      "38": 0.0166015625,
      "15": 0.0126953125,
      "17": 0.0126953125,
      "25": 0.0078125,
      "44": 0.0107421875,
      "52": 0.0029296875,
      "3": 0.041015625,
      "23": 0.013671875,
      "19": 0.009765625,
      "29": 0.01171875,
      "48": 0.001953125,
      "7": 0.0234375,
      "22": 0.0048828125,
      "24": 0.0302734375,
      "27": 0.015625,
      "47": 0.0029296875,
      "49": 0.0087890625,
      "6": 0.0244140625,
      "32": 0.03515625,
      "57": 0.0078125,
      "60": 0.0126953125,
      "36": 0.005859375,
      "28": 0.01953125,
      "40": 0.0029296875,
      "41": 0.0048828125,
      "5": 0.0009765625,
      "46": 0.0087890625,
      "50": 0.0087890625,
      "18": 0.00390625,
      "20": 0.0068359375,
      "39": 0.00390625,
      "26": 0.0009765625,
      "31": 0.0009765625
    }
  }
}