{
  "laps": {
    "01_setup": 6.7e-05,
    "03_transpile": 0.096971,
    "04_submit": 0.002882,
    "05_run": 0.005014,
    "06_collect": 0.000548,
    "total": 0.105482
  },
  "meta": {
    "backend": "fake_jakarta",
    "n_qubits": 6,
    "depth_in": 68,
    "depth_transpiled": 173,
    "size_transpiled": 433,
    "quasi_dist": {
      "31": 0.033203125,
      "7": 0.041015625,
      "48": 0.03515625,
      "56": 0.0380859375,
      "55": 0.0009765625,
      "0": 0.248046875,
      "38": 0.001953125,
      "58": 0.005859375,
      "15": 0.044921875,
      "47": 0.01171875,
      "49": 0.001953125,
      "6": 0.0361328125,
      "19": 0.0068359375,
      "37": 0.0009765625,
      "14": 0.0556640625,
      "45": 0.0029296875,
      "4": 0.0078125,
      "10": 0.0048828125,
      "63": 0.0302734375,
      "16": 0.0517578125,
      "5": 0.0078125,
      "46": 0.001953125,
      "50": 0.0029296875,
      "24": 0.0400390625,
      "57": 0.0029296875,
      "30": 0.0341796875,
      "32": 0.0263671875,
      "34": 0.00390625,
      "11": 0.0009765625,
      "62": 0.0390625,
      "12": 0.021484375,
      "61": 0.0048828125,
      "2": 0.0068359375,
      "1": 0.0107421875,
      "36": 0.0029296875,
      "13": 0.0078125,
      "60": 0.0302734375,
      "8": 0.017578125,
      "52": 0.001953125,
      "44": 0.01171875,
      "3": 0.0107421875,
      "28": 0.0224609375,
      "25": 0.0048828125,
      "29": 0.0078125,
      "20": 0.0029296875,
      "22": 0.0048828125,
      "17": 0.00390625,
      "39": 0.0009765625,
      "26": 0.0009765625,
      "40": 0.0029296875,
      "21": 0.0009765625
    }
  }
}