{
  "laps": {
    "01_setup": 8.9e-05,
    "03_transpile": 0.029029,
    "04_submit": 0.000958,
    "05_run": 0.001696,
    "06_collect": 5e-05,
    "total": 0.031822
  },
  "meta": {
    "backend": "fake_jakarta",
    "n_qubits": 3,
    "depth_in": 6,
    "depth_transpiled": 20,
    "size_transpiled": 26,
    "quasi_dist": {
      "2": 0.1142578125,
      "4": 0.1279296875,
      "0": 0.1318359375,
      "6": 0.130859375,
      "5": 0.1181640625,
      "1": 0.1416015625,
      "7": 0.12109375,
      "3": 0.1142578125
    }
  }
}