{
  "laps": {
    "01_setup": 6.5e-05,
    "02_cache_search": 7.5e-05,
    "04_submit": 0.000509,
    "05_run": 0.001419,
    "06_collect": 4.7e-05,
    "total": 0.002115
  },
  "meta": {
    "backend": "fake_jakarta",
    "n_qubits": 3,
    "depth_in": 5,
    "depth_transpiled": 11,
    "size_transpiled": 28,
    "quasi_dist": {
      "2": 0.1416015625,
      "4": 0.130859375,
      "6": 0.12109375,
      "5": 0.1083984375,
      "3": 0.123046875,
      "7": 0.1318359375,
      "1": 0.130859375,
      "0": 0.1123046875
    }
  }
}