{
  "laps": {
    "01_setup": 0.000115,
    "03_transpile": 0.02713,
    "04_submit": 0.001035,
    "05_run": 0.001947,
    "06_collect": 0.000166,
    "total": 0.030393
  },
  "meta": {
    "backend": "fake_jakarta",
    "n_qubits": 3,
    "depth_in": 35,
    "depth_transpiled": 37,
    "size_transpiled": 39,
    "quasi_dist": {
      "0": 0.48828125,
      "7": 0.51171875
    }
  }
}