{
  "laps": {
    "01_setup": 7.4e-05,
    "03_transpile": 0.026972,
    "04_submit": 0.000692,
    "05_run": 0.00174,
    "06_collect": 6.2e-05,
    "total": 0.02954
  },
  "meta": {
    "backend": "fake_jakarta",
    "n_qubits": 6,
    "depth_in": 10,
    "depth_transpiled": 15,
    "size_transpiled": 20,
    "quasi_dist": {
      "63": 0.517578125,
      "0": 0.482421875
    }
  }
}