{
  "laps": {
    "01_setup": 7.6e-05,
    "02_cache_search": 0.001901,
    "04_submit": 0.004341,
    "05_run": 0.006363,
    "06_collect": 0.000763,
    "total": 0.013444
  },
  "meta": {
    "backend": "fake_jakarta",
    "n_qubits": 5,
    "depth_in": 131,
    "depth_transpiled": 168,
    "size_transpiled": 606,
    "quasi_dist": {
      "23": 0.025390625,
      "0": 0.0361328125,
      "25": 0.056640625,
      "16": 0.0166015625,
      "12": 0.0546875,
      "27": 0.044921875,
      "29": 0.0263671875,
      "14": 0.0224609375,
      "24": 0.0390625,
      "13": 0.06640625,
      "2": 0.0322265625,
      "28": 0.0341796875,
      "31": 0.025390625,
      "10": 0.0400390625,
      "21": 0.0390625,
      "19": 0.0302734375,
      "7": 0.0205078125,
      "1": 0.0244140625,
      "4": 0.0302734375,
      "5": 0.0322265625,
      "18": 0.0400390625,
      "26": 0.041015625,
      "30": 0.0185546875,
      "6": 0.037109375,
      "17": 0.0205078125,
      "20": 0.02734375,
      "22": 0.0234375,
      "9": 0.0283203125,
      "8": 0.021484375,
      "15": 0.0224609375,
      "11": 0.0146484375,
      "3": 0.0078125
    }
  }
}