{
  "laps": {
    "01_setup": 5.8e-05,
    "03_transpile": 0.025247,
    "04_submit": 0.000956,
    "05_run": 0.001825,
    "06_collect": 0.000189,
    "total": 0.028275
  },
  "meta": {
    "backend": "fake_jakarta",
    "n_qubits": 5,
    "depth_in": 37,
    "depth_transpiled": 39,
    "size_transpiled": 43,
    "quasi_dist": {
      "31": 0.498046875,
      "0": 0.501953125
    }
  }
}