{
  "laps": {
    "01_setup": 0.0001,
    "03_transpile": 0.047258,
    "04_submit": 0.001179,
    "05_run": 0.0029,
    "06_collect": 0.000186,
    "total": 0.051623
  },
  "meta": {
    "backend": "fake_jakarta",
    "n_qubits": 6,
    "depth_in": 20,
    "depth_transpiled": 47,
    "size_transpiled": 133,
    "quasi_dist": {
      "55": 0.0009765625,
      "0": 0.1884765625,
      "61": 0.0009765625,
      "35": 0.015625,
      "12": 0.01953125,
      "7": 0.029296875,
      "33": 0.0048828125,
      "10": 0.005859375,
      "63": 0.037109375,
      "54": 0.0078125,
      "42": 0.0029296875,
      "1": 0.05078125,
      "16": 0.0654296875,
      "28": 0.01953125,
      "51": 0.00390625,
      "4": 0.0390625,
      "8": 0.037109375,
      "44": 0.009765625,
      "52": 0.00390625,
      "3": 0.0322265625,
      "2": 0.0419921875,
      "29": 0.0107421875,
      "50": 0.0087890625,
      "46": 0.009765625,
      "5": 0.0068359375,
      "56": 0.0107421875,
      "34": 0.001953125,
      "62": 0.0126953125,
      "11": 0.0078125,
      "32": 0.0400390625,
      "26": 0.0048828125,
      "36": 0.0029296875,
      "60": 0.0224609375,
      "13": 0.009765625,
      "47": 0.0029296875,
      "6": 0.0185546875,
      "49": 0.0078125,
      "9": 0.009765625,
      "20": 0.0087890625,
      "38": 0.015625,
      "15": 0.021484375,
      "58": 0.0068359375,
      "25": 0.013671875,
      "37": 0.00390625,
      "14": 0.01171875,
      "23": 0.0107421875,
      "27": 0.009765625,
      "30": 0.01953125,
      "24": 0.0380859375,
      "39": 0.0048828125,
      "19": 0.0029296875,
      "22": 0.001953125,
      "57": 0.0048828125,
      "17": 0.0087890625,
      "18": 0.00390625,
      "40": 0.0009765625,
      "31": 0.001953125,
      "41": 0.00390625
    }
  }
}