{
  "laps": {
    "01_setup": 9.2e-05,
    "03_transpile": 0.049647,
    "04_submit": 0.001303,
    "05_run": 0.002931,
    "06_collect": 0.000193,
    "total": 0.054166
  },
  "meta": {
    "backend": "fake_jakarta",
    "n_qubits": 6,
    "depth_in": 20,
    "depth_transpiled": 47,
    "size_transpiled": 133,
    "quasi_dist": {
      "55": 0.0009765625,
      "0": 0.1884765625,
      "28": 0.02734375,
      "53": 0.001953125,
      "2": 0.0380859375,
      "43": 0.0009765625,
      "3": 0.021484375,
      "44": 0.0107421875,
      "52": 0.0009765625,
      "45": 0.001953125,
      "51": 0.00390625,
      "4": 0.0498046875,
      "23": 0.0078125,
      "56": 0.0166015625,
      "16": 0.064453125,
      "24": 0.0390625,
      "33": 0.0068359375,
      "63": 0.03125,
      "10": 0.001953125,
      "49": 0.0029296875,
      "47": 0.0048828125,
      "6": 0.0166015625,
      "54": 0.0048828125,
      "42": 0.0009765625,
      "1": 0.0380859375,
      "8": 0.044921875,
      "61": 0.0009765625,
      "12": 0.0244140625,
      "35": 0.0146484375,
      "38": 0.015625,
      "58": 0.00390625,
      "15": 0.021484375,
      "57": 0.0078125,
      "30": 0.025390625,
      "5": 0.005859375,
      "50": 0.0068359375,
      "46": 0.009765625,
      "48": 0.0029296875,
      "7": 0.03125,
      "22": 0.001953125,
      "27": 0.01953125,
      "13": 0.00390625,
      "60": 0.021484375,
      "36": 0.001953125,
      "34": 0.001953125,
      "62": 0.01171875,
      "11": 0.00390625,
      "32": 0.037109375,
      "59": 0.0009765625,
      "37": 0.0048828125,
      "14": 0.009765625,
      "39": 0.0068359375,
      "25": 0.005859375,
      "19": 0.017578125,
      "20": 0.009765625,
      "9": 0.005859375,
      "41": 0.0068359375,
      "29": 0.0078125,
      "40": 0.001953125,
      "17": 0.009765625,
      "26": 0.0048828125,
      "18": 0.00390625,
      "21": 0.0009765625
    }
  }
}