{
  "laps": {
    "01_setup": 7.3e-05,
    "02_cache_search": 9.5e-05,
    "04_submit": 0.000554,
    "05_run": 0.002821,
    "06_collect": 5.9e-05,
    "total": 0.003602
  },
  "meta": {
    "backend": "fake_jakarta",
    "n_qubits": 6,
    "depth_in": 7,
    "depth_transpiled": 12,
    "size_transpiled": 17,
    "quasi_dist": {
      "0": 0.5224609375,
      "63": 0.4775390625
    }
  }
}