{
  "laps": {
    "01_setup": 6.3e-05,
    "03_transpile": 0.028636,
    "04_submit": 0.00068,
    "05_run": 0.001552,
    "06_collect": 5e-05,
    "total": 0.030981
  },
  "meta": {
    "backend": "fake_jakarta",
    "n_qubits": 3,
    "depth_in": 6,
    "depth_transpiled": 20,
    "size_transpiled": 26,
    "quasi_dist": {
      "4": 0.1396484375,
      "7": 0.1015625,
      "6": 0.1318359375,
      "1": 0.115234375,
      "5": 0.1298828125,
      "3": 0.130859375,
      "0": 0.1240234375,
      "2": 0.126953125
    }
  }
}