{
  "laps": {
    "01_setup": 0.000123,
    "03_transpile": 2.565664,
    "04_submit": 0.047426,
    "05_run": 0.059749,
    "06_collect": 0.006455,
    "total": 2.679417
  },
  "meta": {
    "backend": "fake_jakarta",
    "n_qubits": 7,
    "depth_in": 231,
    "depth_transpiled": 2846,
    "size_transpiled": 5689,
    "quasi_dist": {
      "0": 1.0
    }
  }
}