{
  "laps": {
    "01_setup": 6.5e-05,
    "02_cache_search": 0.000132,
    "04_submit": 0.000611,
    "05_run": 0.001896,
    "06_collect": 8.1e-05,
    "total": 0.002785
  },
  "meta": {
    "backend": "fake_jakarta",
    "n_qubits": 5,
    "depth_in": 13,
    "depth_transpiled": 15,
    "size_transpiled": 19,
    "quasi_dist": {
      "31": 0.515625,
      "0": 0.484375
    }
  }
}