{
  "laps": {
    "01_setup": 7.3e-05,
    "02_cache_search": 0.00013,
    "04_submit": 0.000549,
    "05_run": 0.001597,
    "06_collect": 4.7e-05,
    "total": 0.002396
  },
  "meta": {
    "backend": "fake_jakarta",
    "n_qubits": 3,
    "depth_in": 7,
    "depth_transpiled": 9,
    "size_transpiled": 11,
    "quasi_dist": {
      "7": 0.5205078125,
      "0": 0.4794921875
    }
  }
}