{
  "01_setup": 0.000648,
  "02_cache_search": 0.001192,
  "03_transpile": 0.034841,
  "07_cache_write": 0.004474,
  "04_submit": 0.006545,
  "05_run": 0.020035,
  "06_collect": 0.000696,
  "total": 0.068431
}