{
  "01_setup": 0.000765,
  "03_transpile": 1.239561,
  "04_submit": 0.02609,
  "05_run": 0.043615,
  "06_collect": 0.004639,
  "total": 1.31467
}