{
  "laps": {
    "01_setup": 4.9e-05,
    "02_cache_search": 0.000147,
    "04_submit": 0.000795,
    "05_run": 0.001992,
    "06_collect": 0.000146,
    "total": 0.003129
  },
  "meta": {
    "backend": "fake_jakarta",
    "n_qubits": 7,
    "depth_in": 23,
    "depth_transpiled": 37,
    "size_transpiled": 48,
    "quasi_dist": {
      "127": 0.5146484375,
      "0": 0.4853515625
    }
  }
}