{
  "01_setup": 0.000783,
  "03_transpile": 0.2283,
  "04_submit": 0.006601,
  "05_run": 0.015218,
  "06_collect": 0.000474,
  "total": 0.251376
}