{
  "01_setup": 0.001408,
  "02_cache_search": 0.027022,
  "03_transpile": 0.357896,
  "07_cache_write": 0.081654,
  "04_submit": 0.081723,
  "05_run": 0.151619,
  "06_collect": 0.016875,
  "total": 0.718197
}