{
  "01_setup": 0.000808,
  "03_transpile": 5.04189,
  "04_submit": 0.195428,
  "05_run": 0.172932,
  "06_collect": 0.020579,
  "total": 5.431637
}