{
  "01_setup": 0.000607,
  "02_cache_search": 0.001537,
  "03_transpile": 0.024327,
  "07_cache_write": 0.099144,
  "04_submit": 0.006446,
  "05_run": 0.015523,
  "06_collect": 0.000909,
  "total": 0.148493
}