{
  "01_setup": 0.001355,
  "02_cache_search": 0.046011,
  "03_transpile": 2.359839,
  "07_cache_write": 0.21758,
  "04_submit": 0.786927,
  "05_run": 0.60922,
  "06_collect": 0.066762,
  "total": 4.087694
}