{
  "laps": {
    "01_setup": 5e-05,
    "02_cache_search": 7.9e-05,
    "04_submit": 0.00049,
    "05_run": 0.001655,
    "06_collect": 5.8e-05,
    "total": 0.002332
  },
  "meta": {
    "backend": "fake_jakarta",
    "n_qubits": 6,
    "depth_in": 8,
    "depth_transpiled": 18,
    "size_transpiled": 28,
    "quasi_dist": {
      "63": 0.5283203125,
      "0": 0.4716796875
    }
  }
}