{
  "laps": {
    "01_setup": 7.7e-05,
    "02_cache_search": 0.000195,
    "03_transpile": 0.032965,
    "07_cache_write": 0.002188,
    "04_submit": 0.000797,
    "05_run": 0.001951,
    "06_collect": 6.8e-05,
    "total": 0.038241
  },
  "meta": {
    "backend": "fake_jakarta",
    "n_qubits": 7,
    "depth_in": 8,
    "depth_transpiled": 21,
    "size_transpiled": 32,
    "quasi_dist": {
      "0": 0.4912109375,
      "127": 0.5087890625
    }
  }
}