{
  "laps": {
    "01_setup": 5.1e-05,
    "02_cache_search": 7.2e-05,
    "04_submit": 0.000443,
    "05_run": 0.001579,
    "06_collect": 5.5e-05,
    "total": 0.0022
  },
  "meta": {
    "backend": "fake_jakarta",
    "n_qubits": 3,
    "depth_in": 6,
    "depth_transpiled": 20,
    "size_transpiled": 26,
    "quasi_dist": {
      "5": 0.10546875,
      "7": 0.1259765625,
      "2": 0.1171875,
      "3": 0.154296875,
      "6": 0.1103515625,
      "1": 0.146484375,
      "0": 0.1142578125,
      "4": 0.1259765625
    }
  }
}