{
  "laps": {
    "01_setup": 8.9e-05,
    "03_transpile": 0.02861,
    "04_submit": 0.000722,
    "05_run": 0.0017,
    "06_collect": 5e-05,
    "total": 0.031171
  },
  "meta": {
    "backend": "fake_jakarta",
    "n_qubits": 3,
    "depth_in": 6,
    "depth_transpiled": 20,
    "size_transpiled": 26,
    "quasi_dist": {
      "3": 0.1240234375,
      "6": 0.1162109375,
      "0": 0.13671875,
      "4": 0.1220703125,
      "5": 0.1201171875,
      "1": 0.107421875,
      "7": 0.1376953125,
      "2": 0.1357421875
    }
  }
}