{
  "01_setup": 0.001016,
  "03_transpile": 2.120843,
  "04_submit": 0.052422,
  "05_run": 0.076573,
  "06_collect": 0.00807,
  "total": 2.258924
}