{
  "laps": {
    "01_setup": 6.3e-05,
    "02_cache_search": 0.000151,
    "04_submit": 0.000596,
    "05_run": 0.001647,
    "06_collect": 8.3e-05,
    "total": 0.00254
  },
  "meta": {
    "backend": "fake_jakarta",
    "n_qubits": 3,
    "depth_in": 17,
    "depth_transpiled": 26,
    "size_transpiled": 58,
    "quasi_dist": {
      "0": 0.43359375,
      "3": 0.171875,
      "7": 0.01953125,
      "1": 0.080078125,
      "6": 0.1220703125,
      "4": 0.0830078125,
      "5": 0.04296875,
      "2": 0.046875
    }
  }
}