{
  "laps": {
    "01_setup": 6.8e-05,
    "03_transpile": 0.088517,
    "04_submit": 0.002488,
    "05_run": 0.003976,
    "06_collect": 0.000441,
    "total": 0.09549
  },
  "meta": {
    "backend": "fake_jakarta",
    "n_qubits": 3,
    "depth_in": 129,
    "depth_transpiled": 166,
    "size_transpiled": 338,
    "quasi_dist": {
      "0": 0.5908203125,
      "1": 0.15625,
      "2": 0.15625,
      "3": 0.04296875,
      "6": 0.0244140625,
      "5": 0.01171875,
      "4": 0.017578125
    }
  }
}