{
  "laps": {
    "01_setup": 7.5e-05,
    "03_transpile": 0.035379,
    "04_submit": 0.000942,
    "05_run": 0.002074,
    "06_collect": 0.000152,
    "total": 0.038622
  },
  "meta": {
    "backend": "fake_jakarta",
    "n_qubits": 7,
    "depth_in": 23,
    "depth_transpiled": 36,
    "size_transpiled": 47,
    "quasi_dist": {
      "0": 0.4853515625,
      "127": 0.5146484375
    }
  }
}