{
  "laps": {
    "01_setup": 6e-05,
    "03_transpile": 0.026284,
    "04_submit": 0.001073,
    "05_run": 0.00214,
    "06_collect": 0.000197,
    "total": 0.029754
  },
  "meta": {
    "backend": "fake_jakarta",
    "n_qubits": 5,
    "depth_in": 37,
    "depth_transpiled": 39,
    "size_transpiled": 43,
    "quasi_dist": {
      "0": 0.5146484375,
      "31": 0.4853515625
    }
  }
}