{
  "sizes": [
    50,
    100,
    150,
    200,
    300,
    350,
    400,
    450,
    500
  ],
  "methods": [
    "TransCache(Proposed)",
    "TransCache(Adaptive)",
    "FirstSeen",
    "ParamReuse",
    "FullCompilation"
  ],
  "e2e_latency": {
    "TransCache(Proposed)": [
      4.978849098319188,
      8.927387001924217,
      17.941607401007786,
      20.506172098685056,
      31.902077599894255,
      31.726704799570143,
      43.83776870183647,
      42.590889603830874,
      56.04048719932325
    ],
    "TransCache(Adaptive)": [
      5.564965999685228,
      9.641206398140639,
      21.437867099884897,
      22.120330599835142,
      30.70599049841985,
      28.94908820115961,
      40.352079099975526,
      36.30055840034038,
      49.12016949872486
    ],
    "FirstSeen": [
      6.690368798561394,
      9.728277300251648,
      17.35276059876196,
      19.184797200141475,
      25.575357301859185,
      23.479742802213877,
      34.737643202068284,
      31.264368497999385,
      40.49319739989005
    ],
    "ParamReuse": [
      8.684482901124284,
      10.977856698445976,
      21.659258200088516,
      25.510466993786395,
      34.694139199797064,
      36.07534639770165,
      56.19237699965015,
      46.841687496285886,
      75.76718089613132
    ],
    "FullCompilation": [
      8.184469599276781,
      12.658540000440553,
      27.048916099593043,
      28.899754401529208,
      44.03466750215739,
      45.331648097606376,
      62.12580659613013,
      58.357825498329476,
      88.59800789924338
    ]
  },
  "final_cache_size": {
    "TransCache(Proposed)": [
      25,
      25,
      25,
      25,
      25,
      25,
      25,
      25,
      25
    ],
    "TransCache(Adaptive)": [
      10,
      17,
      40,
      51,
      69,
      74,
      88,
      88,
      93
    ],
    "FirstSeen": [
      43,
      74,
      86,
      109,
      141,
      134,
      162,
      170,
      171
    ],
    "ParamReuse": [
      21,
      43,
      52,
      63,
      86,
      75,
      88,
      99,
      98
    ],
    "FullCompilation": [
      0,
      0,
      0,
      0,
      0,
      0,
      0,
      0,
      0
    ]
  },
  "config": {
    "q_list": [
      5,
      7,
      11,
      13,
      15,
      17,
      19,
      21
    ],
    "d_list": [
      2,
      4,
      6,
      8,
      12
    ],
    "shots": 256,
    "hot_fraction": 0.25,
    "hot_boost": 8.0,
    "rps": 1.0,
    "rng_seed_base": 123,
    "lookahead": 8.0,
    "prob_th": 0.45,
    "max_compile": 3,
    "sliding_window_sec": 60.0,
    "min_samples": 2,
    "prewarm_every": 5
  },
  "plots": {
    "latency_png": "figs\\v15\\plots\\scaling_e2e_latency.png",
    "cache_png": "figs\\v15\\plots\\scaling_final_cache_size.png"
  }
}