{
  "02a_tls_auth": 1.423302,
  "03_transpile": 0.00447,
  "04_submit": 0.433459,
  "05_09_prep": 0.3968,
  "10_11_bind_load": 1.3264,
  "12_qpu_exec": 1.2127,
  "13_14_read_post": 0.2303,
  "total": 5.0274
}