{
  "02a_tls_auth": 1.252506,
  "03_transpile": 0.003369,
  "04_submit": 0.381591,
  "05_09_prep": 0.3465,
  "10_11_bind_load": 1.2736,
  "12_qpu_exec": 1.1494,
  "13_14_read_post": 0.2092,
  "total": 4.6162
}