{
  "02a_tls_auth": 1.588764,
  "03_transpile": 0.454928,
  "04_submit": 0.226087,
  "05_09_prep": 0.662,
  "10_11_bind_load": 1.1578,
  "12_qpu_exec": 1.2106,
  "13_14_read_post": 0.5378,
  "total": 5.838
}