{
  "02a_tls_auth": 1.047077,
  "03_transpile": 0.003538,
  "04_submit": 0.498506,
  "05_09_prep": 0.4476,
  "10_11_bind_load": 1.228,
  "12_qpu_exec": 1.2263,
  "13_14_read_post": 0.256,
  "total": 4.707
}