{
  "02a_tls_auth": 1.263122,
  "03_transpile": 0.371444,
  "04_submit": 0.213266,
  "05_09_prep": 0.4602,
  "10_11_bind_load": 1.2942,
  "12_qpu_exec": 1.2231,
  "13_14_read_post": 0.2416,
  "total": 5.0669
}