{
  "02a_tls_auth": 1.300391,
  "03_transpile": 0.57796,
  "04_submit": 0.241958,
  "05_09_prep": 0.4361,
  "10_11_bind_load": 1.111,
  "12_qpu_exec": 1.2096,
  "13_14_read_post": 0.224,
  "total": 5.101
}