{
  "02a_tls_auth": 1.512662,
  "03_transpile": 0.365354,
  "04_submit": 0.193247,
  "05_09_prep": 0.3428,
  "10_11_bind_load": 454.6051,
  "12_qpu_exec": 1.9825,
  "13_14_read_post": 0.2819,
  "total": 459.2836
}