{
  "02a_tls_auth": 0.996002,
  "03_transpile": 0.390264,
  "04_submit": 0.196212,
  "05_09_prep": 0.5162,
  "10_11_bind_load": 1.1041,
  "12_qpu_exec": 1.1913,
  "13_14_read_post": 0.2498,
  "total": 4.6439
}