{
  "02a_tls_auth": 1.15486,
  "03_transpile": 0.417786,
  "04_submit": 0.198147,
  "05_09_prep": 0.3857,
  "10_11_bind_load": 1.338,
  "12_qpu_exec": 1.2101,
  "13_14_read_post": 0.2256,
  "total": 4.9302
}