{
  "02a_tls_auth": 1.042022,
  "03_transpile": 0.419904,
  "04_submit": 0.170876,
  "05_09_prep": 0.4851,
  "10_11_bind_load": 1.309,
  "12_qpu_exec": 1.2353,
  "13_14_read_post": 0.2822,
  "total": 4.9444
}