{
  "02a_tls_auth": 1.131643,
  "03_transpile": 0.443192,
  "04_submit": 0.183399,
  "05_09_prep": 0.4722,
  "10_11_bind_load": 1.0784,
  "12_qpu_exec": 1.2973,
  "13_14_read_post": 0.2562,
  "total": 4.8623
}