{
  "02a_tls_auth": 1.05351,
  "03_transpile": 0.352976,
  "04_submit": 0.171617,
  "05_09_prep": 0.5259,
  "10_11_bind_load": 1.2208,
  "12_qpu_exec": 1.2479,
  "13_14_read_post": 0.2326,
  "total": 4.8053
}