{
  "02a_tls_auth": 1.264482,
  "03_transpile": 0.442877,
  "04_submit": 0.221219,
  "05_09_prep": 0.3598,
  "10_11_bind_load": 1.3145,
  "12_qpu_exec": 1.2435,
  "13_14_read_post": 0.2769,
  "total": 5.1233
}