{
  "02a_tls_auth": 1.443508,
  "03_transpile": 0.613735,
  "04_submit": 0.156619,
  "05_09_prep": 0.4179,
  "10_11_bind_load": 1.224,
  "12_qpu_exec": 1.2294,
  "13_14_read_post": 0.2076,
  "total": 5.2928
}