{
  "02a_tls_auth": 1.217776,
  "03_transpile": 0.008165,
  "04_submit": 0.433146,
  "05_09_prep": 0.4174,
  "10_11_bind_load": 1.3052,
  "12_qpu_exec": 1.264,
  "13_14_read_post": 0.5106,
  "total": 5.1563
}