{
  "02a_tls_auth": 1.337791,
  "03_transpile": 0.420894,
  "04_submit": 0.180017,
  "05_09_prep": 0.3818,
  "10_11_bind_load": 1.11,
  "12_qpu_exec": 1.2987,
  "13_14_read_post": 0.3348,
  "total": 5.064
}