{
  "02a_tls_auth": 1.212731,
  "03_transpile": 0.003645,
  "04_submit": 0.495738,
  "05_09_prep": 0.334,
  "10_11_bind_load": 1.055,
  "12_qpu_exec": 1.2847,
  "13_14_read_post": 0.3689,
  "total": 4.7547
}