{
  "02a_tls_auth": 1.030116,
  "03_transpile": 0.000999,
  "04_submit": 0.394314,
  "05_09_prep": 0.4297,
  "10_11_bind_load": 1.199,
  "12_qpu_exec": 1.2988,
  "13_14_read_post": 0.2293,
  "total": 4.5822
}