{
  "02a_tls_auth": 1.299553,
  "03_transpile": 0.003345,
  "04_submit": 0.447063,
  "05_09_prep": 0.4203,
  "10_11_bind_load": 1.2731,
  "12_qpu_exec": 1.3407,
  "13_14_read_post": 0.2833,
  "total": 5.0674
}