size,method,e2e_latency,final_cache_size
150,FullComp,7.414817399345338,0
150,Braket,5.193845803150907,35
150,CCache,3.591985000530258,58
150,TransCache,3.1424404019489884,49
