size,method,e2e_latency,final_cache_size
150,FS+Pre+ttl+SE+ema,3.6069851000102062,58
150,FS,4.023972700040758,70
150,PR,4.592262500042125,44
150,FullCompilation,7.5663368999667,0
